KHBE,708,US,Nineveh,0,small_airport
KUSW,927,US,Spencer,0,small_airport
PPIT,12,US,Nunapitchuk,1,small_airport
PAJO,15,US,Hinchinbrook,0,small_airport
PAKA,62,US,Tatitlek,1,small_airport
KNGT,324,US,Goliad,0,small_airport
PACH,244,US,Chuathbaluk,1,small_airport
OEBT,257,SA,Batha,1,small_airport
HJAR,1301,SS,Adar,0,small_airport
AGAF,23,SB,Bila,0,small_airport
AGAR,40,SB,Arona,0,small_airport
AGAT,0,SB,Atoifi,0,small_airport
AGBA,0,SB,Barakoma,0,small_airport
AGBT,24,SB,Batuna Mission Station,0,small_airport
AGEV,0,SB,Liangia,0,small_airport
AGGA,5,SB,Auki,1,small_airport
AGGB,60,SB,Anua,1,small_airport
AGGC,0,SB,Choiseul Bay,1,small_airport
AGGE,5,SB,Ballalae,1,small_airport
AGGF,9,SB,Fera Island,1,small_airport
AGGH,28,SB,Honiara,1,large_airport
AGGI,0,SB,Mbambanakira,0,small_airport
AGGJ,25,SB,Avu Avu,0,small_airport
AGGK,54,SB,Kirakira,1,small_airport
AGGL,18,SB,Santa Cruz/Graciosa Bay/Luova,1,small_airport
AGGM,10,SB,Munda,1,medium_airport
AGGN,13,SB,Gizo,1,small_airport
AGGO,35,SB,Stirling Island,1,small_airport
AGGP,0,SB,Parasi,0,small_airport
AGGR,550,SB,Rennell Island,1,small_airport
AGGS,0,SB,Sege,0,small_airport
AGGT,3,SB,Santa Ana Island,1,small_airport
AGGU,3,SB,Marau,1,small_airport
AGGV,20,SB,Suavanao,1,small_airport
AGGY,60,SB,Yandina,1,small_airport
AGIN,26,SB,Veravaulo,0,heliport
AGKG,30,SB,Kagau Island,1,small_airport
AGKU,32,SB,Kolombangara Island,0,small_airport
AGKW,52,SB,Kwailabesi,0,small_airport
AGLM,55,SB,Lomlom,0,small_airport
AGNA,60,SB,Star Harbor,0,small_airport
AGOB,14,SB,Manaoba,1,small_airport
AGOK,70,SB,Gatokae,1,small_airport
AGRC,0,SB,Ringi Cove,0,small_airport
AGRM,0,SB,Ramata,1,small_airport
AGTI,3,SB,Tulaghi Island,0,heliport
PAKX,288,US,Port Alsworth,0,small_airport
FMMB,1025,MG,,0,small_airport
ANYN,22,NR,Yaren,1,medium_airport
ENOE,4167,AQ,Troll Station,0,small_airport
SAMI,2154,AR,San Martin,0,small_airport
SACV,0,AR,Villa de María de Río Seco,0,small_airport
SAMP,0,AR,La Paz,0,small_airport
SAWO,19,AR,Ushuaia,0,small_airport
SACT,1502,AR,Gobernador Gordillo,0,medium_airport
LOBU,745,AT,Wien,0,heliport
LOKX,2014,AT,Feldkirchen-Waiern,0,heliport
YMYU,30,AU,,0,small_airport
YPFL,20,AU,,0,small_airport
YRPA,96,AU,Sydney,0,heliport
YXNS,363,AU,Sydney,0,heliport
YNTI,1,AU,,0,small_airport
YXTL,69,AU,Townsville,0,heliport
YXKW,550,AU,Blackwater,0,heliport
YXIV,2014,AU,Inverell,0,heliport
YUOF,174,AU,Bass Straight Oil and Gas industry,0,heliport
YLTT,20,AU,Lady Elliot Island,0,small_airport
YCNT,1764,AU,Crows Nest,0,heliport
YXDT,108,AU,Gladstone,0,heliport
YALR,2186,AU,Anmatjere,0,small_airport
YMQI,0,AU,Macquarie Island Station,0,heliport
YXTU,129,AU,Tully,0,heliport
YHAL,0,AU,Wallaroo,0,small_airport
YFGS,282,AU,Tathra,0,small_airport
YSMH,120,AU,Shoal Water bay,0,small_airport
YGGG,1443,AU,Gulgong,0,small_airport
YSKR,29,AU,Mapoon,0,small_airport
YBWL,0,AU,Bramwell Tourist Park,0,small_airport
YMRG,1019,AU,Murgon,0,small_airport
YBLP,110,AU,Bluewater park Airstrip,0,small_airport
YFFD,110,AU,Stirling North,0,small_airport
YOSN,122,AU,Raglan,0,small_airport
YWHG,410,AU,Wahring,0,small_airport
YRYW,450,AU,Raywood,0,small_airport
YMOD,420,AU,Lake modeWarre,0,small_airport
YPSI,121,AU,Passage Island,0,small_airport
YGRM,1542,AU,Cosmo Newbery,1,small_airport
YELZ,0,AU,Tipperary,0,small_airport
YDKG,1770,AU,Bandya,0,small_airport
YXUH,174,AU,Macquarie Park,0,heliport
YBUO,332,AU,Bulloo Downs,0,small_airport
YKOA,764,AU,Koarlo,0,small_airport
YUPA,0,AU,,0,heliport
YSWS,262,AU,Sydney,0,large_airport
YARC,338,AU,Archer River,0,small_airport
YMRO,659,AU,Moora,0,small_airport
YCPX,39,AU,Middle Point NT 0822,0,small_airport
YCRN,300,AU,Mount Direction,0,small_airport
YDHD,0,AU,Dirk Hartog Island,0,small_airport
YOKH,308,AU,Oakden Hills,0,small_airport
YWIR,446,AU,Wirraminna,0,small_airport
YJBO,380,AU,Boisdale,0,small_airport
YWSN,0,AU,,0,small_airport
YNKR,0,AU,,0,medium_airport
YFBR,545,AU,Coonamble,0,small_airport
YALD,711,AU,Alroy Downs,0,small_airport
YBNI,20,AU,Baniyala,0,small_airport
YKBS,196,AU,Kimberley Downs,0,small_airport
ZBAL,4560,CN,Bayanhot,1,medium_airport
AYAA,145,PG,,0,small_airport
AYAE,4250,PG,Aue,0,small_airport
AYAF,2500,PG,Afore,0,small_airport
AYAG,3200,PG,Agaun,0,small_airport
AYAI,10,PG,Aitape,0,small_airport
AYAK,90,PG,Aiambak,0,small_airport
AYAM,1307,PG,Amanab,0,small_airport
AYAN,3600,PG,Andekombe,0,small_airport
AYAO,350,PG,Aiome,0,small_airport
AYAQ,5100,PG,,0,small_airport
AYAT,50,PG,Ambunti,0,small_airport
AYAU,4830,PG,Arou,0,small_airport
AYAW,32,PG,Awaba,0,small_airport
AYAX,4106,PG,Aseki,0,small_airport
AYAY,5355,PG,Aiyura Valley,0,small_airport
AYBA,27,PG,Baimuru,1,medium_airport
AYBB,5440,PG,Bak,0,small_airport
AYBC,6790,PG,Bambu,0,small_airport
AYBD,3700,PG,Bodinumu,0,small_airport
AYBF,50,PG,Bamu,0,small_airport
AYBG,4400,PG,,0,small_airport
AYBH,30,PG,Bensbach,0,small_airport
AYBI,550,PG,Bewani,0,small_airport
AYBK,11,PG,Buka Island,1,medium_airport
AYBL,51,PG,"Bialla, Matalilu, Ewase",0,small_airport
AYBM,51,PG,Balimo,1,medium_airport
AYBO,3300,PG,Bomai,0,small_airport
AYBP,2930,PG,Bapi,0,small_airport
AYBQ,1069,PG,Biangabip,0,small_airport
AYBR,4900,PG,Biaru,0,small_airport
AYBS,980,PG,Begesin,0,small_airport
AYBT,4510,PG,Batri,0,small_airport
AYBU,2240,PG,Bulolo,0,small_airport
AYBW,58,PG,,0,small_airport
AYBX,74,PG,Wowobo,0,small_airport
AYBY,6400,PG,Wuyabo,0,small_airport
AYBZ,215,PG,Biniguni,0,small_airport
AYCB,108,PG,Chungribu,0,small_airport
AYCG,78,PG,Cape Gloucester,0,small_airport
AYCH,4974,PG,Kundiawa,1,medium_airport
AYCN,100,PG,Changriwa,0,small_airport
AYCS,10,PG,Samarai Island,0,small_airport
AYDB,360,PG,Debepare,0,small_airport
AYDD,3115,PG,Dobu,0,small_airport
AYDE,4850,PG,Derim,0,small_airport
AYDI,4400,PG,Bundi,0,small_airport
AYDK,100,PG,Munduku,0,small_airport
AYDL,132,PG,Kondobol,0,small_airport
AYDN,5309,PG,Dinangat,0,small_airport
AYDO,31,PG,Castori Islets,0,small_airport
AYDP,1565,PG,Tsendiap,0,small_airport
AYDQ,166,PG,Dimisisi,0,small_airport
AYDR,1767,PG,Dorobisoro,0,small_airport
AYDS,6300,PG,Dusin,0,small_airport
AYDU,20,PG,Daru,1,medium_airport
AYDW,25,PG,Dewara,0,small_airport
AYDY,5710,PG,Sindeni,0,small_airport
AYEA,7360,PG,Gunim,0,small_airport
AYEB,131,PG,Embessa,0,small_airport
AYED,190,PG,Yellow River Mission,0,small_airport
AYEE,172,PG,Emirau Island,0,small_airport
AYEF,3900,PG,Efogi,0,small_airport
AYEG,4224,PG,Mengina,0,small_airport
AYEH,100,PG,Morehead,0,small_airport
AYEI,2160,PG,Milei,0,small_airport
AYEK,54,PG,Membok,0,small_airport
AYEL,4825,PG,Eliptamin,0,small_airport
AYEM,233,PG,Eleme,0,small_airport
AYEN,3715,PG,Engati,0,small_airport
AYEO,2240,PG,Emo Mission,0,small_airport
AYER,6690,PG,Erume,0,small_airport
AYES,180,PG,Demgulu,0,small_airport
AYET,80,PG,Bosset,1,small_airport
AYEU,25,PG,Eloaua Island,0,small_airport
AYEV,3650,PG,Erave,0,small_airport
AYEW,5960,PG,Siwea,0,small_airport
AYEY,107,PG,Mirsey,0,small_airport
AYEZ,149,PG,Moropote,0,small_airport
AYFA,4500,PG,Fane Mission,0,small_airport
AYFF,80,PG,,0,small_airport
AYFI,60,PG,Buki,0,small_airport
AYFK,412,PG,Foroko,0,small_airport
AYFO,737,PG,Fogomaiu,0,small_airport
AYFR,217,PG,Frieda River,0,small_airport
AYFS,1219,PG,Fugari,0,small_airport
AYFU,466,PG,Fuma,0,small_airport
AYFW,515,PG,Kwieftim,0,small_airport
AYGA,5282,PG,Goronka,1,medium_airport
AYGC,340,PG,Gewoia,0,small_airport
AYGD,5096,PG,Amusa,0,small_airport
AYGE,74,PG,Geigorobi,0,small_airport
AYGF,6450,PG,Guari,0,small_airport
AYGG,2539,PG,Au,0,small_airport
AYGH,3,PG,Guhu,0,small_airport
AYGI,2497,PG,Garaina,0,small_airport
AYGJ,10,PG,Woodlark (Muyua) Island,0,small_airport
AYGL,40,PG,Gonaili,0,small_airport
AYGM,5370,PG,Gema,0,small_airport
AYGN,88,PG,Gurney,1,medium_airport
AYGO,259,PG,Gokto,0,small_airport
AYGP,1504,PG,Gusap,0,small_airport
AYGQ,6500,PG,Gawa,0,small_airport
AYGR,311,PG,Popondetta,1,medium_airport
AYGS,157,PG,Gasuke,0,small_airport
AYGT,23,PG,Gasmata Island,1,small_airport
AYGU,937,PG,Anguganak,0,small_airport
AYGV,281,PG,Green River,0,small_airport
AYGW,4800,PG,Guwasa,0,small_airport
AYGX,2497,PG,Gora,0,small_airport
AYGY,303,PG,Guavi,0,small_airport
AYHA,2434,PG,,0,small_airport
AYHB,993,PG,Habi,0,small_airport
AYHE,3480,PG,Heiweni,0,small_airport
AYHF,466,PG,Bainyik,0,small_airport
AYHH,452,PG,Honinabi,0,small_airport
AYHJ,5000,PG,Hewa,0,small_airport
AYHK,66,PG,Kimbe,1,medium_airport
AYHL,305,PG,Hesalibi,0,small_airport
AYHN,6200,PG,Habina,0,small_airport
AYHO,180,PG,Haivaro,0,small_airport
AYHQ,73,PG,Hauna,0,small_airport
AYHT,196,PG,Hotmin Mission,0,small_airport
AYHU,4563,PG,Hawabango,0,small_airport
AYHW,220,PG,Haewenai,0,small_airport
AYHX,4695,PG,Herowana,0,small_airport
AYHY,2611,PG,Huya,0,small_airport
AYIA,52,PG,Nissan Island,0,small_airport
AYIB,870,PG,Ibil,0,small_airport
AYID,5788,PG,Indagen,0,small_airport
AYII,3860,PG,Imane,0,small_airport
AYIM,349,PG,Kungim,0,small_airport
AYIN,5450,PG,Busilmin,0,small_airport
AYIO,990,PG,Imonda,0,small_airport
AYIP,5190,PG,Iropena,0,small_airport
AYIQ,20,PG,Kieta,1,small_airport
AYIR,178,PG,Inaru,0,small_airport
AYIS,6955,PG,Isan,0,small_airport
AYIT,242,PG,Iteri,0,small_airport
AYIU,6736,PG,Ialibu,0,small_airport
AYIW,45,PG,Wasua,0,small_airport
AYIX,25,PG,Garove Island,0,small_airport
AYIY,2500,PG,Miyanmin,0,small_airport
AYJE,6100,PG,Yomneri,0,small_airport
AYJO,6500,PG,Yongai,0,small_airport
AYJS,250,PG,Josephstaal,0,small_airport
AYJW,200,PG,,0,small_airport
AYKA,27,PG,Losuia,1,small_airport
AYKB,4450,PG,,0,small_airport
AYKC,280,PG,Kandrian,0,small_airport
AYKD,2157,PG,Hoieti,0,small_airport
AYKG,4445,PG,Kopiago,0,small_airport
AYKH,5800,PG,Kamulai Mission,0,small_airport
AYKI,88,PG,Kiunga,1,small_airport
AYKJ,4064,PG,Kanainj,0,small_airport
AYKK,50,PG,Kikori,1,small_airport
AYKL,850,PG,Kafle,0,small_airport
AYKM,10,PG,Kerema,1,medium_airport
AYKO,1240,PG,Kokoda,0,small_airport
AYKQ,4200,PG,Kagi,0,small_airport
AYKR,130,PG,Kar Kar Island,0,small_airport
AYKT,2050,PG,Kaintiba,0,small_airport
AYKU,35,PG,Kuri,0,small_airport
AYKV,7,PG,Kavieng,1,medium_airport
AYKW,72,PG,Kawito,0,small_airport
AYKY,167,PG,Londolovit,1,small_airport
AYKZ,60,PG,Kairiru Island,0,small_airport
AYLB,160,PG,Lab Lab Mission,0,small_airport
AYLC,585,PG,Lake Campbell,0,small_airport
AYLG,8400,PG,Denglagu Mission,0,small_airport
AYLH,130,PG,Klauhau,0,small_airport
AYLI,54,PG,Kibuli,0,small_airport
AYLJ,493,PG,Maravo,0,small_airport
AYLL,17,PG,Linga Linga,0,small_airport
AYLN,5127,PG,,0,small_airport
AYLO,2900,PG,Lowai,0,small_airport
AYLP,680,PG,Leron Plains,0,small_airport
AYLQ,100,PG,Lagoon,0,small_airport
AYLS,40,PG,Lese,0,small_airport
AYLT,5750,PG,,0,small_airport
AYLU,1750,PG,Lumi,0,small_airport
AYLX,116,PG,Long Island,0,small_airport
AYLY,6735,PG,Myola,0,small_airport
AYLZ,77,PG,Slai,0,small_airport
AYMA,2630,PG,Manari,0,small_airport
AYMB,8,PG,Morobe,0,small_airport
AYMC,3880,PG,Menyamya,0,small_airport
AYMD,20,PG,Madang,1,medium_airport
AYMF,5213,PG,Runakuma,0,small_airport
AYMG,100,PG,Magleri,0,small_airport
AYMH,5388,PG,Mount Hagen,1,medium_airport
AYMI,4200,PG,Mindik,0,small_airport
AYMJ,2530,PG,Makini,0,small_airport
AYMK,1050,PG,Mok,0,small_airport
AYML,825,PG,Mougulu,0,small_airport
AYMN,5680,PG,Mendi,1,medium_airport
AYMO,12,PG,Manus Island,1,medium_airport
AYMP,20,PG,Malalaua,0,small_airport
AYMQ,126,PG,Malam,0,small_airport
AYMR,2740,PG,Moro,1,small_airport
AYMS,26,PG,Misima Island,1,small_airport
AYMU,2000,PG,,0,small_airport
AYMV,5,PG,Babase Island,0,small_airport
AYMW,6050,PG,Marawaka,0,small_airport
AYMX,1020,PG,Mamusi,0,small_airport
AYMY,729,PG,Smok,0,small_airport
AYMZ,40,PG,Tatau Island,0,small_airport
AYNA,5800,PG,Gwarawon,0,small_airport
AYNB,4288,PG,Kanabea,0,small_airport
AYNC,5100,PG,Nadunumu,0,small_airport
AYND,4,PG,Aua Island,0,small_airport
AYNE,4500,PG,Negarbo,0,small_airport
AYNF,150,PG,Nagri,0,small_airport
AYNG,187,PG,Manguna,0,small_airport
AYNH,6520,PG,Gumbarami,0,small_airport
AYNI,30,PG,Nuguria Island,0,small_airport
AYNJ,1044,PG,Namudi,0,small_airport
AYNM,5800,PG,Kasonombe,0,small_airport
AYNN,7710,PG,Kandep,0,small_airport
AYNO,6032,PG,Namane,0,small_airport
AYNP,72,PG,Momonup,0,small_airport
AYNS,201,PG,Bunsil - Umboi Island,0,small_airport
AYNT,1385,PG,Kantobo,0,small_airport
AYNU,870,PG,Nuku,0,small_airport
AYNX,150,PG,Namatanai,0,small_airport
AYNY,5550,PG,Nambaiyufa,0,small_airport
AYNZ,239,PG,Lae,1,large_airport
AYOA,366,PG,Kwomtari,0,small_airport
AYOB,29,PG,Obo,1,small_airport
AYOD,5600,PG,Obura,0,small_airport
AYOE,5900,PG,Konge,0,small_airport
AYOF,450,PG,Okao,0,small_airport
AYOG,5850,PG,,0,small_airport
AYOH,310,PG,Okisai,0,small_airport
AYOJ,5140,PG,Oksapmin,0,small_airport
AYOK,3960,PG,Komako,0,small_airport
AYOL,5350,PG,Kol,0,small_airport
AYOM,2540,PG,Omora,0,small_airport
AYOP,6350,PG,Kosipe Mission,0,small_airport
AYOQ,28,PG,Komaio,0,small_airport
AYOS,149,PG,Kosimbi Mission,0,small_airport
AYOU,5400,PG,Kombaku,0,small_airport
AYOV,1500,PG,Olsobip,0,small_airport
AYOW,5638,PG,Koroba,0,small_airport
AYOX,240,PG,Moi,0,small_airport
AYOY,33,PG,Maitanakunai,0,small_airport
AYOZ,5745,PG,Kora,0,small_airport
AYPA,489,PG,Somokopa,0,small_airport
AYPB,6100,PG,Paiela,0,small_airport
AYPC,60,PG,Pangoa,0,small_airport
AYPD,2995,PG,Pindiu,0,small_airport
AYPE,220,PG,April River,0,small_airport
AYPG,5340,PG,Pangia,0,small_airport
AYPI,3408,PG,Kapi,0,small_airport
AYPJ,2745,PG,Pimaga,0,small_airport
AYPO,45,PG,Mapoda,0,small_airport
AYPQ,427,PG,Pumani,0,small_airport
AYPS,104,PG,Maposi,0,small_airport
AYWZ,6050,PG,Puri,0,small_airport
AYPW,42,PG,,0,small_airport
AYPY,146,PG,Port Moresby,1,large_airport
AYQA,70,PG,Amboin,0,small_airport
AYQB,3560,PG,Simbari,0,small_airport
AYQL,3590,PG,Tumolbil,0,small_airport
AYQM,4990,PG,Simogu,0,small_airport
AYQO,6580,PG,Sopu,0,small_airport
AYQQ,5800,PG,Onange Mission,0,small_airport
AYQR,450,PG,Sorimi,0,small_airport
AYQS,170,PG,Sialum,0,small_airport
AYQU,89,PG,Tsumba Mission,0,small_airport
AYQV,183,PG,Sinow,0,small_airport
AYQW,465,PG,Sumwari,0,small_airport
AYRA,1700,PG,Kira,0,small_airport
AYRD,28,PG,Maingi,0,small_airport
AYRE,170,PG,Rabaraba,0,small_airport
AYRG,160,PG,,0,small_airport
AYRI,3640,PG,Karimui,0,small_airport
AYRJ,0,PG,Mariama,0,small_airport
AYRK,45,PG,Yule Island,0,small_airport
AYRL,431,PG,Maralina,0,small_airport
AYRM,5160,PG,Maramuni,0,small_airport
AYRN,5100,PG,Norambi,0,small_airport
AYRO,230,PG,Kakoro,0,small_airport
AYRR,4545,PG,Tiri,0,small_airport
AYRT,60,PG,Kirinbit,0,small_airport
AYRV,107,PG,May River,0,small_airport
AYSA,465,PG,,0,small_airport
AYSE,10,PG,Simberi Island,0,small_airport
AYSF,430,PG,Safia,0,small_airport
AYSG,2230,PG,Sila Mission,0,small_airport
AYSH,10,PG,Sabah,0,small_airport
AYSI,4285,PG,Seltamin,0,small_airport
AYSJ,5804,PG,Simbai,0,small_airport
AYSK,6242,PG,Sengapi,0,small_airport
AYSL,30,PG,Sehulea,0,small_airport
AYSM,3830,PG,Samberigi Mission,0,small_airport
AYSO,5130,PG,Selbang,0,small_airport
AYSP,2912,PG,Sapmanga,0,small_airport
AYSQ,230,PG,Sepik Plains,0,small_airport
AYSR,127,PG,Sangera,0,small_airport
AYSS,121,PG,Sasereme,1,small_airport
AYST,40,PG,,0,small_airport
AYSU,24,PG,Suki,0,small_airport
AYSV,46,PG,Sauren,0,small_airport
AYSW,4185,PG,Satwag,0,small_airport
AYSX,5900,PG,Masa,0,small_airport
AYSY,37,PG,Serai,0,small_airport
AYSZ,6042,PG,Samanzing,0,small_airport
AYTA,5500,PG,Tari,1,small_airport
AYTB,1570,PG,Tabubil,1,small_airport
AYTC,48,PG,Mutam,0,small_airport
AYTE,4950,PG,Telefomin,0,small_airport
AYTF,3365,PG,Tetebedi,0,small_airport
AYTG,59,PG,Sudest Island,0,small_airport
AYTH,4735,PG,Tifalmin,0,small_airport
AYTI,3100,PG,Tapini,1,small_airport
AYTK,49,PG,Kokopo,1,medium_airport
AYTL,3500,PG,Talbakul,0,small_airport
AYTM,140,PG,Tamo,0,small_airport
AYTN,5785,PG,Tekin,0,small_airport
AYTO,1350,PG,Kamberatoro Mission,0,small_airport
AYTP,7011,PG,Teptep,0,small_airport
AYTQ,5066,PG,Tapen,0,small_airport
AYTR,6100,PG,Tarabo,0,small_airport
AYTS,4185,PG,Tsewi,0,small_airport
AYTT,281,PG,Tarakbits,0,small_airport
AYTU,85,PG,Tufi,1,small_airport
AYTV,24,PG,Timbunke,0,small_airport
AYTW,5020,PG,Tawa,0,small_airport
AYTX,4164,PG,Matak,0,small_airport
AYTY,15,PG,Terapo Mission,0,small_airport
AYTZ,1310,PG,Tekadu,0,small_airport
AYUA,707,PG,Utai,0,small_airport
AYUC,5950,PG,Umba,0,small_airport
AYUD,3300,PG,,0,heliport
AYUE,481,PG,Uroubi,0,small_airport
AYUG,595,PG,Wa'ahun,0,small_airport
AYUI,230,PG,Buin,0,small_airport
AYUJ,30,PG,Mukvi,0,small_airport
AYUK,1200,PG,Mukili,0,small_airport
AYUL,740,PG,Musula,0,small_airport
AYUM,450,PG,Aumo,0,small_airport
AYUN,48,PG,Bunam,0,small_airport
AYUO,4860,PG,Omaura,0,small_airport
AYUP,4900,PG,Gulgubip,0,small_airport
AYUQ,4067,PG,Kumbwareta,0,small_airport
AYUR,52,PG,Upiara,0,small_airport
AYUS,71,PG,Suame,0,small_airport
AYUT,5740,PG,Bunguwat,0,small_airport
AYUV,5300,PG,Tuvau,0,small_airport
AYUX,5820,PG,Usarumpia,0,small_airport
AYUY,3290,PG,,0,small_airport
AYUZ,15,PG,Uvol,0,small_airport
AYVA,85,PG,Hepa,0,small_airport
AYVB,4732,PG,Tobou,0,small_airport
AYVK,500,PG,Abrau,0,small_airport
AYVL,44,PG,Talasea,0,small_airport
AYVM,90,PG,Torembi,0,small_airport
AYVN,10,PG,Vanimo,1,medium_airport
AYVO,300,PG,Tonu,0,small_airport
AYVP,2009,PG,Woposali,0,small_airport
AYVW,16,PG,Wuvulu Island,0,small_airport
AYVY,80,PG,Yembiyembi,0,small_airport
AYWB,132,PG,Wabo,0,small_airport
AYWC,3900,PG,Wantoat,0,small_airport
AYWD,5889,PG,Wapenamanda,1,medium_airport
AYWE,4255,PG,Wangeto,0,small_airport
AYWF,370,PG,Wavoi Falls,0,small_airport
AYWG,53,PG,Wanigela,0,small_airport
AYWH,2260,PG,Wanuma,0,small_airport
AYWJ,45,PG,Wapolu,0,small_airport
AYWK,19,PG,Wewak,1,medium_airport
AYWL,2000,PG,,0,small_airport
AYWM,1280,PG,,0,small_airport
AYWN,279,PG,Nugwaia,0,small_airport
AYWO,5028,PG,Wonenara,0,small_airport
AYWQ,20,PG,Wakunai,0,small_airport
AYWS,34,PG,Wasu,0,small_airport
AYWT,5200,PG,Fatima Mission,0,small_airport
AYWU,3600,PG,Wau,0,small_airport
AYWV,150,PG,Warasai,0,small_airport
AYWX,85,PG,,0,small_airport
AYWY,1458,PG,Iorogobayu,0,small_airport
AYXA,2000,PG,Wiawia,0,small_airport
AYXB,600,PG,Buluwo,0,small_airport
AYXE,4510,PG,Yeva,0,small_airport
AYXG,4105,PG,Sugu,0,small_airport
AYXI,5460,PG,Sim,0,small_airport
AYXO,49,PG,Tol,0,small_airport
AYXP,173,PG,Wipim,0,small_airport
AYXS,1675,PG,Sisamin,0,small_airport
AYXW,50,PG,Weam,0,small_airport
AYXY,1400,PG,Yebil,0,small_airport
AYYA,95,PG,,0,small_airport
AYYC,110,PG,,0,small_airport
AYYD,2060,PG,Yatoam,0,small_airport
AYYE,2600,PG,Yalumet,0,small_airport
AYYG,230,PG,Yemin,0,small_airport
AYYI,1500,PG,Yili,0,small_airport
AYYJ,1880,PG,Yanungen,0,small_airport
AYYK,3692,PG,,0,small_airport
AYYL,59,PG,Tinboli,0,small_airport
AYYM,3126,PG,,0,small_airport
AYYN,4800,PG,Yimnalem,0,small_airport
AYYO,3500,PG,,0,small_airport
AYYP,600,PG,,0,small_airport
AYYQ,1509,PG,Yagrombok,0,small_airport
AYYR,1520,PG,Yasuru,0,small_airport
AYYT,3700,PG,Mount Tauwa,0,small_airport
AYYU,132,PG,Mui,0,small_airport
AYYV,120,PG,Yawa,0,small_airport
AYYW,4870,PG,Yawan,0,small_airport
AYYZ,637,PG,Yambaitok,0,small_airport
AYZA,3200,PG,Zenag,0,small_airport
AYZB,2330,PG,Sibilanga Mission,0,small_airport
AYZI,217,PG,Silur Mission,0,small_airport
AYZM,175,PG,Wasum,0,small_airport
AYZN,27,PG,Sissano,0,small_airport
AYZQ,3450,PG,Sopise,0,small_airport
AYZS,205,PG,Ossima,0,small_airport
AYZU,80,PG,Oum,0,small_airport
AYZW,230,PG,Siawi,0,small_airport
AYZY,265,PG,Yilui,0,small_airport
AYZZ,3560,PG,Zuebak,0,small_airport
KAZU,785,US,Fort Chaffee,0,small_airport
LQCG,725,BA,Bašigovci,0,small_airport
LQBZ,0,BA,Zalužani,0,small_airport
LQKR,0,BA,Kreševo,0,small_airport
EBLB,1830,BE,Bütgenbach,0,small_airport
LBDM,837,BG,Dve Mogili,0,small_airport
LBBB,0,BG,Belchinski Bani,0,small_airport
LBBL,1185,BG,Blagoevo,0,small_airport
LBSE,1004,BG,Isperih,0,small_airport
LBDR,0,BG,Draganovtsi,0,small_airport
LBBR,699,BG,Pernik,0,small_airport
LBSA,2028,BG,Slivnitsa,0,small_airport
LBGD,931,BG,Gradishte,0,small_airport
LBIA,509,BG,Bezmer,0,medium_airport
BGAA,74,GL,Aasiaat,1,medium_airport
BGBW,112,GL,Narsarsuaq,1,heliport
BGCO,45,GL,Neerlerit Inaat,1,medium_airport
BGDB,0,GL,Daneborg,0,heliport
BGDH,0,GL,Danmarkshavn,0,small_airport
BGGH,283,GL,Nuuk,1,large_airport
BGJN,95,GL,Ilulissat,1,medium_airport
BGKK,117,GL,Kulusuk,1,medium_airport
BGMQ,91,GL,Maniitsoq,1,small_airport
BGMV,52,GL,Mestersvig,0,small_airport
BGNO,0,GL,Station Nord,0,heliport
BGPC,0,GL,Ikerasassuaq,0,heliport
BGPT,120,GL,Paamiut,1,small_airport
BGQQ,51,GL,Qaanaaq,1,medium_airport
BGSF,165,GL,Kangerlussuaq,1,medium_airport
BGSS,33,GL,Sisimiut,1,medium_airport
BGTL,251,GL,Pituffik,0,medium_airport
BGUK,414,GL,Upernavik,1,small_airport
BGUQ,289,GL,Uummannaq,1,small_airport
YBTD,390,AU,Brighton Downs,0,small_airport
BIAR,6,IS,Akureyri,1,large_airport
BIBA,45,IS,Bakki,0,small_airport
BIBD,18,IS,Bildudalur,0,medium_airport
BIBL,131,IS,Blönduós,0,small_airport
BIBR,131,IS,Búðardalur,0,small_airport
BIDV,9,IS,Djúpivogur,0,small_airport
BIEG,76,IS,Egilsstaðir,1,medium_airport
BIFL,270,IS,Flúðir,0,small_airport
BIFM,56,IS,Fagurhólsmýri,0,small_airport
BIGF,17,IS,Grundarfjörður,0,small_airport
BIGJ,83,IS,Gjögur,0,small_airport
BIGR,66,IS,Grímsey/Sandvík,1,medium_airport
BIGS,1279,IS,Grímsstaðir,0,small_airport
BIHE,1500,IS,Herðubreiðarlindir,0,small_airport
BIHI,2000,IS,Hveravellir,0,small_airport
BIHK,90,IS,Hólmavík,0,small_airport
BIHL,66,IS,Hella,0,small_airport
BIHN,24,IS,Höfn,1,medium_airport
BIHU,48,IS,Húsavík,0,medium_airport
BIHZ,380,IS,Húsafell,0,small_airport
BIIS,8,IS,Ísafjörður,1,medium_airport
BIKA,160,IS,Kaldármelar,0,small_airport
BIKE,2100,IS,Kerlingafjöll,0,small_airport
BIKF,171,IS,Reykjavík,1,large_airport
BIKL,66,IS,Kirkjubæjarklaustur,0,small_airport
BIKP,20,IS,Kópasker,0,small_airport
BIKR,8,IS,Sauðárkrókur,0,small_airport
BIMK,260,IS,Múlakot,0,small_airport
BIMM,89,IS,Melgerðismelar,0,small_airport
BIMS,5,IS,Tungubakkar,0,small_airport
BIND,2625,IS,Nýjidalur,0,small_airport
BINF,13,IS,Norðfjörður,0,small_airport
BIOF,32,IS,Ólafsfjörður,0,closed
BIRE,60,IS,Reykhólar,0,small_airport
BIRF,18,IS,Rif,0,small_airport
BIRG,39,IS,Raufarhöfn,0,small_airport
BIRK,48,IS,Reykjavík,1,medium_airport
BIRL,1030,IS,Myvatn,0,medium_airport
BIRS,10,IS,Reykjanes,0,small_airport
BISF,45,IS,Selfoss,0,small_airport
BISI,10,IS,Siglufjörður,0,medium_airport
BISK,130,IS,Skógar,0,small_airport
BISR,165,IS,Stórikroppur,0,small_airport
BISS,600,IS,Sandskeið,0,small_airport
BIST,42,IS,Stykkishólmur,0,small_airport
BISV,2000,IS,Skálavatn,0,small_airport
BITE,65,IS,Þingeyri,0,small_airport
BITM,600,IS,Þórsmörk,0,small_airport
BITN,65,IS,Þórshöfn,1,small_airport
BIVI,100,IS,Vík,0,small_airport
BIVM,326,IS,Vestmannaeyjar,0,medium_airport
BIVO,16,IS,Vopnafjörður,1,medium_airport
BKPR,1789,XK,Prishtina,1,large_airport
HKBM,52,KE,Bamburi,0,small_airport
SBVC,2940,BR,Vitória da Conquista,1,medium_airport
SBPW,18,BR,São João da Barra,0,heliport
SSRG,82,BR,Registro,0,small_airport
SND6,2703,BR,Dionísio Cerqueira,0,small_airport
SND4,4678,BR,São Joaquim,0,small_airport
SN98,1302,BR,Ponte Alta do Bom Jesus,0,small_airport
SDWQ,55,BR,Alenquer,0,small_airport
MYLM,0,BS,Galliot Cay,0,small_airport
FBMA,0,BW,Rasesa,0,small_airport
FBMM,3100,BW,Makalamabedi,0,small_airport
UMIO,620,BY,Orsha,0,medium_airport
MZGJ,404,BZ,Gallon Jug,0,small_airport
MZLH,0,BZ,Northern Caye,0,small_airport
MZBP,150,BZ,Belmopan,0,small_airport
MZBG,22,BZ,Big Creek,1,small_airport
MZCK,2,BZ,Caye Caulker,1,medium_airport
MZCP,3,BZ,Caye Chapel,1,medium_airport
MZCZ,40,BZ,Corozal,1,medium_airport
MZPB,10,BZ,Dangriga,1,medium_airport
MZSV,18,BZ,Independence,1,small_airport
MZML,101,BZ,Hope Creek,0,small_airport
MZTH,69,BZ,Orange Walk,1,small_airport
MZPG,7,BZ,Punta Gorda,1,small_airport
MZSJ,3,BZ,Sartaneja,0,medium_airport
MZSP,4,BZ,San Pedro,1,medium_airport
MZCF,199,BZ,Spanish Lookout,0,small_airport
MZKT,216,BZ,Silver Creek,0,small_airport
MZBE,8,BZ,Belize City,1,medium_airport
CTH7,369,CA,Rivière-aux-Saumons,0,small_airport
KCDD,1119,US,Crane Lake,0,seaplane_base
CYFI,1762,CA,Suncor Energy Site,0,small_airport
CYWN,2260,CA,Wainwright,0,small_airport
LSXV,0,CH,San Vittore,0,heliport
LSYQ,7087,CH,Riddes,0,small_airport
LSYZ,0,CH,Savièse,0,small_airport
KCJJ,1279,US,Cresco,0,small_airport
CJV7,832,CA,Summer Beaver,1,small_airport
PACJ,178,US,Crooked Creek,1,small_airport
CKB6,712,CA,Angling Lake,1,small_airport
CKD9,1355,CA,Slate Falls,1,small_airport
CKL3,819,CA,Wunnumin Lake,1,small_airport
SCMN,475,CL,Pichilemu,0,small_airport
SCAV,1673,CL,Linares,0,small_airport
SCCP,309,CL,Zapallar,0,small_airport
CLM2,576,CA,Leamington,0,small_airport
ZUBZ,1804,CN,Bazhong,1,medium_airport
ZGSG,280,CN,Shaoguan,1,medium_airport
ZSGS,281,CN,Ji'an,1,medium_airport
ZSJX,15,CN,"Xiuzhou, Hangzhou",1,medium_airport
ZUDR,14108,CN,Xigazê (Dingri),1,medium_airport
ZWTK,10499,CN,Tashikuergan,1,medium_airport
ZUXJ,1512,CN,Chengdu (Xinjin),0,small_airport
ZSRJ,750,CN,Ganzhou,0,small_airport
ZUPL,13943,CN,Burang Town,0,medium_airport
ZWZS,0,CN,Zhaosu,1,small_airport
ZSBO,0,CN,Bozhou,0,small_airport
ZWHJ,8219,CN,Hejing,1,small_airport
ZWQT,0,CN,Qitai,1,small_airport
ZPZT,0,CN,Zhaotong,1,medium_airport
ZSLI,0,CN,Lishui (Liandu),0,small_airport
ZSBA,0,CN,Bengbu,1,medium_airport
CNA3,963,CA,Barrie,0,small_airport
CNC3,935,CA,,0,medium_airport
CNE3,800,CA,Bearskin Lake,1,small_airport
CNE4,1008,CA,Iroquois Falls,0,small_airport
CNF4,882,CA,Lindsay,0,small_airport
CNK4,832,CA,Parry Sound,0,small_airport
CNL3,402,CA,Brockville,0,small_airport
CNM5,866,CA,Kingfisher Lake,1,small_airport
CNP3,358,CA,Arnprior,0,small_airport
CNQ3,585,CA,Welland,0,small_airport
CYTB,894,CA,Tillsonburg,0,small_airport
CNU4,320,CA,Belleville,0,small_airport
CNY3,730,CA,Collingwood,0,small_airport
CNZ8,640,CA,Grimsby,0,small_airport
SKHZ,564,CO,La Chorrera,1,small_airport
CPB9,750,CA,Baldwin,0,small_airport
CPF2,591,CA,Echo Bay,0,small_airport
CPR7,1075,CA,Wingham,0,small_airport
MRAF,502,CR,Cóbano,0,small_airport
CSB2,6,CA,Sable Island,0,small_airport
CSC3,365,CA,Drummondville,0,small_airport
CSD4,815,CA,Mont-Laurier,0,small_airport
CSE4,221,CA,Lachute,0,small_airport
CSF3,1987,CA,Poste Montagnais,0,small_airport
CSG3,225,CA,Joliette,0,small_airport
CSH4,960,CA,Lebel-sur-Quévillon,0,small_airport
KCSL,238,US,Camp San Luis Obispo,0,heliport
CSM3,1408,CA,Thetford Mines,0,small_airport
CSR3,486,CA,Victoriaville,0,small_airport
CSR8,1048,CA,La Sarre,0,small_airport
CSU2,43,CA,Chisasibi,1,small_airport
CSW5,221,CA,Montréal,0,heliport
CTA4,820,CA,St-Bruno-de-Guigues,0,small_airport
CTG3,87,CA,Grande-Rivière-Ouest,0,small_airport
CTP9,1902,CA,Kattiniq,0,small_airport
CTT5,90,CA,Le Golfe-du-Saint-Laurent,1,small_airport
CTU2,1550,CA,Fontanges,0,small_airport
MUGV,318,CU,Yaguajay,0,small_airport
CYAB,72,CA,Arctic Bay,1,small_airport
CYAC,1344,CA,Cat Lake,1,small_airport
CYAD,775,CA,La Grande-3,0,small_airport
CYAG,1125,CA,Fort Frances,1,medium_airport
CYAH,1005,CA,La Grande-4,0,medium_airport
CYAL,240,CA,Alert Bay,1,small_airport
CYAM,630,CA,Sault Ste Marie,1,medium_airport
CYAQ,672,CA,Kasabonika,1,medium_airport
CYAS,403,CA,Kangirsuk,1,small_airport
CYAT,31,CA,Attawapiskat,1,small_airport
CYAU,321,CA,Greenfield,0,small_airport
CYAV,760,CA,Winnipeg/Saint Andrews,1,medium_airport
CYAW,144,CA,Halifax,0,heliport
CYAX,850,CA,Lac du Bonnet,0,small_airport
CYAY,108,CA,St. Anthony,1,medium_airport
CYAZ,80,CA,Tofino,1,medium_airport
CYBA,4583,CA,Banff,0,small_airport
CYBB,56,CA,Kugaaruk,1,small_airport
CYBC,71,CA,Baie-Comeau,1,medium_airport
CYBD,117,CA,Bella Coola,1,medium_airport
CYBE,1044,CA,Uranium City,1,small_airport
CYBF,1836,CA,Bonnyville,1,medium_airport
CYBG,522,CA,Saguenay,1,medium_airport
CYBK,59,CA,Baker Lake,1,medium_airport
CYBL,346,CA,Campbell River,1,medium_airport
CYBP,2490,CA,Brooks,0,small_airport
CYBQ,923,CA,Tadoule Lake,1,small_airport
CYBR,1343,CA,Brandon,1,medium_airport
CYBT,1136,CA,Brochet,1,small_airport
CYBU,1220,CA,Nipawin,0,medium_airport
CYBV,728,CA,Berens River,1,small_airport
CYBW,3940,CA,Calgary,0,medium_airport
CYBX,121,CA,Blanc-Sablon,1,medium_airport
CYCA,40,CA,Cartwright,1,small_airport
CYCB,90,CA,Cambridge Bay,1,medium_airport
CYCC,175,CA,Cornwall,0,medium_airport
CYCD,92,CA,Nanaimo,1,medium_airport
CYCE,824,CA,Huron Park,0,medium_airport
CYCG,1624,CA,Castlegar,1,medium_airport
CYCH,108,CA,Miramichi,0,medium_airport
CYCK,650,CA,Chatham-Kent,0,small_airport
CYCL,132,CA,Charlo,0,medium_airport
CYCN,861,CA,Cochrane,0,medium_airport
CYCO,74,CA,Kugluktuk,1,small_airport
CYCP,2240,CA,Blue River,0,medium_airport
CYCQ,2000,CA,Chetwynd,0,medium_airport
CYCR,709,CA,Cross Lake,1,small_airport
CYCS,32,CA,Chesterfield Inlet,1,small_airport
CYCT,2595,CA,Coronation,0,small_airport
CYCW,32,CA,Chilliwack,0,small_airport
CYCX,166,CA,Oromocto,0,heliport
CYCY,87,CA,Clyde River,1,small_airport
CYCZ,2661,CA,Fairmont Hot Springs,0,small_airport
CYDA,1215,CA,Dawson City,1,medium_airport
CYDB,2647,CA,Burwash Landing,0,medium_airport
CYDC,2298,CA,Town of Princeton,0,small_airport
CYDF,72,CA,Deer Lake,1,medium_airport
CYDL,2600,CA,Dease Lake,1,small_airport
CYDM,2314,CA,Ross River,0,medium_airport
CYDN,999,CA,Dauphin,1,medium_airport
CYDO,372,CA,Dolbeau-Saint-Felicien,0,medium_airport
CYDP,22,CA,Nain,1,small_airport
CYDQ,2148,CA,Dawson Creek,0,medium_airport
CYEA,2211,CA,Empress,0,small_airport
CYED,2257,CA,Edmonton,0,heliport
CYEE,770,CA,Midland,0,medium_airport
CYEG,2373,CA,Edmonton,1,large_airport
CYEK,32,CA,Arviat,1,small_airport
CYEL,1087,CA,Elliot Lake,0,medium_airport
CYEM,869,CA,Sheguiandah,0,medium_airport
CYEN,1905,CA,Estevan,0,medium_airport
CYER,48,CA,Fort Severn,1,small_airport
CYES,490,CA,Edmundston,0,small_airport
CYET,3043,CA,Edson,0,medium_airport
CYEU,256,CA,Eureka,0,small_airport
CYEV,224,CA,Inuvik,1,medium_airport
CYEY,1068,CA,Amos,0,medium_airport
CYFA,48,CA,Fort Albany,1,small_airport
CYFB,110,CA,Iqaluit,1,medium_airport
CYFC,68,CA,Fredericton,1,medium_airport
CYFD,815,CA,Brantford,0,medium_airport
CYFE,293,CA,Forestville,0,medium_airport
CYFH,899,CA,Fort Hope,1,small_airport
CYFJ,827,CA,La Macaza,0,medium_airport
CYFO,997,CA,Flin Flon,1,small_airport
CYFR,526,CA,Fort Resolution,0,medium_airport
CYFS,555,CA,Fort Simpson,1,medium_airport
CYFT,234,CA,Makkovik,1,small_airport
CYGB,326,CA,Texada,0,small_airport
CYGD,712,CA,Goderich,0,medium_airport
CYGE,2575,CA,Golden,0,medium_airport
CYGH,268,CA,Fort Good Hope,1,small_airport
CYGK,305,CA,Kingston,0,medium_airport
CYGL,639,CA,La Grande Rivière,1,medium_airport
CYGM,753,CA,Gimli,0,medium_airport
CYGO,617,CA,Gods Lake Narrows,1,small_airport
CYGP,112,CA,Gaspé,1,medium_airport
CYGQ,1144,CA,Geraldton,0,medium_airport
CYGR,35,CA,Les Îles-de-la-Madeleine,1,medium_airport
CYGT,174,CA,Igloolik,1,small_airport
CYGV,124,CA,Havre-Saint-Pierre,1,medium_airport
CYGW,34,CA,Kuujjuarapik,1,medium_airport
CYGX,476,CA,Gillam,1,small_airport
CYGZ,146,CA,Grise Fiord,1,small_airport
CYHA,103,CA,Quaqtaq,1,small_airport
CYHB,1175,CA,Hudson Bay,0,small_airport
CYHC,0,CA,Vancouver,1,seaplane_base
CYHD,1354,CA,Dryden,0,medium_airport
CYHE,128,CA,Hope,0,small_airport
CYHF,827,CA,Hearst,0,medium_airport
CYHH,802,CA,Nemiscau,1,small_airport
CYHI,117,CA,Ulukhaktok,1,small_airport
CYHK,152,CA,Gjoa Haven,1,small_airport
CYHM,780,CA,Hamilton,1,large_airport
CYHN,1099,CA,Hornepayne,0,medium_airport
CYHO,39,CA,Hopedale,1,small_airport
CYHR,39,CA,Chevery,1,small_airport
CYHS,939,CA,Hanover,0,small_airport
CYHT,2150,CA,Haines Junction,0,medium_airport
CYHU,90,CA,Montréal,1,medium_airport
CYHY,541,CA,Hay River,1,medium_airport
CYHZ,477,CA,Halifax,1,large_airport
CYIB,1408,CA,Atikokan,0,medium_airport
CYID,499,CA,Digby,0,medium_airport
CYIF,20,CA,St-Augustin,1,medium_airport
CYIK,126,CA,Ivujivik,1,small_airport
CYIO,181,CA,Pond Inlet,1,small_airport
CYIV,770,CA,Island Lake,1,medium_airport
CYJA,3350,CA,Jasper,0,small_airport
CYJF,708,CA,Fort Liard,0,medium_airport
CYJM,2364,CA,Fort St. James,0,small_airport
CYJN,136,CA,St Jean,0,medium_airport
CYJP,524,CA,Fort Providence,0,small_airport
CYJQ,162,CA,Denny Island,0,small_airport
CYJT,84,CA,Stephenville,0,closed
CYKA,1133,CA,Kamloops,1,medium_airport
CYKC,1341,CA,Collins Bay,0,small_airport
CYKD,23,CA,Aklavik,1,small_airport
CYKF,1054,CA,Breslau,1,medium_airport
CYKG,501,CA,Kangiqsujuaq,1,small_airport
CYKJ,1679,CA,Key Lake,0,medium_airport
CYKL,1709,CA,Schefferville,1,medium_airport
CYKM,772,CA,Kincardine,0,medium_airport
CYKO,75,CA,Akulivik,1,small_airport
CYKP,594,CA,Ogoki Post,1,small_airport
CYKQ,80,CA,Waskaganish,1,small_airport
CYKX,1157,CA,Kirkland Lake,0,medium_airport
CYKY,2277,CA,Kindersley,0,medium_airport
CYLA,119,CA,Aupaluk,1,small_airport
CYLB,1884,CA,Lac La Biche,0,small_airport
CYLC,175,CA,Kimmirut,1,small_airport
CYLD,1470,CA,Chapleau,0,medium_airport
CYLH,834,CA,Lansdowne House,1,small_airport
CYLI,1320,CA,Lillooet,0,small_airport
CYLJ,1576,CA,Meadow Lake,0,medium_airport
CYLK,596,CA,Lutselk'e,1,small_airport
CYLL,2193,CA,Lloydminster,1,medium_airport
CYLQ,548,CA,La Tuque,0,small_airport
CYLR,959,CA,Leaf Rapids,0,medium_airport
CYLS,972,CA,Barrie,1,medium_airport
CYLT,100,CA,Alert,0,medium_airport
CYLU,215,CA,Kangiqsualujjuaq,1,small_airport
CYLW,1421,CA,Kelowna,1,large_airport
CYMA,1653,CA,Mayo,0,medium_airport
CYME,102,CA,Matane,0,medium_airport
CYMG,1198,CA,Manitouwadge,0,medium_airport
CYMH,38,CA,Mary's Harbour,1,small_airport
CYMJ,1892,CA,Moose Jaw,0,medium_airport
CYML,977,CA,Charlevoix,0,medium_airport
CYMM,1211,CA,Fort McMurray,1,medium_airport
CYMO,30,CA,Moosonee,1,medium_airport
CYMT,1270,CA,Chibougamau,1,medium_airport
CYMU,250,CA,Umiujaq,1,small_airport
CYMW,656,CA,Messines,0,small_airport
CYMX,270,CA,Montréal,1,medium_airport
CYNA,39,CA,Natashquan,1,medium_airport
CYNC,66,CA,Wemindji,1,small_airport
CYND,211,CA,Gatineau,1,medium_airport
CYNE,734,CA,Norway House,1,small_airport
CYNH,2220,CA,Hudson's Hope,0,small_airport
CYNJ,34,CA,Langley,0,medium_airport
CYNL,1605,CA,Points North Landing,1,medium_airport
CYNM,918,CA,Matagami,0,medium_airport
CYNN,1000,CA,Nejanilini Lake,0,medium_airport
CYNR,916,CA,Fort Mackay,0,small_airport
CYOA,1536,CA,Ekati,0,medium_airport
CYOC,824,CA,Old Crow,1,small_airport
CYOD,1775,CA,Cold Lake,0,medium_airport
CYOH,663,CA,Oxford House,1,small_airport
CYOJ,1110,CA,High Level,1,medium_airport
CYOO,460,CA,Oshawa,0,medium_airport
CYOP,1759,CA,Rainbow Lake,0,medium_airport
CYOS,1007,CA,Owen Sound,0,medium_airport
CYOW,374,CA,Ottawa,1,large_airport
CYOY,550,CA,Valcartier,0,heliport
CYPA,1405,CA,Prince Albert,1,medium_airport
CYPC,15,CA,Paulatuk,1,small_airport
CYPD,377,CA,Port Hawkesbury,0,medium_airport
CYPE,1873,CA,Peace River,1,medium_airport
CYPG,885,CA,Portage la Prairie,0,medium_airport
CYPH,83,CA,Inukjuak,1,small_airport
CYPK,11,CA,Pitt Meadows,1,medium_airport
CYPL,1267,CA,Pickle Lake,1,medium_airport
CYPM,1114,CA,Pikangikum,1,small_airport
CYPN,167,CA,Port-Menier,1,medium_airport
CYPO,173,CA,Peawanuck,1,small_airport
CYPP,1400,CA,Parent,0,small_airport
CYPQ,628,CA,Peterborough,1,medium_airport
CYPR,116,CA,Prince Rupert,1,medium_airport
CYPS,670,CA,Pemberton,0,small_airport
CYPT,572,CA,Pelee Island,1,small_airport
CYPU,2985,CA,Puntzi Mountain,0,small_airport
CYPW,425,CA,Powell River,1,medium_airport
CYPX,74,CA,Puvirnituq,1,medium_airport
CYPY,761,CA,Fort Chipewyan,1,medium_airport
CYPZ,2343,CA,Burns Lake,1,medium_airport
CYQA,925,CA,Gravenhurst,1,medium_airport
CYQB,244,CA,Quebec,1,large_airport
CYQD,887,CA,The Pas,1,medium_airport
CYQF,2968,CA,Springbrook,0,medium_airport
CYQG,622,CA,Windsor,1,large_airport
CYQH,2255,CA,Watson Lake,1,medium_airport
CYQI,141,CA,Yarmouth,0,medium_airport
CYQK,1332,CA,Kenora,1,medium_airport
CYQL,3048,CA,Lethbridge,1,medium_airport
CYQM,232,CA,Moncton,1,medium_airport
CYQN,1057,CA,Nakina,1,medium_airport
CYQQ,84,CA,Comox,1,medium_airport
CYQR,1894,CA,Regina,1,medium_airport
CYQS,778,CA,St Thomas,0,medium_airport
CYQT,653,CA,Thunder Bay,1,medium_airport
CYQU,2195,CA,Grande Prairie,1,medium_airport
CYQV,1635,CA,Yorkton,0,medium_airport
CYQW,1799,CA,North Battleford,0,medium_airport
CYQX,496,CA,Gander,1,medium_airport
CYQY,203,CA,Sydney,1,medium_airport
CYQZ,1789,CA,Quesnel,1,medium_airport
CYRA,723,CA,Gamètì,1,small_airport
CYRB,215,CA,Resolute Bay,1,medium_airport
CYRC,543,CA,Saint-Honoré,0,small_airport
CYRI,427,CA,Rivière-du-Loup,0,medium_airport
CYRJ,586,CA,Roberval,1,medium_airport
CYRL,1265,CA,Red Lake,1,medium_airport
CYRM,3244,CA,Rocky Mountain House,0,small_airport
CYRO,188,CA,Ottawa,1,medium_airport
CYRP,382,CA,Ottawa,0,medium_airport
CYRQ,199,CA,Trois-Rivières,0,medium_airport
CYRS,729,CA,Red Sucker Lake,1,small_airport
CYRT,94,CA,Rankin Inlet,1,medium_airport
CYRV,1459,CA,Revelstoke,0,medium_airport
CYSA,1215,CA,Stratford,0,small_airport
CYSB,1141,CA,Sudbury,1,medium_airport
CYSC,792,CA,Sherbrooke,0,medium_airport
CYSD,2525,CA,Ralston,0,heliport
CYSE,171,CA,Squamish,0,small_airport
CYSF,805,CA,Stony Rapids,1,medium_airport
CYSG,893,CA,Saint-Georges,0,medium_airport
CYSH,416,CA,Smiths Falls,0,medium_airport
CYSJ,357,CA,Saint John,1,medium_airport
CYSK,104,CA,Sanikiluaq,1,small_airport
CYSL,793,CA,Saint-Léonard,0,medium_airport
CYSM,671,CA,Fort Smith,1,medium_airport
CYSN,321,CA,Niagara-on-the-Lake,1,medium_airport
CYSP,1035,CA,Marathon,0,medium_airport
CYSQ,2348,CA,Atlin,0,small_airport
CYST,773,CA,St. Theresa Point,1,small_airport
CYSU,56,CA,Slemon Park,0,medium_airport
CYSW,3800,CA,Sparwood,0,small_airport
CYSY,282,CA,Sachs Harbour,1,small_airport
CYSZ,71,CA,Sainte-Anne-des-Monts,0,small_airport
CYTA,529,CA,Pembroke,0,medium_airport
CYTE,164,CA,Kinngait,1,small_airport
CYTF,445,CA,Alma,0,medium_airport
CYTH,729,CA,Thompson,1,medium_airport
CYTL,729,CA,Big Trout Lake,1,small_airport
CYTN,319,CA,Trenton,0,small_airport
CYTQ,122,CA,Tasiujaq,1,small_airport
CYTR,283,CA,Trenton,0,medium_airport
CYTS,967,CA,Timmins,1,medium_airport
CYTZ,252,CA,Toronto,1,medium_airport
CYUB,15,CA,Tuktoyaktuk,0,small_airport
CYUL,118,CA,Montréal,1,large_airport
CYUT,80,CA,Repulse Bay,1,small_airport
CYUX,30,CA,Sanirajak,1,medium_airport
CYUY,988,CA,Rouyn-Noranda,1,medium_airport
CYVB,123,CA,Bonaventure,1,medium_airport
CYVC,1242,CA,La Ronge,1,medium_airport
CYVD,1454,CA,Virden,0,medium_airport
CYVG,2025,CA,Vermilion,0,small_airport
CYVK,1140,CA,Vernon,0,medium_airport
CYVL,870,CA,Colville Lake,1,small_airport
CYVM,21,CA,Qikiqtarjuaq,1,small_airport
CYVO,1107,CA,Val-d'Or,1,medium_airport
CYVP,129,CA,Kuujjuaq,1,medium_airport
CYVQ,238,CA,Norman Wells,1,medium_airport
CYVR,14,CA,Vancouver,1,large_airport
CYVT,1423,CA,Buffalo Narrows,0,small_airport
CYVV,729,CA,Wiarton,1,medium_airport
CYVZ,1092,CA,Deer Lake,1,small_airport
CYWA,427,CA,Petawawa,0,heliport
CYWE,1208,CA,Wekweètì,1,small_airport
CYWG,783,CA,Winnipeg,1,large_airport
CYWH,0,CA,Victoria,1,seaplane_base
CYWJ,703,CA,Déline,1,small_airport
CYWK,1808,CA,Wabush,1,medium_airport
CYWL,3085,CA,Williams Lake,1,medium_airport
CYWM,1971,CA,Athabasca,0,small_airport
CYWP,685,CA,Webequie,1,small_airport
CYWV,2230,CA,Wainwright,0,small_airport
CYWY,489,CA,Wrigley,0,medium_airport
CYXC,3082,CA,Cranbrook,1,medium_airport
CYXE,1653,CA,Saskatoon,1,large_airport
CYXH,2352,CA,Medicine Hat,1,medium_airport
CYXJ,2280,CA,Fort Saint John,1,medium_airport
CYXK,82,CA,Rimouski,0,medium_airport
CYXL,1258,CA,Sioux Lookout,1,medium_airport
CYXN,40,CA,Whale Cove,1,small_airport
CYXP,75,CA,Pangnirtung,1,small_airport
CYXQ,2131,CA,Beaver Creek,0,medium_airport
CYXR,800,CA,Earlton,0,medium_airport
CYXS,2267,CA,Prince George,1,medium_airport
CYXT,713,CA,Terrace,1,medium_airport
CYXU,912,CA,London,1,medium_airport
CYXX,195,CA,Abbotsford,1,medium_airport
CYXY,2317,CA,Whitehorse,1,medium_airport
CYXZ,942,CA,Wawa,0,medium_airport
CYYB,1215,CA,North Bay,1,medium_airport
CYYC,3557,CA,Calgary,1,large_airport
CYYD,1712,CA,Smithers,1,medium_airport
CYYE,1253,CA,Fort Nelson,1,medium_airport
CYYF,1129,CA,Penticton,1,medium_airport
CYYG,160,CA,Charlottetown,1,medium_airport
CYYH,92,CA,Taloyoak,1,small_airport
CYYJ,63,CA,Victoria,1,large_airport
CYYL,1170,CA,Lynn Lake,1,medium_airport
CYYM,3876,CA,Cowley,0,small_airport
CYYN,2680,CA,Swift Current,0,medium_airport
CYYO,1740,CA,Wynyard,0,small_airport
CYYQ,94,CA,Churchill,1,medium_airport
CYYR,160,CA,Goose Bay,1,medium_airport
CYYT,461,CA,St. John's,1,large_airport
CYYU,743,CA,Kapuskasing,0,medium_airport
CYYW,1058,CA,Armstrong,0,medium_airport
CYYY,172,CA,Mont-Joli,1,medium_airport
CYYZ,569,CA,Toronto,1,large_airport
CYZD,652,CA,North York,0,closed
CYZE,623,CA,Gore Bay,0,medium_airport
CYZF,675,CA,Yellowknife,1,medium_airport
CYZG,743,CA,Salluit,1,small_airport
CYZH,1912,CA,Slave Lake,0,medium_airport
CYZP,21,CA,Sandspit,1,medium_airport
CYZR,594,CA,Sarnia,0,medium_airport
CYZS,210,CA,Coral Harbour,1,medium_airport
CYZT,71,CA,Port Hardy,1,medium_airport
CYZU,2567,CA,Whitecourt,1,medium_airport
CYZV,180,CA,Sept-Îles,1,medium_airport
CYZW,2313,CA,Teslin,0,medium_airport
CYZX,92,CA,Greenwood,0,medium_airport
CYZY,2264,CA,Mackenzie,0,medium_airport
CZAC,621,CA,York Landing,0,small_airport
CZAM,1751,CA,Salmon Arm,0,medium_airport
CZBA,602,CA,Burlington,0,small_airport
CZBB,6,CA,Delta,0,medium_airport
CZBD,642,CA,Ilford,1,small_airport
CZBF,193,CA,South Tetagouche,1,medium_airport
CZBM,375,CA,Bromont,0,medium_airport
CZEE,600,CA,Kelsey,0,medium_airport
CZEM,24,CA,Eastmain River,1,small_airport
CZFA,2351,CA,Faro,0,medium_airport
CZFD,814,CA,Fond-du-Lac,1,small_airport
CZFG,958,CA,Pukatawagan,1,small_airport
CZFM,116,CA,Fort Mcpherson,1,small_airport
CZFN,332,CA,Tulita,1,small_airport
CZGF,1720,CA,Grand Forks,0,medium_airport
CZGI,627,CA,Gods River,1,small_airport
CZGR,1005,CA,Little Grand Rapids,0,small_airport
CZHP,1974,CA,High Prairie,0,small_airport
MPCJ,8,PA,Tupile,0,small_airport
CZJG,729,CA,Jenpeg,0,medium_airport
CZJN,1100,CA,Swan River,0,medium_airport
CZKE,35,CA,Kashechewan,1,small_airport
CZLQ,678,CA,Thicket Portage,0,medium_airport
CZMD,911,CA,Muskrat Dam,1,small_airport
CZML,3126,CA,108 Mile,0,small_airport
CZMN,630,CA,Pikwitonei,0,medium_airport
CZMT,25,CA,Masset,1,medium_airport
CZNG,728,CA,Poplar River,0,small_airport
CZNL,1755,CA,Nelson,0,small_airport
CZPB,876,CA,Sachigo Lake,1,small_airport
CZPC,3903,CA,Pincher Creek,0,medium_airport
CZPO,1278,CA,Pinehouse Lake,0,small_airport
CZRJ,974,CA,Round Lake,1,small_airport
CZSJ,951,CA,Sandy Lake,1,medium_airport
CZSN,951,CA,South Indian Lake,1,small_airport
CZST,24,CA,Stewart,0,medium_airport
CZTA,721,CA,Bloodvein River,1,small_airport
CZTM,289,CA,Shamattawa,1,small_airport
CZUC,1435,CA,Ignace,0,medium_airport
CZUM,1442,CA,Churchill Falls,1,small_airport
CZVL,2256,CA,Edmonton,0,small_airport
CZWH,1211,CA,Lac Brochet,1,small_airport
CZWL,1360,CA,Wollaston Lake,1,small_airport
KIUA,814,US,Ontario County IDA,0,small_airport
DAAB,535,DZ,Blida,0,medium_airport
DAAD,1506,DZ,Ouled Sidi Brahim,0,medium_airport
DAAE,20,DZ,Béjaïa,1,large_airport
DAAF,1017,DZ,Aoulef,0,small_airport
DAAG,82,DZ,Algiers,1,large_airport
DAAJ,3176,DZ,Djanet,1,large_airport
DAAK,335,DZ,Boufarik,0,medium_airport
DAAM,2484,DZ,Telerghma,0,small_airport
DAAN,955,DZ,Reggane,0,small_airport
DAAP,1778,DZ,Illizi,1,medium_airport
DAAQ,2132,DZ,Ain Oussera,0,small_airport
DAAS,3360,DZ,Sétif,1,medium_airport
DAAT,4518,DZ,Tamanrasset,1,large_airport
DAAV,36,DZ,Tahir,1,large_airport
DAAW,1207,DZ,Bordj Omar Driss,0,small_airport
DAAY,3855,DZ,Mecheria,1,medium_airport
DAAZ,282,DZ,Relizane,0,medium_airport
DABB,16,DZ,Annaba,1,large_airport
DABC,2265,DZ,Constantine,1,large_airport
DABS,2661,DZ,Tébessi,1,medium_airport
DABT,2697,DZ,Batna,1,large_airport
DAFH,2540,DZ,Hassi R'Mel,0,medium_airport
DAFI,3753,DZ,Djelfa,0,small_airport
DAOB,3245,DZ,Tiaret,0,medium_airport
DAOE,187,DZ,Bousfer,0,small_airport
DAOF,1453,DZ,Tindouf,1,medium_airport
DAOI,463,DZ,Chlef,1,large_airport
DAOL,367,DZ,Tafraoui,0,medium_airport
DAON,814,DZ,Zenata,1,large_airport
DAOO,295,DZ,Es-Sénia,1,large_airport
DAOR,2661,DZ,Béchar,1,medium_airport
DAOS,1614,DZ,Sidi Bel Abbès,0,small_airport
DAOV,1686,DZ,Ghriss,0,medium_airport
DAOY,4493,DZ,El Bayadh,1,small_airport
DATG,1312,DZ,In Guezzam,0,small_airport
DATM,1303,DZ,Bordj Badji Mokhtar,1,medium_airport
DAUA,919,DZ,Adrar,1,medium_airport
DAUB,289,DZ,Biskra,1,large_airport
DAUE,1306,DZ,El Menia,1,medium_airport
DAUG,1512,DZ,El Atteuf,1,medium_airport
DAUH,463,DZ,Hassi Messaoud,1,medium_airport
DAUI,896,DZ,In Salah,1,medium_airport
DAUK,279,DZ,Touggourt,1,medium_airport
DAUL,2510,DZ,Laghouat,1,medium_airport
DAUO,203,DZ,Guemar,1,medium_airport
DAUT,1027,DZ,Timimoun,1,medium_airport
DAUU,492,DZ,Ouargla,1,medium_airport
DAUZ,1847,DZ,In Aménas,1,medium_airport
DBBB,19,BJ,Cotonou,1,large_airport
DBBC,548,BJ,Bohicon,0,small_airport
DBBK,951,BJ,Kandi,0,small_airport
DBBN,1512,BJ,Natitingou,0,small_airport
DBBO,531,BJ,Porga,0,small_airport
DBBP,1266,BJ,Parakou,0,small_airport
DBBS,597,BJ,Savé,0,small_airport
PADT,2420,US,Slana,0,small_airport
EDES,358,DE,Griesheim,0,small_airport
EDUG,164,DE,Gransee,0,small_airport
EDVQ,191,DE,Gifhorn,0,small_airport
EDSV,1965,DE,Wildberg,0,small_airport
EDPZ,1955,DE,Wessobrunn,0,small_airport
EDWT,10,DE,Blexen,0,small_airport
EDVP,246,DE,Peine,0,small_airport
EDVD,850,DE,Uslar,0,small_airport
EDTE,1640,DE,Eutingen im Gäu,0,small_airport
EDSF,2885,DE,Rickenbach,0,small_airport
EDTK,519,DE,Sinsheim,0,small_airport
WAVD,198,ID,Dekai,1,small_airport
DFCA,984,BF,Kaya,0,small_airport
DFCB,1083,BF,Barsalogho,0,small_airport
DFCC,1089,BF,Ouahigouya,0,small_airport
DFCD,958,BF,Didyr,0,small_airport
DFCE,984,BF,Batie,0,small_airport
DFCG,1056,BF,Kongoussi,0,small_airport
DFCI,1047,BF,Titao,0,small_airport
DFCJ,1001,BF,Djibo,0,small_airport
DFCK,1001,BF,Koudougou,0,small_airport
DFCL,1181,BF,Leo,0,small_airport
DFCM,820,BF,Manga,0,small_airport
DFCP,1050,BF,Po,0,small_airport
DFCR,853,BF,Poura,0,small_airport
DFCS,1139,BF,Seguenega,0,small_airport
DFCT,951,BF,Tenado,0,small_airport
DFCU,1050,BF,Gourcy,0,small_airport
DFCY,984,BF,Yako,0,closed
DFEA,984,BF,Boulsa,0,small_airport
DFEB,984,BF,Bogande,0,small_airport
DFEC,1116,BF,Komin-Yanga,0,small_airport
DFED,951,BF,Diapaga,0,small_airport
DFEE,925,BF,Dori,0,small_airport
DFEF,1011,BF,Fada N'gourma,0,small_airport
DFEG,935,BF,Gorom-Gorom,0,small_airport
DFEK,902,BF,Koupela,0,small_airport
DFEM,820,BF,Tambao,0,small_airport
DFEO,978,BF,Zorgo,0,small_airport
DFEP,699,BF,Pama,0,small_airport
DFER,761,BF,Arly,0,small_airport
DFES,886,BF,Sebba,0,small_airport
DFET,1017,BF,Tenkodogo,0,small_airport
DFEY,951,BF,Ouargaye,0,small_airport
DFEZ,886,BF,Zabré,0,small_airport
DFFD,1037,BF,Ouagadougou,1,large_airport
DFOA,935,BF,Dano,0,small_airport
DFOB,984,BF,Banfora,0,small_airport
DFOD,984,BF,Dedougou,0,small_airport
DFOF,1017,BF,Safane,0,small_airport
DFOG,1099,BF,Gaoua,0,small_airport
DFOH,1063,BF,Houndé,0,small_airport
DFON,886,BF,Nouna,0,small_airport
DFOO,1511,BF,Bobo Dioulasso,1,large_airport
DFOR,1706,BF,Orodara,0,small_airport
DFOS,1047,BF,Sideradougou,0,small_airport
DFOT,984,BF,Tougan,0,small_airport
DFOU,984,BF,Diebougou,0,small_airport
DFOY,1122,BF,Aribinda,0,small_airport
DGAA,205,GH,Accra,1,large_airport
DGAH,356,GH,Ho,1,medium_airport
DGLE,553,GH,Tamale,1,large_airport
DGLN,678,GH,Navrongo,0,small_airport
DGLW,1060,GH,Wa,0,small_airport
DGLY,2408,GH,Yendi,0,small_airport
DGSI,942,GH,Kumasi,1,large_airport
DGSN,1014,GH,Sunyani,1,medium_airport
DGTK,21,GH,Sekondi-Takoradi,1,medium_airport
DIAO,95,CI,Aboisso,0,small_airport
DIAP,21,CI,Abidjan,1,large_airport
DIAU,676,CI,Abengourou,0,small_airport
DIBC,427,CI,Bocanda,0,small_airport
DIBI,1286,CI,Boundiali,0,small_airport
DIBK,1230,CI,Bouaké,1,medium_airport
DIBN,1148,CI,Bouna,0,small_airport
DIBU,1247,CI,Bondoukou,0,small_airport
DIDB,141,CI,Dabou,0,small_airport
DIDK,344,CI,Dimbokro,0,small_airport
DIDL,823,CI,,0,medium_airport
DIGA,732,CI,Gagnoa,0,small_airport
DIGL,722,CI,Guiglo,0,small_airport
DIGN,20,CI,Grand-Béréby,0,small_airport
DIKO,1214,CI,Korhogo,1,medium_airport
DIMN,1089,CI,,0,medium_airport
DIOD,1365,CI,Odienne,0,small_airport
DIOF,974,CI,Ouango Fitini,0,small_airport
DISG,1056,CI,Séguéla,0,small_airport
DISP,26,CI,,1,medium_airport
DISS,203,CI,Sassandra,0,small_airport
DITB,39,CI,Tabou,0,small_airport
DITM,1583,CI,Touba,0,small_airport
DIYO,699,CI,Yamoussoukro,0,large_airport
EKTO,0,DK,Tølløse,0,small_airport
EKBR,0,DK,Brædstrup,0,small_airport
EKBH,0,DK,Bolhede,0,small_airport
EKNB,52,DK,Nordborg,0,small_airport
EKRO,0,DK,Langeskov,0,small_airport
EKVA,0,DK,Varde,0,small_airport
EKVO,1,DK,Lolland,0,small_airport
UHHD,272,RU,Dalnerechensk,1,small_airport
DNEK,47,NG,Eket,0,small_airport
DNES,10,NG,Escravos,0,small_airport
DNKT,1660,NG,Katsina,1,medium_airport
DNAA,1123,NG,Abuja,1,large_airport
DNAI,170,NG,Uyo,1,medium_airport
DNAK,1100,NG,Akure,1,medium_airport
DNAS,305,NG,Asaba,1,large_airport
DNBB,919,NG,Bayaluga,0,small_airport
DNBC,1965,NG,Bauchi,1,large_airport
DNBE,258,NG,Benin,1,medium_airport
DNBI,450,NG,Bida,0,small_airport
DNBY,67,NG,Yenagoa,1,medium_airport
DNCA,210,NG,Calabar,1,medium_airport
DNDS,1365,NG,Dutse,0,small_airport
DNEN,466,NG,Enegu,1,large_airport
DNFB,0,NG,Finima,0,small_airport
DNFD,11,NG,Forçados,0,small_airport
DNGO,1590,NG,Gombe,1,medium_airport
DNGU,1520,NG,Gusau,0,medium_airport
DNIB,725,NG,Ibadan,1,medium_airport
DNIL,1126,NG,Ilorin/Ogbomosho,1,large_airport
DNIM,373,NG,Owerri,1,medium_airport
DNJA,685,NG,Jalingo,0,small_airport
DNJO,4232,NG,Jos,1,medium_airport
DNKA,2073,NG,Kaduna,1,large_airport
DNKN,1562,NG,Kano,1,large_airport
DNMA,1099,NG,Maiduguri,1,large_airport
DNMK,371,NG,Makurdi,1,medium_airport
DNMM,135,NG,Lagos,1,large_airport
DNMN,834,NG,Minna,0,medium_airport
DNOS,997,NG,Oshogbo,0,small_airport
DNPO,87,NG,Port Harcourt,1,large_airport
DNSO,1010,NG,Sokoto,1,large_airport
DNSU,242,NG,Okpe,1,medium_airport
DNYO,599,NG,Yola,1,medium_airport
DNZA,2170,NG,Zaria,0,medium_airport
UEBD,950,RU,Deputatskiy,1,small_airport
DRRA,1358,NE,Tessaoua,0,small_airport
DRRC,961,NE,Dogondoutchi,0,small_airport
DRRG,662,NE,Gaya,0,small_airport
DRRI,1715,NE,Bilma,0,small_airport
DRRL,692,NE,Tillabery,0,closed
DRRM,1240,NE,Maradi,0,medium_airport
DRRN,732,NE,Niamey,1,large_airport
DRRP,722,NE,La Tapoa,0,small_airport
DRRT,1266,NE,Tahoua,0,medium_airport
DRRU,892,NE,Ouallam,0,small_airport
DRZA,1657,NE,Agadez,0,medium_airport
DRZD,1273,NE,Dirkou,0,small_airport
DRZF,994,NE,Diffa,0,small_airport
DRZG,1378,NE,Goure,0,small_airport
DRZI,2162,NE,Iferouane,0,small_airport
DRZL,1443,NE,Arlit,0,small_airport
DRZM,944,NE,Maine-Soroa,0,small_airport
DRZR,1516,NE,Zinder,1,medium_airport
KDTG,632,US,Dwight,0,small_airport
DTKA,230,TN,Tabarka,1,medium_airport
DTMB,9,TN,Monastir,1,medium_airport
DTNH,21,TN,Enfidha,1,medium_airport
DTTA,22,TN,Tunis,1,large_airport
DTTB,20,TN,Borj Challouf,0,medium_airport
DTTD,1004,TN,Remada,0,medium_airport
DTTF,1060,TN,Gafsa,0,medium_airport
DTTG,407,TN,Gabès,0,medium_airport
DTTI,110,TN,Burj al Hafsiyah,0,small_airport
DTTJ,19,TN,Mellita,1,large_airport
DTTR,827,TN,El Borma,0,medium_airport
DTTX,85,TN,Sfax,1,medium_airport
DTTZ,287,TN,Tozeur,1,medium_airport
DXAK,689,TG,Atakpamé,0,small_airport
DXDP,886,TG,Dapaong,0,small_airport
DXKP,591,TG,Anié,0,small_airport
DXMG,460,TG,Mango,0,small_airport
DXNG,1515,TG,Niamtougou,0,large_airport
DXSK,1214,TG,Sokodé,0,small_airport
DXXX,72,TG,Lomé,1,large_airport
EBAM,49,BE,Mont-de-l'Enclus,0,small_airport
EBAR,1138,BE,Arlon,0,small_airport
EBAV,394,BE,Hannut,0,small_airport
EBAW,39,BE,Antwerp,1,medium_airport
EBBE,370,BE,Beauvechain,0,medium_airport
EBBL,200,BE,Kleine Brogel,0,medium_airport
EBBN,2067,BE,Büllingen,0,small_airport
EBBR,175,BE,Zaventem,1,large_airport
EBBT,76,BE,Brasschaat,0,small_airport
EBBX,1514,BE,Bertrix,0,small_airport
EBBY,525,BE,Genappe,0,small_airport
EBBZ,522,BE,Pont-à-Celles,0,small_airport
EBCF,955,BE,Cerfontaine,0,small_airport
EBCI,614,BE,Charleroi,1,large_airport
EBCV,194,BE,Chièvres,0,medium_airport
EBDT,100,BE,Diest,0,small_airport
EBEH,810,BE,Froidchapelle,0,seaplane_base
EBFN,20,BE,Koksijde,0,medium_airport
EBFS,935,BE,Florennes,0,medium_airport
EBGB,70,BE,Grimbergen,0,small_airport
EBGG,56,BE,Geraardsbergen,0,small_airport
EBGT,26,BE,Gent,0,heliport
EBHN,10,BE,Hoevenen,0,small_airport
EBIS,98,BE,Isieres,0,small_airport
EBKH,131,BE,Balen,0,small_airport
EBKT,55,BE,Wevelgem,0,medium_airport
EBLE,207,BE,Leopoldsburg,0,small_airport
EBLG,659,BE,Grâce-Hollogne,1,medium_airport
EBMB,184,BE,Steenokkerzeel,0,small_airport
EBMG,787,BE,Doische,0,small_airport
EBML,886,BE,Assesse,0,small_airport
EBMO,66,BE,Wevelgem,0,small_airport
EBMT,656,BE,Montigny-le-Tilleul,0,heliport
EBNM,594,BE,Namur,0,small_airport
EBOS,13,BE,Oostende,1,large_airport
EBSG,75,BE,Saint Ghislain,0,small_airport
EBSH,1930,BE,Saint Hubert,0,small_airport
EBSL,312,BE,Zutendaal,0,small_airport
EBSP,1581,BE,Spa,0,small_airport
EBST,246,BE,Sint-Truiden,0,small_airport
EBSU,1930,BE,Saint Hubert,0,small_airport
EBTN,246,BE,Tienen,0,small_airport
EBTX,1099,BE,Verviers,0,small_airport
EBTY,161,BE,Péruwelz,0,small_airport
EBUL,95,BE,Ursel,0,small_airport
EBWE,105,BE,Weelde,0,small_airport
EBZH,141,BE,Hasselt,0,small_airport
EBZR,53,BE,Zoersel,0,small_airport
EBZU,16,BE,Zuienkerke,0,small_airport
EBZW,278,BE,Genk,0,small_airport
SEAK,2300,EC,Macuma,0,small_airport
SEHT,844,EC,Chichirata,0,small_airport
SEWP,834,EC,Wampuik,0,small_airport
SELC,246,EC,Quevedo,0,small_airport
SEVL,420,EC,Valencia,0,small_airport
SEBS,20,EC,Tres Postes,0,small_airport
SENX,16,EC,Posorja,0,small_airport
SEPL,49,EC,General Villamil,0,small_airport
SEAA,10,EC,Aguayo,0,small_airport
EDAB,568,DE,Kubschütz,0,small_airport
EDAC,640,DE,Nobitz,0,medium_airport
EDAD,187,DE,Dessau-Roßlau,0,small_airport
EDAE,149,DE,Siehdichum,0,small_airport
EDAG,2198,DE,Großrückerswalde,0,small_airport
EDAH,94,DE,Zirchow,1,medium_airport
EDAI,140,DE,Neustadt,0,small_airport
EDAJ,1015,DE,Gera,0,small_airport
EDAK,417,DE,Großenhain,0,small_airport
EDAM,340,DE,Merseburg,0,small_airport
EDAN,115,DE,Neustadt-Glewe,0,small_airport
EDAO,689,DE,Nordhausen,0,small_airport
EDAP,279,DE,Neuhausen/Spree,0,small_airport
EDAQ,350,DE,Landsberg,0,small_airport
EDAR,402,DE,Pirna,0,small_airport
EDAS,384,DE,Finsterwalde,0,small_airport
EDAT,382,DE,Hoyerswerda,0,small_airport
EDAU,322,DE,Riesa,0,small_airport
EDAV,116,DE,Eberswalde,0,small_airport
EDAW,289,DE,Roitzschjora,0,small_airport
EDAX,220,DE,Lärz,0,small_airport
EDAY,262,DE,Strausberg,0,small_airport
EDAZ,152,DE,Trebbin,0,small_airport
EDBA,1145,DE,Osthausen-Wülfershausen,0,small_airport
EDBC,599,DE,Hecklingen,0,small_airport
EDBE,100,DE,Brandenburg an der Havel,0,small_airport
EDBF,135,DE,Fehrbellin,0,small_airport
EDBG,173,DE,Burg bei Magdeburg,0,small_airport
EDBH,23,DE,Barth,0,small_airport
EDBI,1050,DE,Zwickau,0,small_airport
EDBJ,1228,DE,Schöngleina,0,small_airport
EDBK,130,DE,Kyritz,0,small_airport
EDBL,738,DE,Laucha an der Unstrut,0,small_airport
EDBM,268,DE,Magdeburg,0,small_airport
EDBN,228,DE,Trollenhagen,0,medium_airport
EDBO,287,DE,Niedergörsdorf,0,small_airport
EDBP,144,DE,Pinnow,0,small_airport
EDBQ,423,DE,Luckaitztal,0,small_airport
EDBR,515,DE,Rothenburg/Oberlausitz,0,medium_airport
EDBS,451,DE,Kölleda,0,small_airport
EDBT,932,DE,Allstedt,0,small_airport
EDBU,289,DE,Pritzwalk,0,small_airport
EDBV,49,DE,Stralsund,0,small_airport
EDBW,262,DE,Werneuchen,0,small_airport
EDBX,778,DE,Görlitz,0,small_airport
EDBY,105,DE,Bandelin,0,small_airport
EDBZ,331,DE,Schwarzheide,0,small_airport
EDCA,16,DE,Anklam,0,small_airport
EDCB,535,DE,Ballenstedt,0,small_airport
EDCE,223,DE,Müncheberg,0,small_airport
EDCF,115,DE,,0,closed
EDCG,69,DE,Dreschvitz,0,small_airport
EDCH,673,DE,Zeitz,0,small_airport
EDCI,486,DE,Großdubrau,0,small_airport
EDCJ,1198,DE,Jahnsdorf,0,small_airport
EDCK,305,DE,Köthen (Anhalt),0,small_airport
EDCL,95,DE,Klietz,0,small_airport
EDCM,495,DE,Kamenz,0,small_airport
EDCO,909,DE,Nottertal-Heilinger Höhen,0,small_airport
EDCP,7,DE,Peenemünde,0,small_airport
EDCQ,525,DE,Aschersleben,0,small_airport
EDCR,30,DE,Bastorf,0,small_airport
EDCS,174,DE,Nuthetal,0,small_airport
EDCT,492,DE,Taucha,0,small_airport
EDCU,46,DE,Güstrow,0,small_airport
EDCV,72,DE,Pasewalk,0,small_airport
EDCW,43,DE,Wismar,0,small_airport
EDCX,66,DE,Klein Kussewitz,0,small_airport
EDCY,375,DE,Welzow,0,small_airport
EDDB,157,DE,Berlin,1,large_airport
EDDC,755,DE,Dresden,1,large_airport
EDDE,1036,DE,Erfurt,1,large_airport
EDDF,364,DE,Frankfurt am Main,1,large_airport
EDDG,160,DE,Greven,1,large_airport
EDDH,53,DE,Hamburg,1,large_airport
EDDK,302,DE,Köln (Cologne),1,large_airport
EDDL,147,DE,Düsseldorf,1,large_airport
EDDM,1487,DE,Munich,1,large_airport
EDDN,1046,DE,Nuremberg,1,large_airport
EDDP,465,DE,Schkeuditz,1,large_airport
EDDR,1058,DE,Saarbrücken,1,medium_airport
EDDS,1276,DE,Stuttgart,1,large_airport
EDDV,183,DE,Hannover,1,large_airport
EDDW,14,DE,Bremen,1,large_airport
EDEB,650,DE,Bad Langensalza,0,small_airport
EDEG,991,DE,Gotha,0,small_airport
EDEH,308,DE,Hockenheim,0,small_airport
EDEL,295,DE,Langenlonsheim,0,small_airport
EDEM,1296,DE,Homburg (Efze),0,small_airport
EDEN,0,DE,Bad Hersfeld,0,small_airport
EDEP,361,DE,Heppenheim,0,small_airport
EDEQ,814,DE,Mühlhausen,0,small_airport
EDER,2956,DE,Gersfeld (Rhön),0,small_airport
EDEW,1312,DE,Walldürn,0,small_airport
EDFA,1102,DE,Wehrheim,0,small_airport
EDFB,397,DE,Reichelsheim,0,small_airport
EDFC,410,DE,Großostheim,0,small_airport
EDFD,997,DE,Bad Neustadt an der Saale,0,small_airport
EDFE,384,DE,Egelsbach,0,medium_airport
EDFG,446,DE,Gelnhausen,0,small_airport
EDFH,1649,DE,Frankfurt am Main (Lautzenhausen),1,large_airport
EDFI,1706,DE,Eschenburg,0,small_airport
EDFJ,1132,DE,Hammelburg,0,small_airport
EDFK,653,DE,Bad Kissingen,0,small_airport
EDFL,755,DE,Gießen,0,small_airport
EDFM,308,DE,Mannheim,1,medium_airport
EDFN,833,DE,Cölbe,0,small_airport
EDFO,1142,DE,Michelstadt,0,small_airport
EDFP,822,DE,Ober-Mörlen,0,small_airport
EDFQ,1158,DE,Allendorf (Eder),0,small_airport
EDFR,1309,DE,Rothenburg ob der Tauber,0,small_airport
EDFS,686,DE,Gochsheim,0,small_airport
EDFT,1211,DE,Lauterbach (Hessen),0,small_airport
EDFU,1503,DE,Miltenberg,0,small_airport
EDFV,295,DE,Worms,0,small_airport
EDFW,991,DE,Würzburg,0,small_airport
EDFX,315,DE,Hockenheim,0,small_airport
EDFY,699,DE,Limburg an der Lahn,0,small_airport
EDFZ,760,DE,Mainz,0,medium_airport
EDGA,1542,DE,Ailertchen,0,small_airport
EDGB,1834,DE,Breitscheid,0,small_airport
EDGE,1112,DE,Hörselberg-Hainich,0,medium_airport
EDGF,1558,DE,Hosenfeld,0,small_airport
EDGH,1050,DE,Hettstadt,0,small_airport
EDGI,1375,DE,Ingelfingen,0,small_airport
EDGJ,814,DE,Ochsenfurt,0,small_airport
EDGK,1280,DE,Korbach,0,small_airport
EDGM,1818,DE,Mosbach,0,small_airport
EDGP,279,DE,Oppenheim,0,small_airport
EDGQ,1788,DE,Schameder,0,small_airport
EDGR,702,DE,Reiskirchen,0,small_airport
EDGS,1966,DE,Burbach,0,medium_airport
EDGT,1657,DE,Bad Endbach,0,small_airport
EDGU,1155,DE,Boxberg,0,small_airport
EDGW,1027,DE,Wolfhagen,0,small_airport
EDGX,344,DE,Walldorf,0,small_airport
EDGZ,318,DE,Weinheim,0,small_airport
EDHB,7,DE,Grube,0,small_airport
EDHC,49,DE,Lüchow,0,small_airport
EDHD,1195,DE,Heilbad Heiligenstadt,0,small_airport
EDHE,23,DE,Heist,0,small_airport
EDHF,89,DE,Hohenlockstedt,0,small_airport
EDHG,161,DE,Lüneburg,0,small_airport
EDHI,23,DE,Hamburg,0,medium_airport
EDHK,102,DE,Kiel,0,medium_airport
EDHL,53,DE,Lübeck,1,medium_airport
EDHM,108,DE,Hasenmoor,0,small_airport
EDHN,72,DE,Neumünster,0,small_airport
EDHO,33,DE,Tornesch,0,small_airport
EDHS,63,DE,Stade,0,small_airport
EDHU,98,DE,Lauenbrück,0,small_airport
EDHW,128,DE,Wahlstedt,0,small_airport
EDJA,2077,DE,Memmingen,1,large_airport
EDJG,1765,DE,Grabenstätt,0,small_airport
EDKA,623,DE,Aachen,0,small_airport
EDKB,197,DE,Bonn,0,small_airport
EDKD,1552,DE,Iserlohn,0,small_airport
EDKF,1604,DE,Bergneustadt,0,small_airport
EDKH,1306,DE,Wenden,0,small_airport
EDKI,1125,DE,Kirchen (Sieg),0,small_airport
EDKL,157,DE,Leverkusen,0,small_airport
EDKM,1434,DE,Meschede,0,small_airport
EDKN,863,DE,Wipperfürth,0,small_airport
EDKO,1509,DE,Brilon,0,small_airport
EDKP,981,DE,Herscheid,0,small_airport
EDKR,1530,DE,Schmallenberg,0,small_airport
EDKU,1040,DE,Attendorn,0,small_airport
EDKV,1896,DE,Dahlhem,0,small_airport
EDKW,1037,DE,Neuenrade,0,small_airport
EDKZ,1549,DE,Meinerzhagen,0,small_airport
EDLA,794,DE,Arnsberg,0,small_airport
EDLB,157,DE,Lüdinghausen,0,small_airport
EDLC,85,DE,Rheinberg,0,small_airport
EDLD,217,DE,Hünxe,0,small_airport
EDLE,424,DE,Essen,0,small_airport
EDLF,105,DE,Grefrath,0,small_airport
EDLG,52,DE,Goch,0,small_airport
EDLH,190,DE,Hamm,0,small_airport
EDLI,454,DE,Bielefeld,0,medium_airport
EDLJ,650,DE,Detmold,0,small_airport
EDLK,141,DE,Krefeld,0,small_airport
EDLM,240,DE,Marl,0,small_airport
EDLN,125,DE,Mönchengladbach,0,medium_airport
EDLO,558,DE,Oerlinghausen,0,small_airport
EDLP,699,DE,Büren,1,large_airport
EDLQ,0,DE,Beelen,0,small_airport
EDLR,801,DE,Paderborn,0,small_airport
EDLS,157,DE,Stadtlohn,0,small_airport
EDLT,177,DE,Telgte,0,small_airport
EDLU,269,DE,,0,small_airport
EDLV,106,DE,Weeze,1,large_airport
EDLW,425,DE,Dortmund,1,large_airport
EDLX,72,DE,Wesel,0,small_airport
EDLY,157,DE,Borken,0,small_airport
EDLZ,394,DE,Bad Sassendorf,0,small_airport
EDMA,1516,DE,Augsburg,0,medium_airport
EDMB,1903,DE,Warthausen,0,small_airport
EDMC,2218,DE,Blaubeuren,0,small_airport
EDMD,1608,DE,Bergkirchen,0,small_airport
EDME,1342,DE,Eggenfelden,0,small_airport
EDMF,1345,DE,Fürstenzell,0,small_airport
EDMG,1457,DE,Günzburg,0,small_airport
EDMH,1591,DE,Gunzenhausen,0,small_airport
EDMI,1680,DE,Illertissen,0,small_airport
EDMJ,1860,DE,Jesenwang,0,small_airport
EDMK,2339,DE,Durach,0,small_airport
EDML,1312,DE,Landshut,0,medium_airport
EDMN,1857,DE,Tussenhausen,0,small_airport
EDMO,1947,DE,Weßling,0,medium_airport
EDMP,1450,DE,Vilsbiburg,0,small_airport
EDMQ,1312,DE,Genderkingen,0,small_airport
EDMS,1047,DE,Atting,0,small_airport
EDMT,1903,DE,Tannheim,0,small_airport
EDMU,1447,DE,Gundelfingen an der Donau,0,small_airport
EDMV,991,DE,Vilshofen an der Donau,0,small_airport
EDMW,1030,DE,Deggendorf,0,small_airport
EDMY,1325,DE,Mühldorf am Inn,0,small_airport
EDNA,1362,DE,Ampfing,0,small_airport
EDNB,1716,DE,Arnbruck,0,small_airport
EDNC,1211,DE,Beilngries,0,small_airport
EDND,1598,DE,Dinkelsbühl,0,small_airport
EDNE,1558,DE,Erbach,0,small_airport
EDNF,1417,DE,Grafenau,0,small_airport
EDNG,1696,DE,Giengen an der Brenz,0,small_airport
EDNH,2034,DE,Bad Wörishofen,0,small_airport
EDNI,1266,DE,Berching,0,small_airport
EDNJ,1345,DE,Egweil,0,small_airport
EDNK,1138,DE,Kirchdorf am Inn,0,small_airport
EDNL,2100,DE,Leutkirch im Allgäu,0,small_airport
EDNO,1385,DE,Nördlingen,0,small_airport
EDNP,1266,DE,Rahberg,0,small_airport
EDNQ,2028,DE,Bopfingen,0,small_airport
EDNR,1299,DE,Regenstauf,0,small_airport
EDNS,1804,DE,Schwabmünchen,0,small_airport
EDNT,1345,DE,Treuchtlingen,0,small_airport
EDNU,1611,DE,Thannhausen,0,small_airport
EDNV,1535,DE,Vogtareuth,0,small_airport
EDNW,1644,DE,Weißenhorn,0,small_airport
EDNX,1594,DE,Oberschleissheim,0,small_airport
EDNY,1367,DE,Friedrichshafen,1,large_airport
EDNZ,2083,DE,Zell im Fichtelgebirge,0,small_airport
EDOA,1880,DE,Auerbach/Vogtland,0,small_airport
EDOB,1001,DE,Bad Berka,0,small_airport
EDOC,230,DE,Gardelegen,0,small_airport
EDOD,335,DE,Niederer Fläming,0,small_airport
EDOE,430,DE,Großpösna,0,small_airport
EDOF,761,DE,Bad Frankenhausen,0,small_airport
EDOG,0,DE,Beilrode,0,small_airport
EDOH,1266,DE,Oberschöna,0,small_airport
EDOI,120,DE,Paulinenaue,0,small_airport
EDOJ,217,DE,Bad Belzig,0,small_airport
EDOK,1535,DE,Rudolstadt,0,small_airport
EDOL,344,DE,Oschersleben,0,small_airport
EDOM,171,DE,Bördeland,0,small_airport
EDON,39,DE,Neuhardenberg,0,small_airport
EDOQ,502,DE,Oschatz,0,small_airport
EDOR,138,DE,Gollenberg,0,small_airport
EDOS,1506,DE,Ilmenau,0,small_airport
EDOT,1266,DE,Greiz,0,small_airport
EDOU,984,DE,Umpferstedt,0,small_airport
EDOV,184,DE,Stendal,0,small_airport
EDOW,282,DE,Waren,0,small_airport
EDOX,308,DE,Sandersdorf,0,small_airport
EDOZ,167,DE,Pömmelte,0,small_airport
EDPA,1916,DE,Neresheim,0,small_airport
EDPB,2362,DE,Bad Ditzenbach,0,small_airport
EDPC,1690,DE,Bad Endorf,0,small_airport
EDPD,1165,DE,Dingolfing,0,small_airport
EDPE,1713,DE,Eichstätt,0,small_airport
EDPF,1270,DE,Schwandorf,0,small_airport
EDPG,1060,DE,Pfatter,0,small_airport
EDPH,1181,DE,Büchenbach,0,small_airport
EDPI,1375,DE,Moosburg an der Isar,0,small_airport
EDPJ,2434,DE,Laichingen,0,small_airport
EDPK,1946,DE,Kienberg,0,small_airport
EDPM,2274,DE,Donzdorf,0,small_airport
EDPO,1394,DE,Neumarkt in der Oberpfalz,0,small_airport
EDPQ,1247,DE,Schmidgaden,0,small_airport
EDPR,1315,DE,Donauwörth,0,heliport
EDPS,2674,DE,Waldkirchen,0,small_airport
EDPT,1975,DE,Gerstetten,0,small_airport
EDPU,2092,DE,Bartholomä,0,small_airport
EDPW,1893,DE,Thalmässing,0,small_airport
EDPY,1650,DE,Ellwangen an der Jagst,0,small_airport
EDQA,811,DE,Bamberg,0,medium_airport
EDQB,1220,DE,Bad Windsheim,0,small_airport
EDQC,1490,DE,Coburg,0,small_airport
EDQD,1601,DE,Bindlach,0,medium_airport
EDQE,1673,DE,Ebermannstadt,0,small_airport
EDQF,1371,DE,Weihenzell,0,small_airport
EDQG,981,DE,Giebelstadt,0,small_airport
EDQH,1070,DE,Herzogenaurach,0,small_airport
EDQI,1788,DE,Schnaittach,0,small_airport
EDQK,1660,DE,Kulmbach,0,small_airport
EDQL,853,DE,Lichtenfels,0,small_airport
EDQM,1959,DE,Hof,0,medium_airport
EDQN,1198,DE,Neustadt an der Aisch,0,small_airport
EDQO,1880,DE,Helmbrechts,0,small_airport
EDQP,1496,DE,Speichersdorf,0,small_airport
EDQR,827,DE,Ebern,0,small_airport
EDQS,1923,DE,Goldlauter-Heidersbach,0,small_airport
EDQT,719,DE,Haßfurt,0,small_airport
EDQW,1329,DE,Weiden in der Oberpfalz,0,small_airport
EDQX,1765,DE,Neunkirchen am Brand,0,small_airport
EDQY,1184,DE,Coburg,0,small_airport
EDQZ,1791,DE,Pegnitz,0,small_airport
EDRA,673,DE,Bad Neuenahr,0,small_airport
EDRB,1220,DE,Bitburg,0,small_airport
EDRD,879,DE,Neumagen,0,small_airport
EDRF,351,DE,Bad Dürkheim,0,small_airport
EDRG,1575,DE,Idar-Oberstein,0,small_airport
EDRH,1093,DE,Hoppstädten,0,small_airport
EDRI,325,DE,Linkenheim,0,small_airport
EDRJ,1119,DE,Saarlouis,0,small_airport
EDRK,640,DE,Koblenz,0,small_airport
EDRL,394,DE,Neustadt an der Weinstraße,0,small_airport
EDRM,919,DE,Traben-Trarbach,0,small_airport
EDRN,1224,DE,Nannhausen,0,small_airport
EDRO,492,DE,Schweighofen,0,small_airport
EDRP,1247,DE,Battweiler,0,small_airport
EDRS,810,DE,Bad Sobernheim,0,small_airport
EDRT,666,DE,Föhren,0,small_airport
EDRV,1581,DE,Wershofen,0,small_airport
EDRW,951,DE,Dierdorf,0,small_airport
EDRX,0,DE,Bexbach,0,small_airport
EDRY,312,DE,Speyer,0,small_airport
EDRZ,1132,DE,Zweibrücken,0,small_airport
EDSA,2881,DE,Albstadt,0,small_airport
EDSB,408,DE,Rheinmünster,1,large_airport
EDSE,0,DE,Göppingen,0,small_airport
EDSG,2329,DE,Grabenstetten,0,small_airport
EDSH,965,DE,Backnang,0,small_airport
EDSI,1594,DE,Hilzingen,0,small_airport
EDSK,453,DE,Kehl,0,small_airport
EDSL,2290,DE,Blumberg,0,small_airport
EDSN,2638,DE,Neuhausen ob Eck,0,small_airport
EDSO,2318,DE,Salach,0,small_airport
EDSP,1315,DE,Ammerbuch,0,small_airport
EDSR,0,DE,Radolfzell am Bodensee,0,small_airport
EDST,1146,DE,Kirchheim unter Teck,0,small_airport
EDSW,623,DE,Kippenheim,0,small_airport
EDSZ,2444,DE,Rottweil,0,small_airport
EDTB,404,DE,Baden-Baden,0,small_airport
EDTC,0,DE,,0,small_airport
EDTD,2231,DE,Donaueschingen,0,medium_airport
EDTF,801,DE,Freiburg im Breisgau,0,small_airport
EDTG,696,DE,Eschbach,0,small_airport
EDTH,1424,DE,Heubach,0,small_airport
EDTL,511,DE,Lahr/Schwarzwald,0,medium_airport
EDTM,1818,DE,Mengen,0,medium_airport
EDTN,1214,DE,Kirchheim unter Teck,0,small_airport
EDTO,509,DE,Offenburg,0,small_airport
EDTP,2303,DE,Pfullendorf,0,small_airport
EDTQ,920,DE,Remseck am Neckar,0,small_airport
EDTR,925,DE,Rheinfelden (Baden),0,small_airport
EDTS,2169,DE,Villingen-Schwenningen,0,small_airport
EDTU,1903,DE,Bad Saulgau,0,small_airport
EDTW,2310,DE,Schramberg,0,small_airport
EDTX,1299,DE,Schwäbisch Hall,0,small_airport
EDTY,1299,DE,Schwäbisch Hall,0,medium_airport
EDTZ,1302,DE,Konstanz,0,small_airport
EDUA,148,DE,Stechow-Ferchesar,0,small_airport
EDUF,312,DE,Mühlberg,0,small_airport
EDUO,738,DE,Hedersleben,0,small_airport
EDUS,384,DE,Lichterfeld-Schacksdorf,0,closed
EDUW,26,DE,Tutow,0,small_airport
EDUY,361,DE,Welzow,0,seaplane_base
EDUZ,289,DE,Straguth,0,medium_airport
EDVA,791,DE,Bad Gandersheim,0,small_airport
EDVC,207,DE,Celle,0,small_airport
EDVE,295,DE,Braunschweig,0,medium_airport
EDVF,535,DE,Blomberg,0,small_airport
EDVG,1190,DE,Bad Arolsen,0,small_airport
EDVH,79,DE,Hodenhagen,0,small_airport
EDVI,934,DE,Höxter,0,small_airport
EDVJ,741,DE,Salzgitter,0,small_airport
EDVK,820,DE,Calden,1,large_airport
EDVL,837,DE,Trendelburg,0,small_airport
EDVM,292,DE,Hildesheim,0,small_airport
EDVN,404,DE,Northeim,0,small_airport
EDVR,180,DE,Rinteln,0,small_airport
EDVS,328,DE,Salzgitter,0,closed
EDVT,1264,DE,Ith,0,small_airport
EDVU,246,DE,Uelzen,0,small_airport
EDVW,1178,DE,Bad Pyrmont,0,small_airport
EDVY,148,DE,Porta Westfalica,0,small_airport
EDWC,151,DE,Damme,0,small_airport
EDWE,3,DE,Emden,1,small_airport
EDWF,3,DE,Leer,0,small_airport
EDWG,7,DE,Wangerooge,1,small_airport
EDWH,26,DE,Hatten,0,small_airport
EDWI,19,DE,Wilhelmshaven,0,small_airport
EDWJ,7,DE,Juist,1,small_airport
EDWK,20,DE,Gnarrenburg,0,small_airport
EDWL,7,DE,Langeoog,0,small_airport
EDWM,59,DE,Hellwege,0,small_airport
EDWN,89,DE,Klausheide,0,small_airport
EDWO,287,DE,Osnabrück,0,small_airport
EDWP,33,DE,Wiefelstede,0,small_airport
EDWQ,95,DE,Ganderkesee,0,small_airport
EDWR,3,DE,Borkum,1,small_airport
EDWS,3,DE,Norddeich,1,small_airport
EDWU,128,DE,Cloppenburg,0,small_airport
EDWV,144,DE,Verden (Aller),0,small_airport
EDWX,30,DE,Westerstede,0,small_airport
EDWY,7,DE,Norderney,1,small_airport
EDWZ,7,DE,Baltrum,1,small_airport
EDXA,177,DE,Bramsche,0,small_airport
EDXB,7,DE,Oesterdeichstrich,1,small_airport
EDXC,52,DE,Kropp,0,small_airport
EDXD,148,DE,Bohmte,0,small_airport
EDXE,131,DE,Rheine,0,small_airport
EDXF,131,DE,Flensburg,0,small_airport
EDXG,236,DE,Melle,0,small_airport
EDXH,8,DE,Helgoland,1,small_airport
EDXI,82,DE,Balge,0,small_airport
EDXJ,62,DE,Husum,0,small_airport
EDXK,23,DE,Leck,0,small_airport
EDXL,10,DE,Barßel,0,small_airport
EDXM,125,DE,Sankt Michaelisdonn,0,small_airport
EDXN,72,DE,Wurster Nordseeküste,0,small_airport
EDXO,7,DE,Sankt Peter-Ording,0,small_airport
EDXP,7,DE,Harlesiel,1,small_airport
EDXQ,98,DE,Rotenburg (Wümme),0,small_airport
EDXR,23,DE,Hörsten,0,small_airport
EDXS,72,DE,Zeven,0,small_airport
EDXT,79,DE,Sierksdorf,0,small_airport
EDXU,10,DE,Worpswede,0,small_airport
EDXW,51,DE,Sylt,1,medium_airport
EDXY,26,DE,Wyk auf Föhr,0,small_airport
EDXZ,26,DE,Geestland,0,small_airport
EERE,240,EE,Rakvere,0,small_airport
EEAA,258,EE,Antsla,0,small_airport
EEEI,65,EE,Keila,0,medium_airport
EEHA,88,EE,Humala,0,small_airport
EEJI,246,EE,Jõhvi,0,small_airport
EEKA,18,EE,Kärdla,1,medium_airport
EEKE,14,EE,Kuressaare,1,medium_airport
EEKI,289,EE,Karksi,0,small_airport
EEKO,0,EE,Kose,0,small_airport
EEKU,10,EE,Saareküla,0,small_airport
EELM,0,EE,Tartu,0,small_airport
EELU,20,EE,Saare,0,small_airport
EENA,92,EE,Narva,0,small_airport
EEPU,47,EE,Pärnu,1,medium_airport
EERA,220,EE,Rapla,0,small_airport
EERD,295,EE,Riidaja,0,small_airport
EERI,302,EE,Suurküla,0,small_airport
EERU,10,EE,Ringsu,1,small_airport
HEBR,108,EG,Berenice Troglodytica,0,large_airport
EETN,131,EE,Tallinn,1,large_airport
EETU,220,EE,Tartu,1,medium_airport
EEVI,249,EE,Viljandi,0,small_airport
EEVO,23,EE,Vormsi Island,0,small_airport
EEVU,275,EE,Varstu,0,small_airport
EFAA,738,FI,,0,small_airport
EFAH,95,FI,Oulu,0,small_airport
EFAL,407,FI,Alavus,0,small_airport
EFET,1005,FI,Enontekio,1,medium_airport
EFEU,259,FI,Eura,0,small_airport
EFFO,325,FI,Forssa,0,small_airport
EFGE,46,FI,Genböle,0,small_airport
EFHA,479,FI,Jämsä,0,medium_airport
EFHK,179,FI,Helsinki (Vantaa),1,large_airport
EFHL,7,FI,Hailuoto,0,small_airport
EFHM,449,FI,Hämeenkyrö,0,small_airport
EFHN,20,FI,Hanko,0,small_airport
EFHP,315,FI,Haapavesi,0,small_airport
EFHV,430,FI,Hyvinkää,0,small_airport
EFII,384,FI,Iisalmi,0,small_airport
EFIK,381,FI,Kikala,0,small_airport
EFIM,338,FI,Imatra,0,small_airport
EFIT,364,FI,Kitee,0,medium_airport
EFIV,481,FI,Ivalo,1,large_airport
EFJM,505,FI,Jämijärvi,0,small_airport
EFJO,398,FI,Joensuu,1,medium_airport
EFJY,459,FI,Jyväskylän Maalaiskunta,1,medium_airport
EFKA,151,FI,Kauhava,0,medium_airport
EFKE,61,FI,Kemi / Tornio,1,medium_airport
EFKG,7,FI,,0,small_airport
EFKH,571,FI,Kuhmo,0,small_airport
EFKI,483,FI,Kajaani,1,medium_airport
EFKJ,407,FI,Kauhajoki,0,medium_airport
EFKK,84,FI,Kokkola / Kruunupyy,1,medium_airport
EFKM,692,FI,,0,small_airport
EFKN,338,FI,Kannus,0,small_airport
EFKO,43,FI,Kalajoki,0,small_airport
EFKR,348,FI,Kärsämäki,0,small_airport
EFKS,866,FI,Kuusamo,1,medium_airport
EFKT,644,FI,Kittilä,1,large_airport
EFKU,323,FI,Kuopio / Siilinjärvi,1,large_airport
EFKV,502,FI,,0,small_airport
EFKY,223,FI,Peippola,0,small_airport
EFLA,502,FI,Lahti,0,small_airport
EFLL,328,FI,Lapinlahti,0,small_airport
EFLN,374,FI,Nurmes,0,small_airport
EFLP,349,FI,Lappeenranta,1,large_airport
EFMA,17,FI,Mariehamn,1,medium_airport
EFME,331,FI,Alajärvi,0,small_airport
EFMI,329,FI,Mikkeli,0,medium_airport
EFMN,135,FI,Mäntsälä,0,small_airport
EFNS,233,FI,Nurmijärvi,0,small_airport
EFNU,367,FI,Vihti / Nummela,0,small_airport
EFOP,331,FI,Oripää,0,small_airport
EFOU,47,FI,Oulu / Oulunsalo,1,large_airport
EFPA,853,FI,,0,small_airport
EFPI,148,FI,Kokemäki,0,small_airport
EFPK,390,FI,Pieksämäki,0,small_airport
EFPN,253,FI,Savonlinna,0,small_airport
EFPO,44,FI,Pori,1,medium_airport
EFPR,72,FI,Helsinki (Pyhtää),0,medium_airport
EFPU,397,FI,Pudasjärvi,0,small_airport
EFPY,528,FI,Pyhäjärvi,0,small_airport
EFRA,476,FI,Rautavaara,0,small_airport
EFRH,118,FI,Raahe,0,small_airport
EFRN,292,FI,Rantasalmi,0,small_airport
EFRO,642,FI,Rovaniemi,1,large_airport
EFRU,541,FI,,0,small_airport
EFRV,515,FI,Kiuruvesi,0,small_airport
EFRY,407,FI,Loppi,0,small_airport
EFSA,311,FI,Savonlinna,1,medium_airport
EFSE,417,FI,Kouvola,0,small_airport
EFSI,302,FI,Seinäjoki / Ilmajoki,0,medium_airport
EFSO,602,FI,Sodankyla,0,medium_airport
EFSU,541,FI,Suomussalmi,0,small_airport
EFTO,16,FI,Ingå,0,small_airport
EFTP,390,FI,Tampere / Pirkkala,1,large_airport
EFTU,161,FI,Turku,1,large_airport
EFUT,339,FI,Utti / Valkeala,0,medium_airport
EFVA,19,FI,Vaasa,1,large_airport
EFVI,361,FI,Viitasaari,0,small_airport
EFVL,443,FI,Vaala,0,small_airport
EFVP,295,FI,Huittinen,0,small_airport
EFVR,286,FI,Varkaus / Joroinen,0,medium_airport
EFVT,400,FI,Veteli,0,small_airport
EFWB,82,FI,Anjalankoski,0,small_airport
EFYL,252,FI,Ylivieska,0,medium_airport
EGAA,268,GB,Belfast,1,large_airport
EGAB,155,GB,"Enniskillen, Fermanagh and Omagh",0,medium_airport
EGAC,15,GB,Belfast,1,medium_airport
EGAD,9,GB,"Newtownards, Ards and North Down",0,small_airport
EGAE,22,GB,"Derry, Derry and Strabane",1,medium_airport
EGAH,103,AQ,Halley Research Station,0,small_airport
EGAR,9,AQ,Rothera Research Station,0,small_airport
EGAT,4740,AQ,Sky Blu,0,small_airport
EGBB,327,GB,"Birmingham, West Midlands",1,large_airport
EGBC,213,GB,"Cheltenham, Gloucestershire",0,heliport
EGBD,175,GB,"Derby, Derbyshire",0,small_airport
EGBF,270,GB,"Bedford, Bedford",0,small_airport
EGBG,469,GB,"Leicester, Leicestershire",0,small_airport
EGBJ,101,GB,"Staverton, Gloucestershire",0,medium_airport
EGBK,429,GB,"Northampton, Northamptonshire",0,small_airport
EGBM,439,GB,"Burton upon Trent, Staffordshire",0,small_airport
EGBN,138,GB,"Nottingham, Nottinghamshire",0,medium_airport
EGBO,283,GB,"Wolverhampton, Staffordshire",0,small_airport
EGBP,433,GB,"Cirencester, Gloucestershire",0,small_airport
EGBS,318,GB,"Leominster, Herefordshire",0,small_airport
EGBT,448,GB,Turweston,0,small_airport
EGBV,502,GB,"Silverstone, Buckinghamshire",0,heliport
EGBW,159,GB,"Warwick, Warwickshire",0,small_airport
EGCB,73,GB,"Manchester, Greater Manchester",0,small_airport
EGCC,257,GB,"Manchester, Greater Manchester",1,large_airport
EGCF,11,GB,"Doncaster, South Yorkshire",0,small_airport
EGCG,45,GB,"Alford, Lincolnshire",0,small_airport
EGCJ,26,GB,"Selby, North Yorkshire",0,small_airport
EGCK,1,GB,Caernarfon,0,small_airport
EGCL,8,GB,"Spalding, Lincolnshire",0,small_airport
EGCS,58,GB,"Gainsborough, Lincolnshire",0,small_airport
EGCT,301,GB,"Whitchurch, Shropshire",0,small_airport
EGCV,275,GB,"Shrewsbury, Shropshire",0,small_airport
EGCW,233,GB,"Welshpool, Powys",0,small_airport
EGDM,407,GB,"Salisbury, Wiltshire",0,medium_airport
EGDN,456,GB,"Salisbury, Wiltshire",0,small_airport
EGDO,295,GB,"Predannack Wollas, Cornwall",0,small_airport
EGDP,0,GB,Portland,0,heliport
EGDR,267,GB,Helston,0,medium_airport
EGDI,151,GB,"Ilminster, Somerset",0,small_airport
EGSY,163,GB,"St Athan, Vale of Glamorgan",0,medium_airport
EGDY,75,GB,"Yeovil, Somerset",0,medium_airport
EGEA,300,GB,,0,heliport
EGEC,42,GB,Campbeltown,1,medium_airport
EGED,10,GB,Eday,1,medium_airport
EGEF,223,GB,Fair Isle,1,small_airport
EGEG,0,GB,Glasgow,0,closed
EGEL,21,GB,Coll Island,1,small_airport
EGEN,40,GB,North Ronaldsay,1,small_airport
EGEO,20,GB,North Connel,1,small_airport
EGEP,91,GB,"Papa Westray, Orkney Islands",1,small_airport
EGER,39,GB,Stronsay,1,small_airport
EGES,68,GB,Sanday,1,small_airport
EGET,43,GB,"Lerwick, Shetland Islands",1,small_airport
EGEW,29,GB,"Westray, Orkney Islands",1,small_airport
EGEY,44,GB,Colonsay,1,small_airport
EGFA,428,GB,Aberporth,0,small_airport
EGFC,0,GB,Cardiff,0,heliport
EGFD,30,GB,Llanbedr,0,small_airport
EGFE,159,GB,Haverfordwest,0,medium_airport
EGFF,220,GB,Cardiff,1,large_airport
EGFH,299,GB,Swansea,0,medium_airport
EGFP,15,GB,"Pembrey, Carmarthenshire",0,small_airport
EGGD,622,GB,Bristol,1,large_airport
EGGP,80,GB,Liverpool,1,large_airport
EGGW,526,GB,"Luton, Luton",1,large_airport
EGHA,811,GB,"Shaftesbury, Dorset",0,small_airport
EGHC,398,GB,"Land's End, Cornwall",1,small_airport
EGHE,116,GB,"St. Mary's, Isles of Scilly",1,small_airport
EGHF,32,GB,"Gosport, Hampshire",0,small_airport
EGHG,202,GB,"Yeovil, Somerset",0,small_airport
EGHH,38,GB,Bournemouth,1,medium_airport
EGHI,44,GB,Southampton,1,medium_airport
EGHJ,53,GB,"Bembridge, Isle of Wight",0,small_airport
EGHL,618,GB,"Alton, Hampshire",0,medium_airport
EGHN,55,GB,"Sandown, Isle of Wight",0,small_airport
EGHO,319,GB,"Andover, Hampshire",0,small_airport
EGHP,550,GB,"Winchester, Hampshire",0,small_airport
EGHQ,390,GB,Newquay,1,medium_airport
EGHR,98,GB,"Chichester, West Sussex",0,small_airport
EGHS,184,GB,"Templecombe, Somerset",0,small_airport
EGHT,20,GB,"Tresco, Isles of Scilly",1,heliport
EGHU,655,GB,"Umberleigh, Devon",0,small_airport
EGHY,127,GB,Truro,0,small_airport
EGJA,290,GG,Saint Anne,1,medium_airport
EGJB,336,GG,Saint Peter Port,1,medium_airport
EGJJ,277,JE,St. Peter,1,medium_airport
EGKA,7,GB,"Brighton, East Sussex",0,medium_airport
EGKB,598,GB,London,0,medium_airport
EGKE,600,GB,"Ashford, Kent",0,small_airport
EGKG,510,GB,"Chichester, West Sussex",0,heliport
EGKH,72,GB,"Ashford, Kent",0,small_airport
EGKK,202,GB,London,1,large_airport
EGKL,69,GB,"Lewes, East Sussex",0,small_airport
EGKR,222,GB,"Redhill, Surrey",0,small_airport
EGLA,650,GB,Bodmin,0,small_airport
EGLC,19,GB,London,1,medium_airport
EGLD,249,GB,"Uxbridge, Greater London",0,small_airport
EGLF,238,GB,"Farnborough, Hampshire",0,medium_airport
EGLJ,240,GB,"Oxford, Oxfordshire",0,small_airport
EGLK,325,GB,"Camberley, Surrey",0,medium_airport
EGLL,83,GB,London,1,large_airport
EGLM,131,GB,"Maidenhead, Berkshire",0,small_airport
EGLP,210,GB,"Reading, Berkshire",0,small_airport
EGLS,285,GB,"Salisbury, Wiltshire",0,small_airport
EGLT,220,GB,"Ascot Heath, Berkshire",0,heliport
EGLW,18,GB,London,0,heliport
EGMA,124,GB,"Fowlmere, Cambridgeshire",0,small_airport
EGMC,49,GB,"Southend-on-Sea, Essex",1,medium_airport
EGMD,13,GB,"Romney Marsh, Kent",0,medium_airport
EGMF,420,GB,"Sittingbourne, Kent",0,small_airport
EGMJ,250,GB,"Gamlingay, Cambridgeshire",0,small_airport
EGML,59,GB,"Upminster, Greater London",0,small_airport
EGMT,20,GB,"Orsett, Essex",0,small_airport
EGNC,190,GB,"Carlisle, Cumbria",0,medium_airport
EGNE,91,GB,"Retford, Nottinghamshire",0,small_airport
EGNF,250,GB,"Worksop, Nottinghamshire",0,small_airport
EGNH,34,GB,Blackpool,0,medium_airport
EGNI,8,GB,"Skegness, Lincolnshire",0,small_airport
EGNJ,121,GB,"Grimsby, Lincolnshire",1,medium_airport
EGNL,173,GB,Barrow-in-Furness,0,medium_airport
EGNM,681,GB,"Leeds, West Yorkshire",1,large_airport
EGNO,55,GB,Warton,0,medium_airport
EGNR,45,GB,Broughton,0,medium_airport
EGNS,52,IM,"Castletown, Rushen",1,large_airport
EGNT,266,GB,"Newcastle upon Tyne, Tyne and Wear",1,large_airport
EGNU,86,GB,"York, North Yorkshire",0,small_airport
EGNV,120,GB,"Darlington, Durham",1,medium_airport
EGNW,63,GB,"Lincoln, Lincolnshire",0,small_airport
EGNX,306,GB,"Nottingham, Leicestershire",1,large_airport
EGNY,3,GB,"Beverley, East Riding of Yorkshire",0,small_airport
EGOE,272,GB,"Market Drayton, Shropshire",0,small_airport
EGOM,1066,GB,Spadeadam,0,medium_airport
EGOQ,202,GB,"Bodffordd, Anglesey",0,small_airport
EGOS,249,GB,"Shrewsbury, Shropshire",0,medium_airport
EGOV,37,GB,Angelsey,0,medium_airport
EGOW,37,GB,"Southport, Sefton",0,small_airport
EGPA,50,GB,"Kirkwall, Orkney Islands",1,medium_airport
EGPB,20,GB,"Lerwick, Shetland",1,medium_airport
EGPC,126,GB,Wick,1,medium_airport
EGPD,215,GB,Aberdeen,1,large_airport
EGPE,31,GB,"Inverness, Highland",1,medium_airport
EGPF,26,GB,Glasgow,1,large_airport
EGPG,350,GB,Cumbernauld,0,small_airport
EGPH,135,GB,"Ingliston, Edinburgh",1,large_airport
EGPI,56,GB,"Isle of Islay, Argyll and Bute",1,medium_airport
EGPJ,399,GB,Glenrothes,0,small_airport
EGPK,65,GB,"Prestwick, South Ayrshire",1,large_airport
EGPL,19,GB,Balivanich,1,medium_airport
EGPN,17,GB,Dundee,1,medium_airport
EGPO,26,GB,"Stornoway, Western Isles",1,medium_airport
EGPR,5,GB,Eoligarry,1,medium_airport
EGPS,150,GB,Peterhead,0,small_airport
EGPT,397,GB,"Perth, Perth and Kinross",0,small_airport
EGPU,38,GB,"Balemartine, Argyll and Bute",1,medium_airport
EGPW,62,GB,"Baltasound, Shetland Islands",0,small_airport
EGQL,38,GB,"Leuchars, Fife",0,medium_airport
EGQS,42,GB,"Lossiemouth, Moray",0,medium_airport
EGSA,210,GB,"Thetford, Norfolk",0,small_airport
EGSC,47,GB,"Cambridge, Cambridgeshire",0,medium_airport
EGSF,26,GB,"Peterborough, Cambridgeshire",0,small_airport
EGSG,183,GB,"Romford, Greater London",0,small_airport
EGSH,118,GB,"Norwich, Norfolk",1,medium_airport
EGSI,-6,GB,"Wisbech, Cambridgeshire",0,small_airport
EGSJ,130,GB,"Mundham, Norfolk",0,small_airport
EGSL,286,GB,"Braintree, Essex",0,small_airport
EGSM,80,GB,"Beccles, Suffolk",0,small_airport
EGSO,201,GB,"Ipswich, Suffolk",0,small_airport
EGSP,130,GB,"Peterborough, Cambridgeshire",0,small_airport
EGSQ,37,GB,"Clacton-on-Sea, Essex",0,small_airport
EGSR,226,GB,"Colchester, Essex",0,small_airport
EGSS,348,GB,"London, Essex",1,large_airport
EGST,246,GB,"Ipswich, Suffolk",0,small_airport
EGSU,125,GB,"Duxford, Cambridgeshire",0,small_airport
EGSV,194,GB,"Old Buckenham, Norfolk",0,small_airport
EGSW,100,GB,"Newmarket, Suffolk",0,small_airport
EGSX,321,GB,"Epping, Essex",0,small_airport
EGTB,515,GB,"Marlow, Buckinghamshire",0,small_airport
EGTC,360,GB,"Cranfield, Central Bedfordshire",0,medium_airport
EGTD,172,GB,"Cranleigh, Surrey",0,small_airport
EGTE,102,GB,"Exeter, Devon",1,medium_airport
EGTF,80,GB,"Woking, Surrey",0,small_airport
EGTH,110,GB,"Biggleswade, Central Bedfordshire",0,small_airport
EGTK,270,GB,"Kidlington, Oxfordshire",0,medium_airport
EGTO,436,GB,"Rochester, Kent",0,small_airport
EGTP,330,GB,"Perranporth, Cornwall",0,small_airport
EGTR,332,GB,"Borehamwood, Hertfordshire",0,small_airport
EGTU,839,GB,"Honiton, Devon",0,small_airport
EGTW,250,GB,"Malmesbury, Wiltshire",0,small_airport
EGUB,226,GB,"Wallingford, Oxfordshire",0,medium_airport
EGUL,32,GB,"Brandon, Suffolk",0,medium_airport
EGUN,33,GB,"Bury Saint Edmunds, Suffolk",0,medium_airport
EGUW,284,GB,"Ipswich, Suffolk",0,medium_airport
EGVA,286,GB,"Fairford, Gloucestershire",0,medium_airport
EGVL,730,GB,"Cheltenham, Gloucestershire",0,small_airport
EGVN,288,GB,"Carterton, Oxfordshire",0,medium_airport
EGVO,405,GB,"Hook, Hampshire",0,medium_airport
EGVP,297,GB,"Middle Wallop, Hampshire",0,small_airport
EGWC,272,GB,"Cosford, Shropshire",0,medium_airport
EGWN,370,GB,"Halton, Buckinghamshire",0,small_airport
EGWU,124,GB,"Northolt, Greater London",0,medium_airport
EGXC,25,GB,"Lincoln, Lincolnshire",0,medium_airport
EGXE,132,GB,"Northallerton, North Yorkshire",0,medium_airport
EGCM,29,GB,"Tadcaster, North Yorkshire",0,medium_airport
EGXT,273,GB,"Peterborough, Cambridgeshire",0,medium_airport
EGXW,231,GB,"Lincoln, Lincolnshire",0,medium_airport
EGXY,228,GB,"Newark on Trent, Nottinghamshire",0,small_airport
EGXZ,92,GB,"Thirsk, North Yorkshire",0,medium_airport
EGYD,218,GB,"Sleaford, Lincolnshire",0,medium_airport
EGYE,367,GB,"Grantham, Lincolnshire",0,medium_airport
EGYM,75,GB,"King's Lynn, Norfolk",0,medium_airport
EGYP,244,FK,Mount Pleasant,1,medium_airport
EHAL,11,NL,Ballum,0,small_airport
EHAM,-11,NL,Amsterdam,1,large_airport
EHBD,114,NL,Weert,0,medium_airport
EHBK,375,NL,Maastricht,1,large_airport
EHDL,158,NL,Arnhem,0,medium_airport
EHDR,14,NL,Drachten,0,small_airport
EHEH,74,NL,Eindhoven,1,large_airport
EHGG,17,NL,Groningen,1,large_airport
EHGR,49,NL,Rijen,0,medium_airport
EHHA,1,NL,Amsterdam,0,heliport
EHHO,40,NL,Hoogeveen,0,small_airport
EHHV,3,NL,Hilversum,0,small_airport
EHKD,3,NL,Den Helder,0,medium_airport
EHLE,-13,NL,Lelystad,0,medium_airport
EHLW,3,NL,Leeuwarden,0,medium_airport
EHMZ,6,NL,Middelburg,0,small_airport
EHOW,1,NL,Oostwold,0,small_airport
EHRD,-15,NL,Rotterdam,1,large_airport
EHSE,30,NL,Hoeven,0,small_airport
EHST,14,NL,Stadskanaal,0,small_airport
EHTE,17,NL,Deventer,0,small_airport
EHTL,276,NL,Arnhem,0,small_airport
EHTW,114,NL,Enschede,0,medium_airport
EHTX,2,NL,De Cocksdorp,0,small_airport
EHVK,72,NL,Uden,0,medium_airport
EHWO,63,NL,Hoogerheide,0,medium_airport
EIAB,195,IE,Abbeyshrule,0,small_airport
EIAC,135,IE,Athlone,0,heliport
EIBB,180,IE,Fingal,0,small_airport
EIBN,7,IE,Bantry,0,small_airport
EIBR,250,IE,Birr,0,small_airport
EIBT,150,IE,Belmullet,0,small_airport
EICA,70,IE,Inverin,1,small_airport
EICK,502,IE,Cork,1,large_airport
EICL,240,IE,Clonbullogue,0,small_airport
EICM,81,IE,Galway,0,closed
EICN,6,IE,Limerick,0,small_airport
EIDL,30,IE,Donegal,1,medium_airport
EIDW,242,IE,Dublin,1,large_airport
EIFR,107,IE,Ballyshannon,0,heliport
EIHH,250,IE,Navan,0,small_airport
EIHN,610,IE,Hacketstown,0,small_airport
EIIM,24,IE,Inis Mór,1,small_airport
EIIR,40,IE,Inis Oírr,1,small_airport
EIKH,260,IE,Kilrush,0,small_airport
EIKK,319,IE,Kilkenny,0,small_airport
EIKN,665,IE,Charlestown,1,large_airport
EIKY,112,IE,Farranfore,1,medium_airport
EILT,20,IE,Letterkenny,0,small_airport
EIME,319,IE,Baldonnel,0,medium_airport
EIMH,230,IE,Athboy,0,small_airport
EIMN,15,IE,Inis Meáin,1,small_airport
EIMS,103,IE,Mountshannon,0,seaplane_base
EINC,1,IE,Newcastle,0,small_airport
EINN,46,IE,Shannon,1,large_airport
EIRT,281,IE,Rathcoole,0,small_airport
EISG,11,IE,Sligo,0,medium_airport
EITM,200,IE,Trim,0,small_airport
EIWF,119,IE,Waterford,0,medium_airport
EIWT,150,IE,Leixlip,0,medium_airport
ZBEN,3077,CN,Ejin Banner,0,small_airport
EKAC,0,DK,Aarhus,1,seaplane_base
EKAE,3,DK,Marstal,1,small_airport
EKAF,0,DK,,0,heliport
EKAH,82,DK,Aarhus,1,large_airport
EKAN,0,DK,North Sea,0,heliport
EKAO,50,DK,Ærøskøbing,0,heliport
EKAR,0,DK,North Sea,0,heliport
EKAT,23,DK,Anholt,1,small_airport
EKAB,144,DK,Herning,0,small_airport
EKBI,247,DK,Billund,1,large_airport
EKCB,132,DK,,0,heliport
EKCC,0,DK,,1,seaplane_base
EKCE,0,DK,,0,heliport
EKCH,17,DK,Copenhagen,1,large_airport
EKCR,3274,DK,Bording,0,small_airport
EKDB,0,DK,,0,heliport
EKDE,0,DK,,0,heliport
EKDF,0,DK,,0,heliport
EKEB,97,DK,Esbjerg,1,medium_airport
EKEL,15,DK,Endelave,0,small_airport
EKFR,0,DK,,0,small_airport
EKFS,0,DK,Broby,0,small_airport
EKFU,30,DK,Fur,0,small_airport
EKGC,0,DK,,0,heliport
EKGH,97,DK,Grønholt,0,small_airport
EKGL,0,DK,Gørløse,0,small_airport
EKGO,0,DK,Gørlev,0,small_airport
EKGR,20,DK,Grenaa,0,small_airport
EKHA,0,DK,,0,heliport
EKHB,0,DK,,0,heliport
EKHD,0,DK,,0,heliport
EKHE,0,DK,Annisse,0,small_airport
EKHG,167,DK,Herning,0,small_airport
EKHK,2,DK,Gislinge,0,small_airport
EKHL,141,DK,Holsted,0,heliport
EKHM,290,DK,Tørring,0,small_airport
EKHN,0,DK,,0,heliport
EKHO,49,DK,Struer,0,small_airport
EKHR,0,DK,,0,heliport
EKHV,81,DK,Haderslev,0,small_airport
EKKA,170,DK,Karup,1,medium_airport
EKKL,1,DK,Kalundborg,0,small_airport
EKKO,39,DK,Vemmelev,0,small_airport
EKKS,0,DK,Rønnede,0,small_airport
EKLS,25,DK,Læsø,1,small_airport
EKLV,97,DK,Lemvig,0,small_airport
EKMB,16,DK,Rødby,0,medium_airport
EKML,56,DK,Måløv,0,closed
EKMN,3,DK,Stege,0,small_airport
EKNI,0,DK,,0,heliport
EKNM,53,DK,Erslev,0,small_airport
EKOD,56,DK,Odense,1,large_airport
EKPB,88,DK,Padborg,0,small_airport
EKRA,131,DK,Rårup,0,small_airport
EKRB,62,DK,Rønne,0,heliport
EKRD,139,DK,Randers,0,small_airport
EKRF,0,DK,,0,heliport
EKRK,146,DK,Roskilde,1,medium_airport
EKRN,52,DK,Rønne,1,medium_airport
EKRS,113,DK,Ringsted,0,small_airport
EKSA,110,DK,Sæby,0,small_airport
EKSB,24,DK,Sønderborg,1,medium_airport
EKSC,0,DK,,0,heliport
EKSD,249,DK,Spjald,0,small_airport
EKSG,0,DK,,0,heliport
EKSI,0,DK,,0,heliport
EKSK,29,DK,Skive,0,heliport
EKSL,115,DK,Fjenneslev,0,small_airport
EKSN,92,DK,Sindal,0,medium_airport
EKSP,141,DK,Vojens,0,medium_airport
EKSS,1,DK,Samsø,0,small_airport
EKST,7,DK,Svendborg,1,small_airport
EKSV,74,DK,Skive,0,medium_airport
EKTD,1,DK,Tønder,0,small_airport
EKTE,0,DK,,0,heliport
EKTH,100,DK,Thisted,0,heliport
EKTS,23,DK,Thisted,0,medium_airport
EKTW,0,DK,,0,heliport
EKVB,75,DK,Viborg,0,small_airport
EKVD,143,DK,Kolding / Vamdrup,0,medium_airport
EKVG,280,FO,Vágar,1,large_airport
EKVH,119,DK,Aars,0,small_airport
EKVJ,17,DK,Skjern,0,medium_airport
EKYT,10,DK,Aalborg,1,large_airport
ELLX,1234,LU,Luxembourg,1,large_airport
ELNT,1522,LU,Winseler,0,small_airport
ELUS,928,LU,Useldange,0,small_airport
ENAE,1621,NO,Åmot,0,small_airport
ENAH,1442,NO,Ål,0,heliport
ENAL,69,NO,Ålesund,1,large_airport
ENAN,43,NO,Andenes,1,medium_airport
ENAR,126,NO,Arendal,0,heliport
ENAS,50,NO,Ny-Ålesund,0,small_airport
ENAT,9,NO,Alta,1,medium_airport
ENAX,0,NO,Ålesund,0,heliport
ENBA,92,NO,Barentsburg,0,heliport
ENBE,0,NO,North Sea,0,heliport
ENBG,10,NO,Bergen,0,heliport
ENBJ,0,NO,Herwighamna,0,heliport
ENBL,1046,NO,Førde,1,small_airport
ENBM,300,NO,Tjukkebygdi,0,small_airport
ENBN,25,NO,Brønnøy,1,medium_airport
ENBO,42,NO,Bodø,1,large_airport
ENBR,170,NO,Bergen,1,large_airport
ENBS,490,NO,Båtsfjord,1,medium_airport
ENBV,42,NO,Berlevåg,1,medium_airport
ENCN,57,NO,Kristiansand(Kjevik),1,large_airport
ENDB,0,NO,Dombås,0,heliport
ENDH,39,NO,Drammen,0,heliport
ENDI,2618,NO,Dagali,0,small_airport
ENDO,512,NO,Dokka,0,small_airport
ENDP,0,NO,,0,heliport
ENDR,377,NO,Norwegian Sea,0,heliport
ENDU,252,NO,Målselv,1,medium_airport
ENEG,656,NO,Hønefoss,0,small_airport
ENEL,0,NO,Elverum,0,heliport
ENEN,10,NO,Engeløy,0,small_airport
ENEV,84,NO,Evenes,1,large_airport
ENFA,152,NO,Frøya,0,small_airport
ENFB,0,NO,,0,heliport
ENFD,19,NO,Førde,0,heliport
ENFG,2697,NO,Fagernes,0,small_airport
ENFJ,0,NO,Fedje,0,heliport
ENFL,37,NO,Florø,1,medium_airport
ENFY,986,NO,Fyresdal,0,small_airport
ENGA,0,NO,Norwegian Sea,0,heliport
ENGC,0,NO,,0,heliport
ENGK,390,NO,,0,small_airport
ENGM,681,NO,Oslo (Gardermoen),1,large_airport
ENGN,2260,NO,Folldal,0,small_airport
ENGS,89,NO,Snåsa,0,small_airport
ENHA,729,NO,Hamar,0,small_airport
ENHD,86,NO,Karmøy,1,medium_airport
ENHE,0,NO,Norwegian Sea,0,heliport
ENHF,266,NO,Hammerfest,1,medium_airport
ENHK,21,NO,Hasvik,1,small_airport
ENSM,710,NO,Elverum,0,small_airport
ENHO,0,NO,,0,heliport
ENHS,30,NO,Øvre Eiker,0,small_airport
ENHT,689,NO,Hattfjelldal,0,small_airport
ENHV,44,NO,Honningsvåg,1,medium_airport
ENHX,0,NO,Haugesund,0,heliport
ENJA,39,NO,,0,small_airport
ENJB,92,NO,Tønsberg,0,small_airport
ENJS,0,NO,North Sea,0,heliport
ENKA,1165,NO,Kautokeino,0,small_airport
ENKB,204,NO,Kvernberget,1,medium_airport
ENKJ,354,NO,Kjeller,0,small_airport
ENKL,2770,NO,Klanten flyplass,0,small_airport
ENKR,283,NO,Kirkenes,1,medium_airport
ENLA,0,NO,,0,heliport
ENLE,0,NO,North Sea.,0,heliport
ENLH,0,NO,Lillehammer,0,heliport
ENLI,29,NO,Farsund,0,small_airport
ENLK,78,NO,Leknes,1,medium_airport
ENLU,190,NO,Lunde Nome,0,small_airport
ENLX,555,NO,Lørenskog,0,heliport
ENMH,39,NO,Mehamn,1,medium_airport
ENML,10,NO,Årø,1,medium_airport
ENMS,237,NO,Mosjøen,1,medium_airport
ENNA,25,NO,Lakselv,1,medium_airport
ENNE,0,NO,Norwegian Sea,0,heliport
ENNH,0,NO,Namsos,0,heliport
ENNM,7,NO,Namsos,1,small_airport
ENNO,63,NO,Notodden,0,medium_airport
ENOA,0,NO,,0,heliport
ENOC,0,NO,,0,heliport
ENOL,28,NO,Ørland,1,medium_airport
ENOP,1830,NO,,0,small_airport
ENOV,243,NO,Ørsta,1,medium_airport
ENPY,6,NO,Pyramiden,0,heliport
ENQA,0,NO,,0,heliport
ENQB,0,NO,,0,heliport
ENQC,0,NO,,0,heliport
ENQD,0,NO,,0,heliport
ENQE,180,NO,,0,heliport
ENQG,0,NO,Norwegian Sea,0,heliport
ENQJ,0,NO,Norwegian Sea,0,heliport
ENQK,0,NO,Norwegian Sea,0,heliport
ENQL,0,NO,North Sea,0,heliport
ENQM,0,NO,North Sea,0,heliport
ENQO,170,NO,,0,heliport
ENQR,0,NO,Norwegian Sea,0,heliport
ENQS,0,NO,Norwegian Sea,0,heliport
ENQV,0,NO,Norwegian Sea,0,heliport
ENQW,0,NO,Norwegian Sea,0,heliport
ENRA,229,NO,Mo i Rana,1,medium_airport
ENRG,20,NO,Saltdal,0,small_airport
ENRH,0,NO,Oslo,0,heliport
ENRI,571,NO,Frya,0,small_airport
ENRK,400,NO,Rakkestad,0,small_airport
ENRM,14,NO,Rørvik,1,medium_airport
ENRO,2054,NO,Røros,1,medium_airport
ENRS,7,NO,Røst,1,small_airport
ENRT,0,NO,Trondheim,0,heliport
ENRV,1381,NO,Reinsvoll,0,small_airport
ENRX,414,NO,Hønefoss,0,heliport
ENRY,174,NO,Oslo,0,medium_airport
ENSB,88,NO,Longyearbyen,1,medium_airport
ENSD,196,NO,Sandane,1,small_airport
ENSE,0,NO,Norwegian Sea,0,heliport
ENSF,0,NO,,0,heliport
ENSG,1633,NO,Sogndal,1,small_airport
ENSH,27,NO,Svolvær,1,medium_airport
ENSI,350,NO,Ski,0,small_airport
ENSK,11,NO,Hadsel,1,medium_airport
ENSL,0,NO,,0,heliport
ENSN,463,NO,Geiteryggen,0,medium_airport
ENSO,160,NO,Leirvik,1,medium_airport
ENSR,16,NO,Sørkjosen,1,medium_airport
ENSS,42,NO,Vardø,1,medium_airport
ENST,56,NO,Alstahaug,1,medium_airport
ENSU,249,NO,Sunndalsøra,0,small_airport
ENSX,0,NO,Stavanger,0,heliport
ENTC,31,NO,Tromsø,1,large_airport
ENTE,91,NO,Skien,0,heliport
ENTO,286,NO,Sandefjord(Torp),1,large_airport
ENTR,93,NO,Trondheim,0,heliport
ENTS,1900,NO,,0,small_airport
ENTY,1581,NO,Tynset,0,small_airport
ENUK,147,NO,Block 6406/2 - Kristin field,0,heliport
ENUB,141,NO,Block 6506/12 - Asgard field,0,heliport
ENUC,48,NO,Block 6506/12 - Asgard field,0,heliport
ENUD,100,NO,Norwegian Sea,0,heliport
ENUE,90,NO,Norwegian Sea,0,heliport
ENUG,0,NO,,0,heliport
ENUH,0,NO,Oslo,0,heliport
ENUA,111,NO,Block 6506/12 - Asgard field,0,heliport
ENUL,200,NO,Ulven,0,small_airport
ENUN,213,NO,,0,heliport
ENUR,0,NO,Norwegian Sea,0,heliport
ENUS,0,NO,Norwegian Sea,0,heliport
ENVA,56,NO,Trondheim,1,large_airport
ENVD,127,NO,Vadsø,1,medium_airport
ENVE,771,NO,Valle,0,small_airport
ENVR,12,NO,Værøy,1,heliport
ENWA,140,NO,North Sea,0,heliport
ENWE,0,NO,,0,heliport
ENWG,0,NO,,0,heliport
ENWI,0,NO,,0,heliport
ENWK,0,NO,North Sea,0,heliport
ENWS,0,NO,North Sea,0,heliport
ENWV,0,NO,North Sea,0,heliport
ENWY,197,NO,Yme Inspirer,0,heliport
ENXB,0,NO,,0,heliport
ENXH,0,NO,,0,heliport
ENXI,141,NO,North Sea,0,heliport
ENXJ,0,NO,,0,heliport
ENXK,0,NO,,0,heliport
ENXL,0,NO,,0,heliport
ENXM,0,NO,,0,heliport
ENXO,0,NO,,0,heliport
ENXR,0,NO,,0,heliport
ENXW,0,NO,,0,heliport
ENXZ,0,NO,,0,heliport
ENZV,29,NO,Stavanger,1,large_airport
KEOD,593,US,Clarksville (Fort Campbell),0,heliport
EPAR,1455,PL,Wola Korzeniecka,0,small_airport
EPBA,1319,PL,Bielsko-Biała,0,small_airport
EPBB,512,PL,Babięta,0,small_airport
EPBC,352,PL,Warsaw,0,small_airport
EPBK,502,PL,Białystok,0,small_airport
EPBY,235,PL,Bydgoszcz,1,medium_airport
EPCD,712,PL,Królewskie,0,small_airport
EPCE,495,PL,Siemirowice,0,medium_airport
EPDA,10,PL,Darłowo,0,small_airport
EPDE,392,PL,Dęblin,0,medium_airport
EPDK,0,PL,,0,small_airport
EPEL,10,PL,Elbląg,0,small_airport
EPGD,489,PL,Gdańsk,1,large_airport
EPGE,0,PL,Giże,0,small_airport
EPGI,121,PL,Grudziądz,0,small_airport
EPGL,830,PL,Gliwice,0,small_airport
EPGM,410,PL,Giżycko,0,small_airport
EPGR,538,PL,Gryźliny,0,small_airport
EPGY,407,PL,Grądy,0,small_airport
EPHN,0,PL,Narew,0,small_airport
EPIN,279,PL,Inowrocław,0,small_airport
EPIR,259,PL,,0,medium_airport
EPJG,1119,PL,Jelenia Góra,0,small_airport
EPJL,607,PL,Laszki,0,small_airport
EPJS,1834,PL,Jeżów Sudecki,0,small_airport
EPKA,1010,PL,Kielce,0,small_airport
EPKB,361,PL,Kazimierz Biskupi,0,small_airport
EPKD,0,PL,,0,small_airport
EPKE,417,PL,Kȩtrzyn,0,small_airport
EPKI,590,PL,,0,small_airport
EPKK,791,PL,Balice,1,large_airport
EPKL,820,PL,Krasocin,0,small_airport
EPKM,909,PL,Katowice,0,small_airport
EPKN,683,PL,Kamień Śląski,0,small_airport
EPKP,650,PL,Kraków,0,small_airport
EPKR,922,PL,Krosno,0,small_airport
EPKS,265,PL,Poznań,0,medium_airport
EPKT,995,PL,Katowice,1,large_airport
EPKW,839,PL,Kaniów,0,small_airport
EPLB,633,PL,Lublin,1,large_airport
EPLK,633,PL,Łask,0,medium_airport
EPLL,604,PL,Łódź,1,large_airport
EPLR,791,PL,,0,small_airport
EPLS,310,PL,Leszno,0,small_airport
EPLU,512,PL,,0,small_airport
EPLY,404,PL,Leźnica Wielka,0,medium_airport
EPMB,16,PL,Królewo,0,medium_airport
EPMI,459,PL,Mirosławiec,0,medium_airport
EPML,548,PL,Mielec,0,small_airport
EPMM,604,PL,,0,medium_airport
EPMO,341,PL,Nowy Dwór Mazowiecki,1,large_airport
EPMR,495,PL,Mirosławice,0,small_airport
EPMX,325,PL,Milewo,0,small_airport
EPMY,230,PL,Nowogródek Pomorski,0,small_airport
EPNA,0,PL,Nadarzyce,0,small_airport
EPNL,830,PL,Łososina Dolna,0,small_airport
EPNM,512,PL,Nowe Miasto nad Pilicą,0,small_airport
EPNT,2060,PL,Nowy Targ,0,small_airport
EPOD,440,PL,Olsztyn,0,small_airport
EPOK,144,PL,Kosakowo,0,small_airport
EPOM,476,PL,Ostrów Wielkopolski,0,small_airport
EPOP,620,PL,Polska Nowa Wieś,0,small_airport
EPPI,259,PL,Piła,0,small_airport
EPPK,279,PL,Poznań,0,small_airport
EPPL,331,PL,Płock,0,small_airport
EPPO,308,PL,Poznań,1,large_airport
EPPR,17,PL,Pruszcz Gdański,0,small_airport
EPPT,673,PL,Piotrków Trybunalski,0,small_airport
EPPW,371,PL,Powidz,0,medium_airport
EPRA,610,PL,Radom,1,medium_airport
EPRG,840,PL,Rybnik,0,small_airport
EPRJ,655,PL,Nowa Wieś,0,small_airport
EPRP,479,PL,Piastów,0,small_airport
EPRS,280,PL,Rybno,0,small_airport
EPRU,860,PL,Rudniki,0,small_airport
EPRZ,693,PL,Jasionka,1,large_airport
EPSC,154,PL,Szczecin(Glewice),1,large_airport
EPSD,3,PL,Szczecin,0,small_airport
EPSJ,0,PL,,0,small_airport
EPSK,249,PL,Krępa Słupska,0,small_airport
EPSN,394,PL,,0,medium_airport
EPSS,833,PL,,0,small_airport
EPST,492,PL,Zaleszany,0,small_airport
EPSU,581,PL,Suwałki,0,small_airport
EPSL,659,PL,Lublin,0,small_airport
EPSY,463,PL,Szymany,1,medium_airport
EPTM,571,PL,Nowy Glinnik,0,medium_airport
EPTO,164,PL,Toruń,0,small_airport
EPWA,362,PL,Warsaw,1,large_airport
EPWK,220,PL,Włocławek,0,small_airport
EPWR,404,PL,Wrocław,1,large_airport
EPWS,390,PL,Lubięcin,0,small_airport
EPZA,751,PL,Zamość,0,small_airport
EPZB,268,PL,Zborowo,0,small_airport
EPZG,194,PL,Nowe Kramsko,1,medium_airport
EPZK,0,PL,Konopnica,0,small_airport
EPZL,440,PL,Zdziar Wielki,0,small_airport
EPZP,249,PL,Zielona Góra,0,small_airport
EPZR,1260,PL,Międzybrodzie  Żywieckie,0,small_airport
LETJ,12,ES,Trebujena,0,small_airport
LPFC,262,PT,Ferreira do Alentejo,0,small_airport
LEAH,140,ES,Mairena del Alcor,0,small_airport
LELG,289,ES,San Javier,0,small_airport
LETX,0,ES,Totana,0,small_airport
LEPT,233,ES,Petra Pep Mercader,0,small_airport
LEPO,0,ES,Port de Pollença,0,seaplane_base
LEMY,722,ES,,0,small_airport
LEIR,3068,ES,Marugán,0,small_airport
LETG,1608,ES,Algodor (Toledo),0,small_airport
LEMZ,960,ES,Fervenza,0,small_airport
LELI,1034,ES,Almendralejo,0,small_airport
LEAT,3123,ES,Astorga,0,small_airport
LEPC,2575,ES,Pozorrubio,0,small_airport
GCAT,515,ES,Antigua,0,small_airport
LEHI,1190,ES,Igualada,0,heliport
LEGP,0,ES,,0,small_airport
LEPZ,0,ES,Pozo-Cañada,0,small_airport
ESEN,312,SE,Trollhättan,0,heliport
ESCF,308,SE,Linköping,0,medium_airport
ESCM,68,SE,Uppsala,0,small_airport
ESDF,191,SE,Ronneby,1,medium_airport
ESEB,597,SE,Borås,0,heliport
ESED,312,SE,Sundsvall,0,heliport
ESEG,1160,SE,Gällivare,0,heliport
ESEM,352,SE,Lund,0,heliport
ESES,35,SE,Luleå,0,heliport
ESET,335,SE,Torsby,0,heliport
ESEV,26,SE,Visby,0,heliport
ESEW,103,SE,,0,heliport
ESEY,742,SE,Lycksele,0,heliport
ESFA,105,SE,Hässleholm,0,small_airport
ESFR,230,SE,Råda,0,medium_airport
ESFS,30,SE,Sandvik,0,small_airport
ESGA,415,SE,Uddevalla,0,small_airport
ESGC,0,SE,Ålleberg,0,small_airport
ESGD,0,SE,Tidaholm,0,small_airport
ESGE,588,SE,Borås,0,small_airport
ESGF,36,SE,Falkenberg,0,small_airport
ESGG,506,SE,Göteborg,1,large_airport
ESGH,0,SE,Herrljunga,0,small_airport
ESGI,223,SE,Alingsås,0,small_airport
ESGJ,741,SE,Jönköping,1,medium_airport
ESGK,785,SE,Falköping,0,small_airport
ESGL,200,SE,Lidköping,0,small_airport
ESGM,0,SE,Öresten,0,small_airport
ESGN,259,SE,Götene,0,small_airport
ESGO,318,SE,Vårgårda,0,small_airport
ESGP,59,SE,Göteborg,0,medium_airport
ESGR,324,SE,Skövde,0,medium_airport
ESGS,115,SE,Strömstad,0,small_airport
ESGT,137,SE,Trollhättan,1,medium_airport
ESGU,167,SE,Uddevalla,0,small_airport
ESGV,5,SE,Varberg,0,small_airport
ESGY,151,SE,Säffle,0,small_airport
ESHB,134,SE,Göteborg,0,heliport
ESHC,136,SE,Stockholm,0,heliport
ESHD,5,SE,Stockholm,0,heliport
ESHG,3,SE,Stockholm,0,heliport
ESHJ,346,SE,Jönköping,0,heliport
ESHL,264,SE,Flemingsberg,0,heliport
ESHM,36,SE,Kungälv,0,heliport
ESIA,308,SE,Karlsborg,0,small_airport
ESIB,181,SE,Såtenäs,0,medium_airport
ESKC,0,SE,,0,small_airport
ESKD,770,SE,Dala Järna,0,small_airport
ESKG,0,SE,Gryttjom,0,small_airport
ESKH,0,SE,Ekshärad,0,small_airport
ESKK,407,SE,Karlskoga,0,medium_airport
ESKM,634,SE,Mora,1,medium_airport
ESKN,140,SE,Nyköping,1,large_airport
ESKO,0,SE,Munkfors,0,small_airport
ESKS,1608,SE,Malung-Sälen,1,large_airport
ESKT,129,SE,Tierp,0,small_airport
ESKU,0,SE,,0,small_airport
ESKV,237,SE,Arvika,0,small_airport
ESMB,115,SE,Borglanda,0,small_airport
ESMC,720,SE,Eksjö,0,small_airport
ESME,296,SE,Eslöv,0,small_airport
ESMF,378,SE,Fagerhult,0,small_airport
ESMG,538,SE,Ljungby,0,small_airport
ESMH,21,SE,Höganäs,0,small_airport
ESMI,118,SE,Sjöbo,0,small_airport
ESMJ,276,SE,Kågeröd,0,small_airport
ESMK,76,SE,Kristianstad,0,medium_airport
ESML,194,SE,Härslöv,0,small_airport
ESMO,96,SE,Oskarshamn,0,small_airport
ESMP,507,SE,Anderstorp,0,small_airport
ESMQ,17,SE,Kalmar,1,medium_airport
ESMS,236,SE,Malmö,1,large_airport
ESMT,101,SE,Halmstad,1,medium_airport
ESMU,480,SE,Älmhult,0,small_airport
ESMV,556,SE,,0,small_airport
ESMX,610,SE,Växjö,1,medium_airport
ESMY,540,SE,Smålandsstenar,0,small_airport
ESMZ,27,SE,Ölanda,0,small_airport
ESNA,1119,SE,Hallviken,0,small_airport
ESNB,423,SE,Långsele,0,small_airport
ESNC,1460,SE,Hede,0,small_airport
ESND,1178,SE,Sveg,1,small_airport
ESNG,1027,SE,Gällivare,1,medium_airport
ESNJ,904,SE,,0,small_airport
ESNK,34,SE,Nyland,1,medium_airport
ESNL,705,SE,Lycksele,1,medium_airport
ESNM,1236,SE,,0,small_airport
ESNN,16,SE,Sundsvall/ Härnösand,1,medium_airport
ESNO,354,SE,Örnsköldsvik,1,medium_airport
ESNP,43,SE,Piteå,0,small_airport
ESNQ,1508,SE,Kiruna,1,large_airport
ESNR,683,SE,,0,small_airport
ESNS,157,SE,Skellefteå,1,medium_airport
ESNU,24,SE,Umeå,1,large_airport
ESNV,1140,SE,Vilhelmina,1,medium_airport
ESNX,1245,SE,Arvidsjaur,1,medium_airport
ESNY,88,SE,Söderhamn,0,medium_airport
ESNZ,1233,SE,Östersund,1,medium_airport
ESOE,188,SE,Örebro,1,medium_airport
ESOH,474,SE,Råda,1,small_airport
ESOK,352,SE,Karlstad,1,medium_airport
ESOL,210,SE,Storvik,0,small_airport
ESOW,21,SE,Stockholm / Västerås,1,large_airport
ESPA,65,SE,Luleå,1,large_airport
ESPE,597,SE,Vidsel,0,small_airport
ESQO,33,SE,,0,small_airport
ESSA,137,SE,Stockholm,1,large_airport
ESSB,47,SE,Stockholm,1,medium_airport
ESSC,0,SE,Eskilstuna,0,small_airport
ESSD,503,SE,Borlange,1,medium_airport
ESSE,20,SE,Stockholm,0,small_airport
ESSF,366,SE,Hultsfred,0,small_airport
ESSG,894,SE,Ludvika,0,small_airport
ESSI,0,SE,Visingsö,0,small_airport
ESSK,224,SE,Gävle / Sandviken,0,closed
ESSL,172,SE,Linköping,1,large_airport
ESSM,0,SE,Lindfors,0,small_airport
ESSN,39,SE,Norrtälje,0,small_airport
ESSP,32,SE,Norrköping,1,medium_airport
ESST,393,SE,Torsby,1,medium_airport
ESSU,139,SE,Eskilstuna,0,medium_airport
ESSV,164,SE,Visby,1,large_airport
ESSW,118,SE,Västervik,0,small_airport
ESSX,33,SE,Västerås,0,small_airport
ESSZ,46,SE,Vängsö,0,small_airport
ESTA,68,SE,Ängelholm,1,medium_airport
ESTF,10,SE,Fjällbacka,0,small_airport
ESTL,140,SE,Ljungbyhed,0,medium_airport
ESTT,12,SE,Trelleborg,0,small_airport
ESUB,381,SE,Arbrå,0,small_airport
ESUD,915,SE,Storuman,0,medium_airport
ESUE,1480,SE,Idre,0,small_airport
ESUG,974,SE,Gargnäs,0,small_airport
ESUH,271,SE,Härnösand,0,small_airport
ESUI,310,SE,Mellansel,0,small_airport
ESUJ,446,SE,Ånge,0,small_airport
ESUL,500,SE,Ljusdal,0,small_airport
ESUM,200,SE,Mohed,0,small_airport
ESUO,1640,SE,Graftavallen,0,small_airport
ESUP,542,SE,Pajala,1,small_airport
ESUR,587,SE,Sollefteå,0,small_airport
ESUT,1503,SE,Hemavan,1,small_airport
ESUV,248,SE,Älvsbyn,0,small_airport
ESUY,512,SE,Edsbyn,0,small_airport
ESVA,315,SE,Avesta,0,small_airport
ESVB,69,SE,Bunge,0,small_airport
ESVG,574,SE,Djurås,0,small_airport
ESVH,643,SE,Hällefors,0,small_airport
ESVK,148,SE,Katrineholm,0,small_airport
ESVM,0,SE,Malung,0,small_airport
ESVQ,23,SE,Köping,0,small_airport
ESVS,611,SE,Siljansnäs,0,small_airport
HASR,6207,ET,Shire Inda Selassie,1,small_airport
ETAD,1197,DE,Trier,0,medium_airport
ETAR,776,DE,Ramstein-Miesenbach,0,medium_airport
ETEB,0,DE,Ansbach,0,heliport
ETHA,2425,DE,Altenstadt,0,small_airport
ETHB,230,DE,Bückeburg,0,medium_airport
ETHC,129,DE,Celle,0,medium_airport
ETHF,565,DE,Fritzlar,0,medium_airport
ETHL,1766,DE,Laupheim,0,medium_airport
EDRE,597,DE,Mendig,0,small_airport
ETHN,1536,DE,Niederstetten,0,medium_airport
ETHS,245,DE,Faßberg,0,medium_airport
ETIC,1363,DE,Grafenwöhr,0,medium_airport
ETIH,1455,DE,Hohenfels,0,medium_airport
ETIK,1079,DE,Illesheim,0,heliport
EDGY,689,DE,Kitzingen,0,small_airport
ETMN,74,DE,Wurster Nordseeküste,1,medium_airport
ETND,128,DE,Diepholz,0,medium_airport
ETNG,296,DE,Geilenkirchen,0,medium_airport
ETNH,39,DE,Hohn,0,medium_airport
ETNL,138,DE,Laage,1,medium_airport
ETNN,386,DE,Nörvenich,0,medium_airport
ETNS,70,DE,Jagel,0,medium_airport
ETNT,26,DE,Wittmund,0,medium_airport
ETNW,187,DE,,0,medium_airport
ETOI,1353,DE,Vilseck,0,small_airport
ETOU,461,DE,Wiesbaden,0,medium_airport
ETSB,1568,DE,Alflen,0,medium_airport
ETSH,265,DE,Holzdorf,0,medium_airport
ETSI,1202,DE,Manching,0,medium_airport
ETSL,1822,DE,Graben,0,medium_airport
ETSN,1249,DE,Neuburg an der Donau,0,medium_airport
ETWM,0,DE,,0,small_airport
EVAD,8,LV,Ādaži,0,small_airport
EVLI,211,LV,Limbaži,0,small_airport
EVGA,200,LV,Lielvarde,0,small_airport
EVIA,75,LV,Cīrava,0,small_airport
EVKA,289,LV,Jēkabpils,0,medium_airport
EVLA,16,LV,Liepāja,0,large_airport
EVPA,64,LV,Ikshkile,0,small_airport
EVRA,36,LV,Riga,1,large_airport
EVRS,3,LV,Riga,0,small_airport
EVJA,220,LV,Tukums,0,medium_airport
EVTE,0,LV,Talsi,0,small_airport
EVVA,19,LV,Ventspils,0,small_airport
EYAL,269,LT,Alytus,0,small_airport
EYBI,190,LT,Biržai,0,small_airport
EYDR,302,LT,Druskininkai,0,small_airport
EYIG,0,LT,,0,small_airport
EYKA,256,LT,Kaunas,1,large_airport
EYKL,59,LT,Klaipėda,0,small_airport
EYKS,246,LT,Kaunas,0,small_airport
EYKT,259,LT,Kartena,0,small_airport
EYMA,259,LT,Tirkšliai / Mažeikiai,0,small_airport
EYMM,240,LT,Sasnava,0,small_airport
EYMO,650,LT,Molėtai,0,small_airport
EYNA,259,LT,Akmenė,0,small_airport
EYPA,33,LT,Palanga,1,large_airport
EYPI,171,LT,Panevėžys /  Istra,0,small_airport
EYPN,171,LT,Panevėžys,0,small_airport
EYPP,197,LT,Panevėžys,0,medium_airport
EYPR,200,LT,Pociūnai,0,small_airport
EYRD,522,LT,Rūdiškės,0,small_airport
EYRO,180,LT,Rojūnai,0,small_airport
EYSA,443,LT,Šiauliai,0,medium_airport
EYSB,270,LT,Šiauliai,0,medium_airport
EYSE,259,LT,Šeduva / Šiauliai,0,small_airport
EYSI,59,LT,Šilute,0,small_airport
EYTL,410,LT,Telšiai,0,small_airport
EYUT,620,LT,Utena,0,small_airport
EYVI,648,LT,Vilnius,1,large_airport
EYVK,541,LT,Kyviškes,0,small_airport
EYVP,400,LT,Paluknys,0,small_airport
EYZA,541,LT,Zarasai,0,small_airport
FAAB,98,ZA,Alexander Bay,0,medium_airport
FAAE,2461,ZA,Aberdeen,0,small_airport
FAAF,30,ZA,Struisbaai,0,small_airport
FAAG,2648,ZA,Aggeneys,0,medium_airport
FAAL,2600,ZA,Alldays,0,small_airport
FAAM,4310,ZA,Amsterdam,0,small_airport
FAAN,4405,ZA,Aliwal North,0,small_airport
FAAS,525,ZA,Ashton,0,small_airport
FABA,5476,ZA,Bapsfontein,0,small_airport
FABB,5300,ZA,Brakpan,0,small_airport
FABD,4734,ZA,Burgersdorp,0,small_airport
FABE,1950,ZA,Bisho,0,medium_airport
FABF,5940,ZA,Barkly East,0,small_airport
FABG,1347,ZA,,0,small_airport
FABH,6250,ZA,Belfast,0,small_airport
FABK,1050,ZA,Bushman's Kloof,0,small_airport
FABL,4457,ZA,Bloemfontein,1,large_airport
FABM,5561,ZA,Bethlehem,0,small_airport
FABO,4236,ZA,Bothaville,0,small_airport
FABP,3450,ZA,Santoy,0,small_airport
FABR,2250,ZA,Umjindi (Barberton),0,medium_airport
FABS,3756,ZA,Brits,0,small_airport
FABT,4630,ZA,Bethesda,0,small_airport
FABU,4400,ZA,Bultfontein,0,small_airport
FABW,2941,ZA,Beaufort West,0,small_airport
FACB,4639,ZA,Colesberg,0,small_airport
FAAR,1289,ZA,Arathusa,0,small_airport
FACD,3110,ZA,Cradock,0,small_airport
FACE,1519,ZA,Ceres,0,small_airport
FACF,131,ZA,St Francis Bay,0,small_airport
FACG,936,ZA,Caledon,0,small_airport
FACH,1893,ZA,Cookhouse,0,small_airport
FACI,532,ZA,Citrusdal,0,small_airport
FACK,3978,ZA,Christiana,0,small_airport
FACL,5420,ZA,Carolina,0,small_airport
FACN,4160,ZA,Carnarvon,0,small_airport
FACR,5000,ZA,Carltonville,0,small_airport
FACT,151,ZA,Cape Town,1,large_airport
FACV,3250,ZA,Calvinia,0,small_airport
FACW,416,ZA,Clanwilliam,0,small_airport
FACX,3959,ZA,Cathcart,0,small_airport
FACY,266,ZA,Stilbaai,0,small_airport
FADA,4154,ZA,De Aar,0,small_airport
FADB,3652,ZA,Dwaalboom,0,small_airport
FADC,0,ZA,Douglas,0,small_airport
FADK,210,ZA,Mubatuba,0,small_airport
FADL,4469,ZA,Delareyville,0,small_airport
FADO,3399,ZA,Dendron,0,small_airport
FADP,847,ZA,Port Elizabeth,0,small_airport
FADQ,160,ZA,Phinda,0,small_airport
FADS,1626,ZA,De Doorns,0,small_airport
FADU,6041,ZA,,0,small_airport
FADX,220,ZA,Koeberg,0,small_airport
FADZ,5948,ZA,Drakensberg Gardens,0,small_airport
FAEC,4262,ZA,Estcourt,0,small_airport
FAEG,2299,ZA,Egnep,0,small_airport
FAEL,435,ZA,East London,1,large_airport
FAEM,251,ZA,Empangeni,0,small_airport
FAEN,3890,ZA,Entabeni,0,small_airport
FAEO,5700,ZA,Ermelo,0,medium_airport
FAER,2799,ZA,Ellisras,0,small_airport
FAES,1601,ZA,Eshowe,0,small_airport
FAET,5028,ZA,Elliot,0,small_airport
FAFB,5315,ZA,Ficksburg,0,medium_airport
FAFF,5176,ZA,Frankfort,0,small_airport
FAFG,3248,ZA,Flamingo Vlei,0,small_airport
FAFO,1581,ZA,Fort Beaufort,0,small_airport
FAFR,4180,ZA,Fraseburg,0,small_airport
FAFW,3819,ZA,Kromdraai,0,small_airport
FAGC,5325,ZA,Midrand,0,medium_airport
FAGG,648,ZA,George,1,large_airport
FAGI,1584,ZA,Giyani,0,small_airport
FAGL,3051,ZA,Groblersdal,0,small_airport
FAGM,5483,ZA,Johannesburg,0,medium_airport
FAGR,2604,ZA,Graaff-Reinet,0,small_airport
FAGT,2135,ZA,Grahamstown,0,small_airport
FAGV,1650,ZA,Gravelotte,0,small_airport
FAGY,3531,ZA,Greytown,0,small_airport
FAHC,3619,ZA,Howick,0,small_airport
FAHD,345,ZA,Humansdorp,0,small_airport
FAHF,1709,ZA,Henry'S Flats,0,small_airport
FAHG,5089,ZA,Heidelburg,0,small_airport
FAHI,3159,ZA,Halfweg,0,small_airport
FAHJ,2890,ZA,Harding,0,small_airport
FAHK,4055,ZA,Haakdoornboom,0,small_airport
FAHL,249,ZA,Hluhluwe,0,small_airport
FAHO,5200,ZA,Heilbron,0,small_airport
FAHP,4131,ZA,Hoopstad,0,small_airport
FAHR,5585,ZA,Harrismith,0,medium_airport
FAHS,1743,ZZ,,0,closed
FAHS,1801,ZA,Hoedspruit,1,medium_airport
FAHU,4701,ZA,H.M.S.Bastard Memorial,0,small_airport
FAHV,4176,ZA,Gariepdam,0,small_airport
FAIA,2665,ZA,Itala,0,small_airport
FAID,2530,ZA,Idutywa,0,small_airport
FAIS,313,ZA,Nyoni,0,small_airport
FAIV,2100,ZA,Ingwavuma,0,small_airport
FAIW,4167,ZA,Indwe,0,small_airport
FAJC,1850,ZA,,0,small_airport
FAJP,2007,ZA,Joubertina,0,small_airport
FAJV,1430,ZA,Jansenville,0,small_airport
FAKB,140,ZA,Kosi Bay,0,small_airport
FAKD,4444,ZA,Klerksdorp,0,medium_airport
FAKE,222,ZA,Keimouth,0,small_airport
FAKF,10,ZA,Koffee Bay,0,small_airport
FAKI,147,ZA,Kobb Inn,0,small_airport
FAKL,5262,ZA,Kriel,0,small_airport
FAKM,3950,ZA,Kimberley,1,large_airport
FAKN,2829,ZA,Mbombela,1,large_airport
FAKO,2178,ZA,Komga,0,small_airport
FAKP,541,ZA,Komatipoort,0,small_airport
FAKR,5499,ZA,Krugersdorp,0,small_airport
FAKS,4700,ZA,Kroonstad,0,small_airport
FAKT,4619,ZA,Boschkop,0,small_airport
FAKU,4382,ZA,Kuruman,0,medium_airport
FAKV,3996,ZA,Koffyfontein,0,small_airport
FAKW,1050,ZA,Kareedouw,0,small_airport
FAKX,172,ZA,Boesmansriviermond,0,small_airport
FAKZ,270,ZA,Kleinsee,0,medium_airport
FALA,4517,ZA,Johannesburg,1,large_airport
FALB,5180,ZA,Ladybrand,0,small_airport
FALC,4900,ZA,Lime Acres,0,medium_airport
FALD,1300,ZA,Londolozi,0,small_airport
FALE,295,ZA,Durban,1,large_airport
FALF,2997,ZA,Loeriesfontein,0,small_airport
FALH,4500,ZA,Lohathla,0,small_airport
FALI,4875,ZA,Lichtenburg,0,small_airport
FALL,4882,ZA,Lydenburg,0,small_airport
FALM,3069,ZA,Louis Trichardt Southwest,0,small_airport
FALO,3025,ZA,Louis Trichardt,0,small_airport
FALQ,3897,ZA,Ardmore,0,small_airport
FALR,1450,ZA,Steytlerville,0,small_airport
FALS,196,ZA,Somersveld,0,small_airport
FALW,108,ZA,Langebaanweg,0,medium_airport
FALY,3548,ZA,Ladysmith,0,medium_airport
FAMA,4762,ZA,Matatiele,0,small_airport
FAMB,4886,ZA,Middelburg,0,small_airport
FAMC,4022,ZA,Cape Town,0,small_airport
FAMD,1124,ZA,Malamala,0,medium_airport
FAMF,3348,ZA,Malabar,0,small_airport
FAMG,495,ZA,Margate,1,medium_airport
FAMH,1904,ZA,Musina,0,small_airport
FAMI,2980,ZA,Marble Hall,0,small_airport
FAMJ,5600,ZA,Amerspoort,0,small_airport
FAMK,4201,ZA,Mafikeng,0,closed
FAMM,4181,ZA,Mafeking,1,medium_airport
FAMN,1153,ZA,Malelane,0,small_airport
FAMO,531,ZA,Mossel Bay,0,small_airport
FAMP,2116,ZA,Matshakatini,0,small_airport
FAMQ,4106,ZA,Nqanqarhu (Maclear),0,small_airport
FAMS,4251,ZA,Silveroaks,0,medium_airport
FAMT,5254,ZA,Molteno,0,small_airport
FAMU,400,ZA,Mkuze,1,medium_airport
FAMX,195,ZA,Mbazwana,0,small_airport
FAMY,971,ZA,Malmesbury,0,small_airport
FANC,4074,ZA,Newcastle,0,medium_airport
FANG,3357,ZA,Ngala,0,small_airport
FANS,2875,ZA,Nelspruit,0,small_airport
FANY,3900,ZA,Modimolle,0,small_airport
FAOB,52,ZA,Overberg,0,small_airport
FAOF,4216,ZA,Olifantshoek,0,small_airport
FAOH,1063,ZA,Oudtshoorn,0,medium_airport
FAOI,5102,ZA,Orient,0,small_airport
FAOL,1098,ZA,Otthawa,0,small_airport
FAOR,5558,ZA,Johannesburg,1,large_airport
FAPA,275,ZA,Port Alfred,0,small_airport
FAPC,2001,ZA,Prince Albert,0,small_airport
FAPD,3241,ZA,Pofadder,0,small_airport
FAPE,226,ZA,Gqeberha (Port Elizabeth),1,large_airport
FAPF,4423,ZA,Piet Retief,0,small_airport
FAPG,465,ZA,Plettenberg Bay,0,medium_airport
FAPH,1432,ZA,Phalaborwa,1,medium_airport
FAPI,4354,ZA,Polokwane,1,medium_airport
FAPJ,1227,ZA,Port St Johns,0,medium_airport
FAPK,3100,ZA,Prieska,0,small_airport
FAPL,942,ZA,Pongola,0,small_airport
FAPM,2423,ZA,Pietermaritzburg,1,medium_airport
FAPN,3412,ZA,Pilanesberg,0,medium_airport
FAPO,3802,ZA,Mankolehlotlo,0,small_airport
FAPP,4076,ZA,Polokwane,1,large_airport
FAPQ,1500,ZA,Kruger National Park,0,small_airport
FAPS,4520,ZA,Potchefstroom,0,medium_airport
FAPT,4301,ZA,Postmasburg,0,small_airport
FAPU,596,ZA,Paarl,0,small_airport
FAPX,15,ZA,Jeffreys Bay,0,small_airport
FAPY,4740,ZA,Parys,0,small_airport
FAPZ,748,ZA,Sunlands,0,small_airport
FAQF,3817,ZA,Pomfret,0,small_airport
FAQT,3637,ZA,Queenstown,0,medium_airport
FARA,5460,ZA,Daveyton,0,small_airport
FARB,109,ZA,Richards Bay,1,medium_airport
FARG,3700,ZA,Rustenburg,0,medium_airport
FARI,4715,ZA,Reivilo,0,small_airport
FARM,4731,ZA,Richmond,0,small_airport
FARS,640,ZA,Robertson,0,medium_airport
FARZ,5331,ZA,Maasstroom,0,small_airport
FASB,2690,ZA,Springbok,0,medium_airport
FASC,5250,ZA,Secunda,0,medium_airport
FASD,50,ZA,Saldanha-Vredenburg,0,medium_airport
FASE,1276,ZA,Belfast,0,small_airport
FASG,4373,ZA,Schweizer Reneke,0,small_airport
FASH,295,ZA,Stellenbosch,0,small_airport
FASI,5340,ZA,Del Fouche,0,small_airport
FASJ,4700,ZA,Saffier,0,small_airport
FASK,4780,ZA,Pretoria,0,medium_airport
FASL,5247,ZA,Sutherland,0,small_airport
FASM,4400,ZA,Siteka,0,small_airport
FASN,4849,ZA,Senekal,0,small_airport
FASS,3848,ZA,Sishen,1,medium_airport
FAST,2349,ZA,Somerset East,0,small_airport
FASU,5151,ZA,Sace,0,small_airport
FASW,4692,ZA,Slurry,0,small_airport
FASX,407,ZA,Swellendam,0,small_airport
FASZ,1020,ZA,Skukuza,1,medium_airport
FATA,5198,ZA,Tedderfield,0,small_airport
FATB,1900,ZA,Hoedspruit,0,small_airport
FATF,4360,ZA,Beeshoek,0,small_airport
FATG,3200,ZA,,0,small_airport
FATH,2021,ZA,Thohoyandou,0,small_airport
FATI,3225,ZA,Thabazimbi,0,small_airport
FATM,2675,ZA,Stutterheim,0,small_airport
FATN,4941,ZA,Homeward,0,small_airport
FATP,4547,ZA,Bloemfontein,0,closed
FATT,5313,ZA,Standerton,0,small_airport
FATW,3921,ZA,Tswalo Game Reserve,0,small_airport
FATZ,1914,ZA,Tzaneen,0,medium_airport
FAUC,3512,ZA,Ulco,0,small_airport
FAUG,4580,ZA,Ugie,0,small_airport
FAUH,289,ZA,Uitenhage,0,small_airport
FAUL,1720,ZA,Ulundi,0,medium_airport
FAUP,2782,ZA,Upington,1,medium_airport
FAUR,4101,ZA,Utrecht,0,small_airport
FAUS,1263,ZA,Ulusaba,0,small_airport
FAUT,2400,ZA,Mthatha,1,medium_airport
FAVA,3340,ZA,Vaalputs,0,small_airport
FAVB,3920,ZA,Vryburg,0,medium_airport
FAVD,5499,ZA,Vrede,0,small_airport
FAVF,4360,ZA,Verborgenfontein,0,small_airport
FAVG,20,ZA,Durban,0,medium_airport
FAVM,2333,ZA,Alldays,0,small_airport
FAVP,4861,ZA,Vanderbijlpark,0,small_airport
FAVR,330,ZA,Vredendal,0,medium_airport
FAVU,5610,ZA,Volksrust,0,small_airport
FAVV,4846,ZA,Vereeniging,0,medium_airport
FAVW,4124,ZA,Victoria West,0,small_airport
FAVY,3799,ZA,Vryheid,0,small_airport
FAWA,3655,ZA,Warmbaths,0,small_airport
FAWB,4095,ZA,Pretoria,0,medium_airport
FAWC,673,ZA,Worcester,0,small_airport
FAWD,4513,ZA,Wolmeransstad,0,closed
FAWE,3609,ZA,,0,small_airport
FAWI,5078,ZA,Witbank,0,small_airport
FAWK,4940,ZA,Pretoria,0,medium_airport
FAWL,3484,ZA,Williston,0,small_airport
FAWM,4421,ZA,Welkom,0,small_airport
FAWN,399,ZA,Durbanville,0,small_airport
FAWO,2608,ZA,Willowmore,0,small_airport
FAWR,89,ZA,Wavecrest,0,small_airport
FAWS,4301,ZA,Wesselsbron,0,small_airport
FAWT,3000,ZA,Doornbosch,0,small_airport
FAWV,2932,ZA,White River,0,small_airport
FAYP,52,ZA,Cape Town,0,medium_airport
FAZC,931,ZA,Zululand,0,small_airport
FAZG,5385,ZA,Swartberg,0,small_airport
FAZQ,4754,ZA,Star,0,small_airport
FAZR,4258,ZA,Zeerust,0,small_airport
FBCO,3158,BW,Camp Okavango,0,small_airport
FBPM,3283,BW,Francistown,1,large_airport
FBGM,3177,BW,Gumare,0,small_airport
FBGZ,3730,BW,Ghanzi,0,small_airport
FBJW,3900,BW,Jwaneng,0,medium_airport
FBKE,3289,BW,Kasane,1,large_airport
FBKG,3520,BW,Kang,0,small_airport
FBKR,3000,BW,Khwai River Lodge,0,small_airport
FBKY,4199,BW,Kanye,0,small_airport
FBLL,2460,BW,Limpopo-Lipadi,0,small_airport
FBMN,3093,BW,Maun,1,large_airport
FBNN,3145,BW,Nokaneng,0,small_airport
FBNT,2690,BW,Nata,0,small_airport
FBOR,3100,BW,Orapa,0,small_airport
FBPY,3000,BW,Palapye,0,small_airport
FBSK,3299,BW,Gaborone,1,large_airport
FBSN,2985,BW,Sowa,0,medium_airport
FBSP,2925,BW,Selebi Phikwe,0,medium_airport
FBSV,3150,BW,Savuti,0,small_airport
FBSW,3379,BW,Shakawe,1,small_airport
FBTS,3179,BW,Tshabong,0,small_airport
FBXB,3100,BW,Xaxaba,0,small_airport
FBXG,0,BW,,0,small_airport
FCBB,1048,CG,Brazzaville,1,large_airport
FCBD,2595,CG,Djambala,0,small_airport
FCBK,1460,CG,Kindamba,0,small_airport
FCBM,1670,CG,Mouyondzi,0,small_airport
FCBS,1883,CG,Sibiti,0,small_airport
FCBY,541,CG,Nkayi,0,small_airport
FCBZ,1870,CG,Zanaga,0,small_airport
FCMA,509,CG,Mavinza,0,small_airport
FCMM,1519,CG,Mossendjo,0,small_airport
FCMY,2152,CG,Legala,0,small_airport
FCOB,1247,CG,Boundji,0,small_airport
FCOD,1073,CG,Oyo,0,medium_airport
FCOE,1503,CG,Ewo,0,small_airport
FCOG,1509,CG,Gamboma,0,small_airport
FCOI,1050,CG,Impfondo,0,small_airport
FCOM,1293,CG,Makoua,0,small_airport
FCOO,1214,CG,Owando,0,medium_airport
FCOS,1722,CG,Souanke,0,small_airport
FCOU,1158,CG,,0,medium_airport
FCPA,495,CG,Makabana,0,small_airport
FCPG,427,CG,Kibangou,0,small_airport
FCPD,1079,CG,Dolisie,0,medium_airport
FCPP,55,CG,Pointe Noire,1,large_airport
FDBM,500,SZ,Big Bend,0,small_airport
FDBS,541,SZ,Big Bend,0,small_airport
FDBT,595,SZ,Big Bend,0,small_airport
FDMH,926,SZ,Mhlume,0,small_airport
FDMS,2075,SZ,Manzini,0,medium_airport
FDNG,1410,SZ,Ngonini,0,small_airport
FDNH,3522,SZ,Nhlangano,0,small_airport
FDSK,1092,SZ,Mpaka,1,large_airport
FDSM,673,SZ,Simunye,0,small_airport
FDTM,811,SZ,Tambankulu,0,small_airport
FDUB,0,SZ,Big Bend,0,small_airport
FEFA,1470,CF,Alindao,0,small_airport
FEFB,2137,CF,Obo,0,small_airport
FEFC,1985,CF,Carnot,0,small_airport
FEFD,1427,CF,Damara,0,small_airport
FEFE,1332,CF,Mobaye Mbanga,0,small_airport
FEFF,1208,CF,Bangui,1,large_airport
FEFG,1706,CF,Bangassou,0,small_airport
FEFI,1696,CF,Birao,0,small_airport
FEFK,1913,CF,Kembé,0,small_airport
FEFM,1549,CF,Bambari,0,small_airport
FEFN,1631,CF,N'Délé,0,small_airport
FEFO,3360,CF,Bouar,0,small_airport
FEFP,2037,CF,Paoua,0,small_airport
FEFQ,1476,CF,Kaga-Bandoro,0,small_airport
FEFR,1975,CF,Bria,0,small_airport
FEFS,1637,CF,Bossangoa,0,small_airport
FEFT,1929,CF,Berbérati,0,medium_airport
FEFU,1411,CF,Sibut,0,small_airport
FEFW,2461,CF,Ouadda,0,small_airport
FEFY,1975,CF,Yalinga,0,small_airport
FEFZ,1995,CF,Zemio,0,small_airport
FEGB,2264,CF,Bambouli,0,small_airport
FEGC,3464,CF,Bocaranga,0,small_airport
FEGD,1804,CF,Dekoa,0,small_airport
FEGE,1969,CF,Mboki,0,small_airport
FEGF,1378,CF,Batangafo,0,small_airport
FEGG,2001,CF,Gamboula,0,small_airport
FEGI,1312,CF,Grimari,0,small_airport
FEGL,1427,CF,Melle,0,small_airport
FEGM,1640,CF,Bakouma,0,small_airport
FEGO,1985,CF,Ouanda Djallé,0,small_airport
FEGR,1759,CF,Rafaï,0,small_airport
FEGU,1532,CF,Bouca,0,small_airport
FEGZ,2215,CF,Bozoum,0,small_airport
FGAN,82,GQ,San Antonio de Palé,1,small_airport
FGBT,13,GQ,Bata,1,large_airport
FGMY,2165,GQ,Mengomeyén,1,medium_airport
FGSL,76,GQ,Malabo,1,large_airport
FHAW,278,SH,Cat Hill,1,medium_airport
FHSH,1017,SH,Jamestown,1,medium_airport
FIMP,186,MU,Plaine Magnien,1,large_airport
FIMR,95,MU,Port Mathurin,1,medium_airport
FJDG,9,IO,Diego Garcia,0,medium_airport
FKAB,3642,CM,Banyo,0,small_airport
FKAF,1591,CM,Bafia,0,small_airport
FKAG,2297,CM,Abong M'bang,0,small_airport
FKAO,3002,CM,Bétaré Oya,0,small_airport
FKBJ,1640,CM,M'Bandjock,0,small_airport
FKKB,148,CM,Kribi,0,small_airport
FKKC,151,CM,Tiko,0,medium_airport
FKKD,33,CM,Douala,1,large_airport
FKKE,738,CM,Eseka,0,small_airport
FKKF,413,CM,Mamfe,0,small_airport
FKKG,4465,CM,Bali,0,small_airport
FKKI,2152,CM,Batouri,0,small_airport
FKKL,1390,CM,Maroua,1,medium_airport
FKKM,3963,CM,Foumban,0,medium_airport
FKKN,3655,CM,N'Gaoundéré,1,medium_airport
FKKO,2133,CM,Bertoua,0,small_airport
FKKR,794,CM,Garoua,1,large_airport
FKKS,4593,CM,Dschang,0,small_airport
FKKT,2854,CM,Tibati,0,small_airport
FKKU,4347,CM,Bafoussam,0,medium_airport
FKKV,4065,CM,Bamenda,0,medium_airport
FKKW,1975,CM,Ebolowa,0,small_airport
FKKY,2464,CM,Yaoundé,0,medium_airport
FKYS,2278,CM,Yaoundé,1,large_airport
FLAA,4364,ZM,,0,small_airport
FLAB,1738,ZM,Kakumbi,0,small_airport
FLAI,4206,ZM,Mkushi,0,small_airport
FLAT,3520,ZM,Katete,0,small_airport
FLBA,5454,ZM,Mbala,0,small_airport
FLBW,1885,ZM,Nabwalya,0,small_airport
FLCC,3270,ZM,Chocha,0,small_airport
FLCF,2078,ZM,Chifunda,0,small_airport
FLCG,4055,ZM,Chilongolo,0,small_airport
FLCP,3360,ZM,Chipata,0,small_airport
FLCS,4350,ZM,Chinsali,0,small_airport
FLCU,3632,ZM,Chunga,0,small_airport
FLEA,3900,ZM,Bwambwa,0,small_airport
FLEB,3900,ZM,Mofu,0,small_airport
FLEC,2300,ZM,Luano,0,small_airport
FLED,1880,ZM,Mululowera,0,small_airport
FLEE,4200,ZM,Chidulka,0,closed
FLEF,3800,ZM,Chiwanangala,0,small_airport
FLEG,4000,ZM,Kanshela,0,small_airport
FLEH,4000,ZM,Kapu,0,small_airport
FLFW,3983,ZM,Fiwila,0,small_airport
FLIK,4462,ZM,Isoka,0,small_airport
FLJK,1165,ZM,Jeki,0,small_airport
FLKB,4640,ZM,Kawambwa,0,small_airport
FLKE,4636,ZM,Chingola,0,medium_airport
FLKG,4093,ZM,Kalengwa,0,small_airport
FLKO,3670,ZM,Kaoma,0,small_airport
FLKS,4541,ZM,Kasama,1,small_airport
FLKW,3920,ZM,Kabwe,0,small_airport
FLKY,2780,ZM,Kasaba Bay,0,small_airport
FLKZ,1801,ZM,Nansolo,0,small_airport
FLLA,4101,ZM,Luanshya,0,small_airport
FLLC,4200,ZM,Lusaka,0,medium_airport
FLLD,3750,ZM,Lundazi,0,small_airport
FLLG,4650,ZM,Luwingu,0,small_airport
FLHN,3302,ZM,Livingstone,1,large_airport
FLLK,3480,ZM,Lukulu,0,small_airport
FLLO,4100,ZM,Kalomo,0,small_airport
FLKK,3779,ZM,Lusaka,1,large_airport
FLMA,4101,ZM,Mansa,0,small_airport
FLMB,2050,ZM,Maamba,0,small_airport
FLMF,1853,ZM,Mfuwe,1,large_airport
FLMG,3488,ZM,Mongu,0,medium_airport
FLMK,4195,ZM,Mkushi,0,small_airport
FLML,4350,ZM,Mufulira,0,small_airport
FLMO,3700,ZM,Monze,0,small_airport
FLMP,4600,ZM,Mpika,0,small_airport
FLMU,3175,ZM,Mulobezi,0,small_airport
FLMW,4524,ZM,Mwinilunga,0,small_airport
FLNA,3400,ZM,Ngoma,0,small_airport
FLND,4170,ZM,Ndola,0,medium_airport
FLNY,2600,ZM,Nyimba,0,small_airport
FLPA,4150,ZM,Kasempa,0,small_airport
FLPE,3217,ZM,Petauke,0,small_airport
FLPK,4787,ZM,Mporokoso,0,small_airport
FLPO,3535,ZM,Kabompo,0,small_airport
FLRO,5000,ZM,Rosa,0,small_airport
FLRU,3000,ZM,Rufansa,0,small_airport
FLRZ,1243,ZM,Lower Zambezi River,0,small_airport
FLSE,4650,ZM,Serenje,0,small_airport
FLSH,4600,ZM,Shiwa n'gandu,0,small_airport
FLSJ,4500,ZM,Sakeji,0,small_airport
FLSK,4308,ZM,Ndola,1,large_airport
FLSN,3347,ZM,Senanga,0,small_airport
FLSO,4145,ZM,Kitwe,0,medium_airport
FLSS,3100,ZM,Sesheke,0,small_airport
FLSW,4551,ZM,Solwesi,1,small_airport
FLWA,4000,ZM,Chinka,0,small_airport
FLWB,3760,ZM,Metamba,0,small_airport
FLWC,3650,ZM,Nyoka,0,small_airport
FLWD,3400,ZM,West Four,0,small_airport
FLWE,3550,ZM,Lipanda,0,small_airport
FLWF,4000,ZM,Kauni,0,small_airport
FLWG,4000,ZM,Chanika,0,small_airport
FLWW,1800,ZM,Waka Waka,0,small_airport
FLYA,3800,ZM,Samfya,0,small_airport
FLZB,3538,ZM,Zambezi,0,small_airport
FMCH,93,KM,Moroni,1,large_airport
FMCI,46,KM,Fomboni,0,medium_airport
FMCV,62,KM,Ouani,1,medium_airport
FMCZ,23,YT,Dzaoudzi,1,large_airport
FMEE,66,RE,Sainte-Marie,1,large_airport
FMEP,59,RE,Saint-Pierre,1,large_airport
FMMC,597,MG,Malaimbandy,0,small_airport
FMME,4997,MG,Antsirabe,0,small_airport
FMMG,551,MG,Antsalova,0,small_airport
FMMH,16,MG,Mahanoro,0,small_airport
FMMI,4198,MG,Antananarivo,1,large_airport
FMMK,427,MG,Ankavandra,0,small_airport
FMML,154,MG,Belo sur Tsiribihina,0,small_airport
FMMN,203,MG,Miandrivazo,0,medium_airport
FMMO,95,MG,Maintirano,0,small_airport
FMMQ,33,MG,Ilaka,0,small_airport
FMMR,748,MG,Morafenobe,0,small_airport
FMMS,7,MG,Vohilava,1,medium_airport
FMMT,22,MG,Toamasina,1,large_airport
FMMU,23,MG,Tambohorano,1,small_airport
FMMV,30,MG,Morondava,1,medium_airport
FMMX,2776,MG,Tsiroanomandidy,0,small_airport
FMMY,39,MG,Vatomandry,0,small_airport
FMMZ,2513,MG,Ambatondrazaka,0,small_airport
FMNA,374,MG,Antisiranana,1,medium_airport
FMNB,3675,MG,Bealanana,0,small_airport
FMNC,9,MG,Mananara Nord,0,medium_airport
FMND,1552,MG,,0,medium_airport
FMNE,72,MG,,0,small_airport
FMNF,820,MG,Befandriana,0,small_airport
FMNG,213,MG,Port Bergé,0,small_airport
FMNH,20,MG,Antsirabe,0,medium_airport
FMNL,345,MG,Analalava,0,medium_airport
FMNM,87,MG,Mahajanga,1,large_airport
FMNN,36,MG,Nosy Be,1,large_airport
FMNO,141,MG,Soalala,1,small_airport
FMNQ,125,MG,Besalampy,1,medium_airport
FMNR,9,MG,Maroantsetra,1,medium_airport
FMNS,20,MG,Sambava,1,medium_airport
FMNT,1073,MG,Tsaratanana,1,small_airport
FMNV,19,MG,Vohemar,0,medium_airport
FMNW,92,MG,Antsohihy,0,medium_airport
FMNX,1007,MG,Mandritsara,0,small_airport
FMNZ,49,MG,,0,small_airport
FMSA,3189,MG,Ambalavao,0,small_airport
FMSB,820,MG,Beroroha,0,small_airport
FMSC,951,MG,Mandabe,0,small_airport
FMSD,29,MG,Tôlanaro,1,medium_airport
FMSE,2841,MG,Betroka,0,small_airport
FMSF,3658,MG,Fianarantsoa,0,medium_airport
FMSG,26,MG,Farafangana,0,small_airport
FMSI,2500,MG,Ihosy,0,small_airport
FMSJ,787,MG,Manja,0,small_airport
FMSK,33,MG,Manakara,0,medium_airport
FMSL,1270,MG,Bekily,0,small_airport
FMSM,20,MG,Mananjary,1,medium_airport
FMSR,16,MG,Morombe,0,medium_airport
FMST,29,MG,Toliara,1,medium_airport
FMSU,45,MG,Vangaindrano,0,small_airport
FMSV,919,MG,Betioky,0,small_airport
FMSY,771,MG,Ampanihy,0,small_airport
FMSZ,1411,MG,Ankazoabo,0,small_airport
FNBG,118,AO,Benguela,0,medium_airport
FNBJ,550,AO,Luanda (Ícolo e Bengo),1,large_airport
FNCA,66,AO,Cabinda,1,medium_airport
FNCT,23,AO,Catumbela,1,medium_airport
FNCU,2988,AO,Calulo,0,small_airport
FNCV,0,AO,Cuito Cuanavale,0,small_airport
FNDU,2451,AO,Chitato,1,medium_airport
FNGI,3566,AO,Ngiva,1,medium_airport
FNHU,5587,AO,Huambo,1,medium_airport
FNKU,5618,AO,Kuito,0,medium_airport
FNLU,243,AO,Luanda,1,large_airport
FNMA,3868,AO,Malanje,1,medium_airport
FNME,4469,AO,Menongue,1,medium_airport
FNMO,210,AO,Moçâmedes,1,medium_airport
FNSA,3584,AO,Saurimo,0,medium_airport
FNSO,15,AO,Soyo,1,medium_airport
FNUB,5778,AO,Lubango,1,medium_airport
FNUE,4360,AO,Luena,0,medium_airport
FNUG,2720,AO,Uige,0,medium_airport
FNXA,3635,AO,Xangongo,0,medium_airport
FOGI,787,GA,Moabi,0,small_airport
FOGK,1070,GA,Koulamoutou,0,medium_airport
FOGM,295,GA,Mouila,0,medium_airport
FOGO,2158,GA,Oyem,1,medium_airport
FOGQ,1325,GA,Okondja,0,medium_airport
FOGR,82,GA,Lambarene,0,medium_airport
FOOB,1969,GA,Bitam,0,medium_airport
FOOD,1877,GA,Moanda,0,small_airport
FOOE,1673,GA,Mekambo,0,small_airport
FOOG,13,GA,Port Gentil,1,large_airport
FOOH,33,GA,Omboue,0,medium_airport
FOOK,1726,GA,Makokou,1,medium_airport
FOOL,39,GA,Libreville,1,large_airport
FOOM,1913,GA,Mitzic,0,small_airport
FOON,1450,GA,Franceville,1,medium_airport
FOOR,1585,GA,Lastourville,0,small_airport
FOOT,269,GA,Tchibanga,0,small_airport
FOOY,13,GA,Mayumba,0,small_airport
FPPR,591,ST,São Tomé & Príncipe,1,medium_airport
FPST,33,ST,São Tomé,1,large_airport
FQAG,121,MZ,Angoche,0,small_airport
FQBI,118,MZ,Bilene,0,small_airport
FQBR,33,MZ,Beira,1,large_airport
FQCB,1919,MZ,Cuamba,0,small_airport
FQCH,2287,MZ,Chimoio,1,medium_airport
FQIA,10,MZ,Inhaca,0,small_airport
FQIN,30,MZ,Inhambane,1,medium_airport
FQLC,4505,MZ,Lichinga,1,medium_airport
FQLU,33,MZ,Lumbo,0,small_airport
FQMA,145,MZ,Maputo,1,large_airport
FQMP,89,MZ,Mocímboa da Praia,0,medium_airport
FQNC,410,MZ,Nacala,1,medium_airport
FQNP,1444,MZ,Nampula,1,large_airport
FQPB,331,MZ,Pemba,1,medium_airport
FQPO,92,MZ,Ponta do Ouro,0,small_airport
FQQL,36,MZ,Quelimane,1,medium_airport
FQSG,2904,MZ,Songo,0,small_airport
FQTT,525,MZ,Tete,1,large_airport
FQUG,4265,MZ,Ulongwe,0,small_airport
FQVL,46,MZ,Vilanculo,1,medium_airport
FQXA,291,MZ,Xai-Xai,1,small_airport
LFNN,10,FR,"Narbonne, Aude",0,small_airport
LFTB,0,FR,"Marignane, Bouches-du-Rhône",0,seaplane_base
LFKR,1399,FR,"Saint-Rémy-de-Maurienne, Savoie",0,small_airport
LFKK,2789,FR,"Saint-Baudille-et-Pipet, Isère",0,small_airport
FSAL,10,SC,Alphonse Island,1,small_airport
FSAS,10,SC,Assomption Island,0,small_airport
FSDA,10,SC,D'Arros Island,0,small_airport
FSDR,10,SC,Desroches Island,0,small_airport
FSFA,10,SC,Farquhar Group,0,small_airport
FSIA,10,SC,Victoria,1,large_airport
FSMA,9,SC,Marie-Louise Island,0,small_airport
FSPL,9,SC,Platte Island,0,small_airport
FSPP,10,SC,Praslin Island,1,medium_airport
FSSB,6,SC,Bird Island,0,small_airport
FSSC,10,SC,Coëtivy Island,0,small_airport
FSSD,10,SC,Denis Island,0,small_airport
FSSF,610,SC,Frégate Island,0,small_airport
FSSR,9,SC,Remire Island,0,small_airport
FTTA,1198,TD,Sarh,0,small_airport
FTTB,1076,TD,Bongor,0,small_airport
FTTC,1788,TD,Abeche,0,medium_airport
FTTD,1407,TD,Moundou,0,medium_airport
FTTE,1680,TD,Biltine,0,small_airport
FTTF,1788,TD,Fada,0,small_airport
FTTG,1765,TD,Goz-Beida,0,small_airport
FTTH,1171,TD,Lai,0,small_airport
FTTI,1089,TD,Ati,0,small_airport
FTTJ,968,TD,N'Djamena,1,large_airport
FTTK,984,TD,Bokoro,0,small_airport
FTTL,955,TD,Bol,0,small_airport
FTTM,1414,TD,Mongo,0,small_airport
FTTN,1420,TD,Am Timan,0,small_airport
FTTP,1532,TD,Pala,0,small_airport
FTTR,2655,TD,Zouar,0,small_airport
FTTS,1099,TD,Bousso,0,small_airport
FTTU,1072,TD,Mao,0,small_airport
FTTY,771,TD,Faya-Largeau,0,medium_airport
FTTZ,3524,TD,Bardai Zougra,0,small_airport
FVAB,4495,ZW,Aberdeen,0,small_airport
FVBB,1509,ZW,Beitbridge,0,small_airport
FVBI,1950,ZW,Binga,0,small_airport
FVBM,1650,ZW,Bumi,0,small_airport
FVJN,4359,ZW,Bulawayo,1,large_airport
FVCE,4058,ZW,Celina,0,small_airport
FVCH,3720,ZW,Chipinge,0,small_airport
FVCM,3720,ZW,Cam+Motor,0,small_airport
FVCN,4058,ZW,,0,small_airport
FVCP,4845,ZW,Harare,0,small_airport
FVCR,3280,ZW,Chizarira,0,small_airport
FVCV,4790,ZW,Chivu,0,small_airport
FVCZ,1421,ZW,Chiredzi,0,medium_airport
FVDA,4762,ZW,Mvurwi,0,small_airport
FVDE,1750,ZW,Deka,0,small_airport
FVDU,4986,ZW,Dudley,0,small_airport
FVED,3900,ZW,Eduan,0,small_airport
FVFA,3490,ZW,Victoria Falls,1,large_airport
FVFI,3525,ZW,Filabusi,0,small_airport
FVGD,3328,ZW,Gwanda,0,small_airport
FVGO,4199,ZW,Gokwe,0,small_airport
FVGR,3333,ZW,Mutare,0,small_airport
FVGW,4660,ZW,Gweru,0,small_airport
FVRG,4887,ZW,Harare,1,large_airport
FVHP,5150,ZW,Home Park,0,small_airport
FVHY,1420,ZW,Chiredzi,0,small_airport
FVIT,3800,ZW,Itafa,0,small_airport
FVKB,1706,ZW,Kariba,1,medium_airport
FVKZ,3300,ZW,Kezi,0,small_airport
FVLS,1303,ZW,Chiredzi,0,small_airport
FVLU,3240,ZW,Lusulu,0,small_airport
FVMC,3485,ZW,,0,small_airport
FVMD,3240,ZW,,0,small_airport
FVMK,4650,ZW,Mkonono,0,small_airport
FVML,1980,ZW,Mlibizi,0,small_airport
FVMT,3950,ZW,Mutoko,0,medium_airport
FVMU,3410,ZW,Mutare,0,small_airport
FVMV,3595,ZW,Masvingo,0,medium_airport
FVMW,4579,ZW,Murewa,0,small_airport
FVNY,1850,ZW,Nyanyadzi,0,small_airport
FVPL,4527,ZW,Plumtree,0,closed
FVRA,3250,ZW,Ratelshoek,0,small_airport
FVRB,2650,ZW,Mwenezi,0,small_airport
FVRF,1350,ZW,Hurungwe,0,small_airport
FVRT,1825,ZW,Rutenga,0,small_airport
FVSE,2790,ZW,Sanyati Estate,0,small_airport
FVSN,2891,ZW,Sun Yet Sen,0,small_airport
FVTL,4680,ZW,Gweru,0,medium_airport
FVTS,3580,ZW,Tsholothso,0,small_airport
FVTU,1940,ZW,Tuli,0,small_airport
FVWD,4600,ZW,Wedza,0,small_airport
FVWN,3543,ZW,Gwayi River Farms,0,medium_airport
FVYT,4400,ZW,Inyati,0,small_airport
KFWB,1348,US,Branson West,0,small_airport
FWBG,302,MW,Bangula,0,small_airport
FWCB,1611,MW,Chilumba,0,small_airport
FWCD,7759,MW,,0,small_airport
FWCL,2555,MW,Blantyre,1,large_airport
FWCM,1587,MW,Club Makokola,0,small_airport
FWCS,4301,MW,Ntchisi,0,small_airport
FWCT,4270,MW,Chitipa,0,small_airport
FWDW,1605,MW,Dwangwa,0,medium_airport
FWKA,1765,MW,Karonga,0,medium_airport
FWKG,3470,MW,Kasungu,0,small_airport
FWKI,4035,MW,Lumbadzi,1,large_airport
FWKK,1720,MW,Nkhotakota,0,closed
FWLK,1600,MW,Likoma Island,0,small_airport
FWLP,3326,MW,Lifupa,0,small_airport
FWMC,3901,MW,Mchinji,0,small_airport
FWMY,1580,MW,Monkey Bay,0,small_airport
FWMZ,4440,MW,Mzimba,0,small_airport
FWSJ,200,MW,Nsanje,0,small_airport
FWSM,1688,MW,Salima,0,small_airport
FWSU,230,MW,Nchalo,0,small_airport
FWTK,1725,MW,Mtakatata,0,small_airport
FWUU,4115,MW,Mzuzu,0,medium_airport
FXMM,5348,LS,Maseru(Mazenod),1,large_airport
FXMU,5105,LS,Foso,0,small_airport
FYAR,1905,NA,Arandis,0,medium_airport
FYBJ,4167,NA,Bitterwasser,0,small_airport
FYGB,4731,NA,Gobabis,0,small_airport
FYGF,4636,NA,Grootfontein,0,medium_airport
FYGO,1381,NA,Gobabeb,0,small_airport
FYKM,3144,NA,Mpacha,1,medium_airport
FYKT,3506,NA,Keetmanshoop,0,medium_airport
FYLZ,457,NA,Luderitz,1,medium_airport
FYML,3650,NA,Mariental,0,medium_airport
FYMO,3665,NA,Mokuti Lodge,0,small_airport
FYOA,3599,NA,Ondangwa,1,medium_airport
FYOG,14,NA,Oranjemund,1,medium_airport
FYPO,4177,NA,,0,small_airport
FYRU,3627,NA,Rundu,1,medium_airport
FYSA,1870,NA,Rosh Pinah,0,small_airport
FYSM,207,NA,Swakopmund,0,small_airport
FYTM,4353,NA,Tsumeb,0,medium_airport
FYVF,4347,NA,Veronica,0,small_airport
FYWB,299,NA,Walvis Bay(Rooikop),1,large_airport
FYWE,5575,NA,Windhoek,1,medium_airport
FYWH,5640,NA,Windhoek,1,large_airport
FZAA,1027,CD,Kinshasa,1,large_airport
FZAB,915,CD,N'dolo,0,medium_airport
FZAG,89,CD,Muanda,0,small_airport
FZAJ,26,CD,Boma,0,small_airport
FZAM,1115,CD,Matadi,0,small_airport
FZAN,741,CD,Inga,0,small_airport
FZBA,1040,CD,Inongo,1,small_airport
FZBE,1345,CD,Beno,0,small_airport
FZBI,1043,CD,Nioki,0,small_airport
FZBO,1063,CD,Bandundu,1,medium_airport
FZBT,1013,CD,Kiri,0,small_airport
FZCA,1572,CD,Kikwit,1,medium_airport
FZCB,2300,CD,Idiofa,0,small_airport
FZCF,3425,CD,Kahemba,0,small_airport
FZCG,2116,CD,,0,small_airport
FZCS,1808,CD,Kenge,0,closed
FZEA,1040,CD,Mbandaka,1,medium_airport
FZEN,1217,CD,Basankusu,0,small_airport
FZFA,1125,CD,Libenge,0,small_airport
FZFD,1509,CD,Gbadolite,1,medium_airport
FZFE,1499,CD,Abumumbazi,0,small_airport
FZFK,1378,CD,Gemena,1,medium_airport
FZFP,1801,CD,Kotakoli,0,small_airport
FZFU,0,CD,Bumba,0,small_airport
FZGA,1509,CD,Lisala,0,medium_airport
FZGN,1168,CD,Boende,1,small_airport
FZGV,1283,CD,Ikela,0,small_airport
FZIA,1289,CD,,0,small_airport
FZIC,1417,CD,Kisangani,1,large_airport
FZJH,2438,CD,Isiro,1,medium_airport
FZKA,4045,CD,Bunia,1,medium_airport
FZKJ,1378,CD,Buta,0,medium_airport
FZMA,5643,CD,Kamakombe,0,medium_airport
FZMB,5757,CD,Butembo,0,small_airport
FZMW,1837,CD,Shabunda,0,small_airport
FZNA,5089,CD,Goma,1,large_airport
FZNC,3707,CD,Rutshuru,0,small_airport
FZNP,3517,CD,Beni,0,small_airport
FZOA,1630,CD,Kindu,1,medium_airport
FZOD,1808,CD,Kalima,0,small_airport
FZOK,1785,CD,Kasongo,0,small_airport
FZOP,1742,CD,Punia,0,small_airport
FZQA,4295,CD,Lubumbashi,1,large_airport
FZQM,5007,CD,Kolwezi,1,medium_airport
FZQU,4541,CD,Lubudi,0,small_airport
FZRA,2077,CD,Manono,0,small_airport
FZRF,2569,CD,Kalemie,1,medium_airport
FZRM,1840,CD,Kabalo,0,small_airport
FZRQ,1850,CD,Kongolo,0,small_airport
FZSA,3543,CD,Lumwe,0,medium_airport
FZSB,3475,CD,Kamina,1,small_airport
FZUA,2139,CD,Kananga,1,medium_airport
FZUK,1595,CD,Tshikapa,0,small_airport
FZVA,1647,CD,Lodja,0,small_airport
FZVI,1407,CD,Lusambo,0,small_airport
FZVJ,1804,CD,Tshumbe,1,small_airport
FZVS,1450,CD,Ilebo,1,small_airport
FZWA,2221,CD,Mbuji Mayi,1,medium_airport
FZWT,2766,CD,Kabinda,0,small_airport
GAAO,853,ML,Ansongo,0,small_airport
GABD,1312,ML,Bandiagara,0,small_airport
GABF,380,ML,Bafoulabé,0,small_airport
GABG,1139,ML,Bougouni,0,small_airport
GABR,941,ML,Bourem,0,small_airport
GABS,1247,ML,Bamako,1,large_airport
GADZ,984,ML,Douentza,0,small_airport
GAGM,866,ML,Goundam,0,small_airport
GAGO,870,ML,Gao,1,medium_airport
GAKA,449,ML,Kenieba,0,small_airport
GAKL,1496,ML,Kidal,0,small_airport
GAKN,1457,ML,Kolokani,0,small_airport
GAKO,1240,ML,Koutiala,0,closed
GAKT,1122,ML,Kita,0,closed
GAKD,164,ML,Kayes,1,medium_airport
GAMB,906,ML,Sévaré,1,medium_airport
GAMK,899,ML,Menaka,0,small_airport
GANF,866,ML,Niafunke,0,small_airport
GANK,889,ML,Keibane,0,small_airport
GANR,778,ML,Nioro du Sahel,0,small_airport
GASK,1378,ML,Sikasso,0,small_airport
GASO,1301,ML,Sikasso,0,small_airport
GATB,863,ML,Timbuktu,1,large_airport
GATS,1621,ML,,0,small_airport
GAYE,325,ML,Yélimané,0,small_airport
EGTN,550,GB,"Chipping Norton, Oxfordshire",0,small_airport
EGLB,54,GB,"Weybridge, Surrey",0,small_airport
EGKT,659,GB,"Kirknewton, West Lothian",0,small_airport
EGHK,0,GB,"Penzance, Cornwall",1,heliport
GBYD,95,GM,Banjul (Yundum),1,large_airport
GCFV,85,ES,El Matorral,1,large_airport
GCGM,716,ES,"Alajero, La Gomera Island",1,small_airport
GCHI,103,ES,El Hierro Island,1,medium_airport
GCLA,107,ES,"Sta Cruz de la Palma, La Palma Island",1,medium_airport
GCLB,20,ES,Gran Canaria Island,0,small_airport
GCLP,78,ES,Gran Canaria Island,1,large_airport
GCRR,46,ES,San Bartolomé,1,large_airport
GCTS,209,ES,Tenerife,1,large_airport
GCXO,2076,ES,Tenerife,1,large_airport
GECE,8,ES,Ceuta,1,heliport
GEML,156,ES,Melilla,1,medium_airport
SOOC,220,GF,Camopi,0,small_airport
GFBO,328,SL,Bo,0,medium_airport
GFGK,75,SL,Gbangbatok,0,small_airport
GFHA,60,SL,Freetown,0,small_airport
GFKB,1012,SL,Kabala,0,small_airport
GFKE,485,SL,Kenema,0,medium_airport
GFLL,84,SL,Freetown (Lungi-Town),1,large_airport
GFTO,750,SL,Tongo,0,small_airport
GFYE,1300,SL,Yengema,0,medium_airport
GGBF,144,GW,Bafatá,0,small_airport
GGBU,0,GW,Bubaque,0,small_airport
GGCF,65,GW,Cufar,0,small_airport
GGOV,129,GW,Bissau,1,large_airport
GLBU,41,LR,Buchanan,0,small_airport
GLCP,20,LR,Harper,0,small_airport
GLGE,10,LR,Greenville,0,medium_airport
GLMR,25,LR,Monrovia,1,medium_airport
GLNA,1632,LR,Nimba,0,small_airport
GLRB,31,LR,Monrovia,1,large_airport
GLST,6,LR,Sasstown,0,small_airport
GLTN,790,LR,Zwedru,0,small_airport
GLVA,1400,LR,Voinjama,0,small_airport
GMAA,89,MA,Inezgane,0,small_airport
GMAD,250,MA,Agadir (Temsia),1,large_airport
GMAT,653,MA,Tan Tan,1,medium_airport
GMAZ,2414,MA,Zagora,1,large_airport
GMFB,3630,MA,Bouarfa,1,medium_airport
GMFF,1900,MA,Saïss,1,large_airport
GMFI,5459,MA,Ifran,0,small_airport
GMFK,3428,MA,Errachidia,1,medium_airport
GMFM,1890,MA,Meknes,0,medium_airport
GMFO,1535,MA,Ahl Angad,1,large_airport
GMFZ,1890,MA,Taza,0,small_airport
GMMB,627,MA,Ben Slimane,0,small_airport
GMMD,1694,MA,Oulad Yaich,1,large_airport
GMME,276,MA,Rabat,1,large_airport
GMMH,36,EH,Dakhla,1,large_airport
GMMI,384,MA,Essaouira,1,medium_airport
GMML,207,EH,El Aaiún,1,large_airport
GMMN,656,MA,Casablanca,1,large_airport
GMMT,322,MA,Casablanca,0,small_airport
GMMW,574,MA,Al Aaroui,1,large_airport
GMMX,1545,MA,Marrakesh,1,large_airport
GMMP,16,MA,Kenitra,0,medium_airport
GMMZ,3782,MA,Ouarzazate,1,large_airport
GMSL,179,MA,Sidi Slimane,0,small_airport
GMTA,95,MA,Al Hoceima,1,medium_airport
GMTN,10,MA,Tétouan,1,large_airport
GMTT,62,MA,Tangier,1,large_airport
GOBD,290,SN,Dakar,1,large_airport
GOGG,75,SN,Ziguinchor,1,medium_airport
GOGS,52,SN,Cap Skirring,1,medium_airport
GOOG,66,SN,Linguère,0,small_airport
GOOK,26,SN,Kaolack,0,medium_airport
GOOY,85,SN,Dakar,0,large_airport
GOSM,85,SN,Ouro Sogui,0,medium_airport
GOSP,20,SN,Podor,0,small_airport
GOSR,20,SN,Richard Toll,0,small_airport
GOSS,9,SN,Saint Louis,0,medium_airport
GOTB,98,SN,Bakel,0,medium_airport
GOTK,584,SN,Kédougou,0,medium_airport
GOTS,171,SN,Simenti,0,small_airport
GOTT,161,SN,Tambacounda,0,medium_airport
FGMM,2126,GQ,Mongomo,0,small_airport
GQNA,951,MR,Aioun El Atrouss,0,small_airport
GQNB,121,MR,Boutilimit,0,small_airport
GQNC,561,MR,Tichitt,0,small_airport
GQND,1342,MR,Tidjikja,0,small_airport
GQNE,66,MR,Boghe,0,small_airport
GQNF,430,MR,Kiffa,0,small_airport
GQNH,692,MR,Timbedra,0,small_airport
GQNI,745,MR,Néma,0,small_airport
GQNJ,403,MR,Akjoujt,0,small_airport
GQNK,75,MR,Kaédi,0,small_airport
GQNL,256,MR,Moudjeria,0,small_airport
GQNM,722,MR,Timbreda,0,small_airport
GQNO,9,MR,Nouakchott,1,large_airport
GQNS,219,MR,Sélibaby,0,small_airport
GQNT,620,MR,Tamchakett,0,small_airport
GQPA,734,MR,Atar,0,medium_airport
GQPP,24,MR,Nouadhibou,1,large_airport
GQPT,1148,MR,Bir Moghrein,0,small_airport
GQPZ,1119,MR,Zouérate,1,medium_airport
LGTL,1180,GR,Kasteli,0,medium_airport
MGCQ,1484,GT,Chiquimula,0,small_airport
MGDL,1057,GT,Dos Lagunas,0,small_airport
MGCA,3973,GT,Canillá,0,small_airport
MGCS,722,GT,Chisec,0,small_airport
MGCP,36,GT,Champerico,0,small_airport
GUBE,2190,GN,Beyla,0,small_airport
GUCY,72,GN,Conakry,1,large_airport
GUFA,499,GN,Fria,0,small_airport
GUFH,1476,GN,Faranah,0,small_airport
GUGO,2133,GN,Banankoro,0,small_airport
GUKR,36,GN,Port Kamsar,0,small_airport
GUKU,1808,GN,Kissidougou,0,small_airport
GULB,3396,GN,Labé,0,small_airport
GUMA,1690,GN,Macenta,0,small_airport
GUNZ,1657,GN,Nzérékoré,0,small_airport
GUOK,164,GN,Boké,0,small_airport
GUSA,686,GN,Sangarédi,0,small_airport
GUSB,295,GN,Koundara,0,small_airport
GUSI,1296,GN,Siguiri,0,small_airport
GVAC,177,CV,Espargos,1,large_airport
GVAN,32,CV,Ponta do Sol,0,closed
GVBA,69,CV,Rabil,1,large_airport
GVMA,36,CV,Vila do Maio,1,medium_airport
GVMT,66,CV,Vila do Mosteiros,0,small_airport
GVNP,230,CV,Praia,1,large_airport
GVSF,617,CV,São Filipe,1,small_airport
GVSN,669,CV,Preguiça,1,medium_airport
GVSV,66,CV,São Pedro,1,large_airport
SMBO,242,SR,Botopasi,0,small_airport
SMDJ,290,SR,Djumu-Djomoe,0,small_airport
HAAB,7630,ET,Addis Ababa,1,large_airport
HAAM,3901,ET,Arba Minch,1,medium_airport
HAAX,6959,ET,Axum,1,medium_airport
HABC,4300,ET,Baco,0,small_airport
HABD,5978,ET,Bahir Dar,1,medium_airport
KHAD,5370,US,Casper,0,small_airport
HADC,6120,ET,Dessie,1,small_airport
HADM,8136,ET,Debre Markos,1,small_airport
HADR,3827,ET,Dire Dawa,1,large_airport
HAGB,7892,ET,Goba,0,small_airport
HAGH,6499,ET,Ghinnir,0,small_airport
HAGM,1614,ET,Gambela,1,medium_airport
HAGN,6449,ET,Azezo,1,medium_airport
HAGO,834,ET,Gode,1,medium_airport
HAGR,6580,ET,Gore,0,small_airport
HAHM,6201,ET,Debre Zeyit,0,medium_airport
HAHU,1930,ET,Akwi,1,small_airport
HAJJ,5954,ET,Jijiga,1,large_airport
HABC,4475,ET,Jinka,1,medium_airport
HAJM,5500,ET,Jimma,1,medium_airport
HAKD,1800,ET,Kebri Dahar,1,medium_airport
HALA,5450,ET,Hawassa,1,large_airport
HALL,6506,ET,Girany Amba,0,small_airport
HAMK,7396,ET,Mekele,1,medium_airport
HANG,5230,ET,Negele Borana,0,small_airport
HASM,1390,ET,Semera,1,small_airport
HASO,5100,ET,Asosa,1,medium_airport
HBBA,2582,BI,Bujumbura,1,large_airport
HBBE,5741,BI,Gitega,1,medium_airport
HCMB,1820,SO,Baidoa,0,small_airport
HCMF,3,SO,Bosaso,1,large_airport
HCMH,4471,SO,Hargeisa,1,large_airport
HCMI,30,SO,Berbera,1,medium_airport
HCMK,49,SO,Kismayo,0,medium_airport
HCMM,29,SO,Mogadishu,1,large_airport
HCMN,559,SO,Beledweyne,1,small_airport
HCMR,975,SO,Galcaio,1,small_airport
HCMV,3400,SO,Burao,0,small_airport
HCGR,1465,SO,Garowe,1,small_airport
HDAM,49,DJ,Djibouti City,1,large_airport
HDAS,2313,DJ,Ali-Sabieh,0,small_airport
HDCH,279,DJ,Chabelley,0,small_airport
HDTJ,246,DJ,Tadjoura,0,small_airport
HE11,-69,EG,,0,small_airport
HE12,115,EG,Inshas,0,small_airport
HE15,0,EG,Helwan,0,small_airport
HE16,0,EG,Tanta,0,medium_airport
HE17,761,EG,,0,small_airport
HE18,673,EG,Sidi El Barrani,0,small_airport
HE19,49,EG,As Sallum,0,small_airport
HE20,39,EG,Ras Gharib,0,small_airport
HE21,46,EG,Ras Gharib,0,small_airport
HE23,315,EG,Darau,0,small_airport
HE26,1175,EG,Safaja,0,small_airport
HE27,427,EG,Siwa Oasis,0,small_airport
HE28,85,EG,Markaz Ad Delingat,0,medium_airport
HE30,-13,EG,Tamiya,0,small_airport
HE32,13,EG,Mansoura,0,medium_airport
HE33,328,EG,Marsa Matruh,0,small_airport
HE34,22,EG,Kibrit,0,small_airport
HE35,49,EG,Abu Suwayr,0,medium_airport
HE36,1060,EG,El Hassana,0,medium_airport
HE37,90,EG,Bilbeis,0,medium_airport
HE39,16,EG,El Husseiniya,0,small_airport
HE40,282,EG,Sidi El Barrani,0,small_airport
HE41,702,EG,Sidi El Barrani,0,small_airport
HE42,33,EG,Quesna,0,medium_airport
HE45,20,EG,Sudr Cape,0,small_airport
HE46,1544,EG,Nekhel,0,small_airport
HEAL,154,EG,El Alamein,1,large_airport
HEAR,118,EG,El Arish,1,large_airport
HEAT,748,EG,Asyut,1,large_airport
HEAZ,246,EG,El Nozha,0,medium_airport
HEAX,171,EG,Alexandria,1,large_airport
HEBL,614,EG,Abu Simbel,1,medium_airport
HEBS,102,EG,Bani Sweif,0,medium_airport
HECA,322,EG,Cairo,1,large_airport
HECP,761,EG,New Cairo,1,medium_airport
HECW,557,EG,Cairo,0,medium_airport
HEDK,551,EG,Dakhla Oases,0,small_airport
HEGN,32,EG,Hurghada,1,large_airport
HEGO,39,EG,El Gouna,0,small_airport
HEGR,331,EG,El Jora,0,medium_airport
HEGS,49,EG,Abu El Matamir,0,medium_airport
HEKG,194,EG,Kharja Oases,0,small_airport
HELX,276,EG,Luxor,1,large_airport
HEMA,213,EG,Marsa Alam,1,large_airport
HEMM,75,EG,Marsa Matruh,1,large_airport
AYHG,3217,PG,Haelogo,0,small_airport
HEOC,774,EG,6th of October,0,small_airport
HEOW,843,EG,Sharq El Owainat,0,small_airport
HEPS,10,EG,Port Said,1,large_airport
HESC,4402,EG,Saint Catherine,0,medium_airport
HESG,322,EG,Suhaj,1,large_airport
HESH,191,EG,Sharm El Sheikh,1,large_airport
HESN,650,EG,Aswan,1,large_airport
HE24,289,EG,Siwa Oasis,0,small_airport
HESX,510,EG,Al Jiza,1,large_airport
HETB,2425,EG,Taba,1,medium_airport
HETR,52,EG,At Tur,0,small_airport
KHEY,317,US,Fort Rucker Ozark,0,heliport
HHAS,7661,ER,Asmara,1,medium_airport
HHMS,194,ER,Massawa,0,medium_airport
HHSB,46,ER,Assab,0,medium_airport
HJJJ,1513,SS,Juba,1,large_airport
HKAM,3755,KE,Ol Tukai,1,medium_airport
HKBR,345,KE,Bura,0,small_airport
HKEL,6941,KE,Eldoret,1,large_airport
HKEM,4150,KE,Embu,0,small_airport
HKES,1395,KE,Eliye Springs,0,small_airport
HKEW,0,KE,El Wak,0,small_airport
HKFG,1245,KE,Kalokol,0,small_airport
HKGA,475,KE,Garissa,0,small_airport
HKGT,2000,KE,Garba Tula,0,small_airport
HKHB,4280,KE,Homa Bay,0,small_airport
HKHO,195,KE,Hola,0,small_airport
HKIS,3495,KE,Isiolo,0,small_airport
HKJK,5330,KE,Nairobi,1,large_airport
HKKB,2450,KE,Kiambere,0,small_airport
HKKE,5800,KE,Keekorok,0,small_airport
HKKG,5020,KE,Kakamega,0,small_airport
HKKI,3734,KE,Kisumu,1,large_airport
HKKL,2750,KE,Kilaguni,0,small_airport
HKKR,6446,KE,Kericho,0,small_airport
HKKS,4905,KE,Kisii,0,small_airport
HKKT,6070,KE,Kitale,0,medium_airport
HKKU,3790,KE,Kitui,0,small_airport
HKLG,1805,KE,Kachoda,0,small_airport
HKLK,2074,KE,Lokichogio,0,medium_airport
HKLO,1715,KE,Lodwar,0,medium_airport
HKLU,20,KE,Lamu,1,medium_airport
HKLY,1195,KE,Loiyangalani,0,small_airport
HKMA,805,KE,Mandera,0,small_airport
HKMB,4395,KE,Marsabit,0,small_airport
HKMI,5940,KE,Kisima,0,small_airport
HKML,80,KE,Malindi,1,medium_airport
HKMJ,4616,KE,Migori,0,small_airport
HKMO,200,KE,Mombasa,1,large_airport
HKMS,5200,KE,Serena,1,medium_airport
HKMU,3513,KE,Makindu,0,small_airport
HKMY,2790,KE,Moyale,0,small_airport
HKNI,5830,KE,Nyeri,0,small_airport
HKNK,6234,KE,Nakuru,0,medium_airport
HKNL,6250,KE,Gathiuru,1,medium_airport
HKNO,6311,KE,Narok,0,small_airport
HKNV,6380,KE,Naivasha,0,closed
HKNW,5536,KE,Nairobi,1,medium_airport
HKNY,0,KE,Nanyuki,0,medium_airport
HKRE,5336,KE,Nairobi,0,medium_airport
HKSB,3295,KE,Isiolo West,0,small_airport
HKTQ,3800,KE,Namelok,0,small_airport
HKUK,98,KE,Ukunda,0,small_airport
HKVO,1900,KE,Voi,0,small_airport
HKWJ,770,KE,Wajir,1,medium_airport
HLTS,540,LY,,0,small_airport
HLWD,985,LY,Bani Waled,0,small_airport
HLMJ,850,LY,Al Marj,0,small_airport
HLTM,1325,LY,Tamanhint,0,small_airport
HLBU,33,LY,Bombah,0,medium_airport
HLJF,846,LY,,0,small_airport
HLWN,910,LY,,0,small_airport
HLHM,2133,LY,,0,small_airport
HLNM,2047,LY,,0,small_airport
HLDB,381,LY,Zillah,0,small_airport
HLML,330,LY,,0,small_airport
HLAM,145,LY,Amal V12,0,small_airport
HLBD,499,LY,Beda M3,0,small_airport
HLBS,151,LY,,0,small_airport
HLFE,2674,LY,,0,small_airport
HLFL,161,LY,,0,small_airport
HLGD,267,LY,Sirt,0,large_airport
HLGL,325,LY,,0,small_airport
HLGT,2296,LY,Ghat,0,medium_airport
HLHB,-120,LY,,0,small_airport
HLKF,1367,LY,Kufra,1,medium_airport
HLLB,433,LY,Benina,1,large_airport
HLLM,36,LY,Tripoli,1,large_airport
HLLQ,2157,LY,Al Albraq,1,large_airport
HLLS,1427,LY,Sabha,1,medium_airport
HLMB,50,LY,Marsa al Brega,0,medium_airport
HLMS,60,LY,Misrata,1,small_airport
HLNF,42,LY,Ras Lanuf,0,small_airport
HLNR,125,LY,Nafurah 1,0,small_airport
HLON,919,LY,,0,small_airport
HLRA,1050,LY,Dahra,0,small_airport
HLRF,35,LY,,0,small_airport
HLRG,220,LY,Adjabiya,0,small_airport
HLSA,400,LY,Sarir,0,small_airport
HLSB,949,LY,,0,small_airport
HLSH,105,LY,,0,small_airport
HLTD,1122,LY,Ghadames,1,medium_airport
HLTQ,519,LY,Adam,0,small_airport
HLUB,1528,LY,Ubari,0,small_airport
HLWA,488,LY,Warehouse 59A,0,small_airport
HLWF,2188,LY,,0,small_airport
HLZA,1085,LY,Zillah,0,small_airport
HLZG,318,LY,Oxy A 103,0,small_airport
HLZN,2080,LY,Zintan,0,small_airport
HLZU,16,LY,Ajdabiya,0,small_airport
HLZW,9,LY,Zuwarah,0,small_airport
MHCQ,852,HN,Danli,0,small_airport
MHYO,2297,HN,El Caulote,0,small_airport
MHOR,256,HN,Mocorón,0,small_airport
MHGU,4199,HN,Erandique,0,small_airport
LDVR,492,HR,Daruvar,0,small_airport
LDZR,377,HR,Bratina,0,small_airport
YHRN,8,AU,Heron Island,0,heliport
HRYG,5082,RW,Gisenyi,0,medium_airport
HRYI,5801,RW,Butare,0,small_airport
HRYN,4905,RW,Nemba,0,small_airport
HRYR,4859,RW,Kigali,1,large_airport
HRYU,6102,RW,Ruhengeri,0,small_airport
HRZA,5192,RW,Kamembe,1,medium_airport
HJAK,1352,SS,Akobo,0,small_airport
HSAT,1181,SD,Atbara,0,small_airport
HJAW,1394,SS,Aweil,0,small_airport
HJBR,1394,SS,Bor,0,small_airport
HJBT,2000,SS,Rubkona,0,small_airport
HSDN,772,SD,Dongola,1,medium_airport
HSDZ,1582,SD,Ad Damazin,0,small_airport
HSFS,2393,SD,El Fasher,1,medium_airport
HSGN,2651,SD,Geneina,0,small_airport
HSKA,1671,SD,Kassala,1,medium_airport
HJKP,2220,SS,Kapoeta,0,small_airport
HSLI,1848,SD,Kadugli,0,small_airport
HJMD,1901,SS,Marida,0,small_airport
HJRB,1378,SS,Rumbek,0,small_airport
HSMN,897,SD,Merowe,0,medium_airport
HSNN,2106,SD,Nyala,1,medium_airport
HSOB,1927,SD,El-Obeid,1,medium_airport
HSPN,135,SD,Port Sudan,1,large_airport
HSRN,1278,SS,Renk,0,small_airport
HSSG,2633,SD,Geneina,0,medium_airport
HSSK,1265,SD,Khartoum,1,large_airport
HSSP,10,SD,Port Sudan,0,small_airport
HSSW,933,SD,Wadi Halfa,0,small_airport
HJTR,2050,SS,Torit,0,small_airport
HJYE,2000,SS,Yei,0,small_airport
HJYL,1424,SS,Yirol,0,small_airport
HTAR,4550,TZ,Arusha,1,medium_airport
HTBS,1980,TZ,Mbesa Mission,0,small_airport
HTBU,3784,TZ,Bukoba,1,small_airport
HTCH,5000,TZ,Chunya,0,small_airport
HTDA,182,TZ,Dar es Salaam,1,large_airport
HTDO,3673,TZ,Dodoma,1,medium_airport
HTGW,4412,TZ,Mbeya,1,medium_airport
HTIR,4678,TZ,Nduli,0,medium_airport
HTIY,3790,TZ,Inyonga,0,small_airport
HTKA,2700,TZ,Kigoma,1,small_airport
HTKB,4262,TZ,Kibondo,0,small_airport
HTKD,4578,TZ,Kondoa,0,small_airport
HTKI,50,TZ,Kilwa Masoko,0,small_airport
HTKJ,2932,TZ,Arusha,1,large_airport
HTKL,5033,TZ,Kirondatal,0,small_airport
HTKO,3300,TZ,Kongwa,0,small_airport
HTKS,1567,TZ,Kilosa,0,small_airport
HTKT,3300,TZ,Kilimatinde,0,small_airport
HTLD,6620,TZ,Loliondo,0,small_airport
HTLI,100,TZ,Lindi,0,small_airport
HTLL,1667,TZ,Liuli,0,small_airport
HTLM,4150,TZ,Lake Manyara National Park,0,medium_airport
HTMA,60,TZ,Kilindoni,1,small_airport
HTMB,5600,TZ,Mbeya,0,small_airport
HTMF,4175,TZ,Mufindi,0,small_airport
HTMG,1676,TZ,Morogoro,0,small_airport
HTMI,1700,TZ,Masasi,0,small_airport
HTMK,1737,TZ,Mikumi,0,small_airport
HTMO,1350,TZ,Mombo,0,small_airport
HTMP,3520,TZ,Mpanda,0,small_airport
HTMS,2801,TZ,Moshi,0,small_airport
HTMT,371,TZ,Mtwara,1,medium_airport
HTMU,3806,TZ,Musoma,1,small_airport
HTMW,3763,TZ,Mwanza,1,large_airport
HTMX,3240,TZ,Mpwapwa,0,small_airport
HTNA,1400,TZ,Nachingwea,0,small_airport
HTNJ,6400,TZ,Njombe,0,small_airport
HTNR,5030,TZ,Ngara,0,small_airport
HTPE,80,TZ,Chake Chake,0,medium_airport
HTSD,5000,TZ,Singida,0,small_airport
HTSE,3000,TZ,Same,0,small_airport
HTSH,6300,TZ,Mafinga,0,small_airport
HTSN,5080,TZ,Seronera,1,small_airport
HTSO,3445,TZ,Songea,0,small_airport
HTSU,5960,TZ,Sumbawanga,0,small_airport
HTSY,3800,TZ,Shinyanga,1,small_airport
HTTB,3868,TZ,Tabora,1,small_airport
HTTG,129,TZ,Tanga,1,medium_airport
HTTU,2200,TZ,Tunduru,0,small_airport
HTUK,4010,TZ,Ukerewe,0,small_airport
HTUR,3600,TZ,Urambo,0,small_airport
HTUT,208,TZ,Utete,0,small_airport
HTUV,563,TZ,Uvinza,0,small_airport
HTWK,4300,TZ,West Kilimanjaro,0,small_airport
HTZA,54,TZ,Zanzibar,1,large_airport
LHSV,256,HU,Szarvas,0,small_airport
LHKA,299,HU,Kalocsa,0,medium_airport
LHMP,367,HU,Matkópuszta,0,small_airport
LHST,251,HU,Szatymaz,0,small_airport
LHBD,392,HU,Székesfehérvár,0,small_airport
LHPC,497,HU,Pusztacsalád,0,small_airport
LHKM,279,HU,Kunmadaras,0,small_airport
LHBK,337,HU,Balatonkeresztúr,0,small_airport
LHDA,492,HU,Dáka,0,small_airport
LHBL,393,HU,Ballószög,0,small_airport
LHBY,490,HU,Gyõrszentiván/Bõny,0,small_airport
LHBT,869,HU,,0,small_airport
LHPK,459,HU,Papkutapuszta,0,small_airport
LHHM,262,HU,Hódmezővásárhely,0,small_airport
LHPS,292,HU,Pusztaszer,0,small_airport
LHAK,370,HU,Atkár,0,small_airport
LHHK,0,HU,Hajmáskér,0,small_airport
LHPW,0,HU,Pusztaszer,0,small_airport
LHJT,0,HU,Balatonfüred,0,small_airport
HUAJ,2611,UG,Adjumani,0,small_airport
HUAR,3951,UG,Arua,1,medium_airport
HUBU,3100,UG,Bundibugyo,0,small_airport
HUEN,3782,UG,Entebbe,1,large_airport
HUFP,5255,UG,Fort Portal,0,small_airport
HUGG,2472,UG,Bujenje,0,small_airport
HUGU,3510,UG,Gulu,1,medium_airport
HUJI,3855,UG,Jinja,0,small_airport
HUKB,6000,UG,,0,small_airport
HUKD,4033,UG,Kidepo Valley National Park,0,small_airport
HUKJ,3743,UG,Kampala,0,small_airport
HUKK,3962,UG,Kakira,0,small_airport
HUKO,4020,UG,Kotido,0,small_airport
HUKS,3146,UG,Kasese,0,small_airport
HULI,3580,UG,Lira,0,small_airport
HUMA,4600,UG,Mbarara,0,small_airport
HUMI,3850,UG,Masindi,0,small_airport
HUMO,4170,UG,Moroto,0,small_airport
HUMW,3160,UG,Mweya,0,small_airport
HUPA,2365,UG,Pakuba,0,small_airport
HUSO,3697,UG,Soroti,1,medium_airport
HUTO,3840,UG,Tororo,0,small_airport
PABN,2880,US,Nabesna,0,small_airport
WIHG,155,ID,Jakarta,0,small_airport
WAYJ,4390,ID,Jila,0,small_airport
WAYN,40,ID,Jita,0,small_airport
WAGA,115,ID,Kuala Kurun,0,small_airport
WAFK,3229,ID,Rampi,0,small_airport
WIMI,17,ID,Singkil,1,small_airport
WAYA,3350,ID,Alama,0,small_airport
WIGE,36,ID,Enggano,0,small_airport
WAEH,11,ID,Weda,0,small_airport
WIHI,20,ID,Pandeglang,0,small_airport
WILB,36,ID,Hutan,0,small_airport
WAVM,217,ID,Boven Digoel Regency,0,small_airport
WAEB,114,ID,Modjid-Celebes Island,0,small_airport
WARD,380,ID,Kediri,1,medium_airport
WIOD,55,ID,Singkawang,0,small_airport
WAJM,653,ID,Molof,0,small_airport
WAUA,6644,ID,Anggi-Papua Island,0,small_airport
WILM,99,ID,Menggala,0,small_airport
WAVE,1490,ID,Elelim,0,small_airport
WAKG,27,ID,Agats,0,small_airport
WAVC,6408,ID,Ilu,0,small_airport
WIJI,2600,ID,Sungai Penuh,1,small_airport
WAVL,9092,ID,Kelila,0,small_airport
WAYO,5800,ID,Obano,0,small_airport
WAWA,88,ID,Kolaka,0,small_airport
WIEB,26,ID,Sipura Island,1,small_airport
WAYB,7348,ID,Bilogai,1,medium_airport
EIDG,256,IE,Staffordstown,0,small_airport
EIIF,125,IE,Taghmon,0,small_airport
EIRE,300,IE,Abbeyfeale,0,small_airport
EITB,0,IE,Tibohine,0,small_airport
EIMP,281,IE,Milltownpass,0,small_airport
LLRS,60,IL,Rishon Lezion,0,small_airport
VOJK,3013,IN,Bengaluru,0,small_airport
VEPY,4590,IN,Pakyong,0,small_airport
VEAY,335,IN,Faizabad,1,medium_airport
VAAV,2262,IN,Aamby Valley City,0,small_airport
VODX,13,IN,Diglipur,0,small_airport
VESL,0,IN,Sultanpur,0,small_airport
VEBL,0,IN,Bhusugaon,0,small_airport
VAJO,768,IN,"Karwar, Jodhpur",0,small_airport
VOSR,203,IN,Chipi,1,medium_airport
VANM,184,IN,Navi Mumbai,1,large_airport
VOSH,2017,IN,Shimoga,0,medium_airport
VETU,1562,IN,Tuting,0,small_airport
VEHO,328,IN,Hollongi,1,medium_airport
VIND,644,IN,Gautam Buddha Nagar,1,large_airport
VEJR,1822,IN,Jagdalpur,1,small_airport
VA38,1000,IN,,0,small_airport
OIMK,3675,IR,Birjand,0,small_airport
OIMQ,3770,IR,Kashmar,0,small_airport
OIIF,3999,IR,Fardis,0,small_airport
BISL,249,IS,Öræfi,0,small_airport
BISA,2200,IS,Sauðár,0,small_airport
LICK,20,IT,Scalea (CS),0,small_airport
LILF,730,IT,Castelnuovo Don Bosco (AT),0,small_airport
LIAD,116,IT,Rome,0,heliport
LIKL,200,IT,Pordenone (PN),0,small_airport
LIKO,98,IT,Ozzano dell'Emilia (BO),0,small_airport
LIKE,1,IT,Caorle (VE),0,small_airport
LIKI,0,IT,San Donà di Piave,0,small_airport
LIKH,557,IT,Osoppo (UD),0,small_airport
LIQC,512,IT,Anacapri (NA),0,heliport
LINI,121,IT,Tremiti Islands,1,heliport
AYIK,2563,PG,Itokama,0,small_airport
WAPM,43,ID,Tiakur,1,small_airport
OJKA,0,JO,,0,heliport
OJKF,2884,JO,Al-Jafr,0,medium_airport
RJAO,0,JP,Ogasawara,0,seaplane_base
KJPN,40,US,Washington DC,0,heliport
KJRB,7,US,New York,0,heliport
ZSJH,60,CN,Chizhou,1,small_airport
KFLY,6874,US,Colorado Springs,0,small_airport
KIYA,16,US,Abbeville,0,small_airport
K10U,5374,US,Owyhee,0,small_airport
KJCA,951,US,Jefferson,0,small_airport
KAPS,7,US,Reserve,0,small_airport
KEBA,603,US,Elberton,0,small_airport
KGDP,3701,US,Dell City,0,small_airport
KLUV,2999,US,Lamesa,0,small_airport
KJHN,3324,US,Johnson City,0,small_airport
KIKW,635,US,Midland,0,small_airport
KCNI,1219,US,Canton,0,small_airport
KHMP,882,US,Hampton,0,small_airport
KHTF,1219,US,Hornell,0,small_airport
KGPC,842,US,Greencastle,0,small_airport
KCQF,91,US,Fairhope,0,small_airport
KJSY,4121,US,Joseph,0,small_airport
KRTS,5050,US,Reno,0,small_airport
KFHB,16,US,Fernandina Beach,0,small_airport
KDNA,4112,US,Santa Teresa,0,small_airport
KSCR,614,US,Siler City,0,small_airport
KBVU,2201,US,Boulder City,1,medium_airport
KBAC,1402,US,Valley City,0,small_airport
KHRF,3642,US,Hamilton,0,small_airport
KJQD,535,US,Hartford,0,small_airport
KGUR,4400,US,Guernsey,0,small_airport
KRCV,7949,US,Del Norte,0,small_airport
KCVC,809,US,Covington,0,small_airport
KTMT,5730,US,Austin,0,small_airport
KDWX,6520,US,Dixon,0,small_airport
KAAA,597,US,Lincoln,0,small_airport
KAAF,20,US,Apalachicola,0,small_airport
KAAO,1421,US,Wichita,0,small_airport
KAAS,921,US,Campbellsville,0,small_airport
KAAT,4378,US,Alturas,0,small_airport
KABE,393,US,Allentown/Bethlehem,1,medium_airport
KABI,1791,US,Abilene,1,medium_airport
KABQ,5355,US,Albuquerque,1,large_airport
KABR,1302,US,Aberdeen,1,medium_airport
KABY,197,US,Albany,1,medium_airport
KACB,623,US,Bellaire,0,small_airport
KACJ,468,US,Americus,0,small_airport
KACK,47,US,Nantucket,1,medium_airport
KACP,107,US,Oakdale,0,small_airport
KACQ,1126,US,Waseca,0,small_airport
KACT,516,US,Waco,1,medium_airport
KACV,221,US,Arcata/Eureka,1,medium_airport
KACY,75,US,Atlantic City,1,medium_airport
KACZ,39,US,Wallace,0,small_airport
KADC,1369,US,Wadena,0,small_airport
KADG,798,US,Adrian,0,small_airport
KADH,1016,US,Ada,0,medium_airport
KADM,777,US,Ardmore,0,small_airport
KADS,644,US,Dallas,0,small_airport
KADT,2991,US,Atwood,0,small_airport
KADU,1287,US,Audubon,0,small_airport
KADW,280,US,Camp Springs,0,medium_airport
KAEG,5837,US,Albuquerque,0,medium_airport
KAEJ,7946,US,Buena Vista,0,small_airport
KAEL,1260,US,Albert Lea,0,small_airport
KAEX,89,US,Alexandria,1,medium_airport
KAFF,6572,US,Colorado Springs,0,small_airport
KAFJ,1184,US,Washington,0,small_airport
KAFK,1165,US,Nebraska City,0,small_airport
KAFN,1040,US,Jaffrey,0,small_airport
KAFO,6221,US,Afton,0,small_airport
KAFP,300,US,Wadesboro,0,small_airport
KAFW,722,US,Fort Worth,0,medium_airport
KAGC,1252,US,Pittsburgh,0,medium_airport
KAGO,319,US,Magnolia,0,small_airport
KAGR,68,US,Avon Park,0,small_airport
KAGS,144,US,Augusta,1,medium_airport
KAGZ,1475,US,Wagner,0,small_airport
KAHC,4012,US,Herlong,0,small_airport
KAHH,1088,US,Amery,0,small_airport
KAHN,808,US,Athens,0,medium_airport
KAHQ,1224,US,Wahoo,0,small_airport
KAIA,3931,US,Alliance,1,medium_airport
KAIB,5940,US,Nucla,0,small_airport
KAID,919,US,Anderson,0,small_airport
KAIG,1521,US,Antigo,0,small_airport
KAIK,528,US,Aiken,0,small_airport
KAIO,1165,US,Atlantic,0,small_airport
KAIT,1205,US,Aitkin,0,small_airport
KAIV,150,US,Aliceville,0,small_airport
KAIZ,869,US,Kaiser Lake Ozark,0,small_airport
KAJG,429,US,Mount Carmel,0,small_airport
KAJO,533,US,Corona,0,small_airport
KAJR,1448,US,Cornelia,0,small_airport
KAJZ,5193,US,Delta,0,small_airport
KAKH,798,US,Gastonia,0,small_airport
KAKO,4714,US,Akron,0,small_airport
KAKQ,113,US,Wakefield,0,small_airport
KAKR,1067,US,Akron,0,medium_airport
KALB,285,US,Albany,1,large_airport
KALI,178,US,Alice,0,medium_airport
KALM,4200,US,Alamogordo,0,medium_airport
KALN,544,US,Alton/St Louis,0,medium_airport
KALO,873,US,Waterloo,1,medium_airport
KALS,7539,US,Alamosa,1,medium_airport
KALW,1194,US,Walla Walla,1,medium_airport
KALX,686,US,Alexander City,0,small_airport
KAMA,3607,US,Amarillo,1,medium_airport
KAMG,200,US,Alma,0,small_airport
KAMN,754,US,Alma,0,small_airport
KAMT,896,US,West Union,0,small_airport
KAMW,956,US,Ames,0,small_airport
KANB,612,US,Anniston,0,medium_airport
KAND,782,US,Anderson,0,medium_airport
KANE,912,US,Minneapolis,0,small_airport
KANJ,716,US,Sault Ste Marie,0,small_airport
KANK,7523,US,Salida,0,small_airport
KANP,34,US,Annapolis,0,small_airport
KANQ,995,US,Angola,0,small_airport
KANW,2589,US,Ainsworth,0,small_airport
KANY,1340,US,Anthony,0,small_airport
KAOC,5332,US,Arco,0,small_airport
KAOH,975,US,Lima,0,small_airport
KAOO,1503,US,Altoona,1,medium_airport
KAOV,1311,US,Ava,0,small_airport
KAPA,5885,US,Denver,0,medium_airport
KAPC,35,US,Napa,0,small_airport
KAPF,8,US,Naples,0,medium_airport
KAPG,57,US,Aberdeen,0,medium_airport
KAPH,220,US,Bowling Green,0,small_airport
KAPN,690,US,Alpena,1,medium_airport
KAPT,641,US,Jasper,0,small_airport
KAPV,3062,US,Apple Valley,0,small_airport
KAPY,422,US,Zapata,0,small_airport
KAQO,1102,US,Llano,0,small_airport
KAQP,1020,US,Appleton,0,small_airport
KAQR,590,US,Atoka,0,small_airport
KAQW,654,US,North Adams,0,small_airport
KAQX,161,US,Allendale,0,small_airport
KARA,24,US,New Iberia,0,medium_airport
KARB,839,US,Ann Arbor,0,small_airport
KARG,279,US,Walnut Ridge,0,small_airport
KARM,100,US,Wharton,0,small_airport
KARR,712,US,Chicago/Aurora,0,small_airport
KART,325,US,Watertown,1,medium_airport
KARV,1629,US,Woodruff,0,small_airport
KARW,10,US,Beaufort,0,small_airport
KASD,29,US,Slidell,0,small_airport
KASE,7820,US,Aspen,1,medium_airport
KASG,1353,US,Springdale,0,small_airport
KASH,199,US,Nashua,0,small_airport
KASJ,68,US,Aulander,0,small_airport
KASL,357,US,Marshall,0,small_airport
KASN,529,US,Talladega,0,small_airport
KAST,15,US,Astoria,0,medium_airport
KASW,850,US,Warsaw,0,small_airport
KASX,827,US,Ashland,0,small_airport
KASY,2032,US,Ashley,0,small_airport
KATA,280,US,Atlanta,0,small_airport
KATL,1026,US,Atlanta,1,large_airport
KATS,3541,US,Artesia,0,small_airport
KATW,918,US,Appleton,1,medium_airport
KATY,1749,US,Watertown,1,medium_airport
KAUG,352,US,Augusta,1,medium_airport
KAUH,1803,US,Aurora,0,small_airport
KAUM,1234,US,Austin,0,small_airport
KAUN,1539,US,Auburn,0,small_airport
KAUO,777,US,Auburn,0,small_airport
KAUS,542,US,Austin,1,large_airport
KAUW,1201,US,Wausau,0,medium_airport
KAVC,441,US,Brodnax,0,small_airport
KAVK,1474,US,Alva,0,small_airport
KAVL,2165,US,Asheville,1,medium_airport
KAVO,160,US,Avon Park,0,small_airport
KAVP,962,US,Wilkes-Barre/Scranton,1,medium_airport
KAVQ,2031,US,Marana,0,small_airport
KAVX,1602,US,Avalon,0,small_airport
KAWG,754,US,Washington,0,small_airport
KAWM,212,US,West Memphis,0,small_airport
KAWO,142,US,Arlington,1,medium_airport
KAXA,1219,US,Algona,0,small_airport
KAXH,68,US,Rosharon,0,small_airport
KAXN,1425,US,Alexandria,0,medium_airport
KAXQ,1458,US,Clarion,0,small_airport
KAXS,1433,US,Altus,0,small_airport
KAXV,913,US,Wapakoneta,0,small_airport
KAXX,8380,US,Angel Fire,0,small_airport
KAYS,142,US,Waycross,0,small_airport
KAYX,1067,US,Manchester,0,small_airport
KAZC,4874,US,Colorado City,0,small_airport
KAZE,255,US,Hazlehurst,0,small_airport
KAZO,874,US,Kalamazoo,1,medium_airport
KBAB,113,US,Beale Air Force Base,0,medium_airport
KBAD,166,US,Bossier City,0,medium_airport
KBAF,271,US,Westfield,0,medium_airport
KBAK,656,US,Columbus,0,medium_airport
KBAM,4532,US,Battle Mountain,0,small_airport
KBAX,763,US,Bad Axe,0,small_airport
KBAZ,651,US,New Braunfels,0,medium_airport
KBBB,1039,US,Benson,0,small_airport
KBBD,1827,US,Brady,0,medium_airport
KBBG,1302,US,Branson,1,medium_airport
KBBP,147,US,Bennettsville,0,small_airport
KBBW,2547,US,Broken Bow,0,small_airport
KBCB,2132,US,Blacksburg,0,small_airport
KBCE,7590,US,Bryce Canyon,0,medium_airport
KBCK,836,US,Black River Falls,0,small_airport
KBCT,13,US,Boca Raton,0,medium_airport
KBDE,1086,US,Baudette,0,medium_airport
KBDG,5868,US,Blanding,0,small_airport
KBDH,1126,US,Willmar,0,small_airport
KBDJ,1666,US,Boulder Junction,0,small_airport
KBDL,173,US,Hartford,1,large_airport
KBDN,3460,US,Bend,0,small_airport
KBDQ,321,US,Morrilton,0,small_airport
KBDR,9,US,Bridgeport,0,medium_airport
KBDU,5288,US,Boulder,0,small_airport
KBEA,268,US,Beeville,0,small_airport
KBEC,1408,US,Wichita,0,small_airport
KBED,133,US,Bedford,1,medium_airport
KBEH,643,US,Benton Harbor,0,small_airport
KBFA,719,US,Boyne Falls,0,small_airport
KBFD,2143,US,Bradford,1,medium_airport
KBFE,3264,US,Brownfield,0,small_airport
KBFF,3967,US,Scottsbluff,1,medium_airport
KBFI,21,US,Seattle,1,medium_airport
KBFK,1822,US,Buffalo,0,small_airport
KBFL,510,US,Bakersfield,1,medium_airport
KBFM,26,US,Mobile,0,medium_airport
KBFR,727,US,Bedford,0,small_airport
KBGD,3055,US,Borger,0,small_airport
KBGE,141,US,Bainbridge,0,small_airport
KBGF,979,US,Winchester,0,small_airport
KBGM,1636,US,Binghamton,1,medium_airport
KBGR,192,US,Bangor,1,medium_airport
KBHB,83,US,Bar Harbor,1,medium_airport
KBHC,201,US,Baxley,0,small_airport
KBHK,2975,US,Baker,0,small_airport
KBHM,650,US,Birmingham,1,large_airport
KBID,108,US,Block Island,1,small_airport
KBIE,1324,US,Beatrice,0,small_airport
KBIF,3946,US,Fort Bliss/El Paso,0,medium_airport
KBIH,4124,US,Bishop,1,medium_airport
KBIJ,214,US,Blakely,0,small_airport
KBIL,3652,US,Billings,1,medium_airport
KBIS,1661,US,Bismarck,1,medium_airport
KBIV,698,US,Holland,0,small_airport
KBIX,33,US,Biloxi,0,medium_airport
KBJC,5673,US,Denver,1,medium_airport
KBJI,1391,US,Bemidji,0,medium_airport
KBJJ,1136,US,Wooster,0,small_airport
KBKD,1284,US,Breckenridge,0,small_airport
KBKE,3373,US,Baker City,0,medium_airport
KBKF,5662,US,Aurora,0,medium_airport
KBKL,583,US,Cleveland,0,medium_airport
KBKN,1030,US,Blackwell,0,small_airport
KBKS,113,US,Falfurrias,0,small_airport
KBKT,439,US,Blackstone,0,small_airport
KBKV,76,US,Brooksville,0,small_airport
KBKW,2504,US,Beaver,1,medium_airport
KBKX,1648,US,Brookings,0,small_airport
KBLF,2857,US,Bluefield,0,medium_airport
KBLH,399,US,Blythe,0,medium_airport
KBLI,170,US,Bellingham,1,medium_airport
KBLM,153,US,Belmar/Farmingdale,0,small_airport
KBLU,5284,US,Emigrant Gap,0,small_airport
KBLV,459,US,Belleville,1,medium_airport
KBMC,4229,US,Brigham City,0,small_airport
KBMG,846,US,Bloomington,0,medium_airport
KBMI,871,US,Bloomington/Normal,1,medium_airport
KBML,1161,US,Berlin,0,small_airport
KBMQ,1284,US,Burnet,0,small_airport
KBMT,32,US,Beaumont,0,small_airport
KBNA,599,US,Nashville,1,large_airport
KBNG,2219,US,Banning,0,small_airport
KBNL,246,US,Barnwell,0,small_airport
KBNO,4148,US,Burns,0,medium_airport
KBNW,1160,US,Boone,0,small_airport
KBOI,2871,US,Boise,1,large_airport
KBOK,459,US,Brookings,0,small_airport
KBOS,20,US,Boston,1,large_airport
KBOW,125,US,Bartow,0,small_airport
KBPG,2573,US,Big Spring,0,small_airport
KBPI,6990,US,Big Piney,0,medium_airport
KBPK,928,US,Mountain Home,0,medium_airport
KBPT,15,US,Beaumont/Port Arthur,1,medium_airport
KBQK,26,US,Brunswick,1,medium_airport
KBQP,168,US,Bastrop,0,small_airport
KBQR,750,US,Lancaster,0,small_airport
KBRD,1232,US,Brainerd,1,medium_airport
KBRL,698,US,Burlington,1,medium_airport
KBRO,22,US,Brownsville,1,medium_airport
KBRY,669,US,Bardstown,0,small_airport
KBST,198,US,Belfast,0,small_airport
KBTA,1325,US,Blair,0,small_airport
KBTF,4234,US,Bountiful,0,small_airport
KBTL,952,US,Battle Creek,0,medium_airport
KBTM,5550,US,Butte,1,medium_airport
KBTN,1318,US,Britton,0,small_airport
KBTP,1248,US,Butler,0,small_airport
KBTR,70,US,Baton Rouge,1,medium_airport
KBTV,335,US,Burlington,1,medium_airport
KBTY,3170,US,Beatty,0,small_airport
KBUB,2182,US,Burwell,0,small_airport
KBUF,728,US,Buffalo,1,large_airport
KBUM,892,US,Butler,0,small_airport
KBUR,778,US,Burbank,1,large_airport
KBUU,779,US,Burlington,0,small_airport
KBUY,617,US,Burlington,0,small_airport
KBVI,1253,US,Beaver Falls,0,medium_airport
KBVN,1806,US,Albion,0,small_airport
KBVO,711,US,Bartlesville,0,small_airport
KBVS,144,US,Burlington,0,small_airport
KBVX,465,US,Batesville,0,small_airport
KBVY,107,US,Beverly / Danvers,0,medium_airport
KBWC,-128,US,Brawley,0,small_airport
KBWD,1387,US,Brownwood,0,small_airport
KBWG,547,US,Bowling Green,0,medium_airport
KBWI,146,US,Baltimore,1,large_airport
KBWP,968,US,Wahpeton,0,small_airport
KBWW,2965,US,Bowman,0,small_airport
KBXA,119,US,Bogalusa,0,small_airport
KBXG,302,US,Waynesboro,0,small_airport
KBXK,1033,US,Buckeye,0,small_airport
KBXM,72,US,Brunswick,0,medium_airport
KBYG,4968,US,Buffalo,0,small_airport
KBYH,254,US,Blytheville,0,medium_airport
KBYI,4150,US,Burley,0,medium_airport
KBYS,2350,US,Fort Irwin/Barstow,0,medium_airport
KBYY,45,US,Bay City,0,small_airport
KBZN,4473,US,Bozeman,1,medium_airport
KC73,785,US,Dixon,0,small_airport
KCAD,1307,US,Cadillac,0,small_airport
KCAE,236,US,Columbia,1,medium_airport
KCAG,6193,US,Craig,0,small_airport
KCAK,1228,US,Akron,1,medium_airport
KCAO,4965,US,Clayton,0,small_airport
KCAR,626,US,Caribou,0,medium_airport
KCAV,1162,US,Clarion,0,small_airport
KCBE,775,US,Wiley Ford,0,small_airport
KCBF,1253,US,Council Bluffs,0,small_airport
KCBG,945,US,Cambridge,0,small_airport
KCBK,3187,US,Colby,0,small_airport
KCBM,219,US,Columbus,0,medium_airport
PAKC,0,US,Coffman Cove,1,seaplane_base
KCCA,514,US,Clinton,0,small_airport
KCCB,1444,US,Upland,0,small_airport
KCCO,970,US,Newnan,0,small_airport
KCCR,26,US,Concord,1,medium_airport
KCCY,1125,US,Charles City,0,medium_airport
KCDA,1188,US,Lyndonville,0,small_airport
KCDC,5622,US,Cedar City,1,medium_airport
KCDH,130,US,Camden,0,small_airport
KCDI,799,US,Cambridge,0,small_airport
KCDK,11,US,Cedar Key,0,small_airport
KCDN,302,US,Camden,0,small_airport
KCDR,3297,US,Chadron,1,medium_airport
KCDS,1954,US,Childress,0,medium_airport
KCDW,173,US,Caldwell,0,small_airport
KCEA,1378,US,Wichita,0,small_airport
KCEC,61,US,Crescent City,1,medium_airport
KCEF,241,US,Chicopee,0,medium_airport
KCEK,1500,US,Crete,0,small_airport
KCEU,892,US,Clemson,0,small_airport
KCEV,867,US,Connersville,0,small_airport
KCEW,213,US,Crestview,0,medium_airport
KCEY,577,US,Murray,0,small_airport
KCEZ,5918,US,Cortez,1,medium_airport
KCFD,367,US,Bryan,0,small_airport
KCFE,967,US,Buffalo,0,small_airport
KCFJ,799,US,Crawfordsville,0,small_airport
KCFS,701,US,Caro,0,small_airport
KCFT,3798,US,Clifton,0,small_airport
KCFV,754,US,Coffeyville,0,small_airport
KCGC,9,US,Crystal River,0,small_airport
KCGE,20,US,Cambridge,0,small_airport
KCGF,879,US,Cleveland,0,medium_airport
KCGI,342,US,Cape Girardeau,1,medium_airport
KCGS,48,US,College Park,0,small_airport
KCGZ,1464,US,Casa Grande,0,small_airport
KCHA,683,US,Chattanooga,1,medium_airport
KCHD,1243,US,Chandler,0,small_airport
KCHK,1152,US,Chickasha,0,small_airport
KCHN,106,US,Wauchula,0,small_airport
KCHO,639,US,Charlottesville,1,medium_airport
KCHQ,313,US,Charleston,0,small_airport
KCHS,46,US,Charleston,1,large_airport
KCHT,783,US,Chillicothe,0,small_airport
KCHU,1179,US,Caledonia,0,small_airport
KCIC,240,US,Chico,0,small_airport
KCID,869,US,Cedar Rapids,1,medium_airport
KCII,3947,US,Choteau,0,small_airport
KCIN,1204,US,Carroll,0,small_airport
KCIR,321,US,Cairo,0,small_airport
KCIU,800,US,Kincheloe,1,medium_airport
KCJR,316,US,Culpeper,0,small_airport
KCKA,1202,US,Cherokee,0,small_airport
KCKB,1217,US,Bridgeport,1,medium_airport
KCKC,1799,US,Grand Marais,0,small_airport
KCKF,310,US,Cordele,0,small_airport
KCKI,67,US,Kingstree,0,small_airport
KCKM,173,US,Clarksdale,0,small_airport
KCKN,899,US,Crookston,0,small_airport
KCKP,1227,US,Cherokee,0,small_airport
KCKV,550,US,Clarksville,0,small_airport
KCKZ,568,US,Perkasie,0,small_airport
KCLE,791,US,Cleveland,1,large_airport
KCLI,822,US,Clintonville,0,small_airport
KCLK,1616,US,Clinton,0,small_airport
KCLL,320,US,College Station,1,medium_airport
KCLM,291,US,Port Angeles,0,medium_airport
KCLR,-182,US,Calipatria,0,small_airport
KCLS,176,US,Chehalis,0,small_airport
KCLT,748,US,Charlotte,1,large_airport
KCLW,71,US,Clearwater,0,small_airport
KCMA,77,US,Camarillo,0,medium_airport
KCMD,969,US,Cullman,0,small_airport
KCMH,815,US,Columbus,1,large_airport
KCMI,755,US,Savoy,1,medium_airport
KCMR,6680,US,Williams,0,small_airport
KCMX,1095,US,Hancock,1,medium_airport
KCMY,837,US,Sparta,0,small_airport
KCNB,1194,US,Canby,0,small_airport
KCNC,1050,US,Chariton,0,small_airport
KCNH,545,US,Claremont,0,small_airport
KCNK,1486,US,Concordia,0,small_airport
KCNM,3295,US,Carlsbad,1,medium_airport
KCNO,650,US,Chino,0,small_airport
KCNP,3682,US,Chappell,0,small_airport
KCNU,1002,US,Chanute,0,medium_airport
KCNW,470,US,Waco,0,small_airport
KCNY,4557,US,Moab,1,medium_airport
KCOD,5102,US,Cody,1,medium_airport
KCOE,2320,US,Coeur d'Alene,0,medium_airport
KCOF,8,US,Cocoa Beach,0,medium_airport
KCOI,6,US,Merritt Island,0,small_airport
KCOM,1697,US,Coleman,0,small_airport
KCON,342,US,Concord,0,medium_airport
KCOQ,1279,US,Cloquet,0,small_airport
KCOS,6187,US,Colorado Springs,1,large_airport
KCOT,474,US,Cotulla,0,small_airport
KCOU,889,US,Columbia,1,medium_airport
KCPC,99,US,Whiteville,0,small_airport
KCPK,19,US,Chesapeake,0,small_airport
KCPM,97,US,Compton,0,small_airport
KCPR,5350,US,Casper,1,medium_airport
KCPS,413,US,Cahokia/St Louis,0,small_airport
KCPT,854,US,Cleburne,0,small_airport
KCPU,1325,US,San Andreas,0,small_airport
KCQA,894,US,Celina,0,small_airport
KCQB,984,US,Chandler,0,small_airport
KCQM,1327,US,Cook,0,small_airport
KCQW,239,US,Cheraw,0,small_airport
KCQX,68,US,Chatham,0,small_airport
KCRE,32,US,North Myrtle Beach,0,medium_airport
KCRG,41,US,Jacksonville,0,medium_airport
KCRP,44,US,Corpus Christi,1,medium_airport
KCRQ,331,US,Carlsbad,1,medium_airport
KCRS,449,US,Corsicana,0,small_airport
KCRT,184,US,Crossett,0,small_airport
KCRW,981,US,Charleston,1,medium_airport
KCRX,425,US,Corinth,0,small_airport
KCRZ,1274,US,Corning,0,small_airport
KCSB,2414,US,Cambridge,0,small_airport
KCSG,397,US,Columbus,1,medium_airport
KCSM,1922,US,Clinton,0,small_airport
KCSQ,1300,US,Creston,0,small_airport
KCSV,1881,US,Crossville,0,medium_airport
KCTB,3854,US,Cut Bank,0,medium_airport
KCTJ,1161,US,Carrollton,0,small_airport
KCTK,684,US,Canton,0,small_airport
KCTY,42,US,Cross City,0,small_airport
KCTZ,148,US,Clinton,0,small_airport
KCUB,193,US,Columbia,0,medium_airport
KCUH,916,US,Cushing,0,small_airport
KCUL,388,US,Carmi,0,small_airport
KCUT,5602,US,Custer,0,small_airport
KCVB,771,US,Castroville,0,small_airport
KCVG,896,US,Cincinnati / Covington,1,large_airport
KCVH,230,US,Hollister,0,small_airport
KCVK,716,US,Ash Flat,0,small_airport
KCVN,4216,US,Clovis,1,medium_airport
KCVO,250,US,Corvallis,0,medium_airport
KCVS,4295,US,Clovis,0,medium_airport
KCVX,669,US,Charlevoix,1,small_airport
KCWA,1277,US,Mosinee,1,medium_airport
KCWC,1003,US,Wichita Falls,0,small_airport
KCWF,17,US,Lake Charles,0,small_airport
KCWI,708,US,Clinton,0,small_airport
KCWV,112,US,Claxton,0,small_airport
KCXE,503,US,Chase City,0,small_airport
KCXL,4,US,Calexico,0,small_airport
KCXO,245,US,Houston,0,medium_airport
KCXP,4697,US,Carson City,0,medium_airport
KCXU,175,US,Camilla,0,small_airport
KCXW,276,US,Conway,0,small_airport
KCXY,347,US,Harrisburg,0,small_airport
KCYO,684,US,Circleville,0,small_airport
KCYS,6159,US,Cheyenne,1,medium_airport
KCYW,1208,US,Clay Center,0,small_airport
KCZD,2503,US,Cozad,0,small_airport
KCZG,833,US,Endicott,0,small_airport
KCZK,151,US,Cascade Locks,0,small_airport
KCZL,647,US,Calhoun,0,small_airport
KCZT,599,US,Carrizo Springs,0,small_airport
KD07,2582,US,Faith,0,small_airport
KJTC,7055,US,Springerville,0,small_airport
KDAA,73,US,Fort Belvoir,0,medium_airport
KDAB,34,US,Daytona Beach,1,medium_airport
KDAF,919,US,Necedah,0,small_airport
KDAG,1930,US,Daggett,0,medium_airport
KDAL,487,US,Dallas,1,large_airport
KDAN,571,US,Danville,0,medium_airport
KDAW,322,US,Rochester,0,small_airport
KDAY,1009,US,Dayton,1,medium_airport
KDBN,309,US,Dublin,0,small_airport
KDBQ,1077,US,Dubuque,1,medium_airport
KDCA,15,US,Washington,1,large_airport
KDCM,656,US,Chester,0,small_airport
KDCU,592,US,Decatur,0,small_airport
KDCY,473,US,Washington,0,small_airport
KDDC,2594,US,Dodge City,1,medium_airport
KDDH,827,US,Bennington,0,small_airport
KDEC,682,US,Decatur,1,medium_airport
KDED,79,US,Deland,0,small_airport
KDEH,1158,US,Decorah,0,small_airport
KDEN,5431,US,Denver,1,large_airport
KDEQ,355,US,DeQueen,0,small_airport
KDET,626,US,Detroit,0,medium_airport
KDEW,2211,US,Deer Park,0,small_airport
KDFI,707,US,Defiance,0,small_airport
KDFW,607,US,Dallas-Fort Worth,1,large_airport
KDGL,4173,US,Douglas,0,small_airport
KDGW,4933,US,Douglas,0,small_airport
KDHN,401,US,Dothan,1,medium_airport
KDHT,3991,US,Dalhart,0,medium_airport
KDIJ,6229,US,Driggs,0,small_airport
KDIK,2592,US,Dickinson,1,medium_airport
KDKB,914,US,DeKalb,0,small_airport
KDKK,693,US,Dunkirk,0,small_airport
KDKR,348,US,Crockett,0,small_airport
KDKX,833,US,Knoxville,0,small_airport
KDLC,133,US,Dillon,0,small_airport
KDLF,1082,US,Del Rio,0,medium_airport
KDLH,1428,US,Duluth,1,medium_airport
KDLL,979,US,Baraboo,0,small_airport
KDLN,5241,US,Dillon,0,small_airport
KDLO,314,US,Delano,0,small_airport
KDLS,247,US,Dallesport / The Dalles,0,medium_airport
KDLZ,945,US,Delaware,0,small_airport
KDMA,2704,US,Tucson,0,medium_airport
KDMN,4314,US,Deming,0,medium_airport
KDMO,909,US,Sedalia,0,small_airport
KDMW,789,US,Westminster,0,small_airport
KDNL,423,US,Augusta,0,medium_airport
KDNN,709,US,Dalton,0,small_airport
KDNS,1274,US,Denison,0,small_airport
KDNV,697,US,Danville,0,small_airport
KDOV,24,US,Dover,1,medium_airport
KDPA,759,US,Chicago/West Chicago,0,medium_airport
KDPG,4349,US,Dugway Proving Ground,0,small_airport
KDPL,136,US,Kenansville,0,small_airport
KDQH,257,US,Douglas,0,small_airport
KDRI,202,US,DeRidder,0,medium_airport
KDRM,668,US,Drummond Island,0,small_airport
KDRO,6685,US,Durango,1,medium_airport
KDRP,239,US,Colt,0,small_airport
KDRT,1002,US,Del Rio,0,medium_airport
KDSM,958,US,Des Moines,1,large_airport
KDSV,662,US,Dansville,0,small_airport
KDTA,4759,US,Delta,0,small_airport
KDTL,1397,US,Detroit Lakes,0,small_airport
KDTN,179,US,Shreveport,0,small_airport
KDTO,643,US,Denton,0,small_airport
KDTS,23,US,Destin,1,medium_airport
KDTW,645,US,Detroit,1,large_airport
KDUA,699,US,Durant,0,medium_airport
KDUC,1114,US,Duncan,0,small_airport
KDUG,4154,US,Douglas Bisbee,0,medium_airport
KDUH,669,US,Lambertville,0,small_airport
KDUJ,1817,US,Dubois,1,medium_airport
KDUX,3705,US,Dumas,0,small_airport
KDVK,1022,US,Danville,0,small_airport
KDVL,1456,US,Devils Lake,1,medium_airport
KDVN,751,US,Davenport,0,small_airport
KDVO,2,US,Novato,0,small_airport
KDVP,1623,US,Slayton,0,small_airport
KDVT,1478,US,Phoenix,0,small_airport
KDWA,100,US,Davis/Woodland/Winters,0,small_airport
KDWH,152,US,Houston,0,small_airport
KDWU,546,US,Worthington,0,small_airport
KDXE,304,US,Dexter,0,small_airport
KDXR,458,US,Danbury,0,medium_airport
KDXX,1082,US,Louisburg,0,small_airport
KDYA,113,US,Demopolis,0,small_airport
KDYB,56,US,Summerville,0,small_airport
KDYL,394,US,Doylestown,0,small_airport
KDYR,338,US,Dyersburg,0,small_airport
KDYS,1789,US,Abilene,0,medium_airport
KDYT,610,US,Duluth,0,small_airport
KDZB,1093,US,Horseshoe Bay,0,small_airport
KDZJ,1911,US,Blairsville,0,small_airport
HKZF,3750,KE,Mfangano Island,0,small_airport
HKRK,3800,KE,Rusinga,0,small_airport
HKOL,2842,KE,Oropoi,0,small_airport
HKSP,5350,KE,Ololaimutiek,0,small_airport
HKSO,5900,KE,Ol Maisor,0,small_airport
HKIK,5600,KE,Olooloitikosh,0,small_airport
HKHK,6000,KE,,0,small_airport
HKON,500,KE,Kone,0,small_airport
HKCD,500,KE,Makongeni,0,small_airport
HKFD,5500,KE,Ngare Ndare,0,small_airport
HKAL,5000,KE,Alale,0,small_airport
HKAD,1212,KE,Arabia,0,small_airport
HKBE,0,KE,Bomet,0,small_airport
HKBZ,1642,KE,Buna,0,small_airport
HKBT,2128,KE,Bute,0,small_airport
HKCC,5780,KE,Esiot,0,small_airport
HKDA,400,KE,Dadaab,0,small_airport
HKTB,0,KE,Kichwa Tembo,0,small_airport
HKFK,6236,KE,Pesi,0,small_airport
HKSF,6159,KE,Sosian,0,small_airport
HKLM,7546,KE,Timau,0,small_airport
HKOT,6365,KE,Naivasha,0,small_airport
HKEO,0,KE,Cherubei,0,small_airport
HKOY,6500,KE,Mara Simba,0,small_airport
HKEU,5700,KE,Oloolaimutia,0,small_airport
HKAV,0,KE,Voi,0,small_airport
HKOR,3000,KE,Sigor,0,small_airport
HKTI,6700,KE,Tinderet,0,small_airport
HKLA,1866,KE,Laisamis,0,small_airport
HKLR,1990,KE,Lokori,0,small_airport
HKBL,2000,KE,Balesa,0,small_airport
HKFT,5050,KE,Talek,0,small_airport
HKIC,5500,KE,Ilmeshuki,0,small_airport
HKUR,0,KE,Kulalu,0,small_airport
HKMX,5200,KE,Lomolo,0,small_airport
HKOP,2011,KE,Loperot,0,small_airport
HKTH,1600,KE,Kerio,0,small_airport
HKTF,3150,KE,Taita Hills,0,small_airport
HKTW,2625,KE,Nasolot,0,small_airport
HKAC,500,KE,Kone,0,small_airport
HKGE,5510,KE,Aitong,0,small_airport
HKHZ,5700,KE,Segera,0,small_airport
HKLX,500,KE,Kisiki Cha Wangiriam,0,small_airport
HKRS,5755,KE,Kilgoris,0,small_airport
HKMF,5500,KE,Mara Rianta,0,small_airport
HKZM,6980,KE,Moi's Bridge,0,small_airport
HKOM,6180,KE,Lolgorien,0,small_airport
HKSJ,5117,KE,Mara Rianta,0,small_airport
HKZT,1187,KE,North Horr,0,small_airport
HKSL,6300,KE,Lamuria,0,small_airport
HKOJ,5640,KE,Oljogi Ranch,0,small_airport
HKOK,5011,KE,Serena,0,small_airport
HKKM,1906,KE,Kakuma,0,small_airport
HKBN,2998,KE,Banisa,0,small_airport
HKHE,2440,KE,Lokichar,0,small_airport
HKRB,1300,KE,Aruba,0,small_airport
HKBU,4726,KE,Bungoma,0,small_airport
HKED,7050,KE,Eldoret,0,small_airport
HKLT,5320,KE,Oloitoktok,0,small_airport
HKMG,1955,KE,Magadi,0,small_airport
HKMR,1446,KE,Mackinnon Road,0,small_airport
HKMT,2397,KE,Mtito Andei,0,small_airport
HKCG,6856,KE,Chagaik,0,small_airport
HKIU,1,KE,Kiunga,0,small_airport
KBRG,5194,US,Belen,0,small_airport
KEAG,1133,US,Eagle Grove,0,small_airport
KEAN,4776,US,Wheatland,0,small_airport
KEAR,2131,US,Kearney,1,medium_airport
KEAT,1249,US,Wenatchee,1,medium_airport
KEAU,913,US,Eau Claire,1,medium_airport
KEBD,1883,US,Varney,0,small_airport
KEBG,75,US,Edinburg,0,small_airport
KEBS,1122,US,Webster City,0,small_airport
KECG,11,US,Elizabeth City,0,medium_airport
KECP,69,US,Panama City Beach,1,medium_airport
KECS,4174,US,Newcastle,0,small_airport
KECU,2372,US,Rocksprings,0,small_airport
KEDC,620,US,Pflugerville,1,medium_airport
KEDE,20,US,Edenton,0,small_airport
KEDJ,1122,US,Bellefontaine,0,small_airport
KEDN,361,US,Enterprise,0,small_airport
KEDU,69,US,Davis,0,small_airport
KEDW,2312,US,Edwards,0,medium_airport
KEED,983,US,Needles,0,medium_airport
KEEN,488,US,Keene,0,medium_airport
KEEO,6421,US,Meeker,0,small_airport
KEET,586,US,Alabaster,0,medium_airport
KEFC,3191,US,Belle Fourche,0,small_airport
KEFD,32,US,Houston,0,medium_airport
KEFK,930,US,Newport,0,small_airport
KEFT,1086,US,Monroe,0,small_airport
KEFW,1044,US,Jefferson,0,small_airport
KEGE,6548,US,Eagle,1,medium_airport
KEGI,191,US,Crestview,0,medium_airport
KEGQ,1205,US,Emmetsburg,0,small_airport
KEGT,1277,US,Wellington,0,small_airport
KEGV,1642,US,Eagle River,0,small_airport
KEHA,3622,US,Elkhart,0,small_airport
KEHO,847,US,Shelby,0,small_airport
KEHR,387,US,Henderson,0,small_airport
KEIK,5130,US,Erie,0,small_airport
KEIW,296,US,New Madrid,0,small_airport
KEKA,7,US,Eureka,0,medium_airport
KEKM,778,US,Elkhart,0,small_airport
KEKN,1987,US,Elkins,0,medium_airport
KEKO,5140,US,Elko,1,medium_airport
KEKQ,963,US,Monticello,0,small_airport
KEKS,5423,US,Ennis,0,small_airport
KEKX,775,US,Elizabethtown,0,small_airport
KEKY,700,US,Bessemer,0,small_airport
KELA,184,US,Eagle Lake,0,small_airport
KELD,277,US,El Dorado,1,medium_airport
KELK,2013,US,Elk City,0,small_airport
KELM,954,US,Elmira/Corning,1,medium_airport
KELN,1764,US,Ellensburg,0,small_airport
KELO,1456,US,Ely,0,medium_airport
KELP,3959,US,El Paso,1,large_airport
KELY,6259,US,Ely,0,medium_airport
KELZ,2124,US,Wellsville,0,small_airport
KEMM,7285,US,Kemmerer,0,small_airport
KEMP,1208,US,Emporia,0,small_airport
KEMT,296,US,El Monte,0,small_airport
KEMV,127,US,Emporia,0,small_airport
KEND,1307,US,Enid,0,medium_airport
KENL,534,US,Centralia,0,small_airport
KENV,4237,US,Wendover,0,medium_airport
KENW,742,US,Kenosha,0,medium_airport
KEOE,570,US,Newberry,0,small_airport
KEOK,671,US,Keokuk,0,small_airport
KEOP,660,US,Waverly,0,small_airport
KEOS,1255,US,Neosho,0,small_airport
KEPH,1276,US,Ephrata,0,small_airport
KEPM,45,US,Eastport,0,small_airport
KEQA,1378,US,El Dorado,0,small_airport
KEQY,679,US,Monroe,0,small_airport
KERI,732,US,Erie,1,medium_airport
KERR,1245,US,Errol,0,small_airport
KERV,1617,US,Kerrville,0,small_airport
KERY,869,US,Newberry,0,small_airport
KESC,609,US,Escanaba,1,medium_airport
KESF,112,US,Alexandria,0,medium_airport
KESN,72,US,Easton,0,small_airport
KEST,1319,US,Estherville,0,small_airport
KESW,2226,US,Easton,0,small_airport
KETB,887,US,West Bend,0,small_airport
KETC,53,US,Tarboro,0,small_airport
KETH,1025,US,Lake Valley Township,0,small_airport
KETN,1464,US,Eastland,0,small_airport
KEUF,285,US,Eufaula,0,small_airport
KEUG,374,US,Eugene,1,medium_airport
KEUL,2432,US,Caldwell,0,small_airport
KEVB,10,US,New Smyrna Beach,0,small_airport
KEVM,1379,US,Eveleth,0,small_airport
KEVU,1145,US,Maryville,0,small_airport
KEVV,418,US,Evansville,1,medium_airport
KEVW,7143,US,Evanston,0,medium_airport
KEVY,70,US,Middletown,0,small_airport
KEWB,80,US,New Bedford,1,medium_airport
KEWK,1533,US,Newton,0,small_airport
KEWN,18,US,New Bern,1,medium_airport
KEWR,18,US,Newark,1,large_airport
KEXX,733,US,Lexington,0,small_airport
KEYE,823,US,Indianapolis,0,small_airport
KEYF,131,US,Elizabethtown,0,small_airport
KEYW,3,US,Key West,1,medium_airport
KEZF,85,US,Fredericksburg,0,small_airport
KEZI,858,US,Kewanee,0,small_airport
KEZM,304,US,Eastman,0,small_airport
KEZS,813,US,Shawano,0,small_airport
KEZZ,1040,US,Shoal Township,0,small_airport
KF10,849,US,Henryetta,0,small_airport
KMNE,278,US,Minden,0,small_airport
KRCE,1354,US,Oklahoma City,0,small_airport
KF30,1051,US,Sulphur,0,small_airport
KGZL,599,US,Stigler,0,small_airport
KFAF,12,US,Newport News (Fort Eustis),0,medium_airport
KFAM,946,US,Farmington,0,small_airport
KFAR,902,US,Fargo,1,medium_airport
KFAT,336,US,Fresno,1,large_airport
KFAY,189,US,Fayetteville,1,medium_airport
KFBG,244,US,Fort Bragg,0,medium_airport
KFBL,1060,US,Faribault,0,small_airport
KFBR,7034,US,Fort Bridger,0,small_airport
KFBY,1479,US,Fairbury,0,small_airport
KFCH,279,US,Fresno,0,small_airport
KFCI,236,US,North Chesterfield,0,small_airport
KFCM,906,US,Minneapolis,0,small_airport
KFCS,5838,US,Fort Carson,0,medium_airport
KFCY,249,US,Forrest City,0,small_airport
KFDK,303,US,Frederick,0,small_airport
KFDR,1258,US,Frederick,0,small_airport
KFDW,577,US,Winnsboro,0,small_airport
KFDY,813,US,Findlay,0,medium_airport
KFEP,859,US,Freeport,0,small_airport
KFET,1204,US,Fremont,0,small_airport
KFFA,13,US,Kill Devil Hills,0,small_airport
KFFC,808,US,Peachtree City,0,small_airport
KFFL,799,US,Fairfield,0,small_airport
KFFM,1183,US,Fergus Falls,0,small_airport
KFFO,823,US,Dayton,0,medium_airport
KFFT,806,US,Frankfort,0,small_airport
KFFX,772,US,Fremont,0,small_airport
KFFZ,1394,US,Mesa,0,small_airport
KFGU,860,US,Apison,0,small_airport
KFGX,913,US,Flemingsburg,0,small_airport
KFHR,113,US,Friday Harbor,1,medium_airport
KFHU,4719,US,Fort Huachuca / Sierra Vista,0,medium_airport
KFIG,1516,US,Clearfield,0,small_airport
KFIT,348,US,Fitchburg,0,small_airport
KFKA,1277,US,Preston,0,small_airport
KFKL,1540,US,Franklin,0,medium_airport
KFKN,41,US,Franklin,0,small_airport
KFKR,861,US,Frankfort,0,small_airport
KFKS,633,US,Frankfort,0,small_airport
KFLD,808,US,Fond du Lac,0,small_airport
KFLG,7014,US,Flagstaff,1,medium_airport
KFLL,9,US,Fort Lauderdale,1,large_airport
KFLO,146,US,Florence,1,medium_airport
KFLP,719,US,Flippin,0,small_airport
KFLV,772,US,Fort Leavenworth,0,small_airport
KFLX,3963,US,Fallon,0,small_airport
KFME,150,US,Fort Meade(Odenton),0,medium_airport
KFMH,131,US,Falmouth,0,small_airport
KFMM,4569,US,Fort Morgan,0,small_airport
KFMN,5506,US,Farmington,0,medium_airport
KFMY,17,US,Fort Myers,0,medium_airport
KFMZ,1636,US,Fairmont,0,small_airport
KFNB,984,US,Falls City,0,small_airport
KFNL,5016,US,Loveland,0,medium_airport
KFNT,782,US,Flint,1,medium_airport
KFOA,473,US,Flora,0,small_airport
KFOD,1156,US,Fort Dodge,1,medium_airport
KFOE,1078,US,Topeka,0,medium_airport
KFOK,67,US,Westhampton Beach,0,small_airport
KFOM,4985,US,Fillmore,0,small_airport
KFOT,393,US,Fortuna,0,small_airport
KFOZ,1348,US,Bigfork,0,small_airport
KFPK,891,US,Charlotte,0,small_airport
KFPR,24,US,Fort Pierce,0,medium_airport
KFQD,1077,US,Rutherfordton,0,small_airport
KFRG,82,US,East Farmingdale,0,medium_airport
KFRH,792,US,French Lick,0,small_airport
KFRI,1065,US,Fort Riley (Junction City),0,medium_airport
KFRM,1162,US,Fairmont,0,small_airport
KFRR,709,US,Front Royal,0,small_airport
KFSD,1429,US,Sioux Falls,1,medium_airport
KFSE,1277,US,Fosston,0,small_airport
KFSI,1189,US,Fort Sill,0,medium_airport
KFSK,918,US,Fort Scott,0,small_airport
KFSM,469,US,Fort Smith,1,medium_airport
KFSO,228,US,Swanton,0,small_airport
KFST,3011,US,Fort Stockton,0,medium_airport
KFSU,4165,US,Fort Sumner,0,small_airport
KFSW,724,US,Fort Madison,0,small_airport
KCFO,5512,US,Denver,0,small_airport
KFTK,756,US,Fort Knox,0,medium_airport
KFTT,886,US,Fulton,0,small_airport
KFTW,710,US,Fort Worth,1,medium_airport
KFTY,841,US,Atlanta,0,medium_airport
KFUL,96,US,Fullerton,0,small_airport
KFVE,988,US,Frenchville,0,small_airport
KFVX,416,US,Farmville,0,small_airport
KFWA,814,US,Fort Wayne,1,medium_airport
KFWC,436,US,Fairfield,0,small_airport
KFWN,421,US,Sussex,0,small_airport
KFWQ,1228,US,Monongahela,0,small_airport
KFWS,700,US,Fort Worth,0,small_airport
KFXE,13,US,Fort Lauderdale,0,medium_airport
KFXY,1229,US,Forest City,0,small_airport
KFYE,436,US,Somerville,0,small_airport
KFYJ,20,US,Shacklefords,0,small_airport
KFYM,984,US,Fayetteville,0,small_airport
KFYV,1251,US,Fayetteville,0,medium_airport
KFZG,365,US,Fitzgerald,0,small_airport
KFZI,752,US,Fostoria,0,small_airport
KFZY,475,US,Fulton,0,small_airport
UCFD,2591,KG,Jalal-Abad,1,medium_airport
UCFN,6998,KG,Naryn,1,small_airport
KGAB,4700,US,Gabbs,0,small_airport
KGAD,569,US,Gadsden,0,small_airport
KGAF,824,US,Grafton,0,small_airport
KGAG,2223,US,Gage,0,small_airport
KGAI,539,US,Gaithersburg,0,small_airport
KGAO,1,US,Galliano,0,small_airport
KGAS,566,US,Gallipolis,0,small_airport
KGAX,0,US,Gila Bend,0,small_airport
KGBD,1887,US,Great Bend,0,small_airport
KGBG,764,US,Galesburg,0,small_airport
KGXF,883,US,Gila Bend,0,small_airport
KGBR,739,US,Great Barrington,0,small_airport
KGCC,4365,US,Gillette,1,medium_airport
KGCD,3703,US,John Day,0,small_airport
KGCK,2891,US,Garden City,1,medium_airport
KGCM,733,US,Claremore,0,small_airport
KGCN,6609,US,Grand Canyon - Tusayan,1,medium_airport
KGCT,1230,US,Guthrie Center,0,small_airport
KGCY,1608,US,Greeneville,0,small_airport
KGDB,1047,US,Granite Falls,0,small_airport
KGDJ,835,US,Granbury,0,small_airport
KGDM,955,US,Gardner,0,small_airport
KGDV,2458,US,Glendive,1,medium_airport
KGDW,776,US,Gladwin,0,small_airport
KGED,53,US,Georgetown,0,small_airport
KGEG,2376,US,Spokane,1,large_airport
KGEO,958,US,Georgetown,0,small_airport
KGEU,1071,US,Glendale,0,small_airport
KGEV,3180,US,Jefferson,0,small_airport
KGEY,3939,US,Greybull,0,small_airport
KGEZ,803,US,Shelbyville,0,small_airport
KGFA,3472,US,Great Falls,0,heliport
KGFD,895,US,Greenfield,0,small_airport
KGFK,845,US,Grand Forks,1,medium_airport
KGFL,328,US,Glens Falls,0,medium_airport
KGFZ,1364,US,Greenfield,0,small_airport
KGGE,39,US,Georgetown,0,small_airport
KGGF,3425,US,Grant,0,small_airport
KGGG,365,US,Longview,1,medium_airport
KGGI,1008,US,Grinnell,0,small_airport
KGGP,738,US,Logansport,0,small_airport
KGGW,2296,US,Glasgow,1,medium_airport
KGHG,11,US,Marshfield,0,small_airport
KGHM,768,US,Centerville,0,small_airport
KGHW,1393,US,Glenwood,0,small_airport
KGIC,3314,US,Grangeville,0,small_airport
KGIF,145,US,Winter Haven,0,small_airport
KGJT,4858,US,Grand Junction,1,medium_airport
KGKJ,1399,US,Meadville,0,small_airport
KGKT,1014,US,Sevierville,0,small_airport
KGKY,628,US,Arlington,0,small_airport
KGLD,3656,US,Goodland,0,medium_airport
KGLE,845,US,Gainesville,0,small_airport
KGLH,131,US,Greenville,1,medium_airport
KGLR,1328,US,Gaylord,0,small_airport
KGLS,6,US,Galveston,0,medium_airport
KGLW,716,US,Glasgow,0,small_airport
KGLY,822,US,Clinton,0,small_airport
KGMJ,831,US,Grove,0,small_airport
KGMU,1048,US,Greenville,0,medium_airport
KGNB,8203,US,Granby,0,small_airport
KGNC,3315,US,Seminole,0,small_airport
KGNF,208,US,Grenada,0,small_airport
KGNG,3732,US,Gooding,0,small_airport
KGNT,6537,US,Grants,0,small_airport
KGNV,152,US,Gainesville,1,medium_airport
KGOK,1069,US,Guthrie,0,small_airport
KGON,9,US,Groton,0,medium_airport
KGOO,3152,US,Grass Valley,0,small_airport
KGOP,905,US,Gatesville,0,small_airport
KGOV,1158,US,Grayling,0,small_airport
KGPH,777,US,Excelsior Springs,0,small_airport
KGPI,2977,US,Kalispell,1,medium_airport
KGPM,588,US,Grand Prairie,0,small_airport
KGPT,28,US,Gulfport,1,medium_airport
KGPZ,1355,US,Grand Rapids,0,small_airport
KGQQ,1224,US,Galion,0,small_airport
KGRB,695,US,Green Bay,1,medium_airport
KGRD,631,US,Greenwood,0,small_airport
KGRE,541,US,Greenville,0,small_airport
KGRF,300,US,Joint Base Lewis McChord,0,medium_airport
KGRI,1847,US,Grand Island,1,medium_airport
KGRK,1015,US,Fort Cavazos,1,medium_airport
KGRN,3562,US,Gordon,0,small_airport
KGRR,794,US,Grand Rapids,1,large_airport
KGSB,109,US,Goldsboro,0,medium_airport
KGSH,827,US,Goshen,0,small_airport
KGSO,925,US,Greensboro,1,large_airport
KGSP,964,US,Greenville/Greer/Spartanburg,1,medium_airport
KGTB,688,US,Fort Drum,0,medium_airport
KGTE,2559,US,Gothenburg,0,small_airport
KGTF,3680,US,Great Falls,1,medium_airport
KGTG,927,US,Grantsburg,0,small_airport
KGTR,264,US,Columbus/W Point/Starkville,1,medium_airport
KGTU,790,US,Georgetown,0,small_airport
KGUC,7680,US,Gunnison,1,medium_airport
KGUP,6472,US,Gallup,1,medium_airport
KGUS,812,US,Peru,0,medium_airport
KGUY,3123,US,Guymon,0,medium_airport
KGVE,454,US,Gordonsville,0,small_airport
KGVL,1276,US,Gainesville,0,small_airport
KGVQ,914,US,Batavia,0,small_airport
KGVT,535,US,Greenville,0,small_airport
KGWB,880,US,Auburn,0,small_airport
KGWO,162,US,Greenwood,0,medium_airport
KGWR,1266,US,Gwinner,0,small_airport
KGWS,5921,US,Glenwood Springs,0,small_airport
KGWW,134,US,Pikeville,0,small_airport
PAGX,99,US,Grayling,1,small_airport
KGXY,4697,US,Greeley,0,small_airport
KGYB,485,US,Giddings,0,small_airport
KGYH,955,US,Greenville,0,small_airport
KGYI,749,US,Denison,0,medium_airport
KGYL,992,US,Glencoe,0,small_airport
KGYR,968,US,Goodyear,0,small_airport
KGYY,591,US,Gary,1,medium_airport
KGZH,259,US,Evergreen,0,small_airport
KGZN,1711,US,Cisco,0,small_airport
KGZS,685,US,Pulaski,0,small_airport
VDTI,20,KH,Phnom Penh (Boeng Khyang),1,large_airport
KOZS,1062,US,Camdenton,0,small_airport
KH92,825,US,Hominy,0,small_airport
KHAB,436,US,Hamilton,0,small_airport
KHAE,769,US,Hannibal,0,small_airport
KHAF,66,US,Half Moon Bay,0,small_airport
KHAI,824,US,Three Rivers,0,small_airport
KHAO,633,US,Hamilton,0,small_airport
KHBC,1649,US,Mohall,0,small_airport
KHBG,151,US,Hattiesburg,0,medium_airport
KHBI,671,US,Asheboro,0,small_airport
KHBR,1563,US,Hobart,0,medium_airport
KHBV,663,US,Hebbronville,0,small_airport
KHBZ,632,US,Heber Springs,0,small_airport
KHCD,1062,US,Hutchinson,0,small_airport
KHCO,819,US,Hallock,0,small_airport
KHCR,5637,US,Heber,0,small_airport
KHDC,47,US,Hammond,0,small_airport
KHDE,2313,US,Holdrege,0,small_airport
KHDN,6606,US,Hayden,1,medium_airport
KHDO,930,US,Hondo,0,small_airport
KHEE,242,US,West Helena,0,small_airport
KHEF,192,US,Manassas,0,medium_airport
KHEG,87,US,Jacksonville,0,small_airport
KHEI,2705,US,Hettinger,0,small_airport
KHEQ,3730,US,Holyoke,0,small_airport
KHEZ,272,US,Natchez,0,small_airport
KHFD,18,US,Hartford,0,medium_airport
KHFF,376,US,Hoffman,0,small_airport
KHFJ,1314,US,Pierce City,0,small_airport
KHFY,822,US,Indianapolis,0,small_airport
KHGR,703,US,Hagerstown,1,medium_airport
KHHF,2396,US,Canadian,0,small_airport
KHHG,806,US,Huntington,0,small_airport
KHHR,66,US,Hawthorne,1,medium_airport
KHHW,572,US,Hugo,0,small_airport
KHIB,1354,US,Hibbing,1,medium_airport
KHIE,1074,US,Whitefield,0,small_airport
KHIF,4789,US,Ogden,0,medium_airport
KHIG,840,US,Higginsville,0,small_airport
KHII,783,US,Lake Havasu City,1,medium_airport
KHIO,208,US,Portland,0,medium_airport
KHJH,1466,US,Hebron,0,small_airport
KHJO,240,US,Hanford,0,small_airport
KHKA,255,US,Blytheville,0,small_airport
KHKS,341,US,Jackson,0,small_airport
KHKY,1190,US,Hickory,0,medium_airport
KHLB,973,US,Batesville,0,small_airport
KHLC,2238,US,Hill City,0,small_airport
KHLG,1195,US,Wheeling,0,medium_airport
KHLN,3877,US,Helena,1,medium_airport
KHLR,924,US,Fort Cavazos (Killeen),0,heliport
KHLX,2693,US,Hillsville,0,small_airport
KHMN,4093,US,Alamogordo,0,medium_airport
KHMT,1512,US,Hemet,0,small_airport
KHMZ,1162,US,Bedford,0,small_airport
KHNB,529,US,Huntingburg,0,small_airport
KHND,2492,US,Las Vegas,0,small_airport
KHNR,1231,US,Harlan,0,small_airport
KHNZ,526,US,Oxford,0,small_airport
KHOB,3661,US,Hobbs,1,medium_airport
KHOC,977,US,Hillsboro,0,small_airport
KHOE,186,US,Homerville,0,small_airport
KHON,1289,US,Huron,0,medium_airport
KHOP,573,US,Fort Campbell,0,medium_airport
KHOT,540,US,Hot Springs,1,medium_airport
KHOU,46,US,Houston,1,large_airport
KHPN,439,US,White Plains,1,medium_airport
KHPT,1176,US,Hampton,0,small_airport
KHPY,34,US,Baytown,0,small_airport
KHQG,3134,US,Hugoton,0,small_airport
KHQM,18,US,Hoquiam,0,medium_airport
KHQU,501,US,Thomson,0,small_airport
KHQZ,447,US,Mesquite,0,small_airport
KHRI,644,US,Hermiston,0,small_airport
KHRJ,202,US,Erwin,0,small_airport
KHRL,36,US,Harlingen,1,medium_airport
KHRO,1365,US,Harrison,1,medium_airport
KHRT,38,US,Mary Esther,0,medium_airport
KHRU,1480,US,Herington,0,small_airport
KHRX,3788,US,Hereford,0,small_airport
KHSA,23,US,Bay St Louis,0,small_airport
KHSB,398,US,Harrisburg,0,small_airport
KHSD,1193,US,Oklahoma City,0,small_airport
KHSE,17,US,Hatteras,0,small_airport
KHSG,4895,US,Thermopolis,0,small_airport
KHSI,1961,US,Hastings,0,small_airport
KHSP,3793,US,Hot Springs,0,small_airport
KHSR,3150,US,Hot Springs,0,small_airport
KHST,5,US,Homestead,0,medium_airport
KHSV,629,US,Huntsville,1,medium_airport
KHTH,4215,US,Hawthorne,0,small_airport
KHTL,1150,US,Houghton Lake,0,small_airport
KJPX,55,US,East Hampton,0,small_airport
KHTS,828,US,Huntington,1,medium_airport
KHTW,568,US,South Point,0,small_airport
KHUA,684,US,Redstone Arsnl Huntsville,0,medium_airport
KHUF,589,US,Terre Haute,0,medium_airport
KHUL,489,US,Houlton,0,medium_airport
KHUM,10,US,Houma,0,small_airport
KHUT,1543,US,Hutchinson,0,medium_airport
KHVC,564,US,Hopkinsville,0,small_airport
KHVE,4444,US,Hanksville,0,small_airport
KHVN,12,US,New Haven,1,medium_airport
KHVR,2591,US,Havre,1,medium_airport
KHVS,364,US,Hartsville,0,small_airport
KHWD,52,US,Hayward,0,small_airport
KHWO,8,US,Hollywood,0,medium_airport
KHWQ,4311,US,Harlowton,0,small_airport
KHWV,81,US,Shirley,0,small_airport
KHWY,336,US,Midland,0,small_airport
KHXD,19,US,Hilton Head Island,1,medium_airport
KHXF,1069,US,Hartford,0,small_airport
KHYA,54,US,Hyannis,1,medium_airport
KHYI,597,US,San Marcos,0,medium_airport
KHYR,1216,US,Hayward,0,medium_airport
KHYS,1999,US,Hays,1,medium_airport
KHYW,35,US,Conway,0,small_airport
KHYX,601,US,Saginaw,0,small_airport
KHZD,497,US,Huntingdon,0,small_airport
KHZE,1814,US,Hazen,0,small_airport
KHZL,1603,US,Hazleton,0,small_airport
KHZR,40,US,New Roads,0,small_airport
KHZX,1228,US,Mc Gregor,0,small_airport
KHZY,924,US,Ashtabula,0,medium_airport
KSCA,1044,US,Sidney,0,small_airport
KRGA,1002,US,Richmond,0,medium_airport
KSXU,4792,US,Santa Rosa,0,small_airport
KIAB,1371,US,Wichita,0,medium_airport
KIAD,312,US,Dulles,1,large_airport
KIAG,589,US,Niagara Falls,1,medium_airport
KIAH,97,US,Houston,1,large_airport
KIBM,4926,US,Kimball,0,small_airport
KICL,996,US,Clarinda,0,small_airport
KICR,2033,US,Winner,0,small_airport
KICT,1333,US,Wichita,1,medium_airport
KIDA,4744,US,Idaho Falls,1,medium_airport
KIDG,1245,US,Ida Grove,0,small_airport
KIDI,1405,US,Indiana,0,small_airport
KIDL,126,US,Indianola,0,small_airport
KIDP,825,US,Independence,0,small_airport
KIEN,3333,US,Pine Ridge,0,small_airport
KIER,121,US,Natchitoches,0,small_airport
KIFA,1137,US,Iowa Falls,0,small_airport
KIFP,701,US,Bullhead City,0,medium_airport
KIGM,3449,US,Kingman,0,medium_airport
KIGQ,620,US,Chicago,0,small_airport
KIIB,979,US,Independence,0,small_airport
KIIY,646,US,Washington,0,small_airport
KIJD,247,US,North Windham,0,small_airport
KIJX,624,US,Jacksonville,0,small_airport
KIKG,130,US,Kingsville,0,small_airport
KIKK,630,US,Kankakee,0,medium_airport
KIKV,910,US,Ankeny,0,small_airport
KILE,848,US,Killeen,0,small_airport
KILG,80,US,Wilmington,1,medium_airport
KILM,32,US,Wilmington,1,medium_airport
KILN,1077,US,Wilmington,0,medium_airport
KIML,3275,US,Imperial,0,small_airport
KIMM,37,US,Immokalee,0,small_airport
KIMS,819,US,Madison,0,small_airport
KIMT,1182,US,Kingsford,1,medium_airport
KIND,797,US,Indianapolis,1,large_airport
KINF,50,US,Inverness,0,small_airport
KINJ,686,US,Hillsboro,0,small_airport
KINK,2822,US,Wink,0,medium_airport
KINL,1185,US,International Falls,1,medium_airport
KINS,3133,US,Indian Springs,0,small_airport
KINT,969,US,Winston Salem,0,medium_airport
KINW,4941,US,Winslow,0,medium_airport
KIOB,1019,US,Mount Sterling,0,small_airport
KIOW,668,US,Iowa City,0,small_airport
KIPJ,877,US,Lincolnton,0,small_airport
KIPL,-54,US,Imperial,1,medium_airport
KIPT,529,US,Williamsport,1,medium_airport
KIRK,966,US,Kirksville,1,medium_airport
KIRS,924,US,Sturgis,0,small_airport
KISB,1538,US,Sibley,0,small_airport
KISM,82,US,Orlando,0,medium_airport
KISO,93,US,Kinston,0,medium_airport
KISP,99,US,Islip,1,medium_airport
KISQ,684,US,Manistique,0,small_airport
KISW,1021,US,Wisconsin Rapids,0,small_airport
KITH,1099,US,Ithaca,1,medium_airport
KITR,4219,US,Burlington,0,small_airport
KIWA,1382,US,Mesa,1,medium_airport
KIWD,1230,US,Ironwood,1,small_airport
KIWH,796,US,Wabash,0,small_airport
KIWI,70,US,Wiscasset,0,small_airport
KIWS,111,US,Houston,0,small_airport
KIXA,145,US,Halifax,0,small_airport
KIXD,1087,US,New Century,0,small_airport
KIYK,2457,US,Inyokern,0,small_airport
KIZA,674,US,Santa Ynez,0,small_airport
KIZG,454,US,Fryeburg,0,small_airport
KJAC,6451,US,Jackson,1,medium_airport
KJAN,346,US,Jackson,1,medium_airport
KJAS,213,US,Jasper,0,small_airport
KJAU,1180,US,Jacksboro,0,small_airport
KJAX,30,US,Jacksonville,1,large_airport
KJBR,262,US,Jonesboro,1,medium_airport
KJCT,1749,US,Junction,0,medium_airport
KJDD,434,US,Mineola,0,small_airport
KJDN,2662,US,Jordan,0,small_airport
KJEF,549,US,Jefferson City,0,small_airport
KJER,4053,US,Jerome,0,small_airport
KJES,107,US,Jesup,0,small_airport
KJFK,13,US,New York,1,large_airport
KJFX,482,US,Jasper,0,small_airport
KJFZ,2653,US,Cedar Bluff,0,small_airport
KJGG,49,US,Williamsburg,0,small_airport
KJHW,1723,US,Jamestown,0,medium_airport
KJKA,17,US,Gulf Shores,0,small_airport
KJKJ,918,US,Moorhead,0,small_airport
KJKL,1381,US,Jackson,0,medium_airport
KJLN,981,US,Joplin,1,medium_airport
KJMR,1012,US,Mora,0,small_airport
KJMS,1500,US,Jamestown,1,medium_airport
KJNX,164,US,Smithfield,0,medium_airport
KJOT,582,US,Joliet,0,small_airport
KJQF,705,US,Concord,1,medium_airport
KJSD,20,US,Stratford,0,heliport
KJSO,677,US,Jacksonville,0,small_airport
KJST,2284,US,Johnstown,1,medium_airport
KJSV,527,US,Sallisaw,0,small_airport
KJVL,808,US,Janesville,0,small_airport
KJVY,474,US,Jeffersonville,0,small_airport
KJWG,1550,US,Watonga,0,small_airport
KJWN,495,US,Nashville,0,small_airport
KJWY,713,US,Midlothian/Waxahachie,0,medium_airport
KJXI,415,US,Gilmer,0,small_airport
KJXN,1001,US,Jackson,0,medium_airport
KJYG,1067,US,St James,0,small_airport
KJYL,188,US,Sylvania,0,small_airport
KJYM,1182,US,Hillsdale,0,small_airport
KJYO,389,US,Leesburg,0,small_airport
KJYR,1670,US,York,0,small_airport
KJZI,17,US,Johns Island,0,small_airport
KJZP,1535,US,Jasper,0,small_airport
KPCD,372,US,Perryville,0,small_airport
KCPF,1256,US,Chavies,0,small_airport
KSJS,1221,US,Debord,0,small_airport
KKIC,370,US,King City,0,small_airport
KKLS,20,US,Kelso,0,medium_airport
KKNB,4868,US,Kanab,0,small_airport
KREG,14,US,Gonzales,0,small_airport
KLAA,3706,US,Lamar,0,medium_airport
KLAF,606,US,West Lafayette,1,medium_airport
KLAL,142,US,Lakeland,1,medium_airport
KLAM,7171,US,Los Alamos,0,small_airport
KLAN,861,US,Lansing,1,medium_airport
KLAR,7284,US,Laramie,1,medium_airport
KLAS,2181,US,Las Vegas,1,large_airport
KLAW,1110,US,Lawton,1,medium_airport
KLAX,125,US,Los Angeles,1,large_airport
KLBB,3282,US,Lubbock,1,medium_airport
KLBE,1199,US,Latrobe,1,medium_airport
KLBF,2777,US,North Platte,1,medium_airport
KLBL,2885,US,Liberal,1,medium_airport
KLBO,1321,US,Lebanon,0,small_airport
KLBR,440,US,Clarksville,0,small_airport
KLBT,126,US,Lumberton,0,medium_airport
KLBX,25,US,Angleton,0,medium_airport
KLCG,1431,US,Wayne,0,small_airport
KLCH,15,US,Lake Charles,1,medium_airport
KLCI,545,US,Laconia / Gilford,0,small_airport
KLCK,744,US,Columbus,1,medium_airport
KLCQ,201,US,Lake City,0,small_airport
KLDJ,23,US,Linden,0,small_airport
KLDM,646,US,Ludington,0,small_airport
KLEB,603,US,Lebanon,1,medium_airport
KLEE,76,US,Leesburg,0,medium_airport
KLEM,2571,US,Lemmon,0,small_airport
KLEW,288,US,Auburn/Lewiston,0,small_airport
KLEX,979,US,Lexington,1,medium_airport
KLFI,11,US,Hampton,0,medium_airport
KLFK,296,US,Lufkin,0,medium_airport
KLFT,42,US,Lafayette,1,medium_airport
KLGA,21,US,New York,1,large_airport
KLGB,60,US,Long Beach,1,large_airport
KLGC,693,US,LaGrange,0,small_airport
KLGD,2717,US,La Grande,0,small_airport
KLGF,433,US,Yuma Proving Ground(Yuma),0,small_airport
KLGU,4457,US,Logan,0,medium_airport
KLHB,285,US,Hearne,0,small_airport
KLHM,121,US,Lincoln,0,small_airport
KLHQ,868,US,Lancaster,0,small_airport
KLHV,556,US,Lock Haven,0,small_airport
KLHW,45,US,Hinesville,0,small_airport
KLHX,4229,US,La Junta,0,small_airport
KLHZ,369,US,Louisburg,0,small_airport
KLIC,5374,US,Limon,0,small_airport
KLIT,262,US,Little Rock,1,medium_airport
KLIU,3616,US,Littlefield,0,small_airport
KLJF,1140,US,Litchfield,0,small_airport
KLKP,1747,US,Lake Placid,0,small_airport
KLKR,486,US,Lancaster,0,small_airport
KLKU,493,US,Louisa,0,small_airport
KLKV,4733,US,Lakeview,0,small_airport
KLLJ,5072,US,Challis,0,small_airport
KLLN,3514,US,Levelland,0,small_airport
KLLQ,270,US,Monticello,0,medium_airport
KLLR,572,US,Little River,0,small_airport
KLLU,1009,US,Lamar,0,small_airport
KLMO,5055,US,Longmont,0,small_airport
KLMS,575,US,Louisville,0,small_airport
KLMT,4095,US,Klamath Falls,0,medium_airport
KLNA,14,US,West Palm Beach,0,small_airport
KLNC,501,US,Lancaster,0,small_airport
KLND,5586,US,Lander,0,medium_airport
KLNK,1219,US,Lincoln,1,medium_airport
KLNL,1704,US,Land O' Lakes,0,small_airport
KLNN,626,US,Willoughby,0,small_airport
KLNP,2684,US,Wise,0,small_airport
KLNR,717,US,Spring Green,0,small_airport
KLNS,403,US,Lancaster,1,medium_airport
KLOL,3904,US,Lovelock,0,medium_airport
KLOM,302,US,Philadelphia,0,small_airport
KLOT,679,US,Chicago/Romeoville,0,small_airport
KLOU,546,US,Louisville,0,medium_airport
KLOZ,1212,US,London,0,medium_airport
KLPC,88,US,Lompoc,0,small_airport
KLPR,793,US,Lorain/Elyria,0,small_airport
KLQK,1013,US,Pickens,0,small_airport
KLQR,2012,US,Larned,0,small_airport
KLRD,508,US,Laredo,1,medium_airport
KLRF,311,US,Jacksonville,0,medium_airport
KLRG,208,US,Lincoln,0,small_airport
KLRJ,1197,US,Le Mars,0,small_airport
KLRO,12,US,Mount Pleasant,0,small_airport
KLRU,4456,US,Las Cruces,1,medium_airport
KLRY,915,US,Harrisonville,0,small_airport
KLSB,4289,US,Lordsburg,0,small_airport
KLSE,655,US,La Crosse,1,medium_airport
KLSF,232,US,Fort Benning,0,medium_airport
KLSK,4964,US,Lusk,0,small_airport
KLSN,121,US,Los Banos,0,small_airport
KLSV,1870,US,Las Vegas,0,medium_airport
KLTS,1382,US,Altus,0,medium_airport
KLTY,3160,US,Chester,0,small_airport
KLUD,1047,US,Decatur,0,small_airport
KLUF,1085,US,Glendale,0,medium_airport
KLUG,717,US,Lewisburg,0,small_airport
KLUK,483,US,Cincinnati,1,medium_airport
KLUL,238,US,Laurel,0,small_airport
KLUM,895,US,Menomonie,0,small_airport
KLUX,697,US,Laurens,0,small_airport
KLVJ,44,US,Houston,0,small_airport
KLVK,400,US,Livermore,0,small_airport
KLVL,329,US,Lawrenceville,0,small_airport
KLVM,4660,US,Livingston,0,medium_airport
KLVN,960,US,Minneapolis,0,small_airport
KLVS,6877,US,Las Vegas,0,medium_airport
KLWA,666,US,South Haven,0,small_airport
KLWB,2302,US,Lewisburg,1,medium_airport
KLWC,833,US,Lawrence,0,small_airport
KLWL,5772,US,Wells,0,small_airport
KLWM,148,US,Lawrence,0,medium_airport
KLWS,1442,US,Lewiston,1,medium_airport
KLWT,4170,US,Lewistown,0,medium_airport
KLWV,430,US,Lawrenceville,0,small_airport
KLXL,1123,US,Little Falls,0,small_airport
KLXN,2413,US,Lexington,0,small_airport
KLXT,1004,US,Lee's Summit,0,small_airport
KLXV,9927,US,Leadville,0,small_airport
KLXY,544,US,Mexia,0,small_airport
KLYH,938,US,Lynchburg,1,medium_airport
KLYO,1691,US,Lyons,0,small_airport
KLYV,1431,US,Luverne,0,small_airport
KLZD,238,US,Danielson,0,small_airport
KLZU,1061,US,Lawrenceville,0,small_airport
KLZZ,1215,US,Lampasas,0,small_airport
KJVW,247,US,Raymond,0,small_airport
KXNX,583,US,Gallatin,0,small_airport
KADF,182,US,Arkadelphia,0,small_airport
KMAC,437,US,Macon,0,small_airport
KMAE,255,US,Madera,0,small_airport
KMAF,2871,US,Midland,1,medium_airport
KMAI,110,US,Marianna,0,small_airport
KMAL,790,US,Malone,0,small_airport
KMAO,92,US,Mullins,0,small_airport
KMAW,294,US,Malden,0,small_airport
AYON,3000,PG,Konambe,0,small_airport
KMBG,1716,US,Mobridge,0,medium_airport
KMBL,621,US,Manistee,1,small_airport
KMBO,326,US,Madison,0,small_airport
KMBS,668,US,Freeland,1,medium_airport
KMBT,614,US,Murfreesboro,0,small_airport
KMBY,867,US,Moberly,0,small_airport
KMCB,413,US,McComb,0,medium_airport
KMCC,77,US,Sacramento,0,medium_airport
KMCD,739,US,Mackinac Island,0,small_airport
KMCE,155,US,Merced,1,medium_airport
KMCF,14,US,Tampa,0,medium_airport
KMCI,1026,US,Kansas City,1,large_airport
KMCK,2583,US,McCook,1,medium_airport
KMCN,354,US,Macon,1,medium_airport
KMCO,96,US,Orlando,1,large_airport
KMCW,1213,US,Mason City,1,medium_airport
KMCX,676,US,Monticello,0,small_airport
KMCZ,76,US,Williamston,0,small_airport
KMDD,2803,US,Midland,0,small_airport
KMDF,1970,US,Mooreland,0,small_airport
KMDH,411,US,Murphysboro,0,medium_airport
KMDQ,756,US,Huntsville,0,small_airport
KMDS,1718,US,Madison,0,small_airport
KMDT,310,US,Harrisburg,1,medium_airport
KMDW,620,US,Chicago,1,large_airport
KMDZ,1478,US,Medford,0,small_airport
KMEB,216,US,Maxton,0,small_airport
KMEI,297,US,Meridian,1,medium_airport
KMEJ,2529,US,Meade,0,small_airport
KMEM,341,US,Memphis,1,large_airport
KMER,191,US,Merced,0,medium_airport
KMEV,4722,US,Minden,0,small_airport
KMEY,1116,US,Mapleton,0,small_airport
KMEZ,1080,US,Mena,0,small_airport
KMFD,1297,US,Mansfield,0,medium_airport
KMFE,107,US,McAllen,1,medium_airport
KMFI,1277,US,Marshfield,0,small_airport
KMFR,1335,US,Medford,1,medium_airport
KMFV,47,US,Melfa,0,small_airport
KMGC,655,US,Michigan City,1,medium_airport
KMGE,1068,US,Marietta,0,medium_airport
KMGG,1028,US,Maple Lake,0,small_airport
KMGJ,364,US,Montgomery,0,small_airport
KMGM,221,US,Montgomery,1,medium_airport
KMGN,686,US,Harbor Springs,0,small_airport
KMGR,294,US,Moultrie,0,small_airport
KMGW,1248,US,Morgantown,1,medium_airport
KMGY,957,US,Dayton,0,small_airport
KMHE,1304,US,Mitchell,0,small_airport
KMHK,1057,US,Manhattan,1,medium_airport
KMHL,779,US,Marshall,0,small_airport
KMHP,197,US,Metter,0,small_airport
KMHR,98,US,Sacramento,0,medium_airport
KMHT,266,US,Manchester,1,medium_airport
KMHV,2801,US,Mojave,0,medium_airport
KMIA,8,US,Miami,1,large_airport
KMIB,1667,US,Minot,0,medium_airport
KMIC,869,US,Minneapolis,0,small_airport
KMIE,937,US,Muncie,0,medium_airport
KMIO,808,US,Miami,0,small_airport
KMIT,424,US,Shafter,0,small_airport
KMIV,85,US,Millville,0,medium_airport
KMIW,974,US,Marshalltown,0,small_airport
KMJD,55,US,Picayune,0,small_airport
KMJQ,1446,US,Jackson,0,small_airport
KMJX,82,US,Toms River,0,small_airport
KMKA,1569,US,Miller,0,small_airport
KMKC,759,US,Kansas City,0,medium_airport
KMKE,723,US,Milwaukee,1,large_airport
KMKG,629,US,Muskegon,1,medium_airport
KMKJ,2558,US,Rural Retreat,0,small_airport
KMKL,434,US,Jackson,1,medium_airport
KMKN,1385,US,Comanche,0,small_airport
KMKO,611,US,Muskogee,0,small_airport
KMKS,73,US,Moncks Corner,0,small_airport
KMKT,1021,US,Mankato,0,small_airport
KMKV,79,US,Marksville,0,small_airport
KMKY,5,US,Marco Island,0,small_airport
KMLB,33,US,Melbourne,1,medium_airport
KMLC,770,US,Mc Alester,0,medium_airport
KMLD,4503,US,Malad City,0,small_airport
KMLE,1051,US,Omaha,0,small_airport
KMLF,5039,US,Milford,0,small_airport
KMLI,590,US,Moline,1,medium_airport
KMLJ,385,US,Milledgeville,0,small_airport
KMLS,2630,US,Miles City,0,medium_airport
KMLT,408,US,Millinocket,0,small_airport
KMLU,79,US,Monroe,1,medium_airport
WAKJ,26,ID,Kimaam,0,small_airport
KMMH,7135,US,Mammoth Lakes,1,medium_airport
KMMI,875,US,Athens,0,small_airport
KMMK,103,US,Meriden,0,small_airport
KMML,1183,US,Marshall,0,small_airport
KMMS,162,US,Marks,0,small_airport
KMMT,254,US,Eastover,0,medium_airport
KMMU,187,US,Morristown,0,medium_airport
KMMV,163,US,McMinnville,0,medium_airport
KMNF,1181,US,Mountain View,0,small_airport
KMNI,103,US,Manning,0,small_airport
KMNM,625,US,Menominee,0,small_airport
KMNN,993,US,Marion,0,small_airport
KMNV,1031,US,Madisonville,0,small_airport
KMNZ,1299,US,Hamilton,0,small_airport
KFYG,488,US,Washington,0,small_airport
KMOB,219,US,Mobile,1,medium_airport
KMOD,97,US,Modesto,0,medium_airport
KMOP,755,US,Mount Pleasant,0,small_airport
KMOR,1313,US,Morristown,0,small_airport
KMOT,1716,US,Minot,1,medium_airport
KMOX,1138,US,Morris,0,small_airport
KMPE,458,US,Philadelphia,0,small_airport
KMPG,1214,US,Moundsville,0,small_airport
KMPI,2254,US,Mariposa,0,small_airport
KMPJ,923,US,Morrilton,0,small_airport
KMPO,1915,US,Mount Pocono,0,small_airport
KMPR,1498,US,Mc Pherson,0,small_airport
KMPV,1166,US,Barre/Montpelier,0,medium_airport
KMPZ,730,US,Mount Pleasant,0,small_airport
KMQB,707,US,Macomb,0,small_airport
KMQI,13,US,Manteo,0,small_airport
KMQJ,862,US,Indianapolis,0,small_airport
KMQS,660,US,Coatesville,0,small_airport
KMQW,202,US,Mc Rae,0,small_airport
KMQY,543,US,Smyrna,0,medium_airport
KMRB,565,US,Martinsburg,0,medium_airport
KMRC,681,US,Columbia/Mount Pleasant,0,small_airport
KMRF,4849,US,Marfa,0,small_airport
KMRH,11,US,Beaufort,0,small_airport
KMRJ,1171,US,Mineral Point,0,small_airport
KMRN,1270,US,Morganton,0,small_airport
KMRT,1021,US,Marysville,0,small_airport
KMRY,257,US,Monterey,1,medium_airport
KMSL,551,US,Muscle Shoals,1,medium_airport
KMSN,887,US,Madison,1,medium_airport
KMSO,3206,US,Missoula,1,medium_airport
KMSP,841,US,Minneapolis,1,large_airport
KMSS,215,US,Massena,1,medium_airport
KMSV,1403,US,Monticello,0,small_airport
KMSY,4,US,New Orleans,1,large_airport
KMTC,580,US,Mount Clemens,0,medium_airport
KMTH,5,US,Marathon,0,medium_airport
KMTJ,5759,US,Montrose,1,medium_airport
KMTN,21,US,Baltimore,0,medium_airport
KMTO,722,US,Mattoon,0,small_airport
KMTP,6,US,Montauk,1,small_airport
KMTV,941,US,Martinsville,0,small_airport
KMTW,651,US,Manitowoc,0,small_airport
KMUI,488,US,Fort Indiantown Gap(Annville),0,medium_airport
KMUL,292,US,Moultrie,0,small_airport
KMUO,2996,US,Mountain Home,0,medium_airport
KMUT,547,US,Muscatine,0,small_airport
KMVC,419,US,Monroeville,0,small_airport
KMVE,1034,US,Montevideo,0,small_airport
KMVI,7611,US,Monte Vista,0,small_airport
KMVL,732,US,Morrisville,0,small_airport
KMVM,96,US,Machias,0,small_airport
KMVN,480,US,Mount Vernon,0,small_airport
KMVY,67,US,Martha's Vineyard,1,small_airport
KMWA,472,US,Marion,1,medium_airport
KMWC,745,US,Milwaukee,0,small_airport
KMWH,1189,US,Moses Lake,0,medium_airport
KMWK,1249,US,Mount Airy,0,small_airport
KMWL,974,US,Mineral Wells,1,medium_airport
KMWM,1410,US,Windom,0,small_airport
KMWN,6288,US,,0,heliport
KMWO,650,US,Middletown,0,small_airport
KMXA,242,US,Manila,0,small_airport
KMXF,171,US,Montgomery,0,medium_airport
KMXO,832,US,Monticello,0,small_airport
KMYF,427,US,San Diego,0,small_airport
KMYJ,823,US,Mexico,0,small_airport
KMYL,5024,US,McCall,1,medium_airport
KMYR,25,US,Myrtle Beach,1,large_airport
KMYV,64,US,Marysville,0,medium_airport
KMYZ,1283,US,Marysville,0,small_airport
KMZH,1076,US,Moose Lake,0,small_airport
KMZJ,1893,US,Marana,0,small_airport
KMZZ,859,US,Marion,0,small_airport
KNBC,37,US,Beaufort,0,medium_airport
KNBG,2,US,New Orleans,0,medium_airport
KNBJ,54,US,Foley,0,small_airport
KNCA,26,US,Jacksonville,0,medium_airport
KNDY,18,US,Dahlgren,0,small_airport
KNDZ,177,US,Milton,0,medium_airport
KNEL,101,US,Lakehurst,0,medium_airport
KNEN,99,US,Jacksonville,0,small_airport
KNEW,8,US,New Orleans,0,medium_airport
KNFD,149,US,Summerdale,0,small_airport
KNFE,16,US,Fentress,0,small_airport
KNFG,78,US,Oceanside,0,medium_airport
KNFJ,102,US,Milton,0,small_airport
KNFL,3934,US,Fallon,0,medium_airport
KNFW,650,US,Fort Worth,0,medium_airport
KNGP,18,US,Corpus Christi,0,medium_airport
KNGS,150,US,Milton,0,small_airport
KNGU,17,US,Norfolk,0,medium_airport
KNGW,30,US,Corpus Christi,0,small_airport
KNHK,39,US,Patuxent River,0,medium_airport
KNID,2283,US,China Lake,0,medium_airport
KNIP,21,US,Jacksonville,0,medium_airport
KNJK,-42,US,El Centro,0,medium_airport
KNJM,21,US,Bogue,0,small_airport
KNJW,539,US,Preston,0,small_airport
KNKT,29,US,Cherry Point,0,medium_airport
KNKX,477,US,San Diego,0,medium_airport
KNLC,232,US,Lemoore,0,medium_airport
KNMM,316,US,Lauderdale,0,medium_airport
KNOG,257,US,Orange Grove,0,small_airport
KNOW,13,US,Port Angeles,0,small_airport
KNPA,28,US,Pensacola,0,medium_airport
KNQA,320,US,Millington,0,medium_airport
KNQI,50,US,Kingsville,0,medium_airport
KNQX,6,US,Key West,0,medium_airport
KNRA,199,US,Coupeville,0,small_airport
KNRB,15,US,Jacksonville,0,medium_airport
KNRN,2383,US,Norton,0,small_airport
KNRQ,151,US,Pace,0,small_airport
KNRS,24,US,Imperial Beach,0,small_airport
KNSE,199,US,Milton,0,medium_airport
KNSI,506,US,San Nicolas Island,0,small_airport
KNTD,13,US,Point Mugu,0,medium_airport
KNTU,23,US,Virginia Beach,0,medium_airport
KNUC,184,US,San Clemente Island,0,small_airport
KNUI,22,US,St Inigoes,0,small_airport
KNUQ,32,US,Mountain View,0,medium_airport
KNUW,47,US,Oak Harbor,0,medium_airport
KNVD,892,US,Nevada,0,small_airport
KNWL,25,US,Corpus Christi,0,small_airport
KNXP,2051,US,Twentynine Palms,0,medium_airport
KNYG,10,US,Quantico,0,medium_airport
KNYL,213,US,Yuma,1,medium_airport
KNZY,26,US,San Diego,0,medium_airport
KJAQ,1690,US,Jackson,0,small_airport
KOAJ,94,US,Richlands,1,medium_airport
KOAK,9,US,Oakland,1,large_airport
KOAR,137,US,Marina,0,small_airport
KOBE,34,US,Okeechobee,0,small_airport
KOBI,42,US,Woodbine,0,small_airport
KOCF,90,US,Ocala,0,small_airport
KOCH,355,US,Nacogdoches,0,small_airport
KOCQ,604,US,Oconto,0,small_airport
KOCW,38,US,Washington,0,small_airport
KODO,3004,US,Odessa,0,small_airport
KODX,2070,US,Ord,0,small_airport
KOEB,959,US,Coldwater,0,small_airport
KOEL,3045,US,Oakley,0,small_airport
KOEO,903,US,Osceola,0,small_airport
KOFF,1052,US,Omaha,0,medium_airport
KOFK,1573,US,Norfolk,0,medium_airport
KOFP,207,US,Hanover,0,small_airport
KOGA,3279,US,Ogallala,0,small_airport
KOGB,195,US,Orangeburg,0,medium_airport
KOGD,4473,US,Ogden,1,medium_airport
KOGM,669,US,Ontonagon,0,small_airport
KOGS,297,US,Ogdensburg,1,medium_airport
KOIC,1025,US,Norwich,0,small_airport
KOIN,2703,US,Oberlin,0,small_airport
KOJA,1605,US,Weatherford,0,small_airport
KOJC,1096,US,Olathe,0,small_airport
KOKB,28,US,Oceanside,0,medium_airport
KOKC,1295,US,Oklahoma City,1,large_airport
KOKH,193,US,Oak Harbor,0,small_airport
KOKK,830,US,Kokomo,0,small_airport
KOKM,720,US,Okmulgee,0,small_airport
KOKS,3394,US,Oshkosh,0,small_airport
KOKV,726,US,Winchester,0,small_airport
KOKZ,438,US,Sandersville,0,small_airport
KOLD,126,US,Old Town,0,small_airport
KOLE,2135,US,Olean,0,small_airport
KOLF,1986,US,Wolf Point,1,medium_airport
KOLG,1102,US,Solon Springs,0,small_airport
KOLM,209,US,Olympia,1,medium_airport
KOLS,3955,US,Nogales,0,medium_airport
KOLU,1447,US,Columbus,0,medium_airport
KOLV,402,US,Olive Branch,0,small_airport
KOLY,482,US,Olney-Noble,0,small_airport
KOLZ,1076,US,Oelwein,0,small_airport
KOMA,984,US,Omaha,1,large_airport
KOMH,465,US,Orange,0,small_airport
KOMK,1305,US,Omak,0,small_airport
KOMN,29,US,Ormond Beach,0,small_airport
KONA,656,US,Winona,0,small_airport
KONL,2031,US,O'Neill,0,small_airport
KONM,4875,US,Socorro,0,small_airport
KONO,2193,US,Ontario,0,medium_airport
KONP,160,US,Newport,0,medium_airport
KONT,944,US,Ontario,1,large_airport
KONX,18,US,Maple,0,small_airport
KONY,1275,US,Olney,0,small_airport
KONZ,591,US,Detroit/Grosse Ile,0,small_airport
KOOA,841,US,Cedar,0,small_airport
KOPF,8,US,Miami,1,medium_airport
KOPL,75,US,Opelousas,0,small_airport
KOPN,798,US,Thomaston,0,small_airport
KOQN,466,US,West Chester,0,small_airport
KOQU,18,US,North Kingstown,0,medium_airport
KOQW,769,US,Maquoketa,0,small_airport
KORB,1311,US,Orr,0,small_airport
KORD,680,US,Chicago,1,large_airport
KORE,555,US,Orange,0,small_airport
KORF,26,US,Norfolk,1,large_airport
KORG,13,US,Orange,0,small_airport
KORH,1009,US,Worcester,1,medium_airport
KORK,545,US,North Little Rock,0,small_airport
KORL,113,US,Orlando,0,medium_airport
KORS,31,US,Eastsound,1,medium_airport
KOSA,364,US,Mount Pleasant,0,small_airport
KOSC,633,US,Oscoda,0,small_airport
KOSH,808,US,Oshkosh,0,medium_airport
KOSU,905,US,Columbus,0,medium_airport
KOSX,480,US,Kosciusko,0,small_airport
KOTG,1574,US,Worthington,0,small_airport
KOTH,17,US,North Bend,1,medium_airport
KOTM,845,US,Ottumwa,0,medium_airport
KOUN,1182,US,Norman,0,small_airport
KOVE,192,US,Oroville,0,small_airport
KOVL,1076,US,Olivia,0,small_airport
KOVO,757,US,North Vernon,0,small_airport
KOVS,673,US,Boscobel,0,small_airport
KOWA,1145,US,Owatonna,0,small_airport
KOWB,407,US,Owensboro,1,medium_airport
KOWD,49,US,Norwood,0,medium_airport
KOWI,966,US,Ottawa,0,small_airport
KOWK,270,US,Norridgewock,0,small_airport
KOWP,892,US,Sand Springs,0,small_airport
KOWX,764,US,Ottawa,0,small_airport
KOXB,11,US,Ocean City,1,medium_airport
KOXC,726,US,Oxford,0,small_airport
KOXD,1041,US,Oxford,0,small_airport
KOXI,685,US,Knox,0,small_airport
KOXR,45,US,Oxnard,0,medium_airport
KOXV,928,US,Knoxville,0,small_airport
KOYM,1934,US,St Marys,0,small_airport
KOZA,2381,US,Ozona,0,small_airport
KOZR,301,US,Fort Rucker/Ozark,0,medium_airport
KOZW,962,US,Howell,0,small_airport
KPAE,606,US,Everett,1,medium_airport
KPAH,410,US,Paducah,1,medium_airport
KPAM,17,US,Panama City,0,medium_airport
KPAN,5157,US,Payson,0,small_airport
KPAO,4,US,Palo Alto,0,medium_airport
KPBF,206,US,Pine Bluff,0,medium_airport
KPBG,234,US,Plattsburgh,1,medium_airport
KPBH,1497,US,Phillips,0,small_airport
KDJT,19,US,West Palm Beach,1,large_airport
KPBX,1473,US,Pikeville,0,small_airport
KPCM,153,US,Plant City,0,small_airport
KPCW,590,US,Port Clinton,1,medium_airport
KPCZ,840,US,Waupaca,0,small_airport
KPDC,661,US,Prairie Du Chien,0,small_airport
KPDK,1003,US,Atlanta,1,medium_airport
KPDT,1497,US,Pendleton,1,medium_airport
KPDX,31,US,Portland,1,large_airport
KPEA,885,US,Pella,0,small_airport
KPEO,990,US,Penn Yan,0,small_airport
KPEQ,2613,US,Pecos,0,small_airport
KPEX,1180,US,Paynesville,0,small_airport
KPEZ,430,US,Pleasanton,0,small_airport
KPFC,5,US,Pacific City,0,small_airport
KPGA,4316,US,Page,1,medium_airport
KPGD,26,US,Punta Gorda,1,medium_airport
KPGR,290,US,Paragould,0,small_airport
KPGV,26,US,Greenville,1,medium_airport
KPHD,894,US,New Philadelphia,0,small_airport
KPHF,42,US,Newport News,1,medium_airport
KPHG,1907,US,Phillipsburg,0,small_airport
KPHH,26,US,Andrews,0,small_airport
KPHK,16,US,Pahokee,0,small_airport
KPHL,36,US,Philadelphia,1,large_airport
KPHN,650,US,Port Huron,0,small_airport
KPHP,2207,US,Philip,0,small_airport
KPHT,580,US,Paris,0,small_airport
KPHX,1135,US,Phoenix,1,large_airport
KPIA,660,US,Peoria,1,medium_airport
KPIB,298,US,Moselle,1,medium_airport
KPIE,11,US,Pinellas Park,1,large_airport
KPIH,4452,US,Pocatello,1,medium_airport
KPIL,19,US,Port Isabel,0,small_airport
KPIM,902,US,Pine Mountain,0,small_airport
KPIR,1744,US,Pierre,1,medium_airport
KPIT,1203,US,Pittsburgh,1,large_airport
KPJC,898,US,Zelienople,0,small_airport
KPJY,400,US,Pinckneyville,0,small_airport
KPKB,858,US,Parkersburg (Williamstown),1,medium_airport
KPKD,1445,US,Park Rapids,0,small_airport
KPKF,1500,US,Park Falls,0,small_airport
KPKV,32,US,Port Lavaca,0,small_airport
KPLD,925,US,Portland,0,small_airport
KPLK,940,US,Branson / Hollister,0,small_airport
KPLN,721,US,Pellston,1,medium_airport
KPLR,485,US,Pell City,0,small_airport
KPLU,538,US,Puyallup,0,small_airport
KPMB,795,US,Pembina,0,small_airport
KPMD,2543,US,Palmdale,0,medium_airport
KPMH,663,US,Portsmouth,0,small_airport
KPMP,19,US,Pompano Beach,0,small_airport
KPMU,221,US,Batesville,0,small_airport
KPMV,1204,US,Plattsmouth,0,small_airport
KPMZ,39,US,Plymouth,0,small_airport
KPNA,7102,US,Pinedale,0,medium_airport
KPNC,1008,US,Ponca City,0,medium_airport
KPNE,120,US,Philadelphia,0,medium_airport
KPNM,980,US,Princeton,0,small_airport
KPNN,266,US,Princeton,0,small_airport
KPNS,121,US,Pensacola,1,large_airport
KPNT,666,US,Pontiac,0,small_airport
KPOB,217,US,Fort Bragg,0,medium_airport
KPOC,1011,US,La Verne,0,small_airport
KPOE,330,US,Fort Polk,0,medium_airport
KPOF,331,US,Poplar Bluff,0,small_airport
KPOH,1226,US,Pocahontas,0,small_airport
KPOU,165,US,Poughkeepsie,0,medium_airport
KPOV,1197,US,Ravenna,0,small_airport
KPOY,5092,US,Powell,0,small_airport
KPPA,3245,US,Pampa,0,small_airport
KPPF,900,US,Parsons,0,small_airport
KPPO,812,US,La Porte,0,small_airport
KPPQ,710,US,Pittsfield,0,small_airport
KPQI,534,US,Presque Isle,1,medium_airport
KPQL,17,US,Pascagoula,0,small_airport
KPQN,1736,US,Pipestone,0,small_airport
KPRB,840,US,Paso Robles,0,medium_airport
KPRC,5045,US,Prescott,1,medium_airport
KPRG,654,US,Paris,0,small_airport
KPRN,451,US,Greenville,0,small_airport
KPRO,1013,US,Perry,0,small_airport
KPRS,0,US,Presidio,0,small_airport
KPRX,547,US,Paris,0,medium_airport
KPRZ,4078,US,Portales,0,small_airport
KPSB,1948,US,Philipsburg,0,small_airport
KPSC,410,US,Pasco,1,medium_airport
KPSF,1188,US,Pittsfield,0,small_airport
KPSK,2105,US,Dublin,0,small_airport
KPSM,100,US,Portsmouth,1,medium_airport
KPSN,423,US,Palestine,0,small_airport
KPSO,7664,US,Pagosa Springs,0,small_airport
KPSP,477,US,Palm Springs,1,large_airport
KPSX,14,US,Palacios,0,small_airport
KPTB,193,US,Petersburg,0,small_airport
KPTD,474,US,Potsdam,0,small_airport
KPTK,980,US,Pontiac,0,medium_airport
KPTN,9,US,Patterson,0,small_airport
KPTS,950,US,Pittsburg,0,small_airport
KPTT,1953,US,Pratt,0,small_airport
KPTV,442,US,Porterville,0,small_airport
KPTW,309,US,Pottstown,0,small_airport
KPUB,4726,US,Pueblo,1,medium_airport
KPUC,5957,US,Price,0,small_airport
KPUJ,1289,US,Dallas,0,small_airport
KPUW,2556,US,Pullman,1,medium_airport
KPVB,1025,US,Platteville,0,small_airport
KPVC,9,US,Provincetown,0,small_airport
KPVD,55,US,Providence/Warwick,1,large_airport
KPVE,488,US,Darden,0,small_airport
KPVF,2585,US,Placerville,0,small_airport
KPVG,28,US,Chesapeake,0,small_airport
KPVJ,971,US,Pauls Valley,0,small_airport
KPVU,4497,US,Provo,1,medium_airport
KPVW,3374,US,Plainview,0,small_airport
KPWA,1300,US,Oklahoma City,0,small_airport
KPWC,1295,US,Pine River,0,small_airport
KPWD,2250,US,Plentywood,0,small_airport
KPWG,592,US,Waco,0,small_airport
KPWK,647,US,Chicago/Prospect Heights/Wheeling,0,medium_airport
KPWM,76,US,Portland,1,large_airport
KPWT,444,US,Bremerton,0,medium_airport
KPXE,418,US,Perry,0,small_airport
KPYG,575,US,Pageland,0,small_airport
KPYM,148,US,Plymouth,0,small_airport
KPYN,467,US,Piedmont,0,small_airport
KPYP,596,US,Centre,0,small_airport
KPYX,2918,US,Perryton,0,small_airport
KPZQ,670,US,Rogers City,0,small_airport
RKTM,667,KR,Mangilsan-ro,0,heliport
RKSP,561,KR,"Bukpo-ri, Baengnyeongdo",0,heliport
RKTS,19,KR,Pohang,0,heliport
KRAC,674,US,Racine,0,small_airport
KRAL,819,US,Riverside,0,medium_airport
KRAP,3204,US,Rapid City,1,medium_airport
KRAS,5,US,Port Aransas,0,small_airport
KRAW,936,US,Warsaw,0,small_airport
KRBD,660,US,Dallas,0,small_airport
KRBE,2349,US,Bassett,0,small_airport
KRBG,529,US,Roseburg,0,small_airport
KRBL,352,US,Red Bluff,0,medium_airport
KRBM,587,US,North Little Rock,0,small_airport
KRBO,79,US,Robstown,0,small_airport
KRBW,101,US,Walterboro,0,small_airport
KRCA,3276,US,Rapid City,0,medium_airport
KRCK,474,US,Rockdale,0,small_airport
KRCM,798,US,Warrensburg,0,small_airport
KRCP,1998,US,Stockton,0,small_airport
KRCR,790,US,Rochester,0,small_airport
KRCX,1238,US,Ladysmith,0,small_airport
KRCZ,358,US,Rockingham,0,small_airport
KRDD,505,US,Redding,1,medium_airport
KRDG,344,US,Reading,0,medium_airport
KRDK,1045,US,Red Oak,0,small_airport
KRDM,3080,US,Redmond,1,medium_airport
KRDR,913,US,Grand Forks,0,medium_airport
KRDU,435,US,Raleigh/Durham,1,large_airport
KRED,5763,US,Red Lodge,0,small_airport
KREI,1571,US,Redlands,0,small_airport
KREO,4053,US,Rome,0,small_airport
KRFD,742,US,Chicago/Rockford,1,medium_airport
KRFG,56,US,Refugio,0,small_airport
KRFI,442,US,Henderson,0,small_airport
KRGK,778,US,Red Wing,0,small_airport
KRHI,1624,US,Rhinelander,1,medium_airport
KRHP,1697,US,Andrews,0,medium_airport
KRHV,135,US,San Jose,0,small_airport
KRIC,167,US,Richmond,1,large_airport
KRID,1140,US,Richmond,0,small_airport
KRIF,5301,US,Richfield,0,small_airport
KRIL,5548,US,Rifle,0,medium_airport
KRIR,764,US,Riverside,0,small_airport
KRIU,141,US,Rancho Murieta,0,small_airport
KRIV,1536,US,Riverside,0,medium_airport
KRIW,5525,US,Riverton,1,medium_airport
KRJD,64,US,Ridgely,0,small_airport
KRKD,56,US,Rockland,1,medium_airport
KRKP,24,US,Rockport,0,small_airport
KRKR,451,US,Poteau,0,small_airport
KRKS,6764,US,Rock Springs,1,medium_airport
KRKW,1664,US,Rockwood,0,small_airport
KRLD,394,US,Richland,0,small_airport
KRME,504,US,Rome,0,medium_airport
KRMG,644,US,Rome,0,medium_airport
KRMN,211,US,Fredericksburg,0,small_airport
KRMY,941,US,Marshall,0,small_airport
KRNC,1032,US,Mc Minnville,0,small_airport
KRND,761,US,Universal City,0,medium_airport
KRNH,998,US,New Richmond,0,medium_airport
KRNM,1395,US,Ramona,0,small_airport
KRNO,4415,US,Reno,1,large_airport
KRNP,736,US,Owosso,0,small_airport
KRNT,32,US,Renton,0,small_airport
KRNV,139,US,Cleveland,0,small_airport
KROA,1175,US,Roanoke,1,medium_airport
KROC,559,US,Rochester,1,large_airport
KROG,1359,US,Rogers,0,small_airport
KROS,926,US,Rush City,0,small_airport
KROW,3671,US,Roswell,1,medium_airport
KROX,1060,US,Roseau,0,small_airport
KRPB,1537,US,Belleville,0,small_airport
KRPD,1109,US,Rice Lake,0,small_airport
KRPH,1123,US,Graham,0,small_airport
KRPJ,781,US,Rochelle,0,small_airport
KRPX,3500,US,Roundup,0,small_airport
KRQB,990,US,Big Rapids,0,small_airport
KRQE,6742,US,Window Rock,0,small_airport
KRQO,1420,US,El Reno,0,small_airport
KRRL,1318,US,Merrill,0,small_airport
KRRQ,1363,US,Rock Rapids,0,small_airport
KRRT,1076,US,Warroad,0,small_airport
KRSL,1862,US,Russell,0,medium_airport
KRSN,311,US,Ruston,0,small_airport
KRST,1317,US,Rochester,1,medium_airport
KRSV,462,US,Robinson,0,small_airport
KRSW,30,US,Fort Myers,1,large_airport
KRTN,6352,US,Raton,0,small_airport
KRUE,404,US,Russellville,0,small_airport
KRUG,1548,US,Rugby,0,small_airport
KRUQ,772,US,Salisbury,0,small_airport
KRUT,787,US,Rutland,1,medium_airport
KRVJ,195,US,Reidsville,0,small_airport
KRVL,819,US,Reedsville,0,small_airport
KRVN,1255,US,Surgoinsville,0,small_airport
KRVS,638,US,Tulsa,0,medium_airport
KRWF,1024,US,Redwood Falls,0,medium_airport
KRWI,159,US,Rocky Mount,0,medium_airport
KRWL,6813,US,Rawlins,0,medium_airport
KRWN,711,US,Winamac,0,small_airport
KRWV,391,US,Caldwell,0,small_airport
KRXE,4858,US,Rexburg,0,small_airport
KRYM,1150,US,Fort Ripley,0,small_airport
KRYN,2417,US,Tucson,0,small_airport
KRYV,833,US,Watertown,0,small_airport
KRYW,1231,US,Lago Vista,0,small_airport
KRYY,1040,US,Atlanta,0,medium_airport
KRZL,698,US,Rensselaer,0,small_airport
KRZN,989,US,Siren,0,small_airport
KRZR,860,US,Cleveland,0,small_airport
KRZT,725,US,Chillicothe,0,small_airport
KMAN,2537,US,Nampa,0,small_airport
KSAA,7012,US,Saratoga,0,small_airport
KSAC,24,US,Sacramento,0,medium_airport
KSAD,3179,US,Safford,0,small_airport
KSAF,6348,US,Santa Fe,1,medium_airport
KSAN,17,US,San Diego,1,large_airport
KSAR,538,US,Sparta,0,small_airport
KSAS,-84,US,Salton City,0,small_airport
KSAT,809,US,San Antonio,1,large_airport
KSAV,50,US,Savannah,1,large_airport
KSAW,1221,US,Gwinn,1,medium_airport
KSAZ,1287,US,Staples,0,small_airport
KSBA,13,US,Santa Barbara,1,medium_airport
KSBD,1159,US,San Bernardino,1,large_airport
KSBM,755,US,Sheboygan,0,small_airport
KSBN,799,US,South Bend,1,medium_airport
KSBO,327,US,Swainsboro,0,small_airport
KSBP,212,US,San Luis Obispo,1,medium_airport
KSBS,6882,US,Steamboat Springs,0,small_airport
KSBU,1107,US,Blue Earth,0,small_airport
KSBX,3443,US,Shelby,0,small_airport
KSBY,52,US,Salisbury,1,medium_airport
KSCB,1325,US,Scribner,0,small_airport
KSCD,569,US,Sylacauga,0,small_airport
KSCH,378,US,Schenectady,0,medium_airport
KSCK,33,US,Stockton,1,medium_airport
KSCX,1545,US,Oneida,0,small_airport
KSDA,971,US,Shenandoah,0,small_airport
KSDC,424,US,Williamson/Sodus,0,small_airport
KSDF,501,US,Louisville,1,large_airport
KSDL,1510,US,Scottsdale,0,small_airport
KSDM,526,US,San Diego,0,medium_airport
KSDY,1985,US,Sidney,1,medium_airport
KSEA,433,US,Seattle,1,large_airport
KSEE,388,US,San Diego/El Cajon,0,small_airport
KSEF,62,US,Sebring,0,small_airport
KSEG,450,US,Selinsgrove,0,small_airport
KSEM,166,US,Selma,0,small_airport
KSEP,1321,US,Stephenville,0,small_airport
KSEQ,525,US,Seguin,0,small_airport
KSER,583,US,Seymour,0,small_airport
KSET,437,US,St Charles,0,small_airport
KSEZ,4830,US,Sedona,0,small_airport
KSFB,55,US,Orlando,1,large_airport
KSFF,1953,US,Spokane,0,medium_airport
KSFM,244,US,Sanford,0,small_airport
KSFO,13,US,San Francisco,1,large_airport
KSFQ,72,US,Suffolk,0,small_airport
KSFY,616,US,Savanna,0,small_airport
KSFZ,441,US,Pawtucket,0,small_airport
KSGF,1268,US,Springfield,1,medium_airport
KSGH,1051,US,Springfield,0,medium_airport
KSGJ,10,US,St Augustine,1,medium_airport
KSGR,82,US,Houston,0,medium_airport
KSGS,821,US,South St Paul,0,small_airport
KSGT,224,US,Stuttgart,0,small_airport
KSGU,2941,US,St George,1,medium_airport
KSHD,1201,US,Weyers Cave,1,medium_airport
KSHL,1419,US,Sheldon,0,small_airport
KSHN,273,US,Shelton,0,small_airport
KSHR,4021,US,Sheridan,1,medium_airport
KSHV,258,US,Shreveport,1,medium_airport
KSIF,694,US,Stoneville,0,small_airport
KSIK,315,US,Sikeston,0,small_airport
KSIV,540,US,Sullivan,0,small_airport
KSIY,2648,US,Montague,0,small_airport
KSJC,62,US,San Jose,1,large_airport
KSJN,5737,US,St Johns,0,small_airport
KSJT,1919,US,San Angelo,1,medium_airport
KSJX,669,US,Beaver Island,1,small_airport
KSKA,2461,US,Spokane,0,medium_airport
KSKF,691,US,San Antonio,0,medium_airport
KSKI,1250,US,Sac City,0,small_airport
KSKX,7095,US,Taos,1,medium_airport
KSLB,1488,US,Storm Lake,0,small_airport
KSLC,4227,US,Salt Lake City,1,large_airport
KSLE,214,US,Salem,1,medium_airport
KSLG,1191,US,Siloam Springs,0,small_airport
KSLH,639,US,Cheboygan,0,small_airport
KSLI,32,US,Los Alamitos,0,medium_airport
KSLJ,280,US,Hattiesburg,0,heliport
KSLK,1663,US,Saranac Lake,1,medium_airport
KSLN,1288,US,Salina,1,medium_airport
KSLO,573,US,Salem,0,small_airport
KSLR,489,US,Sulphur Springs,0,small_airport
KSMD,835,US,Fort Wayne,0,small_airport
KSME,927,US,Somerset,0,medium_airport
KSMF,27,US,Sacramento,1,large_airport
KSMN,4043,US,Salmon,1,medium_airport
KSMO,170,US,Santa Monica,0,medium_airport
KSMQ,105,US,Somerville,0,small_airport
KSMS,182,US,Sumter,0,small_airport
KSMX,261,US,Santa Maria,1,medium_airport
KSNA,56,US,Santa Ana,1,large_airport
KSNC,416,US,Chester,0,small_airport
KSNH,473,US,Savannah,0,small_airport
KSNK,2430,US,Snyder,0,small_airport
KSNL,1073,US,Shawnee,0,small_airport
KSNS,85,US,Salinas,0,medium_airport
KSNY,4313,US,Sidney,0,medium_airport
KSOA,2140,US,Sonora,0,medium_airport
KSOP,455,US,Carthage,0,small_airport
KSOW,6415,US,Show Low,1,medium_airport
KSPA,801,US,Spartanburg,0,small_airport
KSPB,58,US,Scappoose,0,small_airport
KSPF,3931,US,Spearfish,0,small_airport
KSPG,7,US,St Petersburg,0,small_airport
KSPH,218,US,Springhill,0,small_airport
KSPI,598,US,Springfield,1,medium_airport
KSPK,4529,US,Spanish Fork,0,small_airport
KSPS,1019,US,Wichita Falls,1,medium_airport
KSPW,1339,US,Spencer,0,small_airport
KSPZ,4269,US,Silver Springs,0,small_airport
KSQI,648,US,Rock Falls,0,small_airport
KSQL,5,US,San Carlos,1,medium_airport
KSRB,1025,US,Sparta,0,small_airport
KSRC,265,US,Searcy,0,small_airport
KSRE,1024,US,Seminole,0,small_airport
KSRQ,30,US,Sarasota/Bradenton,1,large_airport
KSRR,6814,US,Alto,0,medium_airport
KSSC,241,US,Sumter,0,medium_airport
KSSF,577,US,San Antonio,0,medium_airport
KSSI,19,US,St Simons Island,0,medium_airport
KSSQ,1233,US,Shell Lake,0,small_airport
KSTC,1031,US,Saint Cloud,1,medium_airport
KSTE,1110,US,Stevens Point,0,small_airport
KSTF,333,US,Starkville,0,small_airport
KSTJ,826,US,St Joseph,0,medium_airport
KSTK,4040,US,Sterling,0,small_airport
KSTL,618,US,St Louis,1,large_airport
KSTP,705,US,Saint Paul,0,medium_airport
KSTS,128,US,Santa Rosa,1,medium_airport
KSUA,16,US,Stuart,0,small_airport
KSUD,900,US,Stroud,0,small_airport
KSUE,725,US,Sturgeon Bay,0,small_airport
KSUN,5318,US,Hailey,1,medium_airport
KSUO,2724,US,Rosebud,0,small_airport
KSUS,463,US,St Louis,0,medium_airport
KSUT,24,US,Southport,0,small_airport
KSUU,62,US,Fairfield,0,medium_airport
KSUW,674,US,Superior,0,small_airport
KSUX,1098,US,Sioux City,1,medium_airport
KSUZ,390,US,Bryant,0,medium_airport
KSVC,5446,US,Silver City,1,medium_airport
KSVE,4149,US,Susanville,0,small_airport
KSVH,968,US,Statesville,0,small_airport
KSVN,41,US,Savannah,0,medium_airport
KSWF,491,US,Newburgh,1,medium_airport
KSWI,745,US,Sherman,0,small_airport
KSWO,1000,US,Stillwater,1,medium_airport
KSWT,1506,US,Seward,0,small_airport
KSWW,2380,US,Sweetwater,0,small_airport
KSXK,1409,US,Maurice,0,small_airport
KSXL,1820,US,Mount Lookout,0,small_airport
KSYF,3413,US,St Francis,0,small_airport
KSYI,801,US,Shelbyville,0,small_airport
KSYN,920,US,Dennison,0,small_airport
KSYR,421,US,Syracuse,1,large_airport
KSYV,403,US,Sylvester,0,small_airport
KSZL,870,US,Knob Noster,0,medium_airport
KSZP,243,US,Santa Paula,0,small_airport
KSZT,2131,US,Sandpoint,0,small_airport
KSZY,610,US,Selmer,0,small_airport
KTXW,70,US,Weslaco,0,small_airport
KTAD,5762,US,Trinidad,0,small_airport
KTAN,43,US,Taunton,0,small_airport
KTAZ,622,US,Taylorville,0,small_airport
KTBN,1159,US,Fort Leonard Wood,1,medium_airport
KTBR,187,US,Statesboro,0,small_airport
KTCC,4065,US,Tucumcari,0,medium_airport
KTCL,170,US,Tuscaloosa,0,medium_airport
KTCM,322,US,Tacoma,0,medium_airport
KTCS,4853,US,Truth or Consequences,0,medium_airport
KTCY,193,US,Tracy,0,small_airport
KTDF,609,US,Timberlake,0,small_airport
KTDO,374,US,Toledo,0,small_airport
KTDW,3649,US,Amarillo,0,small_airport
KTDZ,623,US,Toledo,0,small_airport
KTEB,9,US,Teterboro,1,medium_airport
KTEL,660,US,Tell City,0,small_airport
KTEW,920,US,Mason,0,small_airport
KTEX,9070,US,Telluride,1,medium_airport
KTFP,18,US,Aransas Pass,0,small_airport
KTGC,359,US,Milan,0,small_airport
KTGI,5,US,Tangier,0,small_airport
KTHA,1083,US,Tullahoma,0,small_airport
KTHM,2467,US,Thompson Falls,0,small_airport
KTHV,495,US,Thomasville,0,small_airport
KTIF,2925,US,Thedford,0,small_airport
KTIK,1291,US,Oklahoma City,0,medium_airport
KTIP,737,US,Rantoul,0,small_airport
KTIW,294,US,Tacoma,1,medium_airport
KTIX,34,US,Titusville,0,medium_airport
KTKC,1340,US,Tracy,0,small_airport
KTKI,585,US,Dallas,0,small_airport
KTKO,1859,US,Mankato,0,small_airport
KTKV,1487,US,Tomahawk,0,small_airport
KTKX,262,US,Kennett,0,small_airport
KTLH,81,US,Tallahassee,1,medium_airport
KTLR,265,US,Tulare,0,small_airport
KTMA,355,US,Tifton,0,small_airport
KTMB,8,US,Miami,0,medium_airport
KTME,166,US,Houston,0,small_airport
KTMK,36,US,Tillamook,0,small_airport
KTNP,1888,US,Twentynine Palms,0,small_airport
KTNT,13,US,Miami,0,small_airport
KTNU,953,US,Newton,0,small_airport
KTNX,5549,US,Tonopah,0,small_airport
KTOA,103,US,Torrance,0,small_airport
KTOB,1305,US,Dodge Center,0,small_airport
KTOC,996,US,Toccoa,0,small_airport
KTOI,398,US,Troy,0,medium_airport
KTOL,683,US,Toledo,1,medium_airport
KTOP,881,US,Topeka,0,medium_airport
KTOR,4207,US,Torrington,0,small_airport
KTPA,26,US,Tampa,1,large_airport
KTPF,8,US,Tampa,0,small_airport
KTPH,5430,US,Tonopah,0,medium_airport
KTPL,682,US,Temple,0,medium_airport
KTQE,1027,US,Tekamah,0,small_airport
KTQH,874,US,Tahlequah,0,small_airport
KTQK,2963,US,Scott City,0,small_airport
KTRI,1519,US,Blountville,1,medium_airport
KTRK,5900,US,Truckee,1,medium_airport
KTRL,474,US,Terrell,0,small_airport
KTRM,-115,US,Palm Springs,0,medium_airport
KTRX,758,US,Trenton,0,small_airport
KTSO,1163,US,Carrollton,0,small_airport
KTSP,4001,US,Tehachapi,0,small_airport
KTTA,246,US,Sanford,0,small_airport
KTTD,39,US,Portland,0,medium_airport
KTTF,616,US,Monroe,0,small_airport
KTTN,213,US,Ewing Township,1,medium_airport
KTTS,10,US,Titusville,0,medium_airport
KTUL,677,US,Tulsa,1,large_airport
KTUP,346,US,Tupelo,1,medium_airport
KTUS,2643,US,Tucson,1,large_airport
KTVB,1220,US,Cabool,0,small_airport
KTVC,624,US,Traverse City,1,medium_airport
KTVF,1119,US,Thief River Falls,1,medium_airport
KTVI,264,US,Thomasville,0,small_airport
KTVK,1023,US,Centerville,0,small_airport
KTVL,6264,US,South Lake Tahoe,0,medium_airport
KTVR,86,US,Tallulah,0,small_airport
KTVY,4322,US,Tooele,0,small_airport
KTWF,4154,US,Twin Falls,1,medium_airport
KTWM,1073,US,Two Harbors,0,small_airport
KTWT,372,US,Sturgis,0,small_airport
KTXK,390,US,Texarkana,1,medium_airport
KTYL,5823,US,Taylor,0,small_airport
KTYQ,922,US,Indianapolis,0,small_airport
KTYR,544,US,Tyler,1,medium_airport
KTYS,981,US,Knoxville/Maryville,1,large_airport
KTZR,905,US,Columbus,0,small_airport
KTZT,771,US,Belle Plaine,0,small_airport
KTZV,1036,US,Tompkinsville,0,small_airport
KDUB,7291,US,Dubois,0,small_airport
KSVR,4607,US,Salt Lake City,0,medium_airport
KU76,3167,US,Mountain Home,0,small_airport
KUAO,200,US,Aurora,0,medium_airport
KUBE,1241,US,Cumberland,0,small_airport
KUBS,188,US,Columbus,0,small_airport
KUBX,1023,US,Cuba,0,small_airport
KUCP,1070,US,New Castle,0,small_airport
KUCY,336,US,Union City,0,small_airport
KUDD,73,US,Bermuda Dunes,0,small_airport
KUDG,192,US,Darlington,0,small_airport
KUES,911,US,Waukesha,0,small_airport
KUGN,727,US,Chicago/Waukegan,0,small_airport
KUIL,194,US,Quillayute,0,small_airport
KUIN,768,US,Quincy,1,medium_airport
KUKF,1301,US,North Wilkesboro,0,small_airport
KUKI,614,US,Ukiah,0,medium_airport
KUKL,1174,US,Burlington,0,small_airport
KUKT,526,US,Quakertown,0,small_airport
KULM,1011,US,New Ulm,0,small_airport
KULS,3071,US,Ulysses,0,small_airport
KUMP,811,US,Indianapolis,0,small_airport
KUNI,766,US,Albany,0,small_airport
KUNO,1228,US,Pomona,0,small_airport
KUNU,934,US,Juneau,0,small_airport
KUNV,1239,US,State College,1,medium_airport
KUOS,1953,US,Sewanee,0,small_airport
KUOX,452,US,Oxford,0,medium_airport
KUSE,779,US,Wauseon,0,small_airport
KUTA,194,US,Tunica,0,small_airport
KUTS,363,US,Huntsville,0,medium_airport
KUUU,172,US,Newport,1,medium_airport
KUUV,933,US,Sullivan,0,small_airport
KUVA,942,US,Uvalde,0,small_airport
KUWL,1088,US,New Castle,0,small_airport
KUXL,10,US,Sulphur,0,small_airport
KUYF,1082,US,London,0,small_airport
KUZA,666,US,Rock Hill,0,small_airport
KVAD,233,US,Valdosta,0,medium_airport
KVAY,53,US,Lumberton,0,small_airport
KVBG,369,US,Lompoc,0,medium_airport
KVBT,1296,US,Bentonville,0,small_airport
KVCB,117,US,Vacaville,0,small_airport
KVCT,115,US,Victoria,1,medium_airport
KVCV,2885,US,Victorville,0,small_airport
KVDF,22,US,Tampa,0,small_airport
KVDI,275,US,Vidalia,0,small_airport
KVEL,5278,US,Vernal,1,medium_airport
KVER,715,US,Boonville,0,small_airport
KVES,1007,US,Versailles,0,small_airport
KVGC,1137,US,Hamilton,0,small_airport
KVGT,2205,US,Las Vegas,0,medium_airport
KVHN,3957,US,Van Horn,0,small_airport
KVIH,1148,US,Vichy,0,small_airport
KVIQ,1237,US,Neillsville,0,small_airport
KVIS,295,US,Visalia,0,medium_airport
KVJI,2087,US,Abingdon,0,small_airport
KVKS,106,US,Vicksburg,0,small_airport
KVLA,537,US,Vandalia,0,small_airport
KVLD,203,US,Valdosta,1,medium_airport
KVLL,727,US,Troy,0,small_airport
KVMR,1146,US,Vermillion,0,small_airport
KVNC,18,US,Venice,0,small_airport
KVNW,785,US,Van Wert,0,small_airport
KVNY,802,US,Van Nuys,0,medium_airport
KVOK,912,US,Camp Douglas,0,medium_airport
KVPC,759,US,Cartersville,0,small_airport
KVPS,87,US,Valparaiso,1,medium_airport
KVPZ,770,US,Valparaiso,0,medium_airport
KVQQ,81,US,Jacksonville,0,medium_airport
KVRB,24,US,Vero Beach,1,medium_airport
KVSF,577,US,North Springfield,0,small_airport
KVTA,884,US,Newark,0,small_airport
KVTI,842,US,Vinton,0,small_airport
KVTN,2596,US,Valentine,0,medium_airport
KVUJ,609,US,Albemarle,0,small_airport
KVUO,25,US,Vancouver,0,small_airport
KVVS,1267,US,Connellsville,0,small_airport
KVVV,1100,US,Ortonville,0,small_airport
KVWU,1181,US,Waskish,0,small_airport
KVYS,654,US,Peru,0,small_airport
KBYL,1178,US,Williamsburg,0,small_airport
KLUA,902,US,Luray,0,small_airport
KWAL,40,US,Wallops Island,0,small_airport
KWAY,1069,US,Waynesburg,0,small_airport
KWBW,545,US,Wilkes-Barre,0,small_airport
KWDG,1167,US,Enid,0,small_airport
KWDR,943,US,Winder,0,small_airport
KWEA,990,US,Weatherford,0,small_airport
POKW,0,US,Waterfall,0,seaplane_base
KWHP,1003,US,Pacoima,0,small_airport
KWJF,2351,US,Lancaster,0,medium_airport
KWLD,1160,US,Winfield / Arkansas City,0,small_airport
KWLW,141,US,Willows,0,small_airport
KWMC,4308,US,Winnemucca,0,medium_airport
KWRB,294,US,Warner Robins,0,medium_airport
KWRI,131,US,Wrightstown,0,medium_airport
KWRL,4227,US,Worland,0,medium_airport
KWST,81,US,Westerly,1,medium_airport
KWVI,163,US,Watsonville,0,small_airport
KWVL,333,US,Waterville,0,small_airport
KWWD,23,US,Wildwood,0,medium_airport
KWWR,2189,US,Woodward,0,medium_airport
HKWY,21,KE,Kiwayu,0,medium_airport
KWYS,6649,US,West Yellowstone,1,medium_airport
KXBP,852,US,Bridgeport,0,small_airport
KFIN,33,US,Palm Coast,0,small_airport
KXLL,399,US,Allentown,0,small_airport
KXMR,10,US,Cocoa Beach,0,medium_airport
KXNA,1287,US,Fayetteville/Springdale/Rogers,1,medium_airport
KXNI,6370,US,Zuni,0,small_airport
KXNO,321,US,North,0,small_airport
KXSA,135,US,Tappahannock,0,small_airport
KXTA,4462,US,Groom Lake,0,medium_airport
KXVG,1334,US,Longville,0,small_airport
KXWA,2344,US,Williston,1,medium_airport
KYIP,716,US,Detroit,0,medium_airport
KYKM,1099,US,Yakima,1,medium_airport
KYKN,1306,US,Yankton,0,medium_airport
KYNG,1192,US,Youngstown/Warren,0,medium_airport
KZEF,1068,US,Elkin,0,small_airport
KZER,1729,US,Pottsville,0,small_airport
KZPH,90,US,Zephyrhills,0,small_airport
KZZV,900,US,Zanesville,0,medium_airport
LATI,126,AL,Rinas,1,large_airport
LBTS,630,BG,Tsalapitsa,0,small_airport
LBSW,2097,BG,Radomir,0,small_airport
LBBA,1280,BG,Bahovitsa,0,small_airport
LBBG,135,BG,Burgas,1,large_airport
LBBO,1162,BG,Bohot,0,small_airport
LBBQ,210,BG,Byala,0,small_airport
LBBZ,579,BG,Bazan,0,small_airport
LBDA,423,BG,Daskal-Atanasovo,0,small_airport
LBDB,1779,BG,Dolna Banya,0,small_airport
LBGI,164,BG,Gorski Izvor,0,small_airport
LBGO,285,BG,Gorna Oryahovitsa,0,medium_airport
LBGR,919,BG,Grivitsa,0,small_airport
LBHT,2113,BG,Ihtiman,0,small_airport
LBKJ,575,BG,Kaynardzha,0,small_airport
LBKL,1083,BG,Kalvacha,0,small_airport
LBLS,1825,BG,Lesnovo,0,small_airport
LBMA,630,BG,Maritsa,0,small_airport
LBMO,778,BG,Montana,0,small_airport
LBPD,597,BG,Plovdiv,1,large_airport
LBPG,190,BG,Graf Ignatievo,0,medium_airport
LBPL,330,BG,Dolna Mitropoliya,0,medium_airport
LBPR,14,BG,Primorsko,0,small_airport
LBRD,617,BG,Erden,0,small_airport
LBRS,614,BG,Shtraklevo,0,small_airport
LBSB,153,BG,Nesebar,0,small_airport
LBSF,1742,BG,Sofia,1,large_airport
LBSK,0,BG,Shiroko Pole,0,seaplane_base
LBST,916,BG,Banya,0,small_airport
LBSZ,558,BG,Stara Zagora,0,small_airport
LBVR,935,BG,Vratsa,0,small_airport
LBWB,660,BG,Balchik,0,medium_airport
LBWC,7,BG,Tihina,0,heliport
LBWN,230,BG,Varna,1,large_airport
LCEN,404,CY,Tymbou (Kirklar),1,large_airport
LCLK,8,CY,Larnaca,1,large_airport
LCPH,41,CY,Paphos,1,large_airport
LCRA,76,CY,Akrotiri,0,medium_airport
LDDU,527,HR,Dubrovnik,1,large_airport
LDLO,151,HR,Mali Lošinj,0,small_airport
LDOB,289,HR,Vukovar,0,small_airport
LDOC,299,HR,Osijek,0,small_airport
LDOR,276,HR,Slavonski,0,small_airport
LDOS,290,HR,Osijek(Klisa),1,medium_airport
LDOV,266,HR,Vinkovci,0,small_airport
LDPL,274,HR,Pula,1,large_airport
LDPV,121,HR,Vrsar,0,small_airport
LDRG,951,HR,Soboli,0,small_airport
LDRI,278,HR,Rijeka(Omišalj),1,large_airport
LDRO,1539,HR,Otočac,0,small_airport
LDSB,1776,HR,Gornji Humac,1,medium_airport
LDSH,92,HR,Hvar Island,0,small_airport
LDSP,79,HR,Split,1,large_airport
LDSS,981,HR,Sinj,0,small_airport
LDVA,548,HR,Varaždin,0,small_airport
LDVC,512,HR,Čakovec,0,small_airport
LDZA,353,HR,Velika Gorica,1,large_airport
LDZD,289,HR,Zadar,1,large_airport
LDZE,374,HR,Zvekovac,0,small_airport
LDZJ,430,HR,Brezovac,0,small_airport
LDZK,0,HR,Gubaševo,0,small_airport
LDZL,400,HR,Zagreb,0,small_airport
LEAB,2302,ES,Albacete,0,medium_airport
LEAL,142,ES,Alicante,1,large_airport
LEAM,70,ES,Almería,1,medium_airport
LEAP,2,ES,Empuriabrava,0,small_airport
LEAS,416,ES,Ranón,1,large_airport
LEAX,118,ES,Málaga,0,small_airport
LEBA,297,ES,Córdoba,1,medium_airport
LEBB,138,ES,Bilbao,1,large_airport
LEBE,1780,ES,Jaén,0,small_airport
LEBG,2962,ES,Burgos,0,medium_airport
LEBL,12,ES,Barcelona,1,large_airport
LEBZ,609,ES,Badajoz,1,medium_airport
LECA,3280,ES,Corral de Ayllón,0,small_airport
LECD,3586,ES,Alp,0,small_airport
LECF,2355,ES,Sant Pere Sallavinera,0,small_airport
LECH,1182,ES,Castellón de la Plana,1,medium_airport
LECI,2241,ES,Huesca,0,small_airport
LECN,20,ES,Castellón de la Plana,0,small_airport
LECO,326,ES,Culleredo,1,medium_airport
LECT,2116,ES,Luciana,0,small_airport
LECU,2269,ES,Madrid,0,medium_airport
LECV,3264,ES,Colmenar Viejo,0,heliport
LEDA,1152,ES,Lleida,1,medium_airport
LEEM,876,ES,Badajoz,0,small_airport
LEEV,3304,ES,Villacastin,0,small_airport
LEFM,3307,ES,Segovia,0,small_airport
LEGA,2297,ES,Armilla,0,medium_airport
LEGC,1928,ES,Sevilla,0,small_airport
LEGE,468,ES,Girona,1,large_airport
LEGR,1860,ES,Granada,1,medium_airport
LEGT,2034,ES,Getafe,0,medium_airport
LEGU,1408,ES,Guadalupe,0,small_airport
LEGY,3360,ES,Soria,0,small_airport
LEHC,1769,ES,Monflorite/Alcalá del Obispo,0,small_airport
LEIB,24,ES,Ibiza (Eivissa),1,large_airport
LEIG,1080,ES,Barcelona,0,small_airport
LEIZ,2753,ES,Torre de Juan Abad,0,small_airport
LEJR,93,ES,Jerez de la Frontera,1,medium_airport
LEJU,148,ES,Sevilla,0,small_airport
LELA,2467,ES,Valdepeñas,0,small_airport
LELC,11,ES,San Javier,0,medium_airport
LELH,669,ES,Cánovas,0,small_airport
LELL,485,ES,Sabadell,0,small_airport
LELM,2248,ES,Almansa,0,closed
LELN,3006,ES,La Virgen del Camino,1,medium_airport
LERJ,1161,ES,Logroño,1,medium_airport
LELT,2272,ES,Lillo,0,small_airport
LEMD,1998,ES,Madrid,1,large_airport
LEMF,86,ES,Gibraleón,0,small_airport
LEMG,53,ES,Málaga,1,large_airport
LEMH,302,ES,Mahón (Maó),1,large_airport
LEMI,644,ES,Corvera,1,large_airport
LEMO,285,ES,Morón,0,medium_airport
LEMP,534,ES,Murcia,0,small_airport
LEMR,541,ES,Oviedo,0,small_airport
LEMS,897,ES,Manresa,0,small_airport
LEMT,2050,ES,Toledo,0,small_airport
LEMU,427,ES,Muchamiel,0,small_airport
LEMX,2195,ES,Toledo,0,small_airport
LENA,2450,ES,Huesca,0,small_airport
LENE,2510,ES,,0,small_airport
LENN,2169,ES,Marmolejo,0,small_airport
LEOC,2405,ES,Ocaña,0,small_airport
LEOS,2620,ES,Pajares de Los Oteros,0,small_airport
LEOT,2200,ES,Ontur,0,small_airport
LEPA,27,ES,Palma de Mallorca,1,large_airport
LEPI,2370,ES,Casas de los Pinos,0,small_airport
LEPP,1504,ES,Pamplona,1,medium_airport
LEPR,410,ES,Palma del Rio,0,small_airport
LEPZ,1850,ES,"Los Pozuelos de Calatrava, Ciudad Real",0,small_airport
LERE,2340,ES,Requena,0,small_airport
LERI,250,ES,Alcantarilla,0,medium_airport
LERL,2120,ES,Ciudad Real,0,medium_airport
LERM,3097,ES,Robledillo De Mohernando,0,small_airport
LERO,1444,ES,Lugo,0,small_airport
LERS,233,ES,Reus,1,large_airport
LERT,86,ES,Rota,0,medium_airport
LESA,2595,ES,Salamanca,1,medium_airport
LESB,153,ES,Marratxí,0,small_airport
LESE,2263,ES,Almodóvar del Campo,0,small_airport
LESL,197,ES,Sant Lluis,0,small_airport
LESO,16,ES,Hondarribia,1,medium_airport
LESS,3170,ES,Sotos,0,small_airport
LEST,1213,ES,Santiago de Compostela,1,large_airport
LESU,2625,ES,La Seu d'Urgell Pyrenees and Andorra,1,medium_airport
LETC,2300,ES,Valladolid,0,small_airport
LETE,703,ES,Badajoz,0,small_airport
LETF,328,ES,Villamartin,0,small_airport
LETI,1401,ES,La Iglesuela,0,small_airport
LETL,3380,ES,Teruel,0,medium_airport
LETO,2026,ES,Madrid,0,medium_airport
LETP,3638,ES,Segovia,0,small_airport
LETZ,2784,ES,Valladolid,0,small_airport
LEVB,2788,ES,Valladolid,0,small_airport
LEVC,240,ES,Valencia,1,large_airport
LEVD,2776,ES,Valladolid,1,medium_airport
LEVF,80,ES,"Ribadeo, Lugo",0,small_airport
LEVT,1682,ES,Alava,1,medium_airport
LEVX,856,ES,Vigo,1,medium_airport
LEXJ,16,ES,Santander,1,medium_airport
LEZA,1950,ES,Verín,0,heliport
LEZG,863,ES,Zaragoza,1,large_airport
LEZL,112,ES,Seville,1,large_airport
LFPR,312,FR,"Travaillan, Vaucluse",0,small_airport
LFAB,344,FR,Saint-Aubin-sur-Scie,0,small_airport
LFAC,12,FR,Calais,0,medium_airport
LFAD,315,FR,Margny-lès-Compiègne,0,small_airport
LFAE,328,FR,Eu,0,small_airport
LFAF,256,FR,"Laon, Aisne",0,small_airport
LFAG,295,FR,"Monchy-Lagache, Somme",0,medium_airport
LFAI,428,FR,Clos-Fontaine,0,small_airport
LFAJ,581,FR,"Argentan, Orne",0,small_airport
LFAK,-3,FR,Ghyvelde,0,small_airport
LFAL,120,FR,"La Flèche, Sarthe",0,small_airport
LFAM,30,FR,Berck-sur-Mer,0,small_airport
LFAO,718,FR,"Rives-d'Andaine, Orne",0,small_airport
LFAP,410,FR,"Sault-lès-Rethel, Ardennes",0,small_airport
LFAQ,364,FR,Albert,0,small_airport
LFAR,358,FR,Montdidier,0,small_airport
LFAS,512,FR,"Damblainville, Calvados",0,small_airport
LFAT,36,FR,Le Touquet-Paris-Plage,0,medium_airport
LFAU,456,FR,La Hague,0,small_airport
LFAV,165,FR,Prouvy,0,medium_airport
LFAW,1299,FR,"Errouville, Meurthe-et-Moselle",0,small_airport
LFAX,886,FR,"Saint-Hilaire-le-Châtel, Orne",0,small_airport
LFAY,208,FR,Amiens,0,medium_airport
LFBA,204,FR,Agen,0,medium_airport
LFBC,84,FR,Cazaux (La Teste-de-Buch),0,medium_airport
LFBD,162,FR,Bordeaux,1,large_airport
LFBE,171,FR,Bergerac,1,medium_airport
LFBF,535,FR,"Toulouse/Francazal, Haute-Garonne",0,medium_airport
LFBG,102,FR,Cognac/Châteaubernard,0,medium_airport
LFBH,74,FR,La Rochelle,1,medium_airport
LFBI,423,FR,Poitiers/Biard,1,medium_airport
LFBJ,902,FR,"Poitiers, Vienne",0,small_airport
LFBK,1497,FR,"Lépaud, Creuse",0,medium_airport
LFBL,1300,FR,Limoges/Bellegarde,1,medium_airport
LFBM,203,FR,Mont-de-Marsan,0,medium_airport
LFBN,203,FR,Niort/Souché,0,medium_airport
LFBO,499,FR,Toulouse/Blagnac,1,large_airport
LFBP,616,FR,Pau/Pyrénées (Uzein),1,medium_airport
LFBR,622,FR,"Muret/Lherm, Haute-Garonne",0,small_airport
LFBS,98,FR,"Biscarrosse, Landes",0,small_airport
LFBT,1260,FR,Tarbes/Lourdes/Pyrénées,1,medium_airport
LFBU,436,FR,Angoulême,0,medium_airport
LFBX,328,FR,Périgueux/Bassillac,0,medium_airport
LFBY,106,FR,"Perigueux, Dordogne",0,small_airport
LFBZ,245,FR,Biarritz,1,medium_airport
LFCA,207,FR,"Châtellerault, Vienne",0,small_airport
LFCB,2028,FR,,0,small_airport
LFCC,912,FR,Cahors,0,medium_airport
LFCD,66,FR,Andernos-les-Bains,0,small_airport
LFCE,1207,FR,"Saint-Laurent, Creuse",0,small_airport
LFCF,1086,FR,,0,small_airport
LFCG,1368,FR,Saint-Girons/Antichan,0,medium_airport
LFCH,52,FR,Arcachon/La Teste-de-Buch,0,medium_airport
LFCI,564,FR,Albi,0,medium_airport
LFCJ,128,FR,Albi,0,small_airport
LFCK,788,FR,Castres,1,medium_airport
LFCL,460,FR,"Balma, Haute-Garonne",0,small_airport
LFCM,2606,FR,Millau/Larzac,0,small_airport
LFCN,304,FR,,0,small_airport
LFCO,984,FR,,0,small_airport
LFCP,117,FR,,0,small_airport
LFCQ,581,FR,Graulhet/Montdragon,0,small_airport
LFCR,1910,FR,Rodez/Marcillac,1,medium_airport
LFCS,190,FR,Bordeaux-Saucats,0,small_airport
LFCT,341,FR,Thouars,0,small_airport
LFCU,2428,FR,"Ussel, Corrèze",0,small_airport
LFCV,1096,FR,Rodez,0,small_airport
LFCW,190,FR,Villeneuve-sur-Lot,0,small_airport
LFCX,243,FR,Moissac,0,small_airport
LFCY,72,FR,Royan/Médis,0,medium_airport
LFCZ,164,FR,Mimizan,0,small_airport
LFDA,259,FR,Aire-sur-Adour,0,small_airport
LFDB,351,FR,Montauban,0,small_airport
LFDC,148,FR,,0,small_airport
LFDE,1857,FR,,0,small_airport
LFDF,282,FR,,0,small_airport
LFDG,446,FR,Gaillac,0,small_airport
LFDH,411,FR,Auch,0,medium_airport
LFDI,157,FR,Libourne/Artigues-de-Lussac,0,small_airport
LFDJ,1115,FR,Pamiers/Les Pujols,0,small_airport
LFDK,7,FR,Pamiers,0,small_airport
LFDL,315,FR,Pamiers,0,small_airport
LFDM,110,FR,Marmande,0,small_airport
LFDN,60,FR,Rochefort/Saint-Agnant,0,medium_airport
LFDP,20,FR,,0,small_airport
LFDQ,992,FR,,0,small_airport
LFDR,43,FR,,0,small_airport
LFDS,978,FR,,0,small_airport
LFDT,1076,FR,Tarbes,0,small_airport
LFDU,105,FR,,0,small_airport
LFDV,499,FR,,0,small_airport
LFDW,440,FR,,0,small_airport
LFDX,692,FR,Rochefort,0,small_airport
LFDY,240,FR,,0,small_airport
LFEA,171,FR,Bangor,0,small_airport
LFEB,394,FR,"Trélivan, Côtes-d'Armor",0,small_airport
LFEC,142,FR,Ushant,1,small_airport
LFED,407,FR,Pontivy,0,small_airport
LFEF,180,FR,"Dierre, Indre-et-Loire",0,small_airport
LFEG,663,FR,"Le Pêchereau, Indre",0,small_airport
LFEH,630,FR,"Aubigny-sur-Nère, Cher",0,small_airport
LFEI,539,FR,"Briare, Loiret",0,small_airport
LFEJ,541,FR,"Saint-Maur, Indre",0,small_airport
LFEK,531,FR,"Saint-Aubin, Indre",0,small_airport
LFEL,377,FR,,0,small_airport
LFEM,308,FR,"Vimory, Loiret",0,small_airport
LFEN,299,FR,"Sorigny, Indre-et-Loire",0,small_airport
LFEP,1411,FR,Meilly-sur-Rouvres,0,small_airport
LFEQ,37,FR,,0,small_airport
LFER,225,FR,Redon,0,small_airport
LFES,574,FR,Guiscriff,0,small_airport
LFET,938,FR,Til-Châtel,0,small_airport
LFEU,909,FR,Les Hauts-de-Chée,0,small_airport
LFEV,679,FR,Gray,0,small_airport
LFEW,1722,FR,"Liernais, Côte-d'Or",0,small_airport
LFEX,961,FR,"Azelot, Meurthe-et-Moselle",0,small_airport
LFEY,79,FR,Île d'Yeu,0,small_airport
LFEZ,1253,FR,"Saint-Max, Meurthe-et-Moselle",0,small_airport
LFFB,420,FR,"Buno-Bonnevaux, Essonne",0,small_airport
LFFC,512,FR,"Chérence, Val-d'Oise",0,small_airport
LFFD,489,FR,"Saint-André-de-l'Eure, Eure",0,small_airport
LFFE,335,FR,"Attainville, Val-d'Oise",0,small_airport
LFFG,538,FR,"La Ferté-Gaucher, Seine-et-Marne",0,small_airport
LFFH,728,FR,"Château-Thierry, Aisne",0,small_airport
LFFI,111,FR,Ancenis,0,small_airport
LFFJ,1024,FR,Mussey-sur-Marne,0,small_airport
LFFK,85,FR,Fontenay Le Comte,0,small_airport
LFFL,509,FR,,0,small_airport
LFFN,381,FR,Saint-Christophe-Dodinicourt,0,small_airport
LFFO,10,FR,Fromentine,0,small_airport
LFFP,384,FR,"Pithiviers, Loiret",0,small_airport
LFFQ,453,FR,"Cerny, Essonne",0,small_airport
LFFR,938,FR,"Celles-sur-Ource, Aube",0,small_airport
LFFT,1224,FR,Neufchâteau,0,small_airport
LFFU,551,FR,,0,small_airport
LFFV,430,FR,"Vierzon, Cher",0,small_airport
LFFW,184,FR,Montaigu-Vendée,0,small_airport
LFFX,689,FR,"Cuisery, Saône-et-Loire",0,small_airport
LFFY,308,FR,Étrépagny,0,small_airport
LFFZ,354,FR,"Saint-Remy-sous-Broyes, Marne",0,small_airport
LFGA,628,FR,Colmar,0,medium_airport
LFGB,788,FR,Mulhouse/Habsheim,0,small_airport
LFGC,456,FR,Strasbourg,0,small_airport
LFGE,781,FR,"Avallon, Yonne",0,small_airport
LFGF,656,FR,Beaune/Challanges,0,small_airport
LFGG,1368,FR,Chaux,0,small_airport
LFGH,581,FR,"Cosne-Cours-sur-Loire, Nièvre",0,small_airport
LFGI,1586,FR,"Darois, Côte-d'Or",0,small_airport
LFGJ,645,FR,Dole,1,medium_airport
LFGK,732,FR,"Joigny, Yonne",0,small_airport
LFGL,761,FR,Courlaoux,0,small_airport
LFGM,1030,FR,"Pouilloux, Saône-et-Loire",0,small_airport
LFGN,997,FR,"Paray-le-Monial, Saône-et-Loire",0,small_airport
LFGO,236,FR,"Gisy-les-Nobles, Yonne",0,small_airport
LFGP,351,FR,"Jaulges, Yonne",0,small_airport
LFGQ,1053,FR,"Semur-en-Auxois, Côte-d'Or",0,small_airport
LFGR,804,FR,Doncourt-lès-Conflans,0,small_airport
LFGS,1148,FR,"Longuyon, Meurthe-et-Moselle",0,small_airport
LFGT,873,FR,Buhl-Lorraine,0,small_airport
LFGU,853,FR,,0,small_airport
LFGW,1230,FR,"Sommedieue, Meuse",0,medium_airport
LFGX,1745,FR,"Crotenay, Jura",0,small_airport
LFGY,1184,FR,"Remomeix, Vosges",0,small_airport
LFGZ,797,FR,"Nuits-Saint-Georges, Côte-d'Or",0,small_airport
LFHA,1240,FR,"Le Broc, Alpes-Maritimes",0,small_airport
LFHC,702,FR,,0,small_airport
LFHD,197,FR,"La Garde-Adhémar, Drôme",0,small_airport
LFHE,594,FR,,0,small_airport
LFHF,361,FR,Ruoms,0,small_airport
LFHG,1296,FR,"L'Horme, Loire",0,small_airport
LFHH,719,FR,"Reventin-Vaugris, Isère",0,small_airport
LFHI,804,FR,"Arandon-Passins, Isère",0,small_airport
LFHJ,650,FR,Corbas,0,small_airport
LFHL,3339,FR,"Lespéron, Ardèche",0,small_airport
LFHM,4823,FR,Megève,0,small_airport
LFHN,1624,FR,"Valserhône, Ain",0,small_airport
LFHO,923,FR,"Lanas, Ardèche",0,medium_airport
LFHP,2731,FR,"Chaspuzac, Haute-Loire",1,small_airport
LFHQ,3218,FR,Saint-Flour/Coltines,0,small_airport
LFHR,1483,FR,"Beaumont, Puy-de-Dôme",0,small_airport
LFHS,857,FR,Bourg/Ceyzériat,0,small_airport
LFHT,1847,FR,"Ambert, Puy-de-Dôme",0,small_airport
LFHU,6102,FR,"Huez, Isère",0,small_airport
LFHV,1076,FR,"Frontenas, Rhône",0,small_airport
LFHW,705,FR,"Belleville-en-Beaujolais, Rhône",0,small_airport
LFHX,1040,FR,,0,small_airport
LFHY,915,FR,Toulon-sur-Allier,0,small_airport
LFIB,791,FR,,0,small_airport
LFID,444,FR,,0,small_airport
LFIF,1686,FR,"Belmont-sur-Rance, Aveyron",0,small_airport
LFIG,2024,FR,Cassagnes-Bégonhès,0,small_airport
LFIH,285,FR,,0,small_airport
LFIK,351,FR,Ribérac,0,small_airport
LFIL,256,FR,,0,small_airport
LFIM,1325,FR,"Clarac, Hautes-Pyrénées",0,small_airport
LFIP,5190,FR,,0,small_airport
LFIR,643,FR,,0,small_airport
LFIS,443,FR,Saint-Inglevert,0,small_airport
LFIT,525,FR,,0,small_airport
LFIV,16,FR,,0,small_airport
LFIX,607,FR,,0,small_airport
LFIY,246,FR,,0,small_airport
LFJA,1001,FR,"Villiers-le-Sec, Haute-Marne",0,small_airport
LFJB,576,FR,Mauléon,0,small_airport
LFJC,713,FR,"Clamecy, Nièvre",0,small_airport
LFJD,2762,FR,,0,small_airport
LFJE,2887,FR,,0,small_airport
LFJF,810,FR,,0,small_airport
LFJH,811,FR,,0,small_airport
LFJI,16,FR,,0,small_airport
LFJL,870,FR,Goin,1,medium_airport
LFJR,194,FR,Angers,0,medium_airport
LFJS,509,FR,"Soissons, Aisne",0,small_airport
LFJT,413,FR,Angers,0,small_airport
LFJU,746,FR,"Lurcy-Lévis, Allier",0,small_airport
LFJV,843,FR,Lasclaveries,0,small_airport
LFJY,866,FR,Chambley-Bussières,0,small_airport
LFKA,1033,FR,Tournon,0,small_airport
LFKB,26,FR,Bastia,1,large_airport
LFKC,209,FR,Calvi,1,medium_airport
LFKD,4255,FR,Val-Cenis,0,small_airport
LFKE,866,FR,,0,small_airport
LFKF,85,FR,Figari,1,large_airport
LFKG,177,FR,GHISONACCIA,0,small_airport
LFKH,964,FR,Figari/Sud Corse,0,small_airport
LFKJ,18,FR,Ajaccio,1,medium_airport
LFKL,1040,FR,"Brindas, Rhône",0,small_airport
LFKM,1266,FR,,0,small_airport
LFKO,13,FR,Propriano,0,small_airport
LFKP,1050,FR,"Cessieu, Isère",0,small_airport
LFKS,28,FR,Solenzara,0,medium_airport
LFKT,1132,FR,Corte,0,small_airport
LFKX,5636,FR,Les Allues,0,small_airport
LFKY,739,FR,"Peyrieu, Ain",0,small_airport
LFLA,523,FR,Auxerre,0,medium_airport
LFLB,779,FR,Chambéry,1,medium_airport
LFLC,1090,FR,Clermont-Ferrand,1,large_airport
LFLD,529,FR,Bourges,0,medium_airport
LFLE,973,FR,Barby,0,small_airport
LFLG,722,FR,"Le Versoud, Isère",0,small_airport
LFLH,623,FR,Châlon sur Saône,0,small_airport
LFLI,1620,FR,Annemasse,0,medium_airport
LFLJ,6583,FR,Saint-Bon,0,small_airport
LFLL,821,FR,"Colombier-Saugnieu, Rhône",1,large_airport
LFLM,728,FR,"Charnay-lès-Mâcon, Saône-et-Loire",0,medium_airport
LFLN,796,FR,"L'Hôpital-le-Mercier, Saône-et-Loire",0,medium_airport
LFLO,1106,FR,Saint-Léger-sur-Roanne,0,medium_airport
LFLP,1521,FR,Annecy,1,medium_airport
LFLQ,240,FR,"Montélimar, Drôme",0,small_airport
LFLR,509,FR,"Albon, Drôme",0,small_airport
LFLS,1302,FR,Grenoble,1,medium_airport
LFLT,771,FR,"Domérat, Allier",0,small_airport
LFLU,525,FR,"Chabeuil, Drôme",0,medium_airport
LFLV,817,FR,"Charmeil, Allier",0,medium_airport
LFLW,2096,FR,Aurillac,1,medium_airport
LFLX,529,FR,Châteauroux,0,medium_airport
LFLY,659,FR,"Chassieu, Lyon",0,medium_airport
LFLZ,1096,FR,,0,small_airport
LFMA,367,FR,Aix en Provence,0,small_airport
LFMC,265,FR,"Le Cannet-des-Maures, Var",0,medium_airport
LFMD,13,FR,Cannes,0,medium_airport
LFME,197,FR,Nîmes,0,small_airport
LFMF,741,FR,"Fayence, Var",0,small_airport
LFMG,1470,FR,Revel,0,small_airport
LFMH,1325,FR,"Andrézieux-Bouthéon, Loire",0,medium_airport
LFMI,82,FR,"Istres, Bouches-du-Rhône",0,medium_airport
LFMK,433,FR,Carcassonne,1,medium_airport
LFML,74,FR,"Marignane, Bouches-du-Rhône",1,large_airport
LFMN,12,FR,"Nice, Alpes-Maritimes",1,large_airport
LFMO,197,FR,"Orange, Vaucluse",0,medium_airport
LFMP,144,FR,Perpignan/Rivesaltes,1,medium_airport
LFMQ,1391,FR,"Le Castellet, Var",0,medium_airport
LFMR,3714,FR,"Saint-Pons, Alpes-de-Haute-Provence",0,small_airport
LFMS,668,FR,Alès/Deaux,0,medium_airport
LFMT,17,FR,Montpellier/Méditerranée,1,large_airport
LFMU,56,FR,Béziers,1,medium_airport
LFMV,124,FR,Avignon,1,medium_airport
LFMW,551,FR,Castelnaudary Villeneuve,0,small_airport
LFMX,1509,FR,"Château-Arnoux-Saint-Auban, Alpes-de-Haute-Provence",0,small_airport
LFMY,195,FR,Salon,0,medium_airport
LFMZ,207,FR,Lézignan-Corbières,0,small_airport
LFNA,1986,FR,"Tallard, Hautes-Alpes",0,small_airport
LFNB,3362,FR,Mende/Brénoux,0,medium_airport
LFNC,2963,FR,"Saint-Crépin, Hautes-Alpes",0,small_airport
LFNE,246,FR,,0,small_airport
LFNF,902,FR,"Vinon-sur-Verdon, Var",0,small_airport
LFNG,5,FR,,0,small_airport
LFNH,394,FR,"Carpentras, Vaucluse",0,small_airport
LFNJ,2726,FR,"Aspres-sur-Buëch, Hautes-Alpes",0,small_airport
LFNL,597,FR,,0,small_airport
LFNO,3054,FR,,0,small_airport
LFNQ,5610,FR,,0,small_airport
LFNR,108,FR,"Berre-l'Étang, Bouches-du-Rhône",0,small_airport
LFNS,1772,FR,"Vaumeilh, Alpes-de-Haute-Provence",0,small_airport
LFNT,148,FR,"Pujaut, Gard",0,small_airport
LFNU,886,FR,"Mont-Lozère-et-Goulet, Lozère",0,small_airport
LFNV,472,FR,Visan,0,small_airport
LFNW,1608,FR,,0,small_airport
LFNX,1237,FR,,0,small_airport
LFNZ,387,FR,,0,small_airport
LFOA,580,FR,Avord,0,medium_airport
LFOB,359,FR,Beauvais,1,large_airport
LFOC,433,FR,"Châteaudun, Eure-et-Loir",0,medium_airport
LFOD,269,FR,Saumur/Saint-Florent,0,small_airport
LFOE,464,FR,"Fauville, Eure",0,medium_airport
LFOF,479,FR,"Alençon, Orne",0,small_airport
LFOG,656,FR,Flers,0,small_airport
LFOH,313,FR,Le Havre,0,medium_airport
LFOI,220,FR,Buigny-Saint-Maclou,0,medium_airport
LFOJ,412,FR,"Boulay-les-Barres, Loiret",0,medium_airport
LFOK,587,FR,Chalons en Champagne,1,medium_airport
LFOL,787,FR,"Saint-Sulpice-sur-Risle, Orne",0,small_airport
LFOM,92,FR,"Lessay, Basse-Normandie",0,small_airport
LFON,443,FR,"Vernouillet, Yvelines",0,small_airport
LFOO,105,FR,Les Sables-d'Olonne,0,small_airport
LFOP,512,FR,Boos,0,medium_airport
LFOQ,398,FR,Blois,0,small_airport
LFOR,509,FR,"Chartres, Eure-et-Loir",0,small_airport
LFOS,272,FR,Saint-Sylvain,0,small_airport
LFOT,357,FR,"Tours, Indre-et-Loire",1,medium_airport
LFOU,443,FR,Cholet,0,small_airport
LFOV,330,FR,"Laval, Mayenne",0,medium_airport
LFOW,325,FR,"Fontaine-lès-Clercs, Aisne",0,small_airport
LFOX,494,FR,"Guillerval, Essonne",0,small_airport
LFOY,423,FR,Gommerville,0,small_airport
LFOZ,396,FR,"Saint-Denis-de-l'Hôtel, Loiret",0,small_airport
LFPA,148,FR,"Bernes-sur-Oise, Val-d'Oise",0,small_airport
LFPB,218,FR,Paris,0,large_airport
LFPC,291,FR,Creil,0,medium_airport
LFPD,554,FR,"Bernay, Eure",0,small_airport
LFPE,217,FR,"Isles-lès-Villenoy, Seine-et-Marne",0,small_airport
LFPF,371,FR,"Beynes, Yvelines",0,small_airport
LFPG,392,FR,"Paris (Roissy-en-France, Val-d'Oise)",1,large_airport
LFPH,207,FR,"Chelles, Seine-et-Marne",0,small_airport
LFPK,470,FR,"Pommeuse, Seine-et-Marne",0,small_airport
LFPL,359,FR,"Lognes, Seine-et-Marne",0,small_airport
LFPM,302,FR,"Moissy-Cramayel, Seine-et-Marne",0,medium_airport
LFPN,538,FR,"Toussus-le-Noble, Yvelines",0,medium_airport
LFPO,291,FR,"Paris (Orly, Val-de-Marne)",1,large_airport
LFPP,387,FR,Le Plessis-Belleville,0,small_airport
LFPQ,371,FR,Fontenay-Trésigny,0,small_airport
LFPT,325,FR,"Cormeilles-en-Vexin, Val-d'Oise",0,medium_airport
LFPU,253,FR,"Moret-Loing-et-Orvanne, Seine-et-Marne",0,small_airport
LFPV,584,FR,"Vélizy-Villacoublay, Yvelines",0,medium_airport
LFPX,426,FR,"Chavenay, Yvelines",0,small_airport
LFPZ,373,FR,"Saint-Cyr-l'École, Yvelines",0,small_airport
LFQA,313,FR,"Prunay, Marne",0,small_airport
LFQB,388,FR,"Barberey-Saint-Sulpice, Aube",0,medium_airport
LFQC,790,FR,Chanteheux,0,small_airport
LFQD,338,FR,Saint-Laurent-Blangy,0,small_airport
LFQE,770,FR,Rouvres-en-Woëvre,0,medium_airport
LFQF,997,FR,"Autun, Saône-et-Loire",0,small_airport
LFQG,602,FR,"Marzy, Nièvre",0,medium_airport
LFQH,905,FR,Châtillon-sur-Seine,0,small_airport
LFQJ,452,FR,"Vieux-Reng, Nord",0,small_airport
LFQK,319,FR,Écury-sur-Coole,0,small_airport
LFQL,167,FR,"Bénifontaine, Pas-de-Calais",0,small_airport
LFQM,1271,FR,Besançon,0,small_airport
LFQN,249,FR,"Longuenesse, Pas-de-Calais",0,small_airport
LFQO,69,FR,Bondues,0,small_airport
LFQP,1017,FR,Bourscheid,0,medium_airport
LFQQ,157,FR,Lesquin,1,large_airport
LFQS,174,FR,"Vitry-en-Artois, Pas-de-Calais",0,small_airport
LFQT,61,FR,"Merville, Nord",0,medium_airport
LFQU,837,FR,Sarre-Union,0,small_airport
LFQV,492,FR,Charleville-Mézières,0,medium_airport
LFQW,1249,FR,"Frotey-lès-Vesoul, Haute-Saône",0,medium_airport
LFQX,1145,FR,"Juvancourt, Aube",0,small_airport
LFQY,630,FR,Saverne,0,small_airport
LFQZ,722,FR,Gelucourt,0,small_airport
LFRB,325,FR,Brest,1,large_airport
LFRC,459,FR,Cherbourg,0,medium_airport
LFRD,219,FR,Dinard,0,medium_airport
LFRE,105,FR,La Baule-Escoublac,0,medium_airport
LFRF,45,FR,"Bréville-sur-Mer, Manche",0,medium_airport
LFRG,479,FR,Deauville,1,medium_airport
LFRH,160,FR,Lorient/Lann/Bihoué,0,medium_airport
LFRI,299,FR,La Roche-sur-Yon,0,medium_airport
LFRJ,348,FR,Landivisiau,0,medium_airport
LFRK,256,FR,Caen,1,medium_airport
LFRL,287,FR,Lanvéoc/Poulmic,0,medium_airport
LFRM,194,FR,"Le Mans, Sarthe",0,medium_airport
LFRN,124,FR,"Saint-Jacques-de-la-Lande, Ille-et-Vilaine",1,medium_airport
LFRO,290,FR,Lannion,0,medium_airport
LFRP,236,FR,Rennes,0,small_airport
LFRQ,297,FR,Quimper/Pluguffan,0,medium_airport
LFRS,90,FR,Nantes,1,large_airport
LFRT,453,FR,"Trémuson, Côtes-d'Armor",0,medium_airport
LFRU,272,FR,Morlaix/Ploujean,0,medium_airport
LFRV,446,FR,Vannes/Meucon,0,medium_airport
LFRW,26,FR,"Le Val-Saint-Père, Manche",0,small_airport
LFRZ,13,FR,Saint-Nazaire/Montoir,0,medium_airport
LFSA,807,FR,Thise,0,small_airport
LFSB,885,FR,Bâle / Mulhouse,1,large_airport
LFSD,726,FR,Dijon,0,medium_airport
LFSE,1040,FR,Dogneville,0,small_airport
LFSG,1084,FR,Épinal,0,medium_airport
LFSH,491,FR,Haguenau,0,small_airport
LFSI,458,FR,Saint-Dizier,0,medium_airport
LFSJ,512,FR,Douzy,0,small_airport
LFSK,410,FR,Vauclerc,0,small_airport
LFSL,1016,FR,Brive,1,medium_airport
LFSM,1041,FR,Courcelles-lès-Montbéliard,0,medium_airport
LFSN,751,FR,"Tomblaine, Meurthe-et-Moselle",0,medium_airport
LFSO,1106,FR,Thuilley-aux-Groseilles,0,medium_airport
LFSP,2683,FR,"Pontarlier, Doubs",0,small_airport
LFSS,312,FR,,0,small_airport
LFST,505,FR,Strasbourg,1,large_airport
LFSU,1378,FR,"Rolampont, Haute-Marne",0,small_airport
LFSV,1339,FR,"Pont-Saint-Vincent, Meurthe-et-Moselle",0,small_airport
LFSW,289,FR,"Plivot, Marne",0,small_airport
LFSX,913,FR,Saint-Sauveur,0,medium_airport
LFSY,1316,FR,"Baigneux-les-Juffs, Côte-d'Or",0,small_airport
LFTF,266,FR,"Pierrefeu-du-Var, Var",0,small_airport
LFTH,7,FR,"Hyères, Var",1,medium_airport
LFTM,2345,FR,,0,small_airport
LFTN,1647,FR,,0,small_airport
LFTP,2523,FR,"Puimoisson, Alpes de Haute-Provence",0,small_airport
LFTQ,322,FR,,0,small_airport
LFTW,309,FR,Nîmes/Garons,1,medium_airport
LFTZ,59,FR,Saint-Tropez,1,small_airport
LFVM,10,PM,Miquelon,1,small_airport
LFVP,27,PM,Saint-Pierre,1,medium_airport
LFXA,823,FR,Ambérieu,0,medium_airport
LFXB,118,FR,,0,small_airport
LFXQ,499,FR,Guer,0,small_airport
LFXU,89,FR,"Les Mureaux, Yvelines",0,small_airport
LFYG,312,FR,"Niergnies, Nord",0,small_airport
LFYR,289,FR,"Gièvres, Loir-et-Cher",0,small_airport
LFYS,4331,FR,,0,small_airport
LFYV,463,FR,Baons-le-Comte,0,small_airport
LGAD,55,GR,Andravida,0,medium_airport
LGAL,24,GR,Alexandroupolis,1,medium_airport
LGAV,308,GR,Spata-Artemida,1,large_airport
LGAX,27,GR,Lianovergi,0,small_airport
LGBL,83,GR,Nea Anchialos,1,medium_airport
LGEL,143,GR,Elefsina,0,medium_airport
LGHI,15,GR,Chios Island,1,medium_airport
LGIK,79,GR,Ikaria Island,1,small_airport
LGIO,1558,GR,Ioannina,1,medium_airport
LGIR,115,GR,Heraklion,1,large_airport
LGKA,2167,GR,Argos Orestiko,1,small_airport
LGKC,1045,GR,Kithira Island,1,small_airport
LGKF,59,GR,Kefallinia Island,1,medium_airport
LGKJ,489,GR,Kastelorizo Island,1,small_airport
LGKL,26,GR,Kalamata,1,medium_airport
LGKM,199,GR,Amygdaleonas,0,small_airport
LGKN,682,GR,Marathon,0,heliport
LGKO,412,GR,Kos Island,1,large_airport
LGKP,66,GR,Karpathos Island,1,medium_airport
LGKR,6,GR,Kerkyra (Corfu),1,large_airport
LGKS,35,GR,Kasos Island,1,small_airport
LGKV,18,GR,Kavala,1,large_airport
LGKY,771,GR,Kalymnos Island,1,small_airport
LGKZ,2059,GR,Kozani,1,medium_airport
LGLE,39,GR,Leros Island,1,small_airport
LGLM,14,GR,Limnos Island,1,small_airport
LGLR,241,GR,Larissa,0,small_airport
LGMG,12,GR,Megara,0,small_airport
LGMK,405,GR,Mykonos,1,medium_airport
LGML,10,GR,Milos Island,1,small_airport
LGMT,60,GR,Mytilene,1,medium_airport
LGNX,10,GR,Naxos,1,small_airport
LGPA,131,GR,Paros,1,small_airport
LGPL,165,GR,Astypalaia Island,1,small_airport
LGPZ,11,GR,Preveza,1,medium_airport
LGRP,17,GR,Rhodes,1,large_airport
LGRX,46,GR,Patras,1,medium_airport
LGSA,490,GR,Souda,1,large_airport
LGSD,85,GR,Sedes,0,small_airport
LGSK,54,GR,Skiathos,1,medium_airport
LGSM,19,GR,Samos Island,1,medium_airport
LGSO,236,GR,Syros Island,1,small_airport
LGSR,127,GR,Santorini Island,1,large_airport
LGST,376,GR,Crete Island,1,medium_airport
LGSY,44,GR,Skiros Island,1,small_airport
LGTG,495,GR,Tanagra,0,medium_airport
LGTL,1180,GR,Crete Island,0,closed
LGTP,2113,GR,Trípoli,0,small_airport
LGTS,22,GR,Thessaloniki,1,large_airport
LGTT,785,GR,Tatoi,0,small_airport
LGZA,12,GR,Zakynthos,1,medium_airport
LHKU,469,HU,Kutas,0,small_airport
LHBC,286,HU,Békéscsaba,0,small_airport
LHBF,545,HU,Bö,0,small_airport
LHBI,302,HU,Biharkeresztes,0,small_airport
LHBP,495,HU,Budapest,1,large_airport
LHBS,413,HU,Budaörs,0,small_airport
LHCL,315,HU,Cegléd,0,small_airport
LHDC,359,HU,Debrecen,1,large_airport
LHDK,397,HU,Dunakeszi,0,small_airport
LHDV,394,HU,Dunaújváros,0,small_airport
LHEM,342,HU,Esztergom,0,small_airport
LHER,790,HU,Eger,0,small_airport
LHFC,492,HU,Bodmér,0,small_airport
LHFH,690,HU,Farkashegy,0,small_airport
LHFM,440,HU,Fertőszentmiklós,0,small_airport
LHGD,715,HU,Gödöllő,0,small_airport
LHGR,640,HU,Gyúró,0,small_airport
LHGU,397,HU,Győrújbarát,0,heliport
LHGY,1150,HU,Gyöngyös,0,small_airport
LHHH,960,HU,Budapest,0,small_airport
LHHO,335,HU,Hajdúszoboszló,0,small_airport
LHJK,348,HU,Jakabszállás,0,small_airport
LHKC,323,HU,Kecel,0,heliport
LHKD,570,HU,Kecskéd,0,small_airport
LHKE,376,HU,Kecskemét,0,medium_airport
LHKH,289,HU,Kiskunfélegyháza,0,small_airport
LHKI,305,HU,Akasztó,0,small_airport
LHKK,322,HU,Kiskunlacháza,0,small_airport
LHKT,0,HU,Kadarkút,0,small_airport
LHKV,499,HU,Kaposújlak,0,small_airport
LHLI,377,HU,Lipót,0,small_airport
LHMR,424,HU,Maklár,0,small_airport
LHNK,466,HU,Nagykanizsa,0,small_airport
LHNY,338,HU,Nyíregyháza,0,small_airport
LHOY,295,HU,Őcsény,0,small_airport
LHPA,466,HU,Pápa,0,small_airport
LHPP,651,HU,Pécs,1,large_airport
LHPR,424,HU,Győr,1,medium_airport
LHSB,325,HU,Szabadszállás,0,small_airport
LHSI,0,HU,Sitke,0,small_airport
LHSK,417,HU,Siófok-Kiliti,0,small_airport
LHSM,408,HU,Sármellék,1,medium_airport
LHSN,322,HU,Szolnok,0,medium_airport
LHSS,266,HU,Szolnok,0,small_airport
LHSU,282,HU,Törökszentmiklós,0,small_airport
LHSY,732,HU,Szombathely,0,small_airport
LHSZ,259,HU,Szentes,0,small_airport
LHTL,318,HU,Tököl,0,medium_airport
LHTM,331,HU,Tápiószentmárton,0,small_airport
LHUD,249,HU,Szeged,0,small_airport
LHUH,633,HU,Úrhida,0,small_airport
LHVE,0,HU,Veresegyház,0,small_airport
LHZA,617,HU,Zalaegerszeg,0,small_airport
LHZK,370,HU,Zalakaros,0,small_airport
LIAA,374,IT,Terni,0,small_airport
LIAF,730,IT,Foligno (PG),0,small_airport
LIAP,2211,IT,L'Aquila,0,small_airport
LIAQ,361,IT,Aquino,0,small_airport
LIAT,39,IT,Capannoli (PI),0,small_airport
LIAU,64,IT,Capua,0,small_airport
LIBA,183,IT,San Giovanni Rotondo (FG),0,medium_airport
LIBC,522,IT,Isola di Capo Rizzuto (KR),1,medium_airport
LIBD,193,IT,Bari,1,large_airport
LIBF,265,IT,Foggia (FG),1,medium_airport
LIBG,215,IT,Grottaglie,0,medium_airport
LIBN,156,IT,Galatina (LE),0,medium_airport
LIBP,48,IT,Pescara,1,large_airport
LIBR,47,IT,Brindisi,1,large_airport
LIBV,1187,IT,Gioia del Colle (BA),0,medium_airport
LICA,39,IT,Lamezia Terme (CZ),1,large_airport
LICB,756,IT,Comiso,1,medium_airport
LICC,39,IT,Catania,1,large_airport
LICD,70,IT,Lampedusa,1,medium_airport
LICG,628,IT,Pantelleria (TP),1,medium_airport
LICJ,65,IT,Palermo,1,large_airport
LICP,345,IT,Palermo,0,medium_airport
LICR,96,IT,Reggio Calabria,1,medium_airport
LICT,25,IT,Trapani (TP),1,medium_airport
LICZ,79,IT,Sigonella (CT),0,medium_airport
LIDA,3409,IT,Asiago (VI),0,small_airport
LIDB,1240,IT,Belluno (BL),0,small_airport
LIDE,152,IT,Reggio Emilia (RE),0,small_airport
LIDF,54,IT,Fano (PU),0,small_airport
LIDG,62,IT,Lugo,0,small_airport
LIDH,335,IT,Thiene (VI),0,small_airport
LIDI,4213,IT,Fiames (BL),0,heliport
LIDL,30,IT,Vangadizza (VR),0,small_airport
LIDP,2244,IT,Pavullo (MO),0,small_airport
LIDR,1,IT,Ravenna (RA),0,small_airport
LIDT,610,IT,Trento (TN),1,medium_airport
LIDU,69,IT,Carpi (MO),0,small_airport
LIDW,7,IT,Campo di Pietra (TV),0,small_airport
LIEA,87,IT,Alghero,1,medium_airport
LIED,100,IT,Decimomannu,0,medium_airport
LIEE,13,IT,Cagliari,1,large_airport
LIEO,37,IT,Olbia (SS),1,large_airport
LIER,36,IT,Oristano,0,small_airport
LILA,299,IT,Alessandria (AL),0,small_airport
LILB,1260,IT,Verzago (CO),0,small_airport
LILC,797,IT,Varese (VA),0,small_airport
LILE,920,IT,Cerrione (BI),0,medium_airport
LILG,863,IT,Vergiate (VA),0,small_airport
LILH,423,IT,Voghera (PV),0,small_airport
LILI,417,IT,Vercelli (VC),0,small_airport
LILM,377,IT,Casale Monferrato (AL),0,small_airport
LILN,1100,IT,Venegono Superiore (VA),0,medium_airport
LILO,899,IT,Caiolo (SO),0,small_airport
LILQ,13,IT,Massa (MS),0,small_airport
LILR,161,IT,Cremona (CR),0,small_airport
LILU,544,IT,Alba (CN),0,heliport
LILV,745,IT,Valbrembo (BG),0,small_airport
LILY,663,IT,Como (CO),0,seaplane_base
LIMA,943,IT,Torino (TO),0,medium_airport
LIMB,484,IT,Bresso (MI),0,small_airport
LIMC,768,IT,Ferno (VA),1,large_airport
LIME,782,IT,Orio al Serio (BG),1,large_airport
LIMF,989,IT,Caselle Torinese (TO),1,large_airport
LIMG,148,IT,Villanova d'Albenga (SV),0,medium_airport
LIMJ,13,IT,Genova (GE),1,large_airport
LIML,353,IT,Segrate (MI),1,large_airport
LIMN,586,IT,Cameri (NO),0,medium_airport
LIMP,161,IT,Parma (PR),1,medium_airport
LIMS,456,IT,San Damiano (PC),0,medium_airport
LIMW,1791,IT,Saint-Christophe (AO),0,medium_airport
LIMZ,1267,IT,Levaldigi (CN),1,medium_airport
LINL,59,IT,Lecce (LE),0,small_airport
LIPA,410,IT,Aviano (PN),0,medium_airport
LIPB,789,IT,Bolzano (BZ),1,medium_airport
LIPC,18,IT,Cervia (RA),0,medium_airport
LIPD,305,IT,Campoformido (UD),0,small_airport
LIPE,123,IT,Bologna,1,large_airport
LIPF,20,IT,Ferrara (FE),0,small_airport
LIPG,207,IT,Gorizia (GO),0,small_airport
LIPH,59,IT,Treviso (TV),1,large_airport
LIPI,179,IT,Codroipo (UD),0,medium_airport
LIPK,97,IT,Forlì (FC),1,medium_airport
LIPL,333,IT,Ghedi (BS),0,medium_airport
LIPM,184,IT,Marzaglia (MO),0,small_airport
LIPN,286,IT,Verona,0,small_airport
LIPO,355,IT,Montichiari (BS),1,medium_airport
LIPQ,39,IT,Ronchi dei Legionari/Trieste,1,large_airport
LIPR,40,IT,Rimini (RN),1,large_airport
LIPS,137,IT,Istrana (TV),0,medium_airport
LIPU,44,IT,Padova (PD),0,medium_airport
LIPV,15,IT,Venezia (VE),0,small_airport
LIPX,239,IT,Caselle (VR),1,large_airport
LIPY,49,IT,Falconara Marittima (AN),1,medium_airport
LIPZ,7,IT,Venezia (VE),1,large_airport
LIQB,814,IT,Arezzo (AR),0,small_airport
LIQL,39,IT,Capannori (LU),0,small_airport
LIQN,1278,IT,Rieti (RI),0,small_airport
LIQS,634,IT,Ampugnano (SI),0,medium_airport
LIQW,45,IT,Sarzana (SP),0,medium_airport
LIRA,427,IT,Rome,1,large_airport
LIRE,41,IT,Pomezia (RM),0,medium_airport
LIRF,13,IT,Rome,1,large_airport
LIRG,289,IT,Guidonia (RM),0,medium_airport
LIRH,0,IT,Frosinone,0,small_airport
LIRI,123,IT,Salerno,1,medium_airport
LIRJ,31,IT,Campo nell'Elba (LI),1,medium_airport
LIRL,94,IT,Latina,0,medium_airport
LIRM,29,IT,Caserta,0,medium_airport
LIRN,294,IT,Napoli,1,large_airport
LIRP,6,IT,Pisa (PI),1,large_airport
LIRQ,142,IT,Firenze (FI),1,large_airport
LIRS,17,IT,Grosseto (GR),0,medium_airport
LIRU,55,IT,Rome,0,medium_airport
LIRV,992,IT,Viterbo,0,medium_airport
LIRZ,697,IT,Perugia (PG),1,large_airport
LIVD,4068,IT,Toblach (Dobbiaco) (BZ),0,small_airport
LJAJ,381,SI,Ajdovščina,0,small_airport
LJBL,1654,SI,Lesce,0,small_airport
LJBO,1417,SI,Bovec,0,small_airport
LJCE,510,SI,Cerklje ob Krki,0,medium_airport
LJCL,801,SI,Celje,0,small_airport
LJDI,1420,SI,Divača,0,small_airport
LJLJ,1273,SI,Zgornji Brnik,1,large_airport
LJMB,876,SI,Maribor,1,medium_airport
LJMS,600,SI,Murska Sobota,0,small_airport
LJNM,572,SI,Novo Mesto,0,small_airport
LJPO,0,SI,Postojna,0,small_airport
LJPT,689,SI,Moškanjci,0,small_airport
LJPZ,7,SI,Sečovlje,0,medium_airport
LJSG,1645,SI,Šmartno pri Slovenj Gradcu,0,small_airport
LJSK,0,SI,Loče,0,small_airport
LJSO,1283,SI,Topolšica,0,small_airport
LKBA,531,CZ,Břeclav,0,small_airport
LKBE,1319,CZ,Benešov,0,small_airport
LKBO,771,CZ,Bohuňovice,0,small_airport
LKBR,1342,CZ,Broumov,0,small_airport
LKBU,1401,CZ,Bubovice,0,small_airport
LKCB,1585,CZ,Cheb,0,small_airport
LKCE,932,CZ,Česká Lípa,0,small_airport
LKCH,1132,CZ,Otvice,0,small_airport
LKCM,853,CZ,Medlánky,0,small_airport
LKCR,981,CZ,Chrudim,0,small_airport
LKCS,1417,CZ,České Budějovice,1,large_airport
LKCT,1949,CZ,Chotěboř,0,small_airport
LKCV,794,CZ,Chotusice,0,medium_airport
LKDK,932,CZ,Dvůr Králové nad Labem,0,small_airport
LKER,1572,CZ,Erpužice,0,small_airport
LKFR,1440,CZ,Frýdlant,0,small_airport
LKHB,1519,CZ,Havlíčkův Brod,0,small_airport
LKHC,922,CZ,Holovousy,0,small_airport
LKHD,1480,CZ,Hodkovice nad Mohelkou,0,small_airport
LKHK,791,CZ,Hradec Králové,0,small_airport
LKHN,797,CZ,Hranice,0,small_airport
LKHS,1621,CZ,Hluboká nad Vltavou,0,small_airport
LKHV,1214,CZ,Hořovice,0,small_airport
LKJA,889,CZ,Jaroměř,0,small_airport
LKJC,863,CZ,Jičín,0,small_airport
LKJH,1667,CZ,Jindřichův Hradec,0,small_airport
LKJI,1821,CZ,Jihlava,0,small_airport
LKKA,1831,CZ,Křižanov,0,small_airport
LKKB,939,CZ,Prague,0,medium_airport
LKKL,1421,CZ,Kladno,0,small_airport
LKKM,620,CZ,Kroměříž,0,small_airport
LKKO,932,CZ,Kolín,0,small_airport
LKKR,1230,CZ,Krnov,0,small_airport
LKKT,1299,CZ,Klatovy,0,small_airport
LKKU,581,CZ,Uherské Hradiště,0,medium_airport
LKKV,1989,CZ,Karlovy Vary,1,large_airport
LKKY,689,CZ,Svatobořice,0,small_airport
LKLB,1329,CZ,Liberec,0,small_airport
LKLN,1188,CZ,Plzen,0,medium_airport
LKLT,909,CZ,Letňany,0,small_airport
LKMB,781,CZ,Mladá Boleslav,0,small_airport
LKMH,800,CZ,Mnichovo Hradiště,0,small_airport
LKMI,1381,CZ,Mikulovice,0,small_airport
LKMK,1322,CZ,Moravská Třebová,0,small_airport
LKMO,1089,CZ,Most,0,small_airport
LKMT,844,CZ,Mošnov,1,large_airport
LKNA,1548,CZ,Sedlec,0,medium_airport
LKNM,1001,CZ,Nové Město nad Metují,0,small_airport
LKOL,869,CZ,Olomouc,0,small_airport
LKZL,600,CZ,Otrokovice,0,small_airport
LKPA,1982,CZ,Polička,0,small_airport
LKPC,1207,CZ,Panensky Tynec,0,small_airport
LKPD,741,CZ,Pardubice,1,large_airport
LKPI,1739,CZ,Přibyslav,0,small_airport
LKPJ,699,CZ,Prostějov,0,small_airport
LKPL,1371,CZ,Letkov,0,small_airport
LKPM,1529,CZ,Drásov,0,small_airport
LKPN,1250,CZ,Podhořany u Ronova,0,small_airport
LKPO,676,CZ,Přerov,0,medium_airport
LKPR,1247,CZ,Prague,1,large_airport
LKPS,1430,CZ,Plasy,0,small_airport
LKRA,879,CZ,Raná,0,small_airport
LKRK,1270,CZ,Rakovnik,0,small_airport
LKRO,732,CZ,Roudnice nad Labem,0,small_airport
LKRY,1329,CZ,Rokycany,0,small_airport
LKSA,1404,CZ,Staňkov,0,small_airport
LKSB,840,CZ,Mostkovice,0,small_airport
LKSK,1601,CZ,Skuteč,0,small_airport
LKSN,1079,CZ,Slaný,0,small_airport
LKSO,1342,CZ,Soběslav,0,small_airport
LKSR,1572,CZ,Prachatice,0,small_airport
LKST,1381,CZ,Strakonice,0,small_airport
LKSU,1099,CZ,Nový Malín,0,small_airport
LKSZ,761,CZ,Sazená,0,small_airport
LKTA,1440,CZ,Tábor,0,small_airport
LKTB,778,CZ,Brno,1,medium_airport
LKTC,1027,CZ,Prague,0,small_airport
LKTD,1640,CZ,Tachov,0,small_airport
LKTO,2139,CZ,Toužim,0,small_airport
LKUL,791,CZ,Usti Nad Labem,0,small_airport
LKUO,1342,CZ,Ústí nad Orlicí,0,small_airport
LKVL,1421,CZ,Vlašim,0,small_airport
LKVM,991,CZ,Vysoké Mýto,0,small_airport
LKVO,919,CZ,Vodochody,0,medium_airport
LKVP,1322,CZ,Velke Porici,0,small_airport
LKVR,1611,CZ,Lánov,0,small_airport
LKVY,922,CZ,Vyskov,0,small_airport
LKZA,791,CZ,Dolní Benešov,0,small_airport
LKZB,1621,CZ,Zbraslavice,0,small_airport
LKZD,879,CZ,Žatec,0,small_airport
LKZM,1411,CZ,Žamberk,0,small_airport
LKZN,830,CZ,Znojmo,0,small_airport
LLKZ,900,IL,Nitzana,0,small_airport
LLBG,135,IL,Tel Aviv,1,large_airport
LLBL,114,IL,Petah Tikva,0,heliport
LLBO,17,IL,Habonim,0,small_airport
LLBS,656,IL,Beersheba,0,small_airport
LLEK,193,IL,Rehovot,0,medium_airport
LLER,288,IL,Eilat,1,large_airport
LLES,95,IL,Ein Shemer,0,small_airport
LLEY,-164,IL,Sapir,0,small_airport
LLFK,1218,IL,Katzrin,0,small_airport
LLHA,28,IL,Haifa,1,medium_airport
LLHB,725,IL,Beersheba,0,small_airport
LLHS,148,IL,Hatzor,0,small_airport
LLHZ,121,IL,Herzliya,0,small_airport
LLIB,884,IL,Rosh Pina,0,medium_airport
LLKS,386,IL,Kiryat Shmona,0,small_airport
LLMG,200,IL,Afula,0,small_airport
LLMR,2556,IL,Mitzpe Ramon,0,small_airport
LLMZ,-1266,IL,Masada,0,medium_airport
LLNV,1330,IL,Beersheba,0,medium_airport
LLOV,1492,IL,Eilat,0,small_airport
LLRD,185,IL,Haifa,0,medium_airport
LLRM,2126,IL,Beersheba,0,medium_airport
LLTN,99,IL,Tnuvot,0,small_airport
LMML,300,MT,Valletta,1,large_airport
VRGD,6,MV,Naifaru,0,small_airport
LNMC,20,MC,Fontvieille,1,heliport
LOAA,2867,AT,Ottenschlag,0,small_airport
LOAB,1720,AT,Dobersberg,0,small_airport
LOAD,1063,AT,Ober-Grafendorf,0,small_airport
LOAG,1017,AT,Krems an der Donau,0,small_airport
LOAN,896,AT,Wiener Neustadt,0,medium_airport
LOAR,604,AT,Altlichtenwarth,0,small_airport
LOAS,623,AT,Hundsheim,0,small_airport
LOAU,686,AT,Stockerau,0,small_airport
LOAV,765,AT,Bad Vöslau,0,small_airport
LOGF,830,AT,Fürstenfeld,0,small_airport
LOGG,950,AT,Punitz,0,small_airport
LOGI,2283,AT,Trieben,0,small_airport
LOGK,1719,AT,Kapfenberg,0,small_airport
LOGL,2575,AT,Göriach,0,small_airport
LOGM,2822,AT,Mariazell,0,small_airport
LOGO,2142,AT,Niederöblarn,0,small_airport
LOGP,1339,AT,Pinkafeld,0,small_airport
LOGT,2060,AT,Timmersdorf,0,small_airport
LOGW,1296,AT,Weiz,0,small_airport
LOIH,1352,AT,Hohenems,0,small_airport
LOIJ,2198,AT,Sankt Johann in Tirol,0,small_airport
LOIK,1588,AT,Langkampfen,0,small_airport
LOIR,2806,AT,Reutte,0,small_airport
LOKF,1706,AT,Feldkirchen in Kärnten,0,small_airport
LOKG,1498,AT,Ferlach,0,small_airport
LOKH,2019,AT,Micheldorf,0,small_airport
LOKL,2093,AT,Lengberg,0,small_airport
LOKM,2119,AT,Mayerhofen,0,small_airport
LOKN,1801,AT,Nötsch im Gailtal,0,small_airport
LOKR,1759,AT,Mairist,0,small_airport
LOKW,1460,AT,Wolfsberg,0,small_airport
LOLC,1742,AT,Scharnstein,0,small_airport
LOLE,887,AT,Pupping,0,small_airport
LOLF,2237,AT,Freistadt,0,small_airport
LOLG,827,AT,Sankt Georgen am Ybbsfelde,0,small_airport
LOLH,1175,AT,Hofkirchen,0,small_airport
LOLK,1378,AT,Kirchheim im Innkreis,0,small_airport
LOLM,1509,AT,Micheldorf,0,small_airport
LOLO,827,AT,Linz,0,small_airport
LOLS,1070,AT,Suben,0,small_airport
LOLT,1050,AT,Seitenstetten,0,small_airport
LOLU,1670,AT,Laakirchen,0,small_airport
LOLW,1043,AT,Wels,0,small_airport
KLOR,294,US,Fort Rucker Ozark,0,heliport
LOSM,3642,AT,Mauterndorf,0,small_airport
LOWG,1115,AT,Feldkirchen bei Graz,1,large_airport
LOWI,1907,AT,Innsbruck,1,large_airport
LOWK,1472,AT,Klagenfurt am Wörthersee,1,large_airport
LOWL,980,AT,Linz,1,large_airport
LOWS,1411,AT,Salzburg,1,large_airport
LOWW,600,AT,Vienna,1,large_airport
LOWZ,2470,AT,Zell am See,0,small_airport
LOXA,2093,AT,Aigen im Ennstal,0,small_airport
LOXN,935,AT,Wiener Neustadt,0,medium_airport
LOXT,574,AT,Tulln an der Donau,0,small_airport
LOXZ,2264,AT,Zeltweg,0,medium_airport
LPAR,11,PT,Vila Franca de Xira,0,medium_airport
LPAV,26,PT,Aveiro,0,small_airport
LPAZ,308,PT,Vila do Porto,1,medium_airport
LPBG,2241,PT,Bragança,1,medium_airport
LPBJ,636,PT,Beja,0,medium_airport
LPBR,247,PT,Braga,0,medium_airport
LPCB,1300,PT,Castelo Branco,0,medium_airport
LPCH,1181,PT,Chaves,0,small_airport
LPCO,587,PT,Coimbra,0,medium_airport
LPCR,62,PT,Corvo,1,small_airport
LPCS,325,PT,Cascais,1,medium_airport
LPEV,807,PT,Évora,0,medium_airport
LPFL,112,PT,Santa Cruz das Flores,1,medium_airport
LPFR,24,PT,Faro,1,large_airport
LPGR,86,PT,Santa Cruz da Graciosa,1,medium_airport
LPHR,118,PT,Horta,1,medium_airport
LPIN,10,PT,,0,small_airport
LPJF,151,PT,Leiria,0,small_airport
LPLA,180,PT,Praia da Vitória,1,medium_airport
LPLZ,654,PT,Lousã,0,small_airport
LPMA,192,PT,Funchal,1,large_airport
LPMI,1329,PT,Mirandela,0,small_airport
LPMR,187,PT,,0,medium_airport
LPMT,46,PT,Montijo,0,medium_airport
LPMU,2344,PT,Mogadouro,0,small_airport
LPOV,56,PT,Ovar,0,medium_airport
LPPD,259,PT,Ponta Delgada,1,large_airport
LPPI,109,PT,Pico Island,1,medium_airport
LPPM,5,PT,Portimão,1,medium_airport
LPPR,228,PT,Porto,1,large_airport
LPPS,341,PT,Vila Baleira,1,medium_airport
LPPT,374,PT,Lisbon,1,large_airport
LPSC,157,PT,Torres Vedras,0,small_airport
LPSJ,311,PT,Velas,1,medium_airport
LPSO,390,PT,Ponte de Sor,0,medium_airport
LPSR,30,PT,Santarém,0,small_airport
LPST,440,PT,Sintra,0,medium_airport
LPTN,266,PT,Tancos,0,medium_airport
LPVL,762,PT,Maia,0,medium_airport
LPVR,1805,PT,Vila Real,1,medium_airport
LPVZ,2060,PT,Viseu,1,medium_airport
LQBI,761,BA,Bihać,0,small_airport
LQBK,400,BA,Mahovljani,1,large_airport
LQJL,869,BA,Rainci Gornji,0,small_airport
LQLV,2349,BA,Livno,0,small_airport
LQMO,156,BA,Mostar,1,large_airport
LQMP,1972,BA,,0,small_airport
LQNI,3155,BA,Šabanci,0,small_airport
LQPD,591,BA,Prijedor,0,small_airport
LQPP,310,BA,,0,small_airport
LQSA,1708,BA,Sarajevo,1,large_airport
LQTZ,784,BA,Dubrave Gornje,1,large_airport
LQVI,1470,BA,Visoko,0,small_airport
LRFT,180,RO,Borcea,0,medium_airport
LRBO,344,RO,Boboc,0,medium_airport
LRAR,352,RO,Arad,1,medium_airport
LRBC,607,RO,Bacău,1,large_airport
LRBM,605,RO,Tăuții-Măgherăuș,1,medium_airport
LRBN,0,RO,Bistrița,0,small_airport
LRBS,297,RO,Bucharest,1,large_airport
LRBV,1740,RO,Brașov (Ghimbav),1,large_airport
LRCD,1524,RO,Cisnădie,0,small_airport
LRCK,353,RO,Constanța,1,large_airport
LRCL,1039,RO,Cluj-Napoca,1,large_airport
LRCN,0,RO,Clinceni,0,small_airport
LRCS,866,RO,Caransebeş,0,medium_airport
LRCT,1083,RO,Câmpia Turzii,0,medium_airport
LRCV,626,RO,Craiova,1,large_airport
LRIA,411,RO,Iaşi,1,large_airport
LROD,465,RO,Oradea,1,large_airport
LROP,314,RO,Otopeni,1,large_airport
LRPT,1001,RO,Pitești,0,small_airport
LRPW,240,RO,Strejnicu,0,small_airport
LRSB,1496,RO,Sibiu,1,large_airport
LRSM,405,RO,Satu Mare,1,medium_airport
LRSV,1375,RO,Suceava,1,large_airport
LRTC,200,RO,Mihail Kogălniceanu,0,medium_airport
LRTM,963,RO,Recea,1,medium_airport
LRTR,348,RO,Timişoara,1,large_airport
LRTZ,161,RO,Tuzla,0,small_airport
LSER,0,CH,Raron,0,heliport
LSEZ,5300,CH,Zermatt,0,heliport
LSGB,1312,CH,Bex,0,small_airport
LSGC,3368,CH,La Chaux-de-Fonds,0,medium_airport
LSGE,2293,CH,Ecuvillens,0,small_airport
LSGG,1411,CH,Geneva,1,large_airport
LSGK,3307,CH,Saanen,0,small_airport
LSGL,2041,CH,Lausanne,0,small_airport
LSGN,1427,CH,Boudry,0,small_airport
LSGP,1352,CH,La Côte,0,small_airport
LSGR,2385,CH,Reichenbach im Kandertal,0,small_airport
LSGS,1582,CH,Sion,0,medium_airport
LSGT,2257,CH,Epagny,0,small_airport
LSGY,1421,CH,Yverdon-les-Bains,0,small_airport
LSHA,3599,CH,,0,heliport
LSEC,0,CH,Collombey-Muraz,0,heliport
LSEG,0,CH,Gampel,0,heliport
LSHI,1880,CH,Bern,0,heliport
LSMA,1460,CH,Alpnach,0,medium_airport
LSMD,1470,CH,Zurich,0,medium_airport
LSME,1400,CH,Emmen,0,medium_airport
LSPR,850,CH,Lodrino,0,small_airport
LSMM,1895,CH,Meiringen,0,small_airport
LSMP,1465,CH,Payerne,0,medium_airport
LSPA,1371,CH,Amlikon,0,small_airport
LSPD,1758,CH,Dittingen,0,small_airport
LSPF,1519,CH,Neunkirch,0,small_airport
LSPG,1525,CH,Sarnen,0,small_airport
LSPH,1506,CH,Winterthur,0,small_airport
LSPL,1575,CH,Bleienbach,0,small_airport
LSPM,3241,CH,Quinto,0,small_airport
LSPN,1594,CH,Triengen,0,small_airport
LSPO,1368,CH,Olten,0,small_airport
LSPU,4380,CH,Münster,0,small_airport
LSPV,1335,CH,Wangen,0,small_airport
LSTA,2029,CH,Raron,0,small_airport
LSTB,1421,CH,Sugiez,0,small_airport
LSTO,2402,CH,Môtiers,0,small_airport
LSTR,2178,CH,Montricher,0,small_airport
LSTS,3304,CH,Sankt Stephan,0,small_airport
LSTZ,3068,CH,Zweisimmen,0,small_airport
LSVD,0,CH,Plateau nördlich Planurahütte,0,small_airport
LSVP,0,CH,Firnplateau,0,small_airport
LSVV,0,CH,Sattel,0,small_airport
LSXB,1585,LI,Balzers,0,heliport
LSXG,0,CH,Gsteigwiler,0,heliport
LSXH,0,CH,Holziken,0,heliport
LSXL,0,CH,Lauterbrunnen,0,heliport
LSXM,0,CH,Sankt Moritz,0,heliport
LSXO,0,CH,Sankt Gallen,0,heliport
LSXP,0,CH,Pfaffnau,0,heliport
LSXS,2600,CH,Schindellegi,0,heliport
LSXT,2647,CH,Trogen,0,heliport
LSXU,0,CH,Untervaz,0,heliport
LSEY,0,CH,Leysin,0,heliport
LSYI,0,CH,Oberer Firnrand,0,small_airport
LSYK,0,CH,West of Mutthorn hut,0,small_airport
LSYR,0,CH,Grat südlich Gipfel,0,small_airport
LSYX,0,CH,Firnrand,0,small_airport
LSZA,915,CH,Agno,1,medium_airport
LSZB,1671,CH,Bern,1,medium_airport
LSZC,1475,CH,Buochs,0,small_airport
LSZE,1617,CH,Bad Ragaz,0,small_airport
LSZF,1300,CH,Lupfig,0,small_airport
LSZG,1411,CH,Grenchen,0,medium_airport
LSZH,1417,CH,Zurich,1,large_airport
LSZI,1788,CH,Schupfart,0,small_airport
LSZJ,2247,CH,Courtelary,0,small_airport
LSZK,1748,CH,Fehraltorf,0,small_airport
LSZL,650,CH,Locarno,0,small_airport
LSZM,1485,CH,Mollis,0,small_airport
LSZN,1928,CH,Hausen am Albis,0,small_airport
LSZO,2146,CH,Neudorf,0,small_airport
LSZP,1437,CH,Kappelen,0,small_airport
LSZQ,1866,CH,Bressaucourt,0,small_airport
LSZR,1306,CH,St. Gallen,1,medium_airport
LSZS,5600,CH,Samedan,0,medium_airport
LSZT,1539,CH,Lommis,0,small_airport
LSZU,2372,CH,Buttwil,0,small_airport
LSZV,1660,CH,Sitterdorf,0,small_airport
LSZW,1837,CH,Thun,0,small_airport
LSZX,1365,CH,Schänis,0,small_airport
EYTR,120,LT,Tauragė,0,small_airport
LTAB,2687,TR,Ankara,0,small_airport
LTAC,3125,TR,Ankara,1,large_airport
LTAD,2653,TR,Ankara,0,medium_airport
LTAE,2767,TR,Ankara,0,medium_airport
LTAF,65,TR,Seyhan,0,small_airport
LTAG,238,TR,Sarıçam,0,medium_airport
LTAH,3310,TR,Afyonkarahisar,0,medium_airport
LTAI,177,TR,Antalya,1,large_airport
LTAJ,2315,TR,Gaziantep,1,large_airport
LTAL,3520,TR,Kastamonu,1,medium_airport
LTAN,3392,TR,Konya,1,large_airport
LTAO,3016,TR,Malatya,0,small_airport
LTAP,1758,TR,Amasya,1,medium_airport
LTAR,5239,TR,Sivas,1,medium_airport
LTAS,44,TR,Zonguldak,1,medium_airport
LTAT,2828,TR,Malatya,1,medium_airport
LTAU,3463,TR,Kayseri,1,large_airport
LTAV,3185,TR,Sivrihisar,0,medium_airport
LTAW,1859,TR,Tokat,1,medium_airport
LTAY,2795,TR,Denizli,1,medium_airport
LTAZ,3100,TR,Nevşehir,1,large_airport
LTBA,163,TR,Istanbul(Bakırköy),0,large_airport
LTBD,102,TR,Aydın,0,small_airport
LTBE,331,TR,Bursa,0,small_airport
LTBF,340,TR,Balıkesir,1,medium_airport
LTBG,170,TR,Bandırma,0,medium_airport
LTBH,23,TR,Çanakkale,1,medium_airport
LTBI,2581,TR,Eskişehir,0,medium_airport
LTBJ,412,TR,Gaziemir,1,large_airport
LTBK,433,TR,Gaziemir,0,small_airport
LTBL,16,TR,Çiğli,0,medium_airport
LTBM,3250,TR,Isparta,0,small_airport
LTBN,3026,TR,Kütahya,0,medium_airport
LTBO,2897,TR,Uşak,0,medium_airport
LTBP,6,TR,Çiftlikköy,0,small_airport
LTBQ,182,TR,Kartepe,0,medium_airport
LTBR,764,TR,Yenişehir,1,medium_airport
LTBS,20,TR,Dalaman,1,large_airport
LTBT,263,TR,Akhisar,0,medium_airport
LTBU,574,TR,Çorlu,1,medium_airport
LTBV,202,TR,Bodrum,0,small_airport
LTBW,61,TR,Çatalca,0,small_airport
LTBX,400,TR,"Ümraniye, Istanbul",0,medium_airport
LTBY,2588,TR,Eskişehir,1,large_airport
LTBZ,3327,TR,Altıntaş,1,medium_airport
LTCA,2927,TR,Elazığ,1,medium_airport
LTCB,11,TR,Ordu,1,medium_airport
LTCC,2251,TR,Diyarbakır,1,medium_airport
LTCD,3783,TR,Erzincan,1,medium_airport
LTCE,5763,TR,Erzurum,1,medium_airport
LTCF,5889,TR,Kars,1,medium_airport
LTCG,104,TR,Trabzon,1,medium_airport
LTCI,5480,TR,Van,1,medium_airport
LTCJ,1822,TR,Batman,1,medium_airport
LTCK,4157,TR,Muş,1,medium_airport
LTCL,2001,TR,Siirt,0,medium_airport
LTCM,20,TR,Sinop,1,medium_airport
LTCN,1723,TR,Kahramanmaraş,1,medium_airport
LTCO,5462,TR,Ağrı,1,medium_airport
LTCP,2216,TR,Adıyaman,1,medium_airport
LTCR,1729,TR,Mardin,1,medium_airport
LTCS,2708,TR,Şanlıurfa,1,large_airport
LTCT,3101,TR,Iğdır,1,medium_airport
LTCU,3506,TR,Bingöl,1,medium_airport
LTCV,2038,TR,Şırnak,1,medium_airport
LTCW,6400,TR,Hakkari,1,medium_airport
LTDA,269,TR,Antakya,1,medium_airport
LTDB,35,TR,Tarsus,1,large_airport
LTFA,13,TR,Çiğli,0,small_airport
LTFB,10,TR,Selçuk,0,small_airport
LTFC,2835,TR,Isparta,1,medium_airport
LTFD,50,TR,Edremit,1,large_airport
LTFE,21,TR,Bodrum,1,large_airport
LTFG,92,TR,Gazipaşa,1,medium_airport
LTFH,18,TR,Samsun,1,medium_airport
LTFJ,312,TR,"Pendik, Istanbul",1,large_airport
LTFK,73,TR,Gökçeada,0,small_airport
LTFM,325,TR,Istanbul,1,large_airport
LTFN,2874,TR,,0,small_airport
LTFO,16,TR,Rize,1,medium_airport
LTHA,2694,TR,Gölbaşı,0,heliport
LUBL,758,MD,Bălți,0,medium_airport
LUBM,312,MD,Mărculeşti,0,medium_airport
LUCH,652,MD,Cahul,0,medium_airport
LUKK,399,MD,Chişinău,1,large_airport
LUTR,141,MD,Tiraspol,0,medium_airport
EVBA,305,LV,Daugavpils,0,small_airport
EVCA,367,LV,Cesis,0,small_airport
KLWD,1131,US,Lamoni,0,small_airport
LWOH,2313,MK,Ohrid,1,large_airport
LWSK,781,MK,Ilinden,1,large_airport
LXGB,12,GI,Gibraltar,1,large_airport
HLSM,350,LY,,0,small_airport
HLZT,486,LY,Adjabiya,0,small_airport
HLBK,20,LY,Kambut,0,small_airport
HLFD,907,LY,Zillah,0,small_airport
HLCH,1634,LY,Taramhe,0,small_airport
LYBO,1266,RS,Bor,0,small_airport
LYBE,335,RS,Belgrade,1,large_airport
LYBJ,233,RS,Palilula,0,small_airport
LYBR,2287,ME,Berane,0,small_airport
LYBT,265,RS,Zemun,0,medium_airport
LYKA,660,RS,Kraljevo,0,small_airport
LYKI,266,RS,Kikinda,0,small_airport
LYKS,767,RS,Kruševac,0,small_airport
LYKT,240,RS,Kostolac,0,small_airport
LYKV,686,RS,Kraljevo,1,medium_airport
LYNI,648,RS,Niš,1,large_airport
LYNK,2008,ME,Nikšić,0,small_airport
LYNS,266,RS,Čenej,0,small_airport
LYPA,245,RS,Pančevo,0,small_airport
LYPG,141,ME,Podgorica,1,large_airport
LYPN,144,RS,Paraćin,0,small_airport
LYPO,197,ME,Podgorica,0,small_airport
LYSM,310,RS,Veliki Radinci,0,small_airport
LYSP,344,RS,Smederevska Palanka,0,small_airport
LYSU,340,RS,Bikovo,0,small_airport
LYTR,534,RS,Trstenik,0,small_airport
LYTV,20,ME,Tivat,1,medium_airport
LYUZ,2966,RS,Stapari,0,medium_airport
LYVA,469,RS,"Divci, Valjevo",0,small_airport
LYVR,276,RS,Vršac,0,small_airport
LYZR,246,RS,Zrenjanin,0,small_airport
LZDB,771,SK,Dubnica nad Váhom,0,small_airport
LZDV,634,SK,Dubová,0,small_airport
ZULA,1444,CN,Nanchong (Langzhong),1,medium_airport
LZHL,520,SK,Holič,0,small_airport
LZIB,436,SK,Bratislava,1,large_airport
LZJS,2103,SK,Dúbrava,0,small_airport
LZKC,560,SK,Kamenica nad Cirochou,0,small_airport
LZKZ,755,SK,Košice,1,medium_airport
LZLU,0,SK,Lučenec,0,small_airport
LZMA,1381,SK,Martin,0,small_airport
LZMC,679,SK,Kuchyňa,0,medium_airport
LZNI,440,SK,Nitra,0,small_airport
LZNZ,377,SK,Nové Zámky,0,small_airport
LZOC,1191,SK,Očová,0,small_airport
LZPE,850,SK,Prievidza,0,small_airport
LZPP,545,SK,Piešťany,0,medium_airport
LZPT,600,SK,Partizánske,0,small_airport
LZPW,1060,SK,Prešov,0,small_airport
LZRU,1617,SK,Ružomberok,0,small_airport
LZRY,1050,SK,Ražňany,0,small_airport
LZSE,610,SK,Hlboké,0,small_airport
LZSK,1161,SK,Svidník,0,small_airport
LZSL,1043,SK,Sliač,1,medium_airport
LZSV,1624,SK,Spišská Nová Ves,0,small_airport
LZSY,394,SK,Šurany,0,small_airport
LZTN,676,SK,Trenčín,0,small_airport
LZTR,656,SK,Boleráz,0,small_airport
LZTT,2356,SK,Poprad,1,medium_airport
LZZI,1020,SK,Dolný Hričov,0,medium_airport
KSYM,1028,US,Morehead,0,small_airport
GMMG,1406,MA,Ouled Ben Anou Grichate,0,small_airport
GMAG,984,MA,Guelmim,0,small_airport
MBAC,9,TC,Big Ambergris Cay,0,small_airport
MBGT,13,TC,Cockburn Town,1,medium_airport
MBNC,10,TC,North Caicos,1,medium_airport
MBPI,3,TC,Pine Cay,0,small_airport
MBPV,15,TC,Providenciales,1,large_airport
MBSC,6,TC,South Caicos,1,medium_airport
MBSY,3,TC,Salt Cay,1,small_airport
LUKH,0,MD,Horeshti,0,small_airport
MDAB,57,DO,Arroyo Barril,0,small_airport
MDAN,200,DO,Cotui Angelina,0,small_airport
MDBC,223,DO,La Romana,0,small_airport
MDBE,252,DO,La Romana,0,small_airport
MDBG,429,DO,Higuey,0,small_airport
MDBH,10,DO,Barahona,1,medium_airport
MDCR,262,DO,Cabo Rojo,0,medium_airport
MDCY,30,DO,Samana,1,medium_airport
MDCZ,3952,DO,Costanza,0,small_airport
MDDJ,69,DO,Dajabon,0,small_airport
MDER,240,DO,La Vega,0,small_airport
MDES,328,DO,Esperanza,0,small_airport
MDHN,115,DO,Barahona,0,small_airport
MDJB,98,DO,La Isabela,1,medium_airport
MDLL,262,DO,,0,small_airport
MDLM,305,DO,San Cristobal,0,small_airport
MDLR,213,DO,La Romana,1,large_airport
MDMA,325,DO,La Romana,0,small_airport
MDMC,121,DO,Monte Cristi,0,small_airport
MDPC,47,DO,Punta Cana,1,large_airport
MDPM,131,DO,Monte Cristi,0,small_airport
MDPP,15,DO,Puerto Plata,1,medium_airport
MDSD,59,DO,Santo Domingo,1,large_airport
MDSI,111,DO,San Isidro,0,medium_airport
MDST,565,DO,Santiago,1,large_airport
MDWO,33,DO,Monte Cristi,0,small_airport
MRCT,66,CR,Liberia,0,small_airport
MGFB,512,GT,El Achiotal,0,small_airport
MGBN,130,GT,Morales,0,small_airport
MGCB,4339,GT,Coban,0,medium_airport
MGCT,1486,GT,Coatepeque,0,small_airport
MGES,3090,GT,Esquipulas,0,small_airport
MGGT,4952,GT,Guatemala City,1,large_airport
MGHH,19,GT,Iztapa,0,small_airport
MGHT,6135,GT,Huehuetenango,1,small_airport
MGJU,2949,GT,Jutiapa,0,small_airport
MGLL,623,GT,La Libertad,0,small_airport
MGPB,33,GT,Puerto Barrios,1,medium_airport
MGPG,577,GT,Playa Grande,0,small_airport
MGPP,1801,GT,Poptún,0,small_airport
MGQC,6631,GT,Santa Cruz del Quiché,0,small_airport
MGQZ,7779,GT,Quezaltenango,1,small_airport
MGRB,426,GT,Rubelsanto,0,medium_airport
MGRD,28,GT,Rio Dulce,0,small_airport
MGRF,20,GT,Monterrico,0,small_airport
MGRT,656,GT,Retalhuleu,1,medium_airport
MGSJ,29,GT,Puerto San José,0,medium_airport
MGSM,7933,GT,San Marcos,0,small_airport
MGMM,427,GT,San Benito,1,medium_airport
MGZA,626,GT,Zacapa,0,small_airport
MHAC,42,HN,Acensa,0,small_airport
MHAH,249,HN,Ahuas,0,small_airport
MHAL,760,HN,,0,small_airport
MHAP,470,HN,Apala,0,small_airport
MHAR,875,HN,Archaga,0,small_airport
MHAU,710,HN,Tasajeras,0,small_airport
MHAY,3,HN,Araslaya,0,small_airport
MHAZ,370,HN,Cacao,0,small_airport
MHBA,7,HN,Barbareta Island,0,small_airport
MHBL,19,HN,Brus Laguna,0,small_airport
MHCA,1273,HN,Catacamas,0,small_airport
MHCB,2,HN,Cocobila,0,small_airport
MHCI,30,HN,Chiquerito,0,small_airport
MHCM,1100,HN,Choloma,0,small_airport
MHCO,61,HN,,0,small_airport
MHCP,1,HN,Cochino Pequeño Island,0,heliport
MHCR,2625,HN,La Unión,0,small_airport
MHCS,492,HN,Coyoles,0,small_airport
MHCU,21,HN,Cauquira,0,small_airport
MHDU,250,HN,Mocorón,0,small_airport
MHEA,722,HN,Olanchito,0,small_airport
MHEC,780,HN,,0,small_airport
MHEI,53,HN,El Guanacaste,0,small_airport
MHEL,760,HN,El Paraiso,0,small_airport
MHEN,970,HN,La Canoa,0,small_airport
MHEZ,160,HN,Lérida,0,small_airport
MHFA,646,HN,La Lima,0,small_airport
MHFC,5,HN,Fort Morgan Cay,0,small_airport
MHGA,300,HN,Chumbagua,0,small_airport
MHGB,700,HN,Esquias,0,small_airport
MHGE,1296,HN,El Aguacate,0,small_airport
MHGR,3,HN,Donel,0,small_airport
MHGY,765,HN,El Zapato,0,small_airport
MHHE,342,HN,Punuare,0,small_airport
MHHG,618,HN,La Lima,0,small_airport
MHIC,37,HN,Del Cisne Island,0,small_airport
MHIN,1000,HN,Minas de Oro,0,small_airport
MHIR,8,HN,Iriona,0,small_airport
MHJE,5,HN,Rio Plátano,0,small_airport
MHJI,2133,HN,Jicalapa,0,small_airport
MHJO,780,HN,,0,small_airport
MHJQ,890,HN,Caleras/El Triunfo,0,small_airport
MHLA,1000,HN,Candelaria,0,small_airport
MHLC,39,HN,La Ceiba,1,medium_airport
MHLE,5475,HN,La Esperanza,0,small_airport
MHLF,810,HN,,0,small_airport
MHLG,29,HN,Monjarás,0,small_airport
MHLJ,1050,HN,Coyoles,0,small_airport
MHLM,91,HN,San Pedro Sula,1,large_airport
MHLN,3,HN,Limón,0,small_airport
MHLP,170,HN,Mapulaca,0,small_airport
MHLS,353,HN,Laguna Seca,0,small_airport
MHLT,625,HN,Moroceli,0,small_airport
MHLU,764,HN,San Luis Pajón,0,small_airport
MHMN,59,HN,Monica,0,small_airport
MHMO,961,HN,San Marcos,0,small_airport
MHMP,115,HN,Agua Blanca Sur,0,small_airport
MHMS,30,HN,Siksatara,0,small_airport
MHMT,650,HN,Manto,0,small_airport
MHNB,426,HN,Apala,0,small_airport
MHNC,213,HN,Choluteca,0,small_airport
MHNJ,49,HN,Guanaja,1,medium_airport
MHNS,1180,HN,Marcala,0,small_airport
MHNV,2789,HN,Nueva Ocotepeque,0,small_airport
MHOT,130,HN,Copón,0,small_airport
MHPA,4,HN,Barra del Patuca,0,small_airport
MHPC,18,HN,Palacios,0,small_airport
MHPL,33,HN,Puerto Lempira,1,small_airport
MHPS,395,HN,El Encinal,0,small_airport
MHPV,69,HN,Manga,0,small_airport
MHRA,645,HN,,0,small_airport
MHRD,173,HN,Rus Rus,0,small_airport
MHRH,202,HN,,0,small_airport
MHRJ,482,HN,Apala,0,small_airport
MHRO,39,HN,Coxen Hole,1,large_airport
MHRR,90,HN,Rus Rus,0,small_airport
MHRC,2336,HN,Copán Ruinas,0,small_airport
MHRY,30,HN,Raya,0,small_airport
MHPR,2061,HN,Palmerola,1,large_airport
MHSI,20,HN,Sico,0,small_airport
MHSJ,454,HN,Oropoli,0,small_airport
MHSL,8,HN,El Hato,0,small_airport
MHSN,20,HN,Sinaloa,0,small_airport
MHSX,70,HN,,0,small_airport
MHTA,1080,HN,Tamara,0,small_airport
MHTB,14,HN,Tuntuntara,0,small_airport
MHTE,7,HN,Tela,0,medium_airport
MHTG,3294,HN,Tegucigalpa,1,medium_airport
MHTI,43,HN,Tipimunatara,0,small_airport
MHTJ,3,HN,Trujillo,0,medium_airport
MHTO,121,HN,Tocoa,0,small_airport
MHUC,190,HN,Auca,0,small_airport
MHUH,3,HN,Uhi,0,small_airport
MHUL,400,HN,Sulaco,0,small_airport
MHUT,29,HN,Utila Island,1,small_airport
MHUY,805,HN,Cucuyagua,0,small_airport
MHVE,1280,HN,Coyolillo,0,small_airport
MHWA,250,HN,Wampusirpi,0,small_airport
MHWD,250,HN,Wampusirpi,0,small_airport
MHWP,43,HN,Waplaya,0,small_airport
MHWR,30,HN,Warunta,0,small_airport
MHWS,15,HN,Wasma,0,small_airport
MHWW,19,HN,Wawina,0,small_airport
MHYR,2215,HN,Yoro,0,small_airport
MHYX,8,HN,Puerto Lempira,0,small_airport
MHZA,1200,HN,Azacualpa,0,small_airport
MKBS,90,JM,Boscobel,1,medium_airport
MKJP,10,JM,Kingston,1,large_airport
MKJS,4,JM,Montego Bay,1,large_airport
MKKJ,20,JM,Ken Jones,0,medium_airport
MKNG,9,JM,Negril,0,small_airport
MKTP,16,JM,Tinson Pen,1,medium_airport
GAMN,538,ML,Manantali,0,small_airport
MMAA,16,MX,Acapulco,1,large_airport
MMAN,1476,MX,Monterrey,0,medium_airport
MMAS,6112,MX,Aguascalientes,1,large_airport
MMBT,464,MX,Huatulco,1,large_airport
MMCB,4277,MX,Temixco,0,medium_airport
MMCE,10,MX,Ciudad del Carmen,1,medium_airport
MMCL,108,MX,Culiacán,1,large_airport
MMCM,39,MX,Chetumal,1,medium_airport
MMCN,243,MX,Ciudad Obregón,1,medium_airport
MMCO,5161,MX,Comitán,0,small_airport
MMCP,34,MX,Campeche,1,medium_airport
MMCS,3904,MX,Ciudad Juárez,1,large_airport
MMCT,102,MX,Tinúm,0,small_airport
MMCU,4462,MX,Chihuahua,1,large_airport
MMCV,761,MX,Ciudad Victoria,1,medium_airport
MMCY,5709,MX,Celaya,0,medium_airport
MMCZ,15,MX,Cozumel,1,large_airport
MMDO,6104,MX,Durango,1,medium_airport
MMEP,3020,MX,Tepic,1,medium_airport
MMES,66,MX,Ensenada,0,medium_airport
MMGL,5016,MX,Guadalajara,1,large_airport
MMGM,59,MX,Guaymas,1,medium_airport
MMHC,5509,MX,Tehuacán,0,small_airport
MMHO,627,MX,Hermosillo,1,large_airport
MMIA,2467,MX,Colima,1,medium_airport
MMIO,4778,MX,Saltillo,1,medium_airport
MMIT,164,MX,Ixtepec,1,medium_airport
MMJA,3127,MX,Emiliano Zapata,0,medium_airport
MMJC,8120,MX,Atizapán de Zaragoza,0,small_airport
MMLC,39,MX,Lázaro Cárdenas,0,medium_airport
MMLM,16,MX,Los Mochis,1,medium_airport
MMLO,5956,MX,Silao,1,large_airport
MMLP,69,MX,La Paz,1,medium_airport
MMLT,34,MX,Loreto,1,large_airport
MMMA,25,MX,Matamoros,1,medium_airport
MMMD,38,MX,Mérida,1,large_airport
MMML,74,MX,Mexicali,1,medium_airport
MMMM,6033,MX,Morelia,1,large_airport
MMMT,36,MX,Cosoleacaque,1,medium_airport
MMMV,1864,MX,Monclova,0,medium_airport
MMMX,7316,MX,Mexico City,1,large_airport
MMMY,1278,MX,Monterrey,1,large_airport
MMMZ,38,MX,Mazatlàn,1,large_airport
MMNG,3990,MX,Nogales,0,medium_airport
MMNL,484,MX,Nuevo Laredo,1,medium_airport
MMOX,4989,MX,Oaxaca,1,large_airport
MMPA,497,MX,Poza Rica,1,medium_airport
MMPB,7361,MX,Puebla,1,large_airport
MMPC,7600,MX,Pachuca,0,small_airport
MMPE,71,MX,Puerto Peñasco,1,small_airport
MMPG,901,MX,Piedras Negras,1,medium_airport
MMPN,5258,MX,Uruapan,1,medium_airport
MMPQ,200,MX,Palenque,0,small_airport
MMPR,23,MX,Puerto Vallarta,1,large_airport
MMPS,294,MX,Puerto Escondido,1,medium_airport
MMQT,6296,MX,Querétaro,1,large_airport
MMRX,139,MX,Reynosa,1,medium_airport
MMSD,374,MX,San José del Cabo,1,large_airport
MMSF,148,MX,Mexicali,0,small_airport
MMSL,459,MX,Cabo San Lucas,1,medium_airport
MMSM,7369,MX,Mexico City,1,large_airport
MMSP,6035,MX,San Luis Potosí,1,medium_airport
MMTB,1909,MX,Tuxtla Gutiérrez,0,medium_airport
MMTC,3688,MX,Torreón,1,medium_airport
MMTG,1499,MX,Tuxtla Gutiérrez,1,medium_airport
MMTJ,489,MX,Tijuana,1,large_airport
MMTL,66,MX,Tulum,1,large_airport
MMTM,80,MX,Ciudad Madero,1,medium_airport
MMTN,164,MX,Tamuín,0,small_airport
MMTO,8466,MX,Toluca,1,large_airport
MMTP,97,MX,Tapachula,1,medium_airport
MMUN,22,MX,Cancún,1,large_airport
AYMM,6,PG,Mal Island,0,small_airport
MMVA,46,MX,Villahermosa,1,large_airport
MMVR,90,MX,Veracruz,1,large_airport
MMZC,7141,MX,Zacatecas,1,medium_airport
MMZH,26,MX,Ixtapa,1,large_airport
MMZM,5141,MX,Zamora,0,small_airport
MMZO,30,MX,Manzanillo,1,medium_airport
MMZP,5333,MX,Zapopan,0,small_airport
MNBL,20,NI,Bluefields,1,medium_airport
MNBR,262,NI,Los Brasiles,0,small_airport
MNBZ,600,NI,Bonanza,0,small_airport
MNCE,84,NI,Tola,0,small_airport
MNCH,174,NI,Chinandega,0,small_airport
MNCI,1,NI,Corn Island,1,small_airport
MNJG,3232,NI,Jinotega,0,small_airport
MNLN,328,NI,León,0,small_airport
MNMG,194,NI,Managua,1,large_airport
MNMR,94,NI,Montelimar,0,small_airport
MNPC,52,NI,Puerto Cabezas,1,medium_airport
MNRS,174,NI,Rivas,0,small_airport
MNRT,193,NI,La Rosita,0,small_airport
MNSC,91,NI,San Carlos,0,small_airport
MNSI,606,NI,Siuna,0,small_airport
MNWP,98,NI,Waspam,0,small_airport
VMMH,0,MO,Nossa Senhora do Carmo,0,heliport
WAFO,12,ID,Morowali,1,small_airport
MPCB,31,PA,Guarumal,0,small_airport
MPPN,282,PA,Penonomé,0,small_airport
MPCL,394,PA,Calzada Larga,0,small_airport
MPCM,141,PA,Chame,0,small_airport
MPPU,66,PA,Punta Cocos,0,small_airport
MPAG,75,PA,El Aguila,0,small_airport
MPBO,10,PA,Isla Colón,1,medium_airport
MPCE,33,PA,Chitré,1,medium_airport
MPCH,19,PA,Changuinola,1,medium_airport
MPDA,89,PA,David,1,medium_airport
MPEJ,25,PA,Colón,1,medium_airport
MPFE,311,PA,Pedro de Cocal,0,small_airport
MPFS,10,PA,Fort Sherman,0,small_airport
MPPA,52,PA,Panamá City,1,small_airport
MPJE,29,PA,Jaqué,0,small_airport
MPMC,79,PA,Chame,0,small_airport
MPMG,31,PA,Albrook,1,medium_airport
MPGU,49,PA,Los Santos,0,small_airport
MPOA,223,PA,Puerto Obaldía,0,small_airport
MPPD,148,PA,Pedasí,1,small_airport
MPPT,10,PA,Punta Patiño,0,small_airport
MPSA,272,PA,Santiago,0,medium_airport
MPSM,105,PA,Río Hato,1,small_airport
MPTO,135,PA,Tocumen,1,large_airport
MPVR,17,PA,El Porvenir,0,closed
MPWN,6,PA,San Blas,0,small_airport
GQNR,23,MR,Rosso,0,small_airport
MRAD,18,CR,Quepos,0,small_airport
MRAG,3168,CR,AltaGracia Resort,0,small_airport
MRAJ,52,CR,Miramar,0,small_airport
MRAL,2822,CR,Trinidad,0,small_airport
MRAM,301,CR,Amubri,0,small_airport
MRAN,342,CR,La Fortuna,1,medium_airport
MRAO,92,CR,Roxana,1,medium_airport
MRBA,1214,CR,Punta Arenas,0,medium_airport
MRBC,3,CR,Pococi,0,medium_airport
MRBM,102,CR,Guacimo,0,small_airport
MRBN,39,CR,Limón,0,small_airport
MRBO,15,CR,Quepos,0,small_airport
MRBP,7,CR,Pococi,0,small_airport
MRBT,19,CR,Tortuguero,0,small_airport
MRCA,328,CR,Guapiles,0,small_airport
MRCC,26,CR,Corredores,0,medium_airport
MRCD,50,CR,Cangrejo-Verde,0,small_airport
MRCE,16,CR,Golfito,0,small_airport
MRCH,7,CR,Puntarenas,0,small_airport
MRCI,361,CR,Bagaces,0,small_airport
MRCJ,2575,CR,San Isidro,0,small_airport
MRCL,262,CR,Liberia,0,small_airport
MRCO,59,CR,Filadelfia,0,small_airport
MRCV,33,CR,Nicoya,0,small_airport
MRDC,79,CR,Guapiles,0,small_airport
MRDK,12,CR,Puntarenas,0,small_airport
MRDM,16,CR,Chorotega,0,small_airport
MRDO,19,CR,Puntarenas,0,small_airport
MRDV,765,CR,Pital,0,small_airport
MREC,56,CR,Siquirres,0,small_airport
MRED,23,CR,San Carlos,0,small_airport
MREO,33,CR,Ticabán,0,small_airport
MRFC,10,CR,Nicoya,0,small_airport
MRFL,270,CR,Brasilito,0,small_airport
MRGF,49,CR,Golfito,1,medium_airport
MRGP,883,CR,Pococi,0,medium_airport
MRHG,98,CR,Sarapiqui,0,small_airport
MRHO,197,CR,Sarapiqui,0,small_airport
MRHP,164,CR,Cañas,0,small_airport
MRHS,492,CR,Pococi,0,small_airport
MRIA,7,CR,Nandayure,0,small_airport
MRIS,98,CR,San Carlos,0,small_airport
MRLA,328,CR,Guanacaste,0,small_airport
MRLB,270,CR,Liberia,1,large_airport
MRLC,131,CR,Los Chiles,0,medium_airport
MRLE,213,CR,Puntarenas,0,small_airport
MRLF,177,CR,Liberia,0,small_airport
MRLG,295,CR,Upala,0,small_airport
MRLI,16,CR,Parrita,0,small_airport
MRLM,7,CR,Limón,1,medium_airport
MRLN,33,CR,Nicoya,0,small_airport
MRLP,82,CR,Cañas,0,small_airport
MRLT,68,CR,Las Trancas,0,small_airport
MRLV,230,CR,Liberia,0,small_airport
MRLY,13,CR,Parrita,0,small_airport
MRLZ,39,CR,Guanacaste,0,small_airport
MRMC,66,CR,La Cruz,0,small_airport
MRMJ,87,CR,Cañas,0,small_airport
MRMR,33,CR,,0,small_airport
MRNC,365,CR,Nicoya/Guanacate,0,small_airport
MRNI,2643,CR,San Isidro,0,small_airport
MRNS,33,CR,Nicoya,1,medium_airport
MROC,3021,CR,San José (Alajuela),1,large_airport
MRPA,324,CR,Nandayure,0,small_airport
MRPD,98,CR,Limón,0,small_airport
MRPJ,7,CR,Puerto Jimenez,1,medium_airport
MRPK,18,CR,Uvita,0,small_airport
MRPM,49,CR,Palmar Sur,0,medium_airport
MRPN,49,CR,Liberia,0,small_airport
MRPO,16,CR,Puntarenas,0,small_airport
MRPR,89,CR,,0,small_airport
MRPS,98,CR,Santa Cruz,0,small_airport
MRPT,7,CR,Nicoya/Guanacate,0,small_airport
MRPV,3287,CR,San Jose,1,medium_airport
MRPY,7,CR,Puntarenas,0,small_airport
MRQA,197,CR,Florencia,0,small_airport
MRQN,26,CR,Quepos,0,small_airport
MRQP,85,CR,Quepos,1,medium_airport
MRRF,350,CR,Rio Frio / Progreso,0,small_airport
MRRN,33,CR,Puntarenas,0,small_airport
MRRX,312,CR,Limón,0,small_airport
MRSA,88,CR,Limón,0,small_airport
MRSB,259,CR,San Carlos,0,small_airport
MRSC,206,CR,Santa Cruz,0,small_airport
MRSG,262,CR,Limón,0,small_airport
MRSH,20,CR,Talamanca,0,small_airport
MRSI,2100,CR,Pérez Zeledón,0,small_airport
MRSL,32,CR,Salama,0,small_airport
MRSN,70,CR,Península de Osa,0,small_airport
MRSO,33,CR,Guapiles,0,small_airport
MRSQ,164,CR,San Carlos,0,small_airport
MRST,66,CR,Puntarenas,0,small_airport
MRSV,3228,CR,Coto Brus,0,small_airport
MRSX,26,CR,Sixaola,0,small_airport
MRTB,246,CR,Pococi,0,small_airport
MRTG,79,CR,Cañas,0,small_airport
MRTM,41,CR,Tamarindo,0,small_airport
MRTR,33,CR,Nicoya,0,small_airport
MRUP,184,CR,Upala,0,medium_airport
MRYT,151,CR,Guacimo,0,small_airport
MSAC,285,SV,San Miguel,0,small_airport
MSCD,10,SV,Ceiba Doblada,0,small_airport
MSCM,26,SV,Corral de Mulas,0,small_airport
MSCN,157,SV,Jiquilisco,0,small_airport
MSET,10,SV,Canoguero,0,small_airport
MSLM,187,SV,Las Mesas,0,small_airport
MSLP,101,SV,San Salvador (San Luis Talpa),1,large_airport
MSPT,1354,SV,Suchitoto,0,small_airport
MSSA,2229,SV,Santa Ana,0,small_airport
MSSM,283,SV,San Miguel,0,small_airport
MSSS,2027,SV,San Salvador,1,medium_airport
MSZT,6,SV,Barra de Santiago,0,small_airport
MTCA,203,HT,Les Cayes,1,medium_airport
MTCH,10,HT,Cap Haitien,1,large_airport
MTJA,167,HT,Jacmel,0,medium_airport
MTJE,147,HT,Carrefour Sanon,1,medium_airport
MTPP,122,HT,Port-au-Prince,1,large_airport
MUBA,26,CU,Baracoa,1,medium_airport
MUBR,13,CU,Cayo Santa Maria,0,small_airport
MUBY,203,CU,Bayamo,1,medium_airport
MUCA,335,CU,Ciro Redondo,0,medium_airport
MUCC,13,CU,Cayo Coco,1,medium_airport
MUCF,102,CU,Cienfuegos,1,medium_airport
MUCL,10,CU,Cayo Largo del Sur,1,medium_airport
MUCM,413,CU,Camaguey,1,large_airport
MUCU,249,CU,Santiago,1,large_airport
MUFL,197,CU,Florida,0,small_airport
MUGM,56,CU,Guantanamo Bay Naval Station,0,medium_airport
MUGT,56,CU,Guantánamo,0,medium_airport
MUHA,210,CU,Havana,1,large_airport
MUHG,361,CU,Holguin,1,large_airport
MUKW,16,CU,Santa Marta,0,medium_airport
MULB,98,CU,Havana,0,small_airport
MULM,131,CU,Pinar del Rio,0,closed
MUMG,377,CU,Managua,0,small_airport
MUMO,16,CU,Moa,0,medium_airport
MUMZ,112,CU,Manzanillo,1,medium_airport
MUNB,49,CU,San Nicolás de Bari,0,medium_airport
MUNG,79,CU,Nueva Gerona,1,medium_airport
MUPB,102,CU,Havana,0,medium_airport
MUSA,164,CU,San Antonio de los Baños,0,small_airport
MUSC,338,CU,Santa Clara,1,large_airport
MUSJ,98,CU,Sandino,0,medium_airport
MUSL,14,CU,Nuevitas,0,small_airport
MUSN,39,CU,Isla de la Juventud,0,medium_airport
MUSS,295,CU,Sancti Spiritus,0,small_airport
MUTD,125,CU,Trinidad,1,medium_airport
MUVR,210,CU,Matanzas,1,large_airport
MUVT,328,CU,Las Tunas,1,medium_airport
MWCB,8,KY,West End,1,medium_airport
MWCL,3,KY,Blossom Village,0,medium_airport
MWCR,8,KY,George Town,1,large_airport
MMGA,8132,MX,Bocoyna,0,medium_airport
MYAO,16,BS,Moore's Island,0,small_airport
MYAB,19,BS,Mangrove Cay,0,medium_airport
MYAF,5,BS,Andros Town,1,medium_airport
MYAK,15,BS,Andros,1,medium_airport
MYAM,6,BS,Marsh Harbour,1,medium_airport
MYAN,5,BS,Andros Island,1,medium_airport
MYAP,11,BS,Spring Point,1,medium_airport
MYAS,8,BS,Sandy Point,0,small_airport
MYAT,8,BS,Treasure Cay,1,medium_airport
MYAW,10,BS,Walkers Cay,0,small_airport
MYAX,10,BS,,0,small_airport
MYBC,5,BS,Chub Cay,1,medium_airport
MYBG,18,BS,Bullocks Harbour,0,medium_airport
MYBO,5,BS,Ocean Cay,0,heliport
MYBS,10,BS,South Bimini,1,medium_airport
MYCA,18,BS,Arthur's Town,1,medium_airport
MYCB,5,BS,Cat Island,1,medium_airport
MYCC,14,BS,North Cat Cay,0,small_airport
MYCH,3,BS,Hawks Nest Creek,0,small_airport
MYCI,5,BS,Colonel Hill,1,medium_airport
MYCP,0,BS,Pitts Town,0,small_airport
MYCZ,37,BS,Andros Town,0,heliport
MYEB,10,BS,Black Point,0,small_airport
MYEF,9,BS,Moss Town,1,medium_airport
MYEH,13,BS,North Eleuthera,1,medium_airport
MYEL,0,BS,Lee Stocking,0,small_airport
MYEM,26,BS,Governor's Harbour,1,medium_airport
MYEN,8,BS,Normans Cay,0,medium_airport
MYER,10,BS,Rock Sound,1,medium_airport
MYES,5,BS,Staniel Cay,0,medium_airport
MYGD,0,BS,Deep Water Cay,0,small_airport
MYGF,7,BS,Freeport,1,large_airport
MYGM,8,BS,High Rock,0,small_airport
MYGW,5,BS,West End,0,small_airport
MYIG,8,BS,Matthew Town,1,medium_airport
MYLD,9,BS,Deadman's Cay,1,medium_airport
MYLR,11,BS,,0,medium_airport
MYLS,10,BS,Stella Maris,1,medium_airport
MYMM,11,BS,Abraham Bay Settlement,1,medium_airport
MYNN,16,BS,Nassau,1,large_airport
MYRD,6,BS,Duncan Town,0,medium_airport
MYRP,15,BS,Port Nelson,0,small_airport
MYSM,24,BS,San Salvador,1,large_airport
MYBW,16,BS,Big Whale Cay,0,small_airport
MYXC,5,BS,Long Island,0,small_airport
MYXD,0,BS,Leaf Cay,0,small_airport
MYXF,45,BS,Little Darby Island,0,small_airport
MYXH,8,BS,Sampson Cay,0,small_airport
MYBX,5,BS,Little Whale Cay,0,small_airport
MZBZ,15,BZ,Belize City,1,large_airport
MZSL,343,BZ,Spanish Lookout,0,small_airport
MZJC,26,BZ,Chan Chen,0,small_airport
MZMF,351,BZ,Maya Flats,0,small_airport
MZPL,3,BZ,Placencia,1,medium_airport
NWWX,7,NC,Canala,0,small_airport
NCAI,14,CK,Aitutaki,1,small_airport
NCAT,36,CK,Atiu Island,1,small_airport
NCMG,45,CK,Mangaia Island,0,small_airport
NCMH,11,CK,Manihiki Island,1,small_airport
NCMK,26,CK,Mauke Island,1,small_airport
NCMN,15,CK,Manuae,0,small_airport
NCMR,25,CK,Mitiaro Island,1,small_airport
NCPK,20,CK,Pukapuka Atoll,0,small_airport
NCPY,8,CK,Penrhyn Island,0,small_airport
NCRG,19,CK,Avarua,1,large_airport
DRRL,673,NE,Tillabéri,0,small_airport
NFCI,13,FJ,Cicia,1,small_airport
NFCS,0,FJ,Castaway Island,0,seaplane_base
NFFA,20,FJ,Ba,0,small_airport
NFFN,59,FJ,Nadi,1,large_airport
NFFO,10,FJ,Malolo Lailai Island,1,small_airport
NFFR,88,FJ,Rabi Island,0,small_airport
NFGO,315,FJ,Mago Island,0,small_airport
NFKB,0,FJ,Kaibu Island,0,small_airport
NFKD,6,FJ,Vunisea,1,small_airport
NFMA,0,FJ,Mana Island,1,small_airport
NFMO,13,FJ,Moala,1,small_airport
NFNA,17,FJ,Nausori,1,large_airport
NFNB,11,FJ,Bureta,1,small_airport
NFND,21,FJ,Nanuku Auberge Resort,0,small_airport
NFNG,50,FJ,Ngau,1,small_airport
NFNH,10,FJ,Laucala Island,0,small_airport
NFNK,280,FJ,Lakeba Island,1,small_airport
NFNL,44,FJ,Labasa,1,medium_airport
NFNM,60,FJ,Matei,1,small_airport
NFNO,358,FJ,Koro Island,1,small_airport
NFNR,22,FJ,Rotuma,1,small_airport
NFNS,17,FJ,Savusavu,1,small_airport
NFNW,130,FJ,Wakaya Island,0,small_airport
NFOL,110,FJ,Ono-i-Lau,0,small_airport
NFRS,0,FJ,Treasure Island Resort,0,seaplane_base
NFSW,29,FJ,Yasawa Island,1,small_airport
NFTE,325,TO,Eua Island,1,small_airport
NFTF,126,TO,Nuku'alofa,1,large_airport
NFTL,31,TO,Lifuka,1,medium_airport
NFTO,160,TO,"Angaha, Niuafo'ou Island",0,small_airport
NFTP,30,TO,Niuatoputapu,1,small_airport
NFTV,236,TO,Vava'u Island,1,large_airport
NFUL,0,FJ,Nanuya Levu Island,0,seaplane_base
NFVB,76,FJ,Vanua Balavu,1,small_airport
NFVL,36,FJ,Vatulele,0,small_airport
DNBK,775,NG,Birinin Kebbi,1,large_airport
DNBA,1998,NG,Bauchi,0,small_airport
NGAB,26,KI,Abaiang,0,small_airport
NGBR,6,KI,Beru,0,small_airport
NGFU,9,TV,Funafuti,1,medium_airport
NGKT,0,KI,Kuria,0,small_airport
NGMA,8,KI,Maiana,0,small_airport
NGMK,10,KI,Marakei,0,small_airport
NGMN,0,KI,Makin Island,0,small_airport
NGNU,6,KI,Nikunau,0,small_airport
NGON,7,KI,Onotoa,0,small_airport
NGTA,9,KI,South Tarawa,1,large_airport
NGTB,8,KI,Abemama,0,small_airport
NGTE,7,KI,,0,medium_airport
NGTM,0,KI,Tamana Island,0,small_airport
NGTO,10,KI,Nonouti,0,small_airport
NGTR,0,KI,Arorae Island,0,small_airport
NGTS,0,KI,Tabiteuea South,0,small_airport
NGTU,5,KI,Butaritari,1,small_airport
NGUK,6,KI,Buariki,1,small_airport
NIUE,209,NU,Alofi,1,medium_airport
WABS,7299,ID,Sinak,0,small_airport
EHMM,-14,NL,Middenmeer,0,small_airport
EHVL,5,NL,Oost-Vlieland,0,heliport
ZPNL,10804,CN,Ninglang,1,medium_airport
NLWF,20,WF,Futuna Island,1,small_airport
NLWW,79,WF,Wallis Island,1,large_airport
ENLV,27,NO,Salangen,0,small_airport
ENMO,1010,NO,Meråker,0,small_airport
ENLB,1915,NO,Lesja,0,small_airport
ENRE,828,NO,Åmot,0,small_airport
ENBB,1348,NO,,0,small_airport
ENSJ,86,NO,Sandnessjøen,0,heliport
ENBX,0,NO,Bergen,0,heliport
ENHR,9,NO,Harstad,0,heliport
ENSC,39,NO,Suldal,0,heliport
ENLG,0,NO,Stryn,0,heliport
ENTH,130,NO,Tønsberg,0,heliport
ENTU,120,NO,Tromsø,0,heliport
ENTX,499,NO,Oslo,0,heliport
AYNR,305,PG,Nomad River,0,small_airport
AYNL,2372,PG,Naoro Vilage,0,small_airport
VNRR,8970,NP,Karkibada,0,small_airport
VNKD,4435,NP,Diktel,0,small_airport
NSAS,9,AS,Ofu,1,small_airport
NSAU,0,WS,Asau,0,small_airport
NSFA,58,WS,Apia,1,large_airport
NSFI,131,WS,Apia,0,small_airport
NSFQ,110,AS,Fitiuta Village,1,small_airport
NSMA,0,WS,Maota,0,small_airport
NSTU,32,AS,Pago Pago,1,large_airport
NTAA,5,PF,Papeete,1,large_airport
NTAM,60,PF,Rimatara Island,1,small_airport
NTAR,18,PF,,1,medium_airport
NTAT,7,PF,,1,medium_airport
NTAV,7,PF,,1,small_airport
NTGA,10,PF,Anaa,1,medium_airport
NTGB,9,PF,Fangatau,1,medium_airport
NTGC,6,PF,Tuherahera,1,medium_airport
NTGD,8,PF,Apataki,1,small_airport
NTGE,12,PF,Reao,0,medium_airport
NTGF,13,PF,,1,medium_airport
NTGH,12,PF,Hikueru,1,small_airport
NTGI,14,PF,,1,medium_airport
NTGJ,7,PF,,1,medium_airport
NTGK,11,PF,Raitahiti,1,medium_airport
NTGM,3,PF,Makemo,1,medium_airport
NTGN,7,PF,Napuka Island,1,small_airport
NTGO,12,PF,Tatakoto,1,small_airport
NTGP,5,PF,,1,small_airport
NTGQ,5,PF,Pukaruha,0,small_airport
NTGR,7,PF,Aratika Atoll,0,small_airport
NTGT,12,PF,,1,medium_airport
NTGU,9,PF,,1,medium_airport
NTGV,11,PF,,1,medium_airport
NTGW,17,PF,Nukutavake,0,small_airport
NTGY,12,PF,Tureia,0,small_airport
NTHE,11,PF,Ahe Atoll,1,medium_airport
NTKA,13,PF,Kauehi,1,small_airport
NTKF,7,PF,Faaite,0,small_airport
NTKH,3,PF,Fakahina,1,small_airport
NTKK,10,PF,,0,small_airport
NTKM,7,PF,Takume,0,small_airport
NTKN,50,PF,Naiu Atoll,1,small_airport
NTKO,18,PF,Raroia,1,small_airport
NTKR,13,PF,,1,medium_airport
NTKT,7,PF,Katiu,0,small_airport
NTKU,32,PF,Nukutepipi,0,small_airport
NTMD,220,PF,Nuku Hiva,1,medium_airport
NTMN,1481,PF,Hiva Oa Island,1,medium_airport
NTMP,16,PF,Ua Pou,1,small_airport
NTMU,160,PF,Ua Huka,1,small_airport
NTTB,10,PF,Motu Mute,1,medium_airport
NTTE,7,PF,Tetiaroa,0,small_airport
NTTG,10,PF,,1,medium_airport
NTTH,7,PF,Fare,1,medium_airport
NTTM,9,PF,Moorea-Maiao,1,medium_airport
NTTO,10,PF,Otepa,1,medium_airport
NTTP,15,PF,,1,medium_airport
NTTR,3,PF,Uturoa,1,medium_airport
NTTX,7,PF,Moruroa Atoll,0,small_airport
NTUV,9,PF,Vahitahi,0,small_airport
NVSA,63,VU,Ablow,0,small_airport
NVSC,7,VU,Sola,1,small_airport
NVSD,75,VU,Loh/Linua,0,small_airport
NVSE,7,VU,Emae Island,0,small_airport
NVSF,69,VU,Craig Cove,1,small_airport
NVSG,167,VU,Longana,1,small_airport
NVSH,493,VU,Pentecost Island,1,small_airport
NVSI,69,VU,Paama Island,1,small_airport
NVSL,7,VU,Lamap,1,small_airport
NVSM,7,VU,Lamen Bay,1,small_airport
NVSN,509,VU,Maewo Island,0,small_airport
NVSO,43,VU,Lonorore,1,small_airport
NVSP,23,VU,Norsup,1,small_airport
NVSQ,100,VU,Gaua Island,0,medium_airport
NVSR,36,VU,Redcliffe,0,small_airport
NVSS,184,VU,Luganville,1,medium_airport
NVST,443,VU,Tongoa Island,1,small_airport
NVSU,170,VU,Ambrym Island,0,small_airport
NVSV,10,VU,Epi Island,1,small_airport
NVSW,151,VU,Walaha,1,small_airport
NVSX,68,VU,Malekula Island,0,small_airport
NVSZ,50,VU,Olpoi,1,small_airport
NVVA,7,VU,Anatom Island,0,small_airport
NVVB,69,VU,Aniwa,0,small_airport
NVVD,630,VU,Dillon's Bay,0,small_airport
NVVF,95,VU,Futuna Island,1,small_airport
NVVI,23,VU,Ipota,0,small_airport
NVVV,70,VU,Port Vila,1,large_airport
NVVW,19,VU,Tanna Island,1,medium_airport
AYNW,2040,PG,Nowata,0,small_airport
NWWA,128,NC,Tiga,1,medium_airport
NWWB,7,NC,Poé,0,small_airport
NWWC,306,NC,Waala,1,small_airport
NWWD,23,NC,Koné,1,medium_airport
NWWE,315,NC,Île des Pins,1,medium_airport
NWWH,10,NC,Houailou,0,closed
NWWK,42,NC,Koumac,1,small_airport
NWWL,92,NC,Lifou,1,medium_airport
NWWM,10,NC,Nouméa,1,medium_airport
NWWP,6,NC,Malabou,0,small_airport
NWWQ,264,NC,Népoui,0,small_airport
NWWR,141,NC,Maré,1,medium_airport
NWWT,98,NC,La Foa,0,small_airport
NWWU,10,NC,Touho,1,medium_airport
NWWV,23,NC,Ouvéa,1,medium_airport
NWWW,52,NC,Nouméa (La Tontouta),1,large_airport
NZHP,600,NZ,,0,small_airport
NZHH,200,NZ,Hamilton,0,heliport
NZCW,1010,NZ,Cromwell,0,small_airport
NZHF,0,NZ,Taupo,0,heliport
NZFO,0,NZ,Fox Glacier,0,small_airport
NZKC,107,NZ,Kaikōura,0,heliport
NZKJ,19,NZ,Kaikōura,0,heliport
NZAM,338,NZ,Ashburton,0,heliport
NZJJ,0,NZ,Christchurch,0,heliport
NZFR,0,NZ,Fox Glacier,0,heliport
NZHM,0,NZ,Hanmer Springs,0,small_airport
NZHB,0,NZ,Helena Bay,0,heliport
NZTS,0,NZ,Tasman,0,heliport
NZAA,23,NZ,Auckland,1,large_airport
NZAH,53,NZ,Taharoa,0,heliport
NZAL,93,NZ,Wellington,0,heliport
NZAP,1335,NZ,Taupo,1,medium_airport
NZAR,111,NZ,Manurewa,0,medium_airport
NZAS,302,NZ,Ashburton,0,small_airport
NZAW,0,NZ,Aukland,0,seaplane_base
NZBA,22,NZ,Balclutha,0,small_airport
NZBW,16,NZ,Christchurch,0,heliport
NZCB,255,NZ,Centre Bush,0,small_airport
NZCG,1506,NZ,Taupo,0,small_airport
NZCH,123,NZ,Christchurch,1,large_airport
NZCI,43,NZ,Te One,1,medium_airport
NZCS,856,NZ,,0,small_airport
NZCX,10,NZ,Coromandel,0,small_airport
NZDA,6,NZ,Dargaville,0,small_airport
NZDC,5,NZ,Dunedin,0,heliport
NZDH,159,NZ,Dunedin,0,heliport
NZDN,4,NZ,Dunedin,1,medium_airport
NZDU,554,NZ,Clyde,0,heliport
NZDV,635,NZ,,0,small_airport
NZDY,100,NZ,,0,small_airport
NZES,443,NZ,,0,small_airport
NZEV,126,NZ,Eves Valley,0,heliport
NZFE,195,NZ,Fenside,0,small_airport
NZFF,381,NZ,,0,small_airport
NZFG,70,NZ,Oban,0,heliport
NZFH,0,NZ,Fox,0,heliport
NZFI,214,NZ,Feilding,0,small_airport
NZFJ,240,NZ,,0,small_airport
NZFP,39,NZ,,0,small_airport
NZFR,434,NZ,Franz Josef Glacier,0,heliport
NZFT,46,NZ,Flat Point,0,small_airport
NZFX,18,AQ,McMurdo Station,0,small_airport
NZGA,594,NZ,,0,small_airport
NZGB,20,NZ,Claris,1,small_airport
NZGC,200,NZ,,0,small_airport
NZGH,457,NZ,Franz Josef Glacier,0,heliport
NZGM,10,NZ,,0,small_airport
NZGS,15,NZ,Gisborne,1,medium_airport
NZGT,1824,NZ,Glentanner Station,0,medium_airport
NZGY,1260,NZ,,0,small_airport
NZHA,371,NZ,Hawera,0,small_airport
NZHC,1106,NZ,Wanaka,0,heliport
NZHK,146,NZ,,1,medium_airport
NZHN,172,NZ,Hamilton,1,medium_airport
NZHS,72,NZ,Bridge Pa,0,small_airport
NZHT,13,NZ,Haast,0,small_airport
NZJA,17,NZ,Tauranga,0,heliport
NZJB,100,NZ,Blenheim,0,heliport
NZJC,55,NZ,Christchurch,0,heliport
NZJD,50,NZ,Thames,0,heliport
NZJE,102,NZ,Dargaville,0,heliport
NZJF,23,NZ,Whakatāne,0,heliport
NZJG,51,NZ,Gisborne,0,heliport
NZJH,36,NZ,Hastings,0,heliport
NZJI,200,NZ,Kawakawa,0,heliport
NZJK,100,NZ,Kaitaia,0,heliport
NZJL,204,NZ,Aukland,0,heliport
NZJM,128,NZ,Palmerston North,0,heliport
NZJN,70,NZ,North Shore City,0,heliport
NZJO,979,NZ,Rotorua,0,heliport
NZJP,760,NZ,Te Puia Springs,0,heliport
NZJQ,104,NZ,New Plymouth,0,heliport
NZJR,154,NZ,Whangarei,0,heliport
NZJS,29,NZ,Invercargill,0,heliport
NZJT,675,NZ,Taumarunui,0,heliport
NZJU,42,NZ,Wanganui,0,heliport
NZJW,149,NZ,Rawene,0,heliport
NZJX,1200,NZ,Tokoroa,0,heliport
NZJY,59,NZ,Wairoa,0,heliport
NZJZ,1349,NZ,Taupo,0,heliport
NZKC,52,NZ,,0,small_airport
NZKD,400,NZ,Kaikoura Island,0,small_airport
NZKE,445,NZ,Waiheke Island,0,small_airport
NZKF,112,NZ,,0,small_airport
NZKH,89,NZ,Wellington,0,heliport
NZKI,20,NZ,,0,small_airport
NZKK,492,NZ,Kerikeri,1,medium_airport
NZKM,30,NZ,,0,small_airport
NZKN,131,NZ,Whangarei,0,heliport
NZKO,571,NZ,Kaikohe,0,small_airport
NZKT,270,NZ,Awanui,1,medium_airport
NZKU,100,NZ,Kupe Platform,0,heliport
NZKY,840,NZ,Kowhai,0,small_airport
NZLE,1709,NZ,,0,small_airport
NZLF,935,NZ,Rotorua,0,heliport
NZLT,0,NZ,Lake Taupo,0,seaplane_base
NZLX,752,NZ,Alexandra,0,medium_airport
NZMA,180,NZ,,0,small_airport
NZMB,5,NZ,Auckland City,0,heliport
NZMC,2153,NZ,,0,medium_airport
NZME,30,NZ,,0,small_airport
NZMF,10,NZ,,0,small_airport
NZMG,3,NZ,,0,heliport
NZMH,367,NZ,Masterton,0,heliport
NZMJ,348,NZ,Jamestown,0,small_airport
NZMK,39,NZ,,0,small_airport
NZML,2813,NZ,Molesworth,0,small_airport
NZMO,687,NZ,,0,medium_airport
NZMR,531,NZ,Murchison,0,small_airport
NZMS,364,NZ,Masterton,0,medium_airport
NZMW,1142,NZ,,0,small_airport
NZMX,60,NZ,Maari Platform,0,heliport
NZNE,210,NZ,Dairy Flat,0,small_airport
NZNF,875,NZ,Inglewood,0,small_airport
NZNH,180,NZ,Nelson,0,heliport
NZNP,97,NZ,New Plymouth,1,medium_airport
NZNR,6,NZ,Napier,1,medium_airport
NZNS,17,NZ,Nelson,1,medium_airport
NZNV,5,NZ,Invercargill,1,medium_airport
NZOA,1381,NZ,,0,small_airport
NZOB,20,NZ,Ocean Beach,0,heliport
NZOF,15,NZ,,0,small_airport
NZOG,990,NZ,Makarora,0,heliport
NZOH,164,NZ,,0,medium_airport
NZOM,102,NZ,Blenheim,0,small_airport
NZOP,30,NZ,,0,small_airport
NZOR,13,NZ,Oamaru,0,heliport
NZOS,0,NZ,Otehei Bay,0,heliport
NZOT,114,NZ,Otaki,1,small_airport
NZOU,99,NZ,,0,medium_airport
NZOX,10,NZ,,0,small_airport
NZPA,20,NZ,,0,heliport
NZPH,1558,NZ,,0,small_airport
NZPI,49,NZ,,0,small_airport
NZPK,0,NZ,Auckland,0,heliport
NZPM,151,NZ,Palmerston North,1,medium_airport
NZPN,161,NZ,Koromiko,1,small_airport
NZPO,200,NZ,Pōrangahau,0,small_airport
NZPP,22,NZ,,0,medium_airport
NZPS,0,NZ,Paihia,0,heliport
NZPW,128,NZ,Papawai,0,small_airport
NZQN,1171,NZ,Queenstown,1,large_airport
NZQW,10,NZ,Wellington,0,heliport
NZRA,10,NZ,Raglan,0,small_airport
NZRC,62,NZ,Oban,0,small_airport
NZRI,288,NZ,Rangitata Island,0,small_airport
NZRK,2323,NZ,,0,small_airport
NZRL,0,NZ,Lake Rotorua,0,seaplane_base
NZRO,935,NZ,Rotorua,1,medium_airport
NZRR,250,NZ,,0,small_airport
NZRT,180,NZ,Rangiora,0,small_airport
NZRU,2686,NZ,,0,small_airport
NZRW,62,NZ,,0,small_airport
NZRX,463,NZ,,0,small_airport
NZSD,951,NZ,Stratford,0,small_airport
NZSF,1216,NZ,Springfield,0,small_airport
NZSL,102,NZ,,0,small_airport
NZSO,0,NZ,Malborough Sounds,0,seaplane_base
NZSP,9300,AQ,Amundsen-Scott South Pole Station,0,medium_airport
NZTE,49,NZ,Te Kowhai,0,small_airport
NZTG,13,NZ,Tauranga,1,medium_airport
NZTH,10,NZ,,0,small_airport
NZTI,92,NZ,Dunedin,0,small_airport
NZTK,102,NZ,,0,small_airport
NZTL,2496,NZ,,0,small_airport
NZTM,902,NZ,,0,small_airport
NZTN,1220,NZ,,0,small_airport
NZTO,1220,NZ,Tokoroa,0,small_airport
NZTP,0,NZ,Lake Tekapo,0,heliport
NZTS,69,NZ,Taharoa,0,closed
NZTT,161,NZ,Te Kuiti,0,small_airport
NZTU,89,NZ,,1,medium_airport
NZTW,0,NZ,Twizel,0,heliport
NZTZ,0,NZ,Timaru,0,heliport
NZUA,157,NZ,Maui A Platform,0,heliport
NZUB,114,NZ,Maui B Platform,0,heliport
NZUK,1575,NZ,Twitzel,0,medium_airport
NZUN,20,NZ,Pauanui,0,small_airport
NZUR,573,NZ,Murchison,0,heliport
NZVL,351,NZ,,0,small_airport
NZVR,1550,NZ,Taihape,0,small_airport
NZWB,109,NZ,Blenheim,1,medium_airport
NZWD,68,AQ,McMurdo Station,0,medium_airport
NZWE,15,NZ,Poukaraka Flats,0,heliport
NZWF,1142,NZ,Wanaka,1,medium_airport
NZWG,10,NZ,Whangamata,0,heliport
NZWH,164,NZ,Wellington,0,heliport
NZWJ,250,NZ,Wellsford,0,heliport
NZWK,20,NZ,Whakatāne,1,medium_airport
NZWL,312,NZ,,0,small_airport
NZWM,79,NZ,Waimate,0,small_airport
NZWN,41,NZ,Wellington,1,large_airport
NZWO,42,NZ,Wairoa,0,medium_airport
NZWP,103,NZ,,0,medium_airport
NZWQ,190,NZ,Te Kao,0,small_airport
NZWR,133,NZ,Whangarei,1,medium_airport
NZWS,13,NZ,Westport,1,medium_airport
NZWT,10,NZ,Whitianga,0,small_airport
NZWU,27,NZ,Wanganui,1,medium_airport
NZWV,4,NZ,Island View,0,small_airport
NZWZ,67,NZ,Warkworth,0,heliport
NZYP,430,NZ,,0,small_airport
KHES,278,US,Healdsburg,0,small_airport
OABN,8367,AF,Bamyan,0,small_airport
OABT,2464,AF,Lashkar Gah,0,small_airport
OACC,7383,AF,Chaghcharan,0,small_airport
OADY,2380,AF,Reg,0,small_airport
OAFR,3083,AF,Farah,0,small_airport
OAFZ,3872,AF,Fayzabad,1,small_airport
OAGN,0,AF,Ghazni,0,small_airport
OAHN,3593,AF,Khwahan,0,small_airport
OAHR,3206,AF,Guzara,1,large_airport
OAIX,4895,AF,Bagram,0,medium_airport
OAJG,8248,AF,Joghari,0,small_airport
OAJL,1814,AF,Jalalabad,0,medium_airport
OAKB,5877,AF,Kabul,1,large_airport
OAKG,1607,AF,Khoja-i-Ghar,0,small_airport
OAKN,3337,AF,Kandahar,1,large_airport
OAKS,4204,AF,Khost,1,medium_airport
OAMN,2743,AF,Maymana,0,medium_airport
OAMS,1284,AF,Mazar-i-Sharif,1,large_airport
OANZ,1581,AF,Ziarat-e Amiran Saseb,0,small_airport
OAQA,5383,AF,Qalat,0,small_airport
OAQN,2999,AF,Qala-i-Naw,0,small_airport
OARZ,0,AF,Skazar,0,small_airport
OASA,7340,AF,Sharana,0,small_airport
OASD,3773,AF,Shindand,0,small_airport
OASG,1053,AF,Sheberghan,0,small_airport
OASH,6890,AF,Baraki Barak,0,small_airport
OASL,3780,AF,Khost,0,small_airport
OASN,6700,AF,Shiveh,0,small_airport
OATN,4429,AF,Tarinkot,0,small_airport
OAUZ,1457,AF,Kunduz,0,medium_airport
OAZI,2943,AF,Lashkar Gah,0,small_airport
OAZJ,1572,AF,Zaranj,0,closed
OBBI,6,BH,Manama,1,large_airport
OBBS,136,BH,Sitrah,0,medium_airport
OBKH,49,BH,Zallaq,0,small_airport
OEKJ,1500,SA,Al Kharj,0,small_airport
OEJL,10,SA,Jubail,0,small_airport
OEAD,699,SA,Ardah,0,medium_airport
OEST,305,SA,Shubaytah,0,small_airport
OEAB,6858,SA,Abha,1,large_airport
OEAH,588,SA,Hofuf,1,large_airport
OEAO,2050,SA,Al-Ula,1,large_airport
OEBA,5486,SA,Al-Baha,1,medium_airport
OEBH,3887,SA,Bisha,1,medium_airport
OEBN,403,SA,Thabhloten,0,small_airport
OEBQ,229,SA,Buqayq,0,small_airport
OEDF,72,SA,Ad Dammam,1,large_airport
OEDM,3026,SA,Dawadmi,1,medium_airport
OEDR,84,SA,Dhahran,0,large_airport
OEGN,20,SA,Jizan,1,medium_airport
OEGS,2126,SA,Qassim,1,large_airport
OEGT,1672,SA,Gurayat,1,medium_airport
OEHL,3331,SA,Hail,1,large_airport
OEHR,110,SA,Harad,0,small_airport
OEHW,2091,SA,Hawtah,0,small_airport
OEJB,26,SA,Jubail,0,medium_airport
OEJF,7,SA,Jeddah,0,medium_airport
OEJN,48,SA,Jeddah,1,large_airport
OEKK,1352,SA,King Khaled Military City,1,medium_airport
OEKM,6778,SA,Khamis Mushait,0,medium_airport
OEMA,2151,SA,Medina,1,large_airport
OENG,3982,SA,Najran,1,medium_airport
OENN,29,SA,Sharma,1,large_airport
OEOM,860,SA,Umm Al Melh,0,small_airport
OEPA,1174,SA,Qaisumah,1,large_airport
OEPC,1740,SA,Wasea,0,small_airport
OEPF,2530,SA,,0,small_airport
OEPI,3000,SA,,0,small_airport
OEPJ,2840,SA,,0,small_airport
OEPS,1651,SA,Al Kharj,0,medium_airport
OERB,22,SA,Rabigh,0,small_airport
OERF,1474,SA,Rafha,1,medium_airport
OERK,2049,SA,Riyadh,1,large_airport
OERM,13,SA,Al Mishab,0,medium_airport
OERR,1813,SA,Arar,1,medium_airport
OERT,6,SA,Ras Tanura,0,medium_airport
OERY,2082,SA,Riyadh,0,closed
OESB,300,SA,Shaybah,0,small_airport
OESH,2363,SA,Sharurah,1,medium_airport
OESK,2261,SA,Al-Jawf,1,large_airport
OETB,2551,SA,Tabuk,1,large_airport
OETF,4848,SA,Taif,1,large_airport
OETH,1870,SA,,0,small_airport
OETN,30,SA,As Saffaniyah,0,medium_airport
OETR,2803,SA,Turaif,1,medium_airport
OEUD,759,SA,Udhailiyah,0,small_airport
OEUM,95,SA,Umm Lejj,0,small_airport
OEWD,2062,SA,Wadi Al Dawasir,1,medium_airport
OEWJ,66,SA,Al Wajh,1,medium_airport
OEYN,26,SA,Yanbu,1,large_airport
OIIR,3380,IR,Firuzabad,0,small_airport
OIBH,20,IR,Imam Hassan,0,small_airport
OIAA,10,IR,Abadan,1,large_airport
OIAD,474,IR,Dezful,1,medium_airport
OIAG,88,IR,Omidiyeh,0,medium_airport
OIAH,2414,IR,Gachsaran,1,medium_airport
OIAI,1206,IR,Masjed Soleyman,0,medium_airport
OIAJ,85,IR,Omidiyeh,0,small_airport
OIAM,8,IR,Mahshahr,1,medium_airport
OIAW,66,IR,Ahvaz,1,large_airport
OIBA,23,IR,Abu Musa,1,medium_airport
OIBB,68,IR,Bushehr,1,medium_airport
OIBH,1350,IR,,0,small_airport
OIBJ,2173,IR,Jam,0,medium_airport
OIBK,101,IR,Kish Island,1,large_airport
OIBL,67,IR,Bandar Lengeh,1,medium_airport
OIBP,27,IR,Khiyaroo,1,medium_airport
OIBQ,17,IR,Khark,1,medium_airport
OIBS,43,IR,Siri,0,medium_airport
OIBV,76,IR,Lavan Airport,0,medium_airport
OICC,4307,IR,Kermanshah,1,medium_airport
OICI,4404,IR,Ilam,0,medium_airport
OICK,3782,IR,,1,medium_airport
OICS,4522,IR,,1,medium_airport
OIFE,5256,IR,Hesa,0,small_airport
OIFH,5310,IR,Esfahan,0,small_airport
OIFK,3465,IR,Kashan,1,medium_airport
OIFM,5059,IR,Isfahan,1,large_airport
OIFP,5242,IR,Esfahan,0,medium_airport
OIFS,6723,IR,Shahrekord,0,medium_airport
OIGG,-40,IR,Rasht,1,medium_airport
OIHH,5755,IR,Hamadan,1,medium_airport
OIHR,5440,IR,Araak,0,small_airport
OIHS,5609,IR,Amirabad,0,medium_airport
OIIA,3769,IR,Gharpuz Abad,0,small_airport
OIIC,3008,IR,Qāshqābolāq,0,small_airport
OIID,4046,IR,Tehran,0,small_airport
OIIE,3305,IR,Tehran,1,large_airport
OIII,3962,IR,Tehran,1,large_airport
OIIK,4184,IR,Qazvin,0,medium_airport
OIIM,4040,IR,Karaj,0,small_airport
OIIP,4170,IR,Karaj,1,large_airport
OIIS,3665,IR,Semnan,1,small_airport
OIKB,22,IR,Bandar Abbas,1,large_airport
OIKJ,2663,IR,Jiroft,0,medium_airport
OIKK,5741,IR,Kerman,1,large_airport
OIKM,3231,IR,Bam,1,medium_airport
OIKP,19,IR,Bandar Abbas,0,small_airport
OIKQ,45,IR,Qeshm(Dayrestan),1,large_airport
OIKR,5298,IR,Rafsanjan,1,medium_airport
OIKY,5846,IR,Sirjan,0,medium_airport
OIMB,4952,IR,Birjand,1,large_airport
OIMC,945,IR,Sarakhs,0,medium_airport
OIMH,4363,IR,Torbat-E-Heidarieh,0,small_airport
OIMJ,4215,IR,Shahrud,0,small_airport
OIMM,3263,IR,Mashhad,1,large_airport
OIMN,3499,IR,Bojnord,1,medium_airport
OIMS,3010,IR,Sabzevar,1,medium_airport
OIMT,2312,IR,Tabas,0,medium_airport
OINE,425,IR,Kalaleh,0,small_airport
OING,-24,IR,Gorgan,0,medium_airport
OINJ,-79,IR,Amol,0,small_airport
OINN,-61,IR,Nowshahr,1,medium_airport
OINR,-70,IR,Ramsar,1,medium_airport
OINZ,35,IR,Sari,1,medium_airport
OISA,5320,IR,Abadeh,0,small_airport
OISF,4261,IR,Fasa,0,medium_airport
OISJ,3358,IR,Jahrom,0,small_airport
OISL,2641,IR,Lar,1,medium_airport
OISR,1337,IR,Lamerd,1,medium_airport
OISS,4927,IR,Shiraz,1,large_airport
OISY,5939,IR,Yasuj,0,medium_airport
OITK,3981,IR,Khoy,0,small_airport
OITL,4315,IR,Ardabil,1,medium_airport
OITM,4396,IR,Maragheh,0,small_airport
OITP,251,IR,Parsabad,1,small_airport
OITR,4343,IR,Urmia,1,medium_airport
OITS,4880,IR,Saghez,0,small_airport
OITT,4459,IR,Tabriz,1,large_airport
OITU,3136,IR,Showt,0,medium_airport
OITZ,5382,IR,Zanjan,0,medium_airport
OIYY,4054,IR,Yazd,1,medium_airport
OIZB,1628,IR,Zabol,0,medium_airport
OIZC,13,IR,Konarak,1,medium_airport
OIZH,4564,IR,Zahedan,1,large_airport
OIZI,2040,IR,Iranshahr,0,medium_airport
OIZJ,19,IR,Bandar-e-Jask,1,small_airport
OIZS,3930,IR,Saravan,0,small_airport
OJAI,2395,JO,Amman,1,large_airport
OJAM,2555,JO,Amman,1,large_airport
OJAQ,175,JO,Aqaba,1,large_airport
OJPH,2220,JO,,0,small_airport
OJHR,2250,JO,,0,small_airport
OJMF,2240,JO,Mafraq,0,small_airport
OJMS,1706,JO,Al Azraq,0,medium_airport
OKAJ,409,KW,Ahmed Al Jaber AB,0,medium_airport
OKAS,472,KW,Al Damaikhi,0,medium_airport
OKKK,206,KW,Kuwait City,1,large_airport
OLBA,87,LB,Beirut,1,large_airport
POLI,16,US,Oliktok Point,0,small_airport
OLKA,75,LB,Tripoli,0,medium_airport
OLRA,3018,LB,Rayak,0,medium_airport
OODQ,364,OM,Duqm,1,large_airport
OMAA,88,AE,Abu Dhabi,1,large_airport
OMAB,0,AE,,0,small_airport
OMAD,16,AE,Abu Dhabi,0,large_airport
OMAF,101,AE,Al Futaisi,0,small_airport
OMAG,50,AE,,0,small_airport
OMAJ,43,AE,Jebel Dhanna,0,small_airport
OMAL,869,AE,Al Ain,1,large_airport
OMAM,77,AE,,0,medium_airport
OMAQ,0,AE,Qarnayn Island,0,small_airport
OMAR,15,AE,Arzanah Island,0,small_airport
OMAS,12,AE,Das Island,0,small_airport
OMAZ,14,AE,Zirku Island,0,small_airport
OMBY,25,AE,Sir Bani Yas,0,medium_airport
OMDB,62,AE,Dubai,1,large_airport
OMDL,30,AE,Delma Island,1,small_airport
OMDM,165,AE,Dubai,0,medium_airport
OMDW,114,AE,Dubai(Jebel Ali),1,large_airport
OMFJ,152,AE,Fujairah,1,large_airport
OMRJ,0,AE,,0,small_airport
OMRK,102,AE,Ras Al Khaimah,1,large_airport
OMRS,2,AE,Al Duhaisah,0,small_airport
OMSJ,111,AE,Sharjah,1,large_airport
OOBR,970,OM,Buraimi,0,small_airport
OOFD,552,OM,Fahud,0,small_airport
OOGB,443,OM,Ghaba,0,small_airport
POOH,0,US,Hoonah,0,seaplane_base
OOIZ,1700,OM,Izki,0,small_airport
OOJA,560,OM,Duqm,0,small_airport
OOKB,100,OM,Khasab,1,medium_airport
OOMA,64,OM,Masirah,0,medium_airport
OOMS,48,OM,Muscat/Seeb,1,large_airport
OOMX,925,OM,Marmul,0,small_airport
OOSA,73,OM,Salalah,1,large_airport
OOSH,20,OM,Suhar,1,large_airport
OOSQ,6500,OM,Saiq,0,small_airport
OOTH,1570,OM,Thumrait,0,medium_airport
OPKW,167,PK,Kandanwari,0,small_airport
OPBT,418,PK,Jam Nida,0,small_airport
OPBN,1325,PK,Bannu,0,closed
OPBW,392,PK,Bahawalpur,1,medium_airport
OPCH,4920,PK,Chitral,1,medium_airport
OPCL,4146,PK,Chilas,0,small_airport
OPDB,2800,PK,Dalbandin,1,small_airport
OPDG,492,PK,Dera Ghazi Khan,1,medium_airport
OPDI,594,PK,Dera Ismael Khan,0,medium_airport
OPFA,591,PK,Faisalabad,1,large_airport
OPGT,4796,PK,Gilgit,1,medium_airport
OPIS,1761,PK,Attock,1,large_airport
OPJA,185,PK,Jacobabad,0,medium_airport
OPKA,40,PK,Cape Monz,0,small_airport
OPKC,100,PK,Karachi,1,large_airport
OPKD,130,PK,Hyderabad,1,small_airport
OPKH,4012,PK,Khuzdar,1,small_airport
OPLA,712,PK,Lahore,1,large_airport
OPLH,679,PK,Lahore,0,closed
OPMA,902,PK,Mangla,0,medium_airport
OPMF,2691,PK,Muzaffarabad,1,small_airport
OPMI,690,PK,Mianwali,0,medium_airport
OPMJ,154,PK,Moenjodaro,0,medium_airport
OPMR,35,PK,Karachi,0,medium_airport
OPMT,403,PK,Multan,1,large_airport
OPNH,95,PK,Nawabashah,1,medium_airport
OPOR,10,PK,Ormara Raik,0,small_airport
OPPC,5800,PK,Parachinar,0,small_airport
OPPG,3289,PK,Panjgur,0,medium_airport
OPPI,33,PK,Pasni,0,medium_airport
OPPS,1158,PK,Peshawar,1,large_airport
OPQT,5267,PK,Quetta,1,large_airport
OPRK,271,PK,Rahim Yar Khan,1,medium_airport
OPRN,1668,PK,Rawalpindi,0,medium_airport
OPRS,1050,PK,Risalpur,0,medium_airport
OPRT,5479,PK,Rawalakot,0,medium_airport
OPSB,436,PK,Sibi,0,small_airport
OPSD,7316,PK,Skardu,1,large_airport
OPSF,29,PK,Karachi,0,medium_airport
OPSK,196,PK,Sukkur,1,medium_airport
OPSN,121,PK,Sehwan Sharif,0,medium_airport
OPSR,614,PK,Sargodha,0,medium_airport
OPSS,3183,PK,Saidu Sharif,0,medium_airport
OPST,837,PK,Sialkot,1,large_airport
OPSW,160,PK,Sawan Gas Field,0,small_airport
OPTA,1114,PK,Tarbela,0,small_airport
OPTU,498,PK,Turbat,1,large_airport
OPZB,4728,PK,Fort Sandeman,1,medium_airport
ORAA,618,IQ,Hīt,0,medium_airport
ORBD,161,IQ,Al Bakr,0,medium_airport
ORBI,114,IQ,Baghdad,1,large_airport
ORER,1341,IQ,Arbil,1,large_airport
ORKK,1061,IQ,Kirkuk,1,large_airport
ORMM,11,IQ,Basra,1,large_airport
ORNI,103,IQ,Najaf,1,large_airport
ORSJ,2494,IQ,Sulaymaniyah,1,medium_airport
ORWH,139,IQ,Baghdad,0,heliport
OSAP,1276,SY,Aleppo,1,large_airport
OSDI,2020,SY,Damascus,1,large_airport
OSDZ,700,SY,Deir ez-Zor,0,medium_airport
OSKL,1480,SY,Qamishli,1,medium_airport
OSLK,157,SY,Latakia,1,medium_airport
OSPR,1322,SY,Tadmur,0,medium_airport
OTBD,35,QA,Doha,1,large_airport
OTBH,130,QA,Ar Rayyan,0,medium_airport
OTBK,6,QA,Al Khawr,0,closed
OTHH,13,QA,Doha,1,large_airport
OYAA,7,YE,Aden,1,large_airport
OYBS,651,YE,Abs,0,small_airport
OYAT,3735,YE,Ataq,0,medium_airport
OYBA,908,YE,Dhula',0,small_airport
OYBD,6120,YE,Al-Bayda,0,small_airport
OYBN,3800,YE,Beihan,0,small_airport
OYBQ,3800,YE,Al-Bough,0,small_airport
OYGD,134,YE,Al Ghaydah,1,medium_airport
OYHD,41,YE,Hodeida,0,medium_airport
OYKM,51,YE,Kamaran,0,small_airport
OYMB,3300,YE,Marib,0,small_airport
OYMS,7080,YE,Mukayras,0,small_airport
OYQN,100,YE,Qishn,0,small_airport
OYRN,54,YE,Mukalla(Riyan),1,large_airport
OYSH,5938,YE,Sa'dah,0,small_airport
OYSN,7216,YE,Sanaa,1,large_airport
OYSQ,146,YE,Mori,1,medium_airport
OYSY,2097,YE,Seiyun,1,large_airport
OYTZ,4838,YE,Taiz,1,medium_airport
OYZM,3200,YE,Al-Hazm,0,small_airport
MPAC,10,PA,Mamitupu,0,small_airport
MPAI,55,PA,Isla Lorenzo Bello,0,small_airport
MPMU,15,PA,Mulatupo,0,small_airport
MPPH,18,PA,Ukupseni,0,small_airport
MPMI,70,PA,Isla del Rey,0,small_airport
MPAR,85,PA,Arenas,0,small_airport
MPCA,3,PA,Suletupu,0,small_airport
MPPX,56,PA,Pixvae,1,small_airport
MPPI,14,PA,Puerto Piña,1,small_airport
MPRE,65,PA,El Real de Santa María,0,small_airport
MPMF,32,PA,Miraflores,0,small_airport
MPRA,43,PA,Contadora Island,1,small_airport
MPSB,32,PA,Boca de Sábalo,0,small_airport
PAAD,56,US,Deadhorse,0,small_airport
PAAK,57,US,Atka,1,small_airport
PAAL,20,US,Cold Bay,0,small_airport
PAAM,24,US,Dutch Harbor,0,small_airport
PAAN,1720,US,Fairbanks,0,small_airport
PAAP,0,US,Port Alexander,1,seaplane_base
PAAQ,242,US,Palmer,0,medium_airport
PAAT,40,US,Attu,0,small_airport
PABA,2,US,Barter Island,1,medium_airport
PABE,126,US,Bethel,1,medium_airport
PABG,130,US,Beluga,0,small_airport
PABI,1291,US,Delta Junction Ft Greely,0,medium_airport
PABL,31,US,Buckland,1,small_airport
PABM,663,US,Big Mountain,0,small_airport
PABP,26,US,Deadhorse,0,small_airport
PABR,44,US,Utqiaġvik,1,medium_airport
PABT,647,US,Bettles,1,small_airport
PABU,18,US,Kaktovik,0,small_airport
PABV,83,US,Birchwood,0,medium_airport
PACD,96,US,Cold Bay,1,medium_airport
PACE,937,US,Central,1,small_airport
PACI,544,US,Chalkyitsik,1,small_airport
PACK,49,US,Chefornak,1,small_airport
PACL,552,US,Clear,0,medium_airport
PACM,14,US,Scammon Bay,1,small_airport
PACR,613,US,Circle,1,small_airport
PACS,291,US,Cape Sarichef,0,small_airport
PACV,54,US,Cordova,1,medium_airport
PACX,1042,US,Coldfoot,0,small_airport
PACY,12,US,Yakataga,1,small_airport
PACZ,464,US,Cape Romanzof,0,medium_airport
PADE,21,US,Deering,1,medium_airport
PADG,969,US,Red Dog,0,small_airport
PADK,18,US,Adak,1,medium_airport
PADL,81,US,Dillingham,1,medium_airport
PADM,103,US,Marshall,1,small_airport
PADQ,78,US,Kodiak,1,medium_airport
PADU,22,US,Unalaska,1,medium_airport
PADY,30,US,Kongiganak,1,small_airport
PAED,212,US,Anchorage,0,medium_airport
PAEE,12,US,Eek,1,small_airport
PAEG,908,US,Eagle,1,small_airport
PAEH,541,US,Cape Newenham,0,medium_airport
PAEI,547,US,Fairbanks,0,medium_airport
PAEL,0,US,Elfin Cove,1,seaplane_base
PAEM,13,US,Emmonak,1,medium_airport
PAEN,99,US,Kenai,1,medium_airport
PAEW,346,US,Mertarvik,1,small_airport
PAFA,439,US,Fairbanks,1,medium_airport
PAFB,454,US,Fairbanks,0,medium_airport
PAFE,172,US,Kake,0,medium_airport
PAFK,1052,US,Farewell Lake,0,seaplane_base
PAFL,1151,US,Farewell Lake,0,small_airport
PAFM,334,US,Ambler,1,medium_airport
PAFR,378,US,Fort Richardson,0,small_airport
PAFS,441,US,Nikolai,1,small_airport
PAGA,153,US,Galena,1,medium_airport
PAGB,2663,US,Galbraith Lake,0,small_airport
PAGG,18,US,Kwigillingok,1,small_airport
PAGH,197,US,Shungnak,1,small_airport
PAGK,1586,US,Gulkana,1,medium_airport
PAGL,59,US,Golovin,1,small_airport
PAGM,27,US,Gambell,1,medium_airport
PAGN,0,US,Angoon,1,seaplane_base
PAGQ,158,US,Big Lake,0,small_airport
PAGS,35,US,Gustavus,1,medium_airport
PAGT,4,US,Nightmute,1,small_airport
PAGY,44,US,Skagway,1,small_airport
PAGZ,1313,US,Granite Mountain,0,small_airport
PAHC,70,US,Holy Cross,1,medium_airport
PAHL,220,US,Huslia,1,medium_airport
PAHN,15,US,Haines,1,medium_airport
PAHO,84,US,Homer,1,medium_airport
PAHP,13,US,Hooper Bay,1,small_airport
PAHU,299,US,Hughes,1,small_airport
PAHV,1263,US,Healy,0,small_airport
PAHX,79,US,Shageluk,0,small_airport
PAHY,0,US,Hydaburg,1,seaplane_base
PAIG,90,US,Igiugig,1,small_airport
PAII,92,US,Egegik,1,medium_airport
PAIK,166,US,Kiana,1,medium_airport
PAIL,192,US,Iliamna,1,medium_airport
PAIM,1273,US,Utopia Creek,1,medium_airport
PAIN,1720,US,Denali Park,0,small_airport
PAIW,22,US,Wales,1,small_airport
PAJC,18,US,Chignik,1,small_airport
PAJN,21,US,Juneau,1,medium_airport
PAJZ,269,US,Koliganek,1,small_airport
PAKD,139,US,Kodiak,0,small_airport
PAKF,20,US,False Pass,1,small_airport
PAKH,44,US,Akhiok,1,small_airport
PAKI,11,US,Kipnuk,1,small_airport
PAKK,154,US,Koyuk,1,small_airport
PAKL,717,US,Kulik Lake,0,small_airport
PAKN,73,US,King Salmon,1,medium_airport
PAKO,77,US,Nikolski,1,small_airport
PAKP,2102,US,Anaktuvuk Pass,1,medium_airport
PAKT,89,US,Ketchikan,1,medium_airport
PAKU,67,US,Kuparuk,0,small_airport
PAKV,181,US,Kaltag,1,small_airport
PAKW,80,US,Klawock,1,medium_airport
PAKY,137,US,Karluk,1,small_airport
PALB,87,US,Larsen Bay,1,small_airport
PALG,55,US,Kalskag,1,small_airport
PALH,71,US,Anchorage,0,seaplane_base
PALJ,280,US,Port Alsworth,1,small_airport
PALP,18,US,Nuiqsut,0,small_airport
PALR,1920,US,Chandalar Lake,0,small_airport
PALU,16,US,Cape Lisburne,1,medium_airport
PAMB,107,US,Manokotak,1,small_airport
PAMC,341,US,McGrath,1,medium_airport
PAMD,100,US,Middleton Island,0,small_airport
PAMH,678,US,Minchumina,1,small_airport
PAMK,98,US,St Michael,1,small_airport
PAML,270,US,Manley Hot Springs,1,small_airport
PAMM,0,US,Metlakatla,1,seaplane_base
PAMO,337,US,Mountain Village,1,small_airport
PAMR,137,US,Anchorage,1,medium_airport
PAMX,1531,US,Mccarthy,0,small_airport
PAMY,48,US,Mekoryuk,1,medium_airport
PANA,17,US,Napakiak,1,small_airport
PANC,152,US,Anchorage,1,large_airport
PANI,88,US,Aniak,1,medium_airport
PANN,362,US,Nenana,0,medium_airport
PANO,314,US,Nondalton,0,small_airport
PANR,0,US,Funter Bay,1,seaplane_base
PANT,119,US,Metlakatla,0,medium_airport
PANU,399,US,Nulato,1,small_airport
PANV,291,US,Anvik,1,medium_airport
PANW,364,US,New Stuyahok,1,small_airport
PAOB,137,US,Kobuk,1,small_airport
PAOC,137,US,Portage Creek,0,small_airport
PAOH,19,US,Hoonah,1,small_airport
PAOM,37,US,Nome,1,medium_airport
PAOO,59,US,Toksook Bay,1,small_airport
PAOR,1715,US,Northway,1,medium_airport
PAOT,14,US,Kotzebue,1,medium_airport
PAOU,14,US,Nelson Lagoon,1,small_airport
PAPB,125,US,St George,1,medium_airport
PAPC,10,US,Port Clarence,0,medium_airport
PAPE,29,US,Perryville,1,small_airport
PAPG,111,US,Petersburg,1,medium_airport
PAPH,95,US,Port Heiden,1,medium_airport
PAPK,24,US,Napaskiak,1,small_airport
PAPM,15,US,Platinum,1,medium_airport
PAPN,57,US,Pilot Point,1,small_airport
PAPO,12,US,Point Hope,1,small_airport
PAPR,1095,US,Prospect Creek,0,small_airport
PAQH,42,US,Quinhagak,1,small_airport
PAQT,38,US,Nuiqsut,1,medium_airport
PARC,2092,US,Arctic Village,1,medium_airport
PARS,51,US,Russian Mission,1,small_airport
PARY,658,US,Ruby,1,medium_airport
PASA,53,US,Savoonga,1,medium_airport
PASC,65,US,Deadhorse,1,medium_airport
PASD,21,US,Sand Point,1,medium_airport
PASH,12,US,Shishmaref,1,small_airport
PASI,21,US,Sitka,1,medium_airport
PASK,17,US,Selawik,1,small_airport
PASL,190,US,Sleetmute,1,small_airport
PASM,312,US,St Mary's,1,small_airport
PASN,63,US,St Paul Island,1,medium_airport
PASO,29,US,Seldovia,1,small_airport
PASP,2750,US,Sheep Mountain,0,small_airport
PAST,2409,US,Cantwell,0,small_airport
PASV,1585,US,Sparrevohn,0,medium_airport
PASW,148,US,Skwentna,0,small_airport
PASX,113,US,Soldotna,0,medium_airport
PASY,95,US,Shemya,0,medium_airport
PATA,236,US,Tanana,1,small_airport
PATC,271,US,Tin City,1,small_airport
PATE,294,US,Teller,1,small_airport
PATG,21,US,Togiak Village,1,small_airport
PATK,358,US,Talkeetna,0,medium_airport
PATL,964,US,Takotna,0,medium_airport
PATQ,96,US,Atqasuk,1,medium_airport
PATW,2190,US,Cantwell,0,small_airport
PAUK,10,US,Alakanuk,1,small_airport
PAUM,267,US,Umiat,0,small_airport
PAUN,27,US,Unalakleet,1,medium_airport
PAUO,221,US,Willow,0,small_airport
PAUT,133,US,Akutan,1,small_airport
PAVA,75,US,Chevak,1,small_airport
PAVC,155,US,King Cove,1,small_airport
PAVD,121,US,Valdez,1,medium_airport
PAVE,574,US,Venetie,1,small_airport
PAVL,13,US,Kivalina,1,small_airport
PAWB,359,US,Beaver,1,small_airport
PAWD,22,US,Seward,0,medium_airport
PAWG,49,US,Wrangell,1,medium_airport
PAWI,41,US,Wainwright,1,medium_airport
PAWM,267,US,White Mountain,1,small_airport
PAWN,88,US,Noatak,1,small_airport
PAWR,30,US,Whittier,0,small_airport
PAWS,354,US,Wasilla,0,medium_airport
PAWT,35,US,Wainwright,0,small_airport
PAXK,2653,US,Paxson,0,small_airport
PAYA,33,US,Yakutat,1,medium_airport
PCIS,9,KI,Abariringa,0,medium_airport
SPID,384,PE,Iquitos,0,small_airport
SPCV,1329,PE,Cutivireni,0,small_airport
SPQM,433,PE,San Lorenzo,0,small_airport
SPWB,30,PE,Máncora,0,small_airport
SPLH,1378,PE,Ica,0,small_airport
SPBJ,510,PE,Ramón Castilla,0,small_airport
PFAK,30,US,Akiak,1,small_airport
PFAL,441,US,Allakaket,1,small_airport
PFCB,72,US,Chenega,1,small_airport
PFCL,80,US,Clarks Point,1,small_airport
PFCR,733,US,Crooked Creek,0,small_airport
PFEL,162,US,Elim,1,small_airport
PFKA,48,US,Kasigluk,1,small_airport
PFKK,115,US,Kokhanok,1,small_airport
PFKO,15,US,Kotlik,1,small_airport
PFKT,38,US,Brevig Mission,1,small_airport
PFKU,149,US,Koyukuk,1,small_airport
PFKW,25,US,Kwethluk,1,small_airport
PFME,70,US,Mertarvik,0,small_airport
PFNO,55,US,Noorvik,1,small_airport
PFSH,24,US,Shaktoolik,1,small_airport
PFTO,1639,US,Tok,1,small_airport
PFWS,162,US,South Naknek,1,small_airport
PFYU,433,US,Fort Yukon,1,medium_airport
AYAL,2750,PG,,0,small_airport
AYAC,160,PG,Akwom,0,small_airport
AYAH,80,PG,Ali,0,small_airport
AYGB,194,PG,Gobe,0,small_airport
AYAJ,6600,PG,Ambua Lodge - Tari,0,small_airport
AYAB,6568,PG,Ambulua,0,small_airport
AYAR,70,PG,,0,small_airport
AYAD,5400,PG,Sindeni,0,small_airport
AYRF,80,PG,Arufi,0,small_airport
AYAS,1800,PG,,0,small_airport
AYAZ,1170,PG,Asimba,0,small_airport
AYSN,1550,PG,Assengseng,0,small_airport
AYIL,2600,PG,Bili,0,small_airport
AYYB,6050,PG,,0,small_airport
AYOI,4816,PG,Boikoa,0,small_airport
AYBE,530,PG,Boure,0,small_airport
AYJL,485,PG,Junkaral,0,small_airport
AYOR,2090,PG,Kabori,0,small_airport
AYDA,460,PG,Dahamo Village,0,small_airport
AYLF,4943,PG,Lumusa,0,small_airport
AYMT,2350,PG,,0,small_airport
AYPK,255,PG,Pasinkap,0,small_airport
AYKF,1850,PG,Kafa,0,small_airport
AYUB,2200,PG,Bufripmin/Usareimin,0,small_airport
AYGZ,120,PG,Gubam,0,small_airport
AYDM,3890,PG,Duranmin,0,small_airport
AYBJ,3953,PG,Bank,0,small_airport
AYAP,3800,PG,,0,small_airport
AYAV,622,PG,,0,small_airport
AYRW,69,PG,Kiriwa,0,small_airport
AYWW,5500,PG,Owenia,0,small_airport
AYNQ,99,PG,Kibeni,0,small_airport
AYIF,1095,PG,Kilifas,0,small_airport
AYPX,124,PG,Pukapuki Vilage,0,small_airport
AYSC,42,PG,Samban School,0,small_airport
AYWA,5900,PG,Amjenuwa,0,small_airport
AYUW,5155,PG,Auwi,0,small_airport
AYBN,215,PG,Baina,0,small_airport
AYUU,3950,PG,Bu'u,0,small_airport
AYXH,335,PG,Yehebi,0,small_airport
AYQP,1876,PG,Menjim,0,small_airport
AYXM,5223,PG,Komo,0,small_airport
AYWP,2200,PG,,0,small_airport
AYTJ,33,PG,Aitape,0,small_airport
AYIH,70,PG,Ihu,0,small_airport
AYJB,136,PG,Jacquinot Bay,0,small_airport
AYKS,97,PG,Kamusi,0,small_airport
AYLM,52,PG,Lake Murray,1,small_airport
PGRO,607,MP,Rota Island,1,large_airport
PGSN,215,MP,"I Fadang, Saipan",1,medium_airport
PGUA,627,GU,Yigo,0,medium_airport
PGUM,298,GU,Hagåtña,1,large_airport
PGWT,271,MP,Tinian Island,1,medium_airport
RPLM,1297,PH,Tanay,0,small_airport
PHBK,23,US,Kekaha,0,medium_airport
PHDH,14,US,Mokuleia,0,small_airport
PHHF,6,US,Tern Island,0,small_airport
PHHI,837,US,Wahiawa,0,small_airport
PHHN,78,US,Hana,1,medium_airport
PHIK,13,US,Honolulu,0,medium_airport
PHJH,256,US,Lahaina,1,medium_airport
PHJR,30,US,Kapolei,0,medium_airport
PHKO,47,US,Kailua-Kona,1,large_airport
PHLI,153,US,"Lihue, Kauai",1,large_airport
PHLU,24,US,Kalaupapa,1,small_airport
PHMK,454,US,Kaunakakai,1,medium_airport
PHMU,2671,US,Waimea (Kamuela),1,medium_airport
PHNG,24,US,Kaneohe,0,medium_airport
PHNL,13,US,"Honolulu, Oahu",1,large_airport
PHNY,1308,US,Lanai City,1,medium_airport
PHOG,54,US,Kahului,1,large_airport
PHPA,24,US,Hanapepe,0,small_airport
PHSF,6190,US,Waimea (Kamuela),0,small_airport
PHTO,38,US,Hilo,1,medium_airport
PHUP,96,US,Hawi,0,small_airport
PKMA,13,MH,Eniwetok Atoll,1,small_airport
PKMJ,6,MH,Majuro Atoll,1,large_airport
PKRO,9,MH,Roi-Namur,0,small_airport
PKWA,9,MH,Kwajalein,1,medium_airport
EPPB,341,PL,Pobiedziska,0,small_airport
EPKG,20,PL,Bagicz,0,small_airport
EPBO,466,PL,Borsk,0,small_airport
EPNC,368,PL,Chrcynno,0,small_airport
EPSI,459,PL,Sieradz,0,small_airport
EPPZ,394,PL,Przasnysz,0,small_airport
EPWT,299,PL,Watorowo,0,small_airport
EPWC,876,PL,Świebodzice,0,small_airport
EPPG,331,PL,Kąkolewo,0,small_airport
EPZE,260,PL,Żerniki,0,small_airport
EPSA,919,PL,,0,heliport
EPBW,1000,PL,Stara Wieś,0,small_airport
EPKO,515,PL,Korne,0,small_airport
EPPS,0,PL,Jeziorki,0,small_airport
EPEK,0,PL,Makosieje,0,small_airport
EPLI,358,PL,Linowiec,0,small_airport
EPMG,472,PL,Mrągowo,0,small_airport
EPKU,0,PL,Kukały,0,small_airport
EPBE,713,PL,Kałduny,0,small_airport
EPCH,0,PL,Czyże,0,small_airport
EPZW,724,PL,Zawiszyn,0,small_airport
EPBI,469,PL,Brzeska Wola,0,small_airport
EPND,0,PL,Nowa Dęba,0,heliport
EPLP,0,PL,Lipowa,0,small_airport
EPKC,732,PL,Kraków,0,small_airport
PLCH,5,KI,Kiritimati,1,large_airport
PLFA,0,KI,Tabuaeran Island,0,small_airport
PLWN,30,KI,Teraina,0,small_airport
PMDY,13,UM,Sand Island,0,medium_airport
PPIZ,22,US,Point Lay,1,medium_airport
RPNO,60,PH,Siocon,0,small_airport
LPSI,104,PT,Sines,0,heliport
LPMN,614,PT,Montemor-o-Novo,0,small_airport
LPSE,1445,PT,Seia,0,small_airport
LPFA,459,PT,Ferreira do Alentejo,0,small_airport
LPPN,1335,PT,Proença-a-Nova,0,small_airport
LPCV,265,PT,Coimba,0,heliport
PTKK,11,FM,Weno Island,1,large_airport
PTPN,10,FM,Pohnpei Island,1,medium_airport
PTRO,176,PW,Babelthuap Island,1,large_airport
PTSA,11,FM,Okat,1,large_airport
PTYA,91,FM,Yap Island,1,large_airport
PWAK,14,UM,Wake Island,1,medium_airport
PPWR,0,US,Port Walter,0,seaplane_base
SGOV,487,PY,Coronel Oviedo,0,medium_airport
SGVO,0,PY,Villa del Rosario,0,small_airport
SGLP,70,PY,Loma Plata,0,small_airport
RCAY,34,TW,Kaohsiung (Gangshan),0,medium_airport
RCBS,93,TW,Shang-I,1,medium_airport
RCCM,63,TW,Qimei,0,small_airport
RCDC,78,TW,Pingtung,0,medium_airport
RCFG,232,TW,Matsu (Nangan),1,medium_airport
RCFN,143,TW,Taitung City,1,medium_airport
RCGI,28,TW,Lüdao,0,small_airport
RCKH,31,TW,Kaohsiung (Xiaogang),1,large_airport
RCKU,85,TW,Shuishang,1,medium_airport
RCKW,46,TW,Hengchun,0,medium_airport
RCLM,10,TW,Kaohsiung (Cijin - Pratas Island),0,small_airport
RCLY,44,TW,Orchid Island,1,medium_airport
RCMQ,663,TW,Taichung (Qingshui),1,large_airport
RCMT,41,TW,Matsu (Beigan),1,medium_airport
RCNN,63,TW,Tainan (Rende),1,large_airport
RCNO,0,TW,Wang'an,0,heliport
RCPO,26,TW,Hsinchu City,0,medium_airport
RCQC,103,TW,Huxi,1,large_airport
RCQS,121,TW,Taitung City,0,medium_airport
RCSP,0,TW,Kaohsiung (Cijin - Taiping Island),0,small_airport
RCSQ,97,TW,Pingtung,1,medium_airport
RCSS,18,TW,Taipei (Songshan),1,large_airport
RCTP,106,TW,Taoyuan,1,large_airport
RCWA,115,TW,Wang'an,0,small_airport
RCYU,52,TW,Hualien City,1,large_airport
ZBAR,4659,CN,Badanjilin,1,small_airport
RJAA,141,JP,Narita,1,large_airport
RJAF,2182,JP,Matsumoto,1,medium_airport
RJAH,105,JP,Omitama,1,large_airport
RJAK,92,JP,Tsuchiura,0,small_airport
RJAM,22,JP,Ogasawara,0,small_airport
RJAN,92,JP,Niijima Village,1,small_airport
RJAW,384,JP,Ogasawara,0,medium_airport
RJAZ,452,JP,Kozushima,0,small_airport
RJBB,26,JP,Osaka,1,large_airport
RJBD,298,JP,Shirahama,1,medium_airport
RJBE,22,JP,Kobe,1,large_airport
RJBK,3,JP,Okayama,0,small_airport
RJBT,584,JP,Toyooka,1,medium_airport
RJCA,377,JP,Asahikawa,0,small_airport
RJCB,505,JP,Obihiro,1,medium_airport
RJCC,82,JP,Sapporo,1,large_airport
RJCH,151,JP,Hakodate,1,large_airport
RJCJ,87,JP,Chitose,0,medium_airport
RJCK,327,JP,Kushiro,1,medium_airport
RJCM,135,JP,Ōzora,1,medium_airport
RJCN,234,JP,Nakashibetsu,1,medium_airport
RJCO,25,JP,Sapporo,1,medium_airport
RJCR,92,JP,Rebun,0,small_airport
RJCS,0,JP,Betsukai,0,medium_airport
RJCT,281,JP,Obihiro,0,medium_airport
RJCW,30,JP,Wakkanai,1,medium_airport
RJCY,65,JP,Yakumo,0,small_airport
RJDA,340,JP,Amakusa,1,medium_airport
RJDB,41,JP,Iki,1,medium_airport
RJDC,23,JP,Ube,1,medium_airport
RJDK,263,JP,Shinkamigoto,0,small_airport
RJDM,49,JP,Yoshinogari,0,small_airport
RJDO,30,JP,Ojika,0,small_airport
RJDT,213,JP,Tsushima,1,medium_airport
RJDU,0,JP,Nagasaki,0,small_airport
RJEB,80,JP,Monbetsu,1,medium_airport
RJEC,721,JP,Higashikagura,1,medium_airport
RJEO,161,JP,Okushiri Island,1,medium_airport
RJER,112,JP,Rishiri,1,medium_airport
RJFA,98,JP,Ashiya,0,medium_airport
RJFC,124,JP,Yakushima,1,medium_airport
RJFE,273,JP,Goto,1,medium_airport
RJFF,32,JP,Fukuoka,1,large_airport
RJFG,768,JP,Tanegashima,1,medium_airport
RJFK,906,JP,Kagoshima,1,large_airport
RJFM,20,JP,Miyazaki,1,large_airport
RJFN,259,JP,Shintomi,0,small_airport
RJFO,19,JP,Oita,1,medium_airport
RJFR,21,JP,Kitakyushu,1,large_airport
RJFS,6,JP,Saga,1,large_airport
RJFT,642,JP,Kumamoto,1,large_airport
RJFU,15,JP,Nagasaki,1,large_airport
RJFY,214,JP,Kanoya,0,medium_airport
RJFZ,55,JP,Tsuiki,0,medium_airport
RJGG,15,JP,Tokoname,1,large_airport
RJKA,27,JP,Amami,1,medium_airport
RJKB,101,JP,Wadomari,1,medium_airport
RJKI,21,JP,Kikai,1,medium_airport
RJKN,17,JP,Amagi,1,medium_airport
RJNA,52,JP,Nagoya,1,medium_airport
RJNF,19,JP,Fukui,0,medium_airport
RJNG,128,JP,Gifu,0,medium_airport
RJNH,150,JP,Hamamatsu,0,medium_airport
RJNK,36,JP,Kanazawa,1,large_airport
RJNO,311,JP,Okinoshima,1,medium_airport
RJNS,433,JP,Makinohara / Shimada,1,large_airport
RJNT,95,JP,Toyama,1,medium_airport
RJNW,718,JP,Wajima,1,medium_airport
RJNY,23,JP,Yaizu,0,medium_airport
RJOA,1088,JP,Hiroshima,1,large_airport
RJOB,806,JP,Okayama,1,large_airport
RJOC,15,JP,Izumo,1,medium_airport
RJOE,20,JP,Ise,0,small_airport
RJOF,7,JP,Hofu,0,medium_airport
RJOH,20,JP,Yonago,1,medium_airport
RJOI,7,JP,Iwakuni,1,medium_airport
RJOK,42,JP,Nankoku,1,large_airport
RJOM,25,JP,Matsuyama,1,large_airport
RJOO,50,JP,Osaka,1,large_airport
RJOP,13,JP,Komatsushima,0,heliport
RJOR,65,JP,Tottori,1,medium_airport
RJOS,26,JP,Tokushima,1,large_airport
RJOT,607,JP,Takamatsu,1,large_airport
RJOW,184,JP,Masuda,1,medium_airport
RJOY,39,JP,Yao,0,medium_airport
RJOZ,13,JP,Shimonoseki,0,small_airport
RJSA,664,JP,Aomori,1,large_airport
RJSC,353,JP,Higashine,1,medium_airport
RJSD,88,JP,Sado,1,medium_airport
RJSF,1221,JP,Sukagawa,1,medium_airport
RJSH,152,JP,Hachinohe,0,medium_airport
RJSI,297,JP,Hanamaki,1,medium_airport
RJSK,313,JP,Akita,1,medium_airport
RJSM,119,JP,Misawa,1,medium_airport
RJSN,29,JP,Niigata,1,large_airport
RJSO,24,JP,Mutsu,0,small_airport
RJSR,292,JP,Kitaakita,1,medium_airport
RJSS,15,JP,Natori,1,large_airport
RJST,7,JP,Ishinomaki,0,medium_airport
RJSU,20,JP,Sendai,0,small_airport
RJSY,86,JP,Shonai,1,medium_airport
RJTA,205,JP,Ayase / Yamato,0,medium_airport
RJTC,312,JP,Tachikawa,0,small_airport
RJTE,10,JP,Tateyama,0,medium_airport
RJTF,141,JP,Chofu,1,medium_airport
RJTH,303,JP,Hachijojima,1,medium_airport
RJTI,14,JP,"Edogawa, Tokyo",0,heliport
RJTJ,295,JP,Sayama,0,medium_airport
RJTK,10,JP,Kisarazu,0,medium_airport
RJTL,98,JP,Matsudo,0,medium_airport
RJTO,130,JP,Izu Oshima,1,medium_airport
RJTQ,67,JP,Miyakejima,1,medium_airport
RJTR,360,JP,Sagamihara / Zama,0,heliport
RJTT,35,JP,Tokyo,1,large_airport
RJTU,334,JP,Utsunomiya,0,medium_airport
RJTX,0,JP,Yokosuka,0,heliport
RJTY,463,JP,Fussa,0,medium_airport
RKXX,1936,KR,Topyonri,0,heliport
RKTG,249,KR,Daegu,0,heliport
RKJB,35,KR,Muan (Piseo-ri),1,large_airport
RKJJ,39,KR,Gwangju,1,medium_airport
RKJK,29,KR,Gunsan,1,medium_airport
RKJU,96,KR,Jeonju,0,small_airport
RKJY,53,KR,Yeosu,1,medium_airport
RKNF,4616,KR,Noinbong,0,heliport
RKNN,35,KR,Gangneung,0,medium_airport
RKNR,0,KR,Cheonpyeong-ri,0,heliport
RKNW,329,KR,Wonju,1,medium_airport
RKNY,241,KR,Gonghang-ro,1,large_airport
RKPC,118,KR,Jeju City,1,large_airport
RKPD,1171,KR,Jeju Island,0,medium_airport
RKPK,6,KR,Busan,1,large_airport
RKPM,233,KR,Mosulpo,0,heliport
RKPS,25,KR,Sacheon,1,medium_airport
RKPU,45,KR,Ulsan,1,medium_airport
RKSC,1424,KR,Gunpo,0,heliport
RKSD,155,KR,,0,heliport
RKSG,51,KR,Pyeongtaek,0,medium_airport
RKSH,193,KR,Byeollae-dong,0,heliport
RKSI,23,KR,Seoul,1,large_airport
RKSJ,3878,KR,,0,heliport
RKSM,92,KR,Seongnam,0,medium_airport
RKSO,38,KR,Pyeongtaek,0,medium_airport
RKSQ,299,KR,Yeonpyeong-myeon,0,heliport
RKSS,59,KR,Seoul,1,large_airport
RKST,170,KR,Dongduchon,0,small_airport
RKSU,141,KR,Utsokgogaet-gil,0,heliport
RKSV,820,KR,Pyoripsan,0,heliport
RKSW,88,KR,Suwon,0,medium_airport
RKSX,216,KR,Camp Stanley,0,heliport
RKSY,67,KR,"Yongsan, Seoul",0,heliport
RKTA,16,KR,Taean,0,small_airport
RKTB,151,KR,Paekado (Ul-do),0,heliport
RKTE,258,KR,,0,small_airport
RKTH,70,KR,Pohang,1,medium_airport
RKTI,281,KR,Gimseang-ro,0,medium_airport
RKTL,191,KR,"Bongsan-ri, Uljin",0,small_airport
RKTN,116,KR,Daegu,1,large_airport
RKTP,39,KR,Seosan,0,small_airport
RKTS,492,KR,Sangju,0,small_airport
RKTU,191,KR,Cheongju,1,large_airport
RKTW,53,KR,Sohwang,0,heliport
RKTY,354,KR,Yecheon-ri,0,medium_airport
PFMP,302,US,Rampart,1,small_airport
LRSP,1716,RO,Sânpetru,0,small_airport
LRDV,640,RO,Deva,0,small_airport
LRCB,361,RO,Șiria,0,small_airport
LRCJ,1010,RO,Dezmir,0,small_airport
LRHR,0,RO,Remetea,0,small_airport
LRBA,254,RO,Comana,0,small_airport
ROAH,12,JP,Naha,1,large_airport
RODE,184,JP,Ie,0,small_airport
RODN,143,JP,Okinawa,0,large_airport
ROIG,102,JP,Ishigaki,1,medium_airport
ROKJ,23,JP,Kumejima,1,medium_airport
ROKR,156,JP,Zamami,0,small_airport
ROMD,167,JP,Minamidaito,1,medium_airport
ROMY,150,JP,Miyakojima,1,medium_airport
RORA,38,JP,Aguni,1,small_airport
RORE,246,JP,Ie,0,medium_airport
RORH,43,JP,Taketomi,0,small_airport
RORK,80,JP,Kitadaitōjima,1,medium_airport
RORS,54,JP,Miyakojima,1,medium_airport
RORT,36,JP,Tarama,1,medium_airport
RORY,52,JP,Yoron,1,medium_airport
ROTM,247,JP,,0,medium_airport
ROYN,70,JP,Yonaguni,1,medium_airport
RPLA,92,PH,Pinamalayan,0,small_airport
RPLB,64,PH,Olongapo,1,large_airport
RPLC,484,PH,Mabalacat,1,large_airport
RPLH,148,PH,Lal-lo,0,medium_airport
RPLI,25,PH,Laoag City,1,large_airport
RPLJ,36,PH,Jomalig,0,small_airport
RPLK,319,PH,Legazpi,1,large_airport
RPLL,75,PH,Manila (Pasay),1,large_airport
RPLN,52,PH,Palanan,1,small_airport
RPLO,0,PH,Cuyo,1,small_airport
RPLR,0,PH,Rosales,0,small_airport
RPLS,8,PH,Cavite,0,medium_airport
RPLT,328,PH,Itbayat,1,medium_airport
RPLU,43,PH,Lubang,0,medium_airport
RPLV,200,PH,Santa Rosa,0,small_airport
RPLY,6,PH,Perez,0,small_airport
RPLZ,120,PH,Sorsogon,0,small_airport
RPMA,659,PH,Surallah,0,medium_airport
RPMB,28,PH,General Santos City,0,medium_airport
RPMC,189,PH,Datu Odin Sinsuat,1,medium_airport
RPMD,96,PH,Davao,1,large_airport
RPME,141,PH,Butuan,1,medium_airport
RPMF,12,PH,Bislig,0,medium_airport
RPMG,12,PH,Dipolog,1,medium_airport
RPMH,53,PH,Mambajao,1,medium_airport
RPMI,1300,PH,Balo-i,0,small_airport
RPMJ,118,PH,Jolo,1,medium_airport
RPML,601,PH,Cagayan de Oro,0,small_airport
RPMM,27,PH,Malabang,0,small_airport
RPMN,15,PH,Bongao,1,medium_airport
RPMO,75,PH,Ozamiz,1,medium_airport
RPMP,5,PH,Pagadian,1,medium_airport
RPMQ,156,PH,Mati,0,medium_airport
RPMR,505,PH,General Santos,1,large_airport
RPMS,20,PH,Surigao City,1,medium_airport
RPMU,0,PH,Mapun,0,small_airport
RPMV,0,PH,Ipil,0,small_airport
RPMW,16,PH,Tandag,0,medium_airport
RPMX,248,PH,Liloy,0,small_airport
RPMY,190,PH,Laguindingan,1,large_airport
RPMZ,33,PH,Zamboanga,1,large_airport
RPNS,10,PH,Del Carmen,1,small_airport
RPSB,60,PH,Santa Fe,0,small_airport
RPSM,328,PH,Maasin,0,small_airport
RPSN,7,PH,Ubay,0,small_airport
RPSP,42,PH,Panglao,1,large_airport
RPSV,24,PH,San Vicente,1,small_airport
RPUA,0,PH,Agutaya,0,small_airport
RPUB,4251,PH,Baguio,0,medium_airport
RPUD,10,PH,Daet,0,medium_airport
RPUF,151,PH,Floridablanca,0,small_airport
RPUG,7,PH,Lingayen,0,small_airport
RPUH,14,PH,San Jose,1,medium_airport
RPUI,11,PH,Iba,0,small_airport
RPUK,11,PH,Calapan,0,small_airport
RPUM,13,PH,Mamburao,0,medium_airport
RPUN,142,PH,Naga,1,medium_airport
RPUO,291,PH,Basco,1,medium_airport
RPUQ,16,PH,Vigan City,0,small_airport
RPUR,108,PH,Baler,0,medium_airport
RPUS,13,PH,San Fernando,0,medium_airport
RPUT,70,PH,Tuguegarao City,1,medium_airport
RPUU,3937,PH,Bulan,0,small_airport
RPUV,121,PH,Virac,1,medium_airport
RPUW,32,PH,Gasan,0,medium_airport
RPUX,20,PH,Plaridel,0,small_airport
RPUY,200,PH,Cauayan City,1,medium_airport
RPUZ,820,PH,,0,small_airport
RPVA,10,PH,Tacloban City,1,medium_airport
RPVB,82,PH,Bacolod City,1,large_airport
RPVC,12,PH,Calbayog City,1,medium_airport
RPVD,15,PH,Dumaguete City,1,medium_airport
RPVE,7,PH,Caticlan,1,medium_airport
RPVF,6,PH,Catarman,1,medium_airport
RPVG,7,PH,Guiuan,0,small_airport
RPVH,12,PH,Hilongos,0,small_airport
RPVI,27,PH,Cabatuan,1,large_airport
RPVJ,49,PH,Masbate,1,medium_airport
RPVK,14,PH,Kalibo,1,large_airport
RPLG,17,PH,Mansalay,0,small_airport
RPVM,31,PH,Cebu City/Lapu-Lapu City,1,large_airport
RPVO,83,PH,Ormoc City,0,medium_airport
RPVP,71,PH,Puerto Princesa,1,large_airport
RPVQ,0,PH,,0,small_airport
RPVR,10,PH,Roxas City,1,medium_airport
RPVS,23,PH,San Jose,0,medium_airport
RPVU,10,PH,Tablas Island,1,medium_airport
RPVV,148,PH,Coron,1,medium_airport
RPVW,7,PH,Borongan City,0,small_airport
RPVY,0,PH,Catbalogan,0,small_airport
RPVZ,36,PH,Siquijor,0,small_airport
LYSD,223,RS,Smederevo,0,small_airport
YRAY,0,AU,Sydney,0,seaplane_base
XIAB,2500,RU,Bada,0,medium_airport
UHSJ,210,RU,Korsakov,0,small_airport
UIIR,1470,RU,Irkutsk,0,medium_airport
USMQ,108,RU,Yamburg,0,medium_airport
ULSG,0,RU,Gostilitsy,0,small_airport
UUBG,365,RU,Sasovo,0,small_airport
UNSA,0,RU,Aleksandrovskoye,0,small_airport
UHHB,217,RU,Birobidzhan,0,small_airport
XWWO,140,RU,Kinel,0,medium_airport
UHQS,1564,RU,Esso,0,small_airport
UHHM,0,RU,Chegdomyn,0,small_airport
UUDG,797,RU,Pushchino,0,small_airport
UUMW,689,RU,Ruza,0,small_airport
XWOW,0,RU,Orsk,0,small_airport
UUMV,499,RU,Voskresensk,0,small_airport
UUCB,323,RU,Beloomut,0,small_airport
URKN,0,RU,Gelendzhik,0,seaplane_base
URKW,0,RU,Labinsk,0,small_airport
UNIM,538,RU,Motygino,1,small_airport
UUIN,656,RU,Zventsovo,0,small_airport
UHBF,890,RU,,0,small_airport
UHQO,0,RU,Ozernovskiy,0,small_airport
UHOI,0,RU,Tukchi,0,small_airport
UHNI,0,RU,Kiran,0,small_airport
UUMB,614,RU,Kubinka,0,medium_airport
UHSA,12,RU,Aleksandrovsk-Sakhalinskiy,0,small_airport
UHHW,466,RU,Kukan,0,small_airport
ULOL,328,RU,Velikiye Luki,0,medium_airport
UUBL,554,RU,Vladimir,0,medium_airport
XLLL,131,RU,Soltsy,0,medium_airport
ULAE,46,RU,Mezen,0,small_airport
UUWE,640,RU,Balabanovo,0,medium_airport
UUBM,410,RU,Moscow,0,medium_airport
ULNR,82,RU,Staraya Russa,0,medium_airport
UUBD,440,RU,Ryazan,0,medium_airport
URRW,253,RU,Veshenskaya,0,small_airport
ULWR,217,RU,Vytegra,0,small_airport
ULNB,340,RU,Borovichi,0,small_airport
ULAP,130,RU,Karpogory,0,small_airport
URKE,60,RU,Yeysk,0,medium_airport
UUCT,600,RU,Torbeyevo,0,small_airport
UHGE,1646,RU,Yagodnoye,0,small_airport
UHWR,456,RU,Roshchino,0,small_airport
UUCN,639,RU,,0,small_airport
XHSO,95,RU,Dolinsk,0,medium_airport
UUFO,545,RU,Kaluga,0,medium_airport
XWSB,125,RU,Sennoy,0,medium_airport
XNKG,1037,RU,Kansk,0,medium_airport
XWKD,384,RU,Yoshkar Ola,0,medium_airport
UIAI,2221,RU,Chita,0,medium_airport
XHIS,1001,RU,Chuguyevka,0,medium_airport
XWON,367,RU,Orenburg,0,small_airport
XIUW,1670,RU,Ulan Ude,0,medium_airport
XIAS,2050,RU,Chita,0,medium_airport
XSSN,886,RU,Nizhny Tagil,0,small_airport
ULLK,100,RU,Novgorod,0,medium_airport
OEKN,0,SA,Khurais,0,small_airport
OEKA,1848,SA,Riyadh,0,small_airport
SAAC,112,AR,Concordia,0,medium_airport
SAAG,75,AR,Gualeguaychu,0,medium_airport
SAAI,49,AR,Veronica,0,small_airport
SAAN,236,AR,Pergamino,0,small_airport
SAAP,242,AR,Parana,1,medium_airport
SAAR,85,AR,Rosario,1,large_airport
SAAU,131,AR,Villaguay,0,small_airport
SAAV,55,AR,Santa Fe,1,medium_airport
SABE,18,AR,Buenos Aires,1,large_airport
SACA,1594,AR,Córdoba,0,small_airport
SACD,1416,AR,Cordoba,0,small_airport
SACE,1646,AR,Córdoba,0,small_airport
SACI,1072,AR,Pilar,0,small_airport
SACO,1604,AR,Cordoba,1,large_airport
SADF,10,AR,San Fernando,0,medium_airport
SADJ,105,AR,General Sarmiento,0,small_airport
SADL,72,AR,La Plata,0,medium_airport
SADM,95,AR,Morón,0,small_airport
SADO,78,AR,Campo de Mayo,0,small_airport
SADP,59,AR,El Palomar,0,medium_airport
SADQ,6,AR,Quilmes,0,small_airport
SADZ,9,AR,La Matanza,0,small_airport
SAEL,111,AR,Las Flores,0,small_airport
SAEZ,67,AR,Buenos Aires (Ezeiza),1,large_airport
SAHC,2788,AR,Chos Malal,0,small_airport
SAHR,852,AR,General Roca,0,small_airport
SAHZ,3330,AR,Zapala,0,medium_airport
SAMA,1489,AR,General Alvear,0,small_airport
SAME,2310,AR,Mendoza,1,large_airport
SAMJ,3790,AR,Jachal,0,small_airport
SAMM,4685,AR,Malargue,0,medium_airport
SAMQ,2694,AR,Mendoza,0,small_airport
SAMR,2470,AR,San Rafael,1,medium_airport
SAMS,3050,AR,San Carlos,0,small_airport
SAMU,6525,AR,Uspallata,0,small_airport
SANC,1522,AR,Catamarca,1,medium_airport
SANE,656,AR,Santiago del Estero,1,medium_airport
SANL,1437,AR,La Rioja,1,medium_airport
SANO,3099,AR,Chilecito,0,small_airport
SANR,935,AR,Termas de Río Hondo,1,medium_airport
SANT,1493,AR,San Miguel de Tucumán,1,large_airport
SANU,1958,AR,San Juan,1,medium_airport
SANW,285,AR,Ceres,0,small_airport
SAOC,1380,AR,Rio Cuarto,0,medium_airport
SAOD,1847,AR,Villa Dolores,0,medium_airport
SASQ,11414,AR,La Quiaca,0,small_airport
SAOM,360,AR,Marcos Juarez,0,small_airport
SAOR,1591,AR,Villa Mercedes,0,medium_airport
SAOS,2021,AR,Merlo,0,small_airport
SAOU,2328,AR,San Luis,1,medium_airport
SAOV,670,AR,Villa Maria,0,medium_airport
SARC,202,AR,Corrientes,1,medium_airport
SARE,173,AR,Resistencia,1,large_airport
SARF,193,AR,Formosa,1,medium_airport
SARI,916,AR,Puerto Iguazu,1,medium_airport
SARL,230,AR,Paso de los Libres,0,medium_airport
SARM,170,AR,Monte Caseros,0,medium_airport
SARP,430,AR,Posadas,1,medium_airport
SARS,308,AR,Presidencia Roque Sáenz Peña,0,small_airport
SASA,4088,AR,Salta,1,large_airport
SASJ,3019,AR,San Salvador de Jujuy,1,large_airport
SASO,1171,AR,Orán,0,medium_airport
SAOL,449,AR,Laboulaye,0,small_airport
SASR,679,AR,Rivadavia,0,small_airport
SAST,1472,AR,Tartagal,0,medium_airport
SATC,206,AR,Clorinda,0,small_airport
SATD,685,AR,El Dorado,0,small_airport
SATG,128,AR,Goya,0,medium_airport
SATK,426,AR,Las Lomitas,0,small_airport
SATM,358,AR,Mercedes,0,small_airport
SATO,1125,AR,Oberá,0,small_airport
SATR,160,AR,Reconquista,0,medium_airport
SATU,229,AR,Curuzu Cuatia,0,medium_airport
SAVB,1141,AR,El Bolsón,0,medium_airport
SAVC,189,AR,Comodoro Rivadavia,1,large_airport
SAVE,2621,AR,Esquel,1,medium_airport
SAVH,1082,AR,Las Heras,1,medium_airport
SAVN,85,AR,San Antonio Oeste,1,small_airport
SAVP,575,AR,Paso de los Indios,0,small_airport
SAVQ,2912,AR,Maquinchao,0,small_airport
SAVR,2286,AR,Alto Rio Senguerr,0,small_airport
SAVT,141,AR,Rawson,1,medium_airport
SAVV,20,AR,Viedma / Carmen de Patagones,1,medium_airport
SAVY,427,AR,Puerto Madryn,1,medium_airport
SAWB,760,AQ,Marambio Base,0,small_airport
SAWC,669,AR,El Calafate,1,medium_airport
SAWD,268,AR,Puerto Deseado,1,medium_airport
SAWE,65,AR,Rio Grande,1,medium_airport
SAWG,61,AR,Rio Gallegos,1,large_airport
SAWH,102,AR,Ushuaia,1,medium_airport
SAWJ,203,AR,San Julian,0,medium_airport
SAWM,1784,AR,Rio Mayo,0,small_airport
SAWP,1410,AR,Perito Moreno,1,medium_airport
SAWR,356,AR,Gobernador Gregores,1,small_airport
SAWS,2407,AR,Chubut,0,small_airport
SAWT,909,AR,Rio Turbio,1,small_airport
SAWU,364,AR,Puerto Santa Cruz,0,medium_airport
SAZA,478,AR,Azul,0,small_airport
SAZB,246,AR,Bahía Blanca,1,medium_airport
SAZD,32,AR,Dolores,0,small_airport
SAZE,997,AR,Pigüé,0,small_airport
SAZF,551,AR,Olavarria,0,small_airport
SAZG,459,AR,General Pico,0,medium_airport
SAZH,400,AR,Tres Arroyos,0,medium_airport
SAZI,308,AR,Bolívar,0,small_airport
SAZJ,682,AR,Benito Juarez,0,small_airport
SAZL,9,AR,Santa Teresita,1,medium_airport
SAZM,72,AR,Mar del Plata,1,medium_airport
SAZN,895,AR,Neuquén,1,large_airport
SAZO,72,AR,Necochea,1,medium_airport
SAZP,278,AR,Pehuajó,0,medium_airport
SAZQ,275,AR,Rio Colorado,0,small_airport
SAZR,630,AR,Santa Rosa,1,medium_airport
SAZS,2774,AR,San Carlos de Bariloche,1,large_airport
SAZT,574,AR,Tandil,0,medium_airport
SAZV,32,AR,Villa Gesell,0,medium_airport
SAZW,2132,AR,Cutral-Co,0,medium_airport
SAZX,246,AR,Nueve de Julio,0,small_airport
SAZY,2569,AR,Chapelco/San Martin de los Andes,1,medium_airport
AGVH,130,SB,Viru,0,small_airport
SNMH,2625,BR,Pirenópolis,0,small_airport
SBAA,653,BR,Conceição do Araguaia,0,medium_airport
SBAC,128,BR,Aracati,0,medium_airport
SBAE,1962,BR,Bauru,1,medium_airport
SBAF,110,BR,Rio de Janeiro,0,medium_airport
SBAN,3731,BR,Anápolis,0,medium_airport
SBAQ,2334,BR,Araraquara,1,medium_airport
SBAR,23,BR,Aracaju,1,medium_airport
SBAT,948,BR,Alta Floresta,1,medium_airport
SBAU,1358,BR,Araçatuba,1,medium_airport
SBAX,3276,BR,Araxá,1,medium_airport
SBBE,54,BR,Belém,1,large_airport
SBBG,600,BR,Bagé,0,medium_airport
SBBH,2589,BR,Belo Horizonte,0,medium_airport
SBBI,3057,BR,Curitiba,0,medium_airport
SBBP,2887,BR,Bragança Paulista,0,small_airport
SBBQ,3657,BR,Barbacena,0,medium_airport
SBBR,3497,BR,Brasília,1,large_airport
SNBA,1903,BR,Barretos,0,medium_airport
SBBU,2025,BR,Bauru,0,small_airport
SBBV,276,BR,Boa Vista,1,large_airport
SBBW,1147,BR,Barra do Garças,0,medium_airport
SBCA,2481,BR,Cascavel,1,medium_airport
SBCB,22,BR,Cabo Frio,1,small_airport
SBCC,1777,BR,Novo Progresso,0,medium_airport
SBCD,3376,BR,Caçador,0,small_airport
SBCF,2721,BR,Belo Horizonte,1,large_airport
SBCG,1833,BR,Campo Grande,1,medium_airport
SBCH,2154,BR,Chapecó,1,medium_airport
SBCI,565,BR,Carolina,0,medium_airport
SBCJ,2064,BR,Parauapebas,1,medium_airport
SSIM,92,BR,Criciúma,0,medium_airport
SBCN,2307,BR,Caldas Novas,1,small_airport
SBCO,26,BR,Porto Alegre,0,medium_airport
SBCP,59,BR,Campos dos Goytacazes,1,medium_airport
SBCR,463,BR,Corumbá,1,medium_airport
SBCT,2988,BR,Curitiba,1,large_airport
SBCX,2472,BR,Caxias Do Sul,1,medium_airport
SBCY,617,BR,Cuiabá,1,large_airport
SBCZ,637,BR,Cruzeiro Do Sul,1,medium_airport
SBDB,1180,BR,Bonito,1,small_airport
SBDN,1477,BR,Presidente Prudente,1,medium_airport
SBDO,1503,BR,Dourados,0,small_airport
SBEG,264,BR,Manaus,1,large_airport
SBEK,295,BR,Jacareacanga,0,medium_airport
SBES,61,BR,São Pedro da Aldeia,0,small_airport
SBFI,786,BR,Foz do Iguaçu,1,large_airport
SBFL,16,BR,Florianópolis,1,large_airport
SBFN,193,BR,Fernando de Noronha,1,medium_airport
SBFS,10,BR,Campos dos Goytacazes,0,heliport
SBFZ,83,BR,Fortaleza,1,large_airport
SBGL,28,BR,Rio De Janeiro,1,large_airport
SBGM,478,BR,Guajará-Mirim,0,medium_airport
SBGO,2450,BR,Goiânia,1,large_airport
SBGP,1998,BR,Gavião Peixoto,0,small_airport
SBGR,2461,BR,São Paulo,1,large_airport
SSGG,3494,BR,Guarapuava,0,small_airport
SBGV,561,BR,Governador Valadares,1,medium_airport
SBGW,1761,BR,Guaratinguetá,0,medium_airport
SBHT,368,BR,Altamira,1,medium_airport
SBIC,142,BR,Itacoatiara,0,medium_airport
SBIH,110,BR,Itaituba,1,medium_airport
SBIL,15,BR,Ilhéus,1,medium_airport
SBIP,786,BR,Ipatinga,1,medium_airport
SBIT,1630,BR,Itumbiara,0,small_airport
SBIZ,430,BR,Imperatriz,1,medium_airport
SBJA,120,BR,Jaguaruna,1,small_airport
SBJD,2470,BR,Jundiaí,0,small_airport
SBJE,89,BR,Cruz,1,medium_airport
SBJF,2989,BR,Juiz de Fora,1,medium_airport
SBJH,2547,BR,São Roque,0,medium_airport
SBJI,598,BR,Ji-Paraná,1,small_airport
SBJP,217,BR,João Pessoa,1,large_airport
SBJR,10,BR,Rio de Janeiro,0,medium_airport
SBJU,1342,BR,Juazeiro do Norte,1,small_airport
SBJV,15,BR,Joinville,1,medium_airport
SBKG,1646,BR,Campina Grande,1,medium_airport
SBKP,2170,BR,Campinas,1,large_airport
SBLE,1676,BR,Lençóis,1,small_airport
SBLJ,3065,BR,Lages,1,medium_airport
SWXQ,1575,BR,Lins,0,medium_airport
SBLO,1867,BR,Londrina,1,medium_airport
SBLP,1454,BR,Bom Jesus da Lapa,0,medium_airport
SBLS,2795,BR,Lagoa Santa,0,small_airport
SBMA,357,BR,Marabá,1,medium_airport
SWIQ,1401,BR,Minaçu,0,medium_airport
SBMD,677,BR,Almeirim,0,medium_airport
SBME,8,BR,Macaé,0,medium_airport
SBMG,1801,BR,Maringá,1,medium_airport
SBMK,2191,BR,Montes Claros,1,medium_airport
SBML,2134,BR,Marília,1,medium_airport
SBMN,267,BR,Manaus,0,medium_airport
SBMO,387,BR,Maceió,1,large_airport
SBMQ,56,BR,Macapá,1,medium_airport
SBMS,76,BR,Mossoró,1,medium_airport
SBMT,2371,BR,São Paulo,0,medium_airport
SBMY,174,BR,Manicoré,1,medium_airport
SBNF,18,BR,Navegantes,1,large_airport
SBNM,1056,BR,Santo Ângelo,1,medium_airport
SBNT,171,BR,Natal,0,medium_airport
SBOI,53,BR,Oiapoque,0,medium_airport
SBPA,11,BR,Porto Alegre,1,large_airport
SBPB,23,BR,Parnaíba,1,medium_airport
SBPC,4138,BR,Poços De Caldas,0,medium_airport
SBPF,2380,BR,Passo Fundo,1,medium_airport
SBPG,2588,BR,Ponta Grossa,1,medium_airport
SBPJ,774,BR,Palmas,1,medium_airport
SBPK,59,BR,Pelotas,1,medium_airport
SBPL,1263,BR,Petrolina,1,medium_airport
SDPE,870,BR,Porto Nacional,0,medium_airport
SBPO,2697,BR,Pato Branco,1,small_airport
SBPP,2156,BR,Ponta Porã,1,medium_airport
SBPS,169,BR,Porto Seguro,1,large_airport
SBPV,295,BR,Porto Velho,1,large_airport
SBRB,633,BR,Rio Branco,1,large_airport
SBRD,1467,BR,Rondonópolis,1,medium_airport
SBRF,33,BR,Recife,1,large_airport
SBRJ,11,BR,Rio de Janeiro,1,large_airport
SBRP,1805,BR,Ribeirão Preto,1,medium_airport
SSRS,40,BR,Barreirinhas,0,small_airport
SBSC,10,BR,Rio de Janeiro,0,medium_airport
SBSG,273,BR,Natal,1,large_airport
SBSI,1227,BR,Sinop,1,small_airport
SBSJ,2120,BR,São José Dos Campos,1,medium_airport
SBSL,178,BR,São Luís,1,large_airport
SBSM,287,BR,Santa Maria,1,medium_airport
SBSN,198,BR,Santarém,1,medium_airport
SBSO,1266,BR,Sorriso,1,small_airport
SBSP,2631,BR,São Paulo,1,large_airport
SBSR,1784,BR,São José do Rio Preto,1,medium_airport
SBST,13,BR,Guarujá,0,medium_airport
SBSV,64,BR,Salvador,1,large_airport
SBTA,1902,BR,Taubaté,0,medium_airport
SBTB,167,BR,Oriximiná,1,medium_airport
SBTC,23,BR,Una,1,small_airport
SBTD,1843,BR,Toledo,1,small_airport
SBTE,219,BR,Teresina,1,medium_airport
SBTF,186,BR,Tefé,1,medium_airport
SBTG,1063,BR,Três Lagoas,1,small_airport
SBTK,646,BR,Tarauacá,0,medium_airport
SSVL,2610,BR,Telêmaco Borba,0,medium_airport
SSTE,30,BR,Torres,0,small_airport
SBTS,1127,BR,Aldeia Tiriós,0,medium_airport
SBTT,263,BR,Tabatinga,1,medium_airport
SBTU,830,BR,Tucuruí,1,medium_airport
SBTV,164,BR,Porto Seguro,0,small_airport
SBUA,249,BR,São Gabriel da Cachoeira,1,medium_airport
SBUF,883,BR,Paulo Afonso,1,medium_airport
SBUG,256,BR,Uruguaiana,1,medium_airport
SBUL,3094,BR,Uberlândia,1,medium_airport
SBUR,2655,BR,Uberaba,1,medium_airport
SBUY,210,BR,Urucu,0,small_airport
SBVG,3025,BR,Varginha,0,medium_airport
SBVH,2018,BR,Vilhena,1,medium_airport
SBVT,34,BR,Vitória,1,large_airport
SBYA,466,BR,São Gabriel da Cachoeira,0,small_airport
SBYS,1968,BR,Pirassununga,0,medium_airport
SBZM,1348,BR,Juiz de Fora,1,medium_airport
SCAB,450,CL,La Lumbrera,0,small_airport
SCAC,315,CL,Ancud,0,small_airport
SCAE,328,CL,Arica,0,small_airport
SCAG,476,CL,Palmilla,0,small_airport
SCAH,551,CL,Achao,0,small_airport
SCAI,1667,CL,Curacautín,0,small_airport
SCAK,2362,CL,Recinto,0,small_airport
SCAL,1116,CL,Cochrane,0,small_airport
SCAM,1083,CL,Teno,0,small_airport
SCAN,2461,CL,Los Andes,0,small_airport
SCAO,279,CL,Lolol,0,small_airport
SCAP,794,CL,Palena,0,small_airport
SCAQ,590,CL,Lago Ranco,0,small_airport
SCAR,167,CL,Arica,1,medium_airport
SCAS,30,CL,Puerto Aysén,0,small_airport
SCAT,670,CL,Copiapo,1,medium_airport
SCAY,80,CL,Ayacara,0,small_airport
SCAZ,59,CL,Timaukel,0,small_airport
SCBA,1722,CL,Balmaceda,1,medium_airport
SCBB,249,CL,Negrete,0,small_airport
SCBC,750,CL,Lago Verde,0,small_airport
SCBD,574,CL,Santa Cruz,0,small_airport
SCBE,3475,CL,Tocopilla,0,medium_airport
SCBI,591,CL,Bahia Inutil,0,small_airport
SCBL,988,CL,Casablanca,0,small_airport
SCBN,607,CL,Rio Bueno,0,small_airport
SCBQ,1844,CL,Santiago,0,small_airport
SCBR,540,CL,Lago Brown,0,small_airport
SCBT,705,CL,Cochamo,0,small_airport
SCBU,3070,CL,Molina,0,small_airport
SCBV,885,CL,Rio Claro,0,small_airport
SCCA,525,CL,Cauquenes,0,small_airport
SCCB,3002,CL,Combarbala,0,small_airport
SCCC,1070,CL,Chile Chico,0,medium_airport
SCCF,7543,CL,Calama,1,medium_airport
SCCG,2790,CL,Combarbala,0,small_airport
SCCH,495,CL,Chillan,0,medium_airport
SCCI,139,CL,Punta Arenas,1,large_airport
SCCK,10,CL,Contao,0,small_airport
SCCL,180,CL,Caldera,0,small_airport
SCCM,479,CL,Choshuenco,0,small_airport
SCCN,568,CL,Cauquenes,0,small_airport
SCCQ,656,CL,Coquimbo,0,small_airport
SCCR,4,CL,Caleta Tortel,0,small_airport
SCCS,738,CL,Casablanca,0,small_airport
SCCT,36,CL,Constitucion,0,small_airport
SCCU,2132,CL,Lonquimay,0,small_airport
SCCV,666,CL,Curacaví,0,small_airport
SCCY,1020,CL,Coyhaique,0,medium_airport
SCDA,155,CL,Iquique,1,large_airport
SCDD,226,CL,Puerto Varas,0,small_airport
SCDG,697,CL,La Estrella,0,small_airport
SCDH,98,CL,Chaiten,0,small_airport
SCDI,98,CL,Pichidangui,0,small_airport
SCDK,93,CL,Concepcion,0,small_airport
SCDL,951,CL,Cabildo,0,small_airport
SCDM,220,CL,Duao,0,small_airport
SCDQ,1902,CL,Duqueco,0,small_airport
SCDS,574,CL,Retiro,0,small_airport
SCDW,160,CL,Isla Dawson,0,small_airport
SCEA,1083,CL,Chaiten,0,small_airport
SCEB,1640,CL,Entrada Baker,0,small_airport
SCED,305,CL,Sagrada Familia,0,small_airport
SCEG,1024,CL,Talagante,0,small_airport
SCEI,8606,CL,Diego de Almagro,0,small_airport
SCEL,1555,CL,Santiago,1,large_airport
SCEO,564,CL,Parral,0,small_airport
SCEP,2592,CL,Pirque,0,small_airport
SCER,12,CL,Quintero,0,small_airport
SCES,5240,CL,El Salvador,1,medium_airport
SCEV,489,CL,Frutillar,0,small_airport
SCEX,59,CL,Aysén,0,small_airport
SCEY,1550,CL,Entrada Mayer,0,small_airport
SCFA,455,CL,Antofagasta,1,large_airport
SCFC,693,CL,Fachinal,0,small_airport
SCFF,738,CL,Freirina,0,small_airport
SCFJ,492,CL,Ovalle,0,small_airport
SCFK,557,CL,Chillan,0,small_airport
SCFL,869,CL,Casablanca,0,small_airport
SCFM,104,CL,Porvenir,0,medium_airport
SCFR,469,CL,Frutillar,0,small_airport
SCFS,82,CL,Chonchi,0,small_airport
SCFT,1148,CL,Futaleufu,0,small_airport
SCFU,886,CL,Futrono,0,small_airport
SCGC,2461,AQ,Union Glacier,0,small_airport
SCGE,374,CL,Los Angeles,0,small_airport
SCGF,486,CL,Futrono,0,small_airport
SCGH,732,CL,Los Angeles,0,small_airport
SCGI,495,CL,Retiro,0,small_airport
SCGL,450,CL,Rapel,0,small_airport
SCGM,1034,CL,Rengo,0,small_airport
SCGN,33,CL,Chaiten,0,small_airport
SCGO,240,CL,Angol,0,small_airport
SCGS,722,CL,Cholguan,0,small_airport
SCGU,3346,CL,Antofagasta,0,small_airport
SCGV,99,CL,Caleta Chañaral De Aceituno,0,small_airport
SCGY,1312,CL,Cunco,0,small_airport
SCGZ,88,CL,Puerto Williams,0,medium_airport
SCHA,984,CL,Copiapo,0,small_airport
SCHC,1886,CL,Santiago,0,small_airport
SCHD,66,CL,Chaiten,0,small_airport
SCHE,1132,CL,Huepil,0,small_airport
SCHG,420,CL,Pichidegua,0,small_airport
SCHK,59,CL,La Union,0,small_airport
SCHL,1745,CL,Lampa,0,small_airport
SCHM,23,CL,Isla Mocha,0,small_airport
SCHO,249,CL,Los Vilos,0,small_airport
SCHP,551,CL,Retiro,0,small_airport
SCHR,643,CL,Cochrane,0,medium_airport
SCHT,13,CL,Chaiten,0,small_airport
SCHU,230,CL,Huasco,0,small_airport
SCHW,30,CL,Hualaihue,0,small_airport
SCIA,250,CL,Isla Apiao,0,small_airport
SCIB,150,CL,Isla Butachauques,0,small_airport
SCIC,722,CL,Curico,0,small_airport
SCID,30,CL,Punta Arenas,0,small_airport
SCIE,26,CL,Concepcion,1,large_airport
SCIF,330,CL,Llifen,0,small_airport
SCIH,115,CL,Caleta Andrade,0,small_airport
SCII,820,CL,Puerto Ingeniero Ibañez,0,small_airport
SCIK,45,CL,Isla Talcan,0,small_airport
SCIL,1420,CL,Illapel,0,small_airport
SCIM,52,CL,Isla Mocha,0,small_airport
SCIO,1970,CL,Villa O'Higgins,0,small_airport
SCIP,227,CL,Isla De Pascua,1,large_airport
SCIR,433,CL,Isla Robinson Crusoe,0,small_airport
SCIS,20,CL,Isla Santa Maria,0,small_airport
SCIT,144,CL,Isla Tierra Del Fuego,0,small_airport
SCJK,459,CL,Osorno,0,small_airport
SCJO,187,CL,Osorno,1,medium_airport
SCJS,486,CL,,0,small_airport
SCKA,577,CL,San Carlos,0,small_airport
SCKB,1641,CL,Lago Caburga,0,small_airport
SCKC,895,CL,Cunco,0,small_airport
SCKD,525,CL,Rio Bueno,0,small_airport
SCKE,164,CL,Pelluhue,0,small_airport
SCKI,820,CL,Curico,0,small_airport
SCKL,1558,CL,Lampa,0,small_airport
SCKM,130,CL,Cochamo,0,small_airport
SCKN,59,CL,Licanten,0,small_airport
SCKO,1420,CL,Collipulli,0,small_airport
SCKP,12468,CL,Pica,0,small_airport
SCKQ,1476,CL,Pucon,0,small_airport
SCKT,216,CL,Coelemu,0,small_airport
SCLA,699,CL,Lautaro,0,small_airport
SCLB,587,CL,Lebu,0,small_airport
SCLC,2274,CL,Santiago,0,small_airport
SCLD,1001,CL,Llanada Grande,0,small_airport
SCLE,10289,CL,Antofagasta,0,small_airport
SCLF,335,CL,Llifen,0,small_airport
SCLG,246,CL,Pencahue,0,small_airport
SCLI,66,CL,Llico,0,small_airport
SCLJ,120,CL,La Junta,0,small_airport
SCLK,1148,CL,Cunco,0,small_airport
SCLL,1725,CL,Vallenar,0,medium_airport
SCLN,591,CL,Linares,0,small_airport
SCLO,705,CL,Chile Chico,0,small_airport
SCLQ,250,CL,La Ligua,0,small_airport
SCLR,345,CL,Chaiten,0,small_airport
SCLS,1230,CL,Lautaro,0,small_airport
SCLT,38,CL,Litueche,0,small_airport
SCLU,528,CL,Marchigue,0,small_airport
SCLV,870,CL,Guangali,0,small_airport
SCLY,32,CL,Arauco,0,small_airport
SCMA,10,CL,Puerto Marin Balmaceda,0,small_airport
SCME,660,CL,Melipilla,0,small_airport
SCMF,935,CL,Villarrica,0,small_airport
SCMG,574,CL,San Javier,0,small_airport
SCMH,540,CL,Marchigue,0,small_airport
SCMI,1650,CL,Mialqui,0,small_airport
SCMK,35,CL,Melinka,0,small_airport
SCML,1388,CL,Melipeuco,0,small_airport
SCMO,574,CL,Molina,0,small_airport
SCMP,574,CL,Melipilla,0,small_airport
SCMR,450,CL,Rapel,0,small_airport
SCMS,512,CL,Longavi,0,small_airport
SCMU,574,CL,Pichilemu,0,small_airport
SCMV,738,CL,Molina,0,small_airport
SCMZ,344,CL,El Manzano,0,small_airport
SCNA,525,CL,Linares,0,small_airport
SCND,262,CL,Ñadis,0,small_airport
SCNH,992,CL,Vilcún,0,small_airport
SCNI,410,CL,San Nicolas,0,small_airport
SCNK,4003,CL,Cuncumen,0,small_airport
SCNL,997,CL,Villa Cerro Castillo,0,small_airport
SCNM,252,CL,Cañete,0,small_airport
SCNO,328,CL,Ñochaco,0,small_airport
SCNT,217,CL,Puerto Natales,1,medium_airport
SCNY,164,CL,Navarino,0,small_airport
SCOA,820,CL,Ovalle,0,small_airport
SCOC,600,CL,Puerto Octay,0,small_airport
SCOE,1509,CL,Romeral,0,small_airport
SCOH,898,CL,Villa O'Higgins,0,small_airport
SCOI,318,CL,Hualanne,0,small_airport
SCOL,676,CL,Puyehue,0,small_airport
SCOM,396,CL,Olmué,0,small_airport
SCON,16,CL,Quellon,0,small_airport
SCOO,20,CL,Cisnes,0,small_airport
SCOP,213,CL,Osorno,0,small_airport
SCOT,787,CL,Ovalle,0,small_airport
SCOV,1100,CL,Ovalle,0,small_airport
SCOY,164,CL,Ovalle,0,small_airport
SCPA,6834,CL,Antofagasta,0,small_airport
SCPB,120,CL,Puelo Bajo,0,small_airport
SCPC,853,CL,Pucon,1,small_airport
SCPE,7960,CL,San Pedro De Atacama,0,small_airport
SCPF,367,CL,Puerto Montt,0,small_airport
SCPG,940,CL,Panguipulli,0,small_airport
SCPH,43,CL,Puyuhuapi,0,small_airport
SCPI,804,CL,Coihueco,0,small_airport
SCPK,45,CL,Puerto Cisnes,0,small_airport
SCPL,755,CL,Paillaco,0,small_airport
SCPM,82,CL,Pichilemu,0,small_airport
SCPN,33,CL,Chaiten,0,small_airport
SCPO,869,CL,Quinta de Tilcoco,0,small_airport
SCPQ,528,CL,Dalcahue,1,small_airport
SCPR,416,CL,Purranque,0,small_airport
SCPT,509,CL,Santa Cruz,0,small_airport
SCPU,900,CL,Peulla,0,small_airport
SCPV,430,CL,Puerto Varas,0,small_airport
SCPW,557,CL,Peumo,0,small_airport
SCPY,427,CL,Cerro Castillo,0,small_airport
SCPZ,2900,AQ,Patriot Hills Base Camp,0,small_airport
SCQC,823,CL,Quino,0,small_airport
SCQE,164,CL,Isla Quenac,0,small_airport
SCMC,3806,CL,Lonquimay,0,small_airport
SCQK,220,CL,Tirua,0,small_airport
SCQL,459,CL,Quillota,0,small_airport
SCQM,250,CL,Osorno,0,small_airport
SCQO,46,CL,Aysén,0,small_airport
SCQP,333,CL,Temuco,1,large_airport
SCQR,7,CL,Cobquecura,0,small_airport
SCQT,140,CL,Quebrada Las Tacas,0,small_airport
SCQW,393,CL,Quemchi,0,small_airport
SCQX,60,CL,Queilen,0,small_airport
SCQY,3182,CL,Lonquimay,0,small_airport
SCRA,97,CL,Chañaral,0,medium_airport
SCRB,37,CL,Tortel,0,small_airport
SCRC,1640,CL,Rio Cisnes,0,small_airport
SCRD,1100,CL,Viña Del Mar,0,small_airport
SCRE,2150,CL,Rio Cisnes,0,small_airport
SCRF,20,CL,Laguna San Rafael,0,small_airport
SCRG,1610,CL,Rancagua,0,medium_airport
SCRH,16,CL,Reñihue,0,small_airport
SCRI,1000,CL,Cochamó,0,small_airport
SCRL,397,CL,Rapel,0,small_airport
SCRM,147,AQ,Villa Las Estrellas,0,small_airport
SCRN,10,CL,Río Negro,0,small_airport
SCRO,1420,CL,Romeral,0,small_airport
SCRP,568,CL,Rapel,0,small_airport
SCRR,345,CL,Rio Bueno,0,small_airport
SCRS,804,CL,Cartagena,0,small_airport
SCRT,486,CL,Retiro,0,small_airport
SCRU,600,CL,Rio Murta,0,small_airport
SCRV,1280,CL,Vilcún,0,small_airport
SCRW,240,CL,Paredones,0,small_airport
SCRZ,492,CL,Marchigue,0,small_airport
SCSA,2346,CL,Til Til,0,small_airport
SCSB,104,CL,Cerro Sombrero,0,small_airport
SCSD,1079,CL,San Fernando,0,small_airport
SCSE,481,CL,La Serena-Coquimbo,1,medium_airport
SCSF,2162,CL,San Felipe,0,small_airport
SCSG,341,CL,Algarrobo,0,small_airport
SCSL,7556,CL,Salar De Atacama,0,small_airport
SCSJ,361,CL,San Javier,0,small_airport
SCSK,1410,CL,San Clemente,0,small_airport
SCSM,7776,CL,Salar De Atacama,0,small_airport
SCSN,246,CL,Santo Domingo,0,small_airport
SCSO,390,CL,Lago Rapel,0,small_airport
SCSP,2559,CL,Petorca,0,small_airport
SCSR,1200,CL,Segundo Corral,0,small_airport
SCSS,50,CL,Porvenir,0,small_airport
SCST,151,CL,Castro,0,small_airport
SCSU,705,CL,Freire,0,small_airport
SCSV,427,CL,Peralillo,0,small_airport
SCSZ,680,CL,Puerto Sanchez,0,small_airport
SCTA,1818,CL,Santa Barbara,0,small_airport
SCTB,2129,CL,Santiago,0,small_airport
SCTC,304,CL,Temuco,0,medium_airport
SCTE,294,CL,Puerto Montt,1,large_airport
SCTG,49,CL,Tongoy,0,small_airport
SCTH,322,CL,San Gregorio,0,small_airport
SCTL,371,CL,Talca,0,medium_airport
SCTM,1969,CL,Curico,0,small_airport
SCTN,95,CL,Chaitén,0,medium_airport
SCTO,1148,CL,Victoria,0,medium_airport
SCTP,197,CL,Tortel,0,small_airport
SCTQ,11690,CL,Alto Del Carmen,0,small_airport
SCTR,812,CL,Traiguen,0,small_airport
SCTS,574,CL,Melipilla,0,small_airport
SCTT,2580,CL,Taltal,0,medium_airport
SCTU,787,CL,Litueche,0,small_airport
SCTW,935,CL,Casablanca,0,small_airport
SCUI,18,CL,Chaiten,0,small_airport
SCUL,218,CL,Bulnes,0,small_airport
SCUM,673,CL,Cumpeo,0,small_airport
SCUN,950,CL,Teno,0,small_airport
SCUP,1066,CL,Cumpeo,0,small_airport
SCUT,1132,CL,Longavi,0,small_airport
SCUU,1064,CL,,0,small_airport
SCUZ,502,CL,Santa Cruz,0,small_airport
SCVA,935,CL,Casablanca,0,small_airport
SCVB,1040,CL,Parral,0,small_airport
SCVC,11975,CL,Vicuña,0,small_airport
SCVD,59,CL,Valdivia,1,medium_airport
SCVE,1020,CL,Lago Verde,0,small_airport
SCVF,443,CL,San Pedro,0,small_airport
SCVG,820,CL,Riñihue,0,small_airport
SCVH,2139,CL,Santiago,0,small_airport
SCVI,945,CL,Villarrica,0,small_airport
SCVJ,449,CL,Marchigue,0,small_airport
SCVK,33,CL,Vichuquen,0,small_airport
SCVL,13,CL,Valdivia,1,small_airport
SCVM,461,CL,Viña del Mar,0,medium_airport
SCVN,1968,CL,Vicuña,0,small_airport
SCVO,978,CL,Victoria,0,small_airport
SCVQ,82,CL,Vichuquen,0,small_airport
SCVV,147,CL,La Union,0,small_airport
SCXA,1600,CL,Molina,0,small_airport
SCXB,1483,CL,Salamanca,0,small_airport
SCYB,423,CL,Yumbel,0,small_airport
SCYL,625,CL,Puyehue,0,small_airport
SCYO,13,CL,El Chaiten,0,small_airport
SCYR,538,CL,Retiro,0,small_airport
SCYU,443,CL,Purranque,0,small_airport
SCZB,394,CL,La Unión,0,small_airport
SCZC,262,CL,Zapallar,0,small_airport
SCZE,2461,CL,Pirque,0,small_airport
SCZR,285,CL,Curepto,0,small_airport
SDAA,2247,BR,Araras,0,small_airport
SDAD,1394,BR,Adamantina,0,small_airport
SDAE,1858,BR,São Pedro,0,small_airport
SDAG,10,BR,Angra dos Reis,0,small_airport
SDAI,2085,BR,Americana,0,small_airport
SDAM,2008,BR,Campinas,0,small_airport
SDBB,1942,BR,Bebedouro,0,small_airport
SDBK,3012,BR,Botucatu,0,small_airport
SDBY,1594,BR,Bariri,0,small_airport
SDCA,2402,BR,Capão Bonito,0,small_airport
SDCG,335,BR,São Paulo De Olivença,0,small_airport
SDCO,2083,BR,Sorocaba,1,small_airport
SDDN,1247,BR,Andradina,0,small_airport
SDDR,1220,BR,Dracena,0,small_airport
SDEP,974,BR,Presidente Epitácio,0,small_airport
SDET,1644,BR,Tietê,0,small_airport
SDFD,1640,BR,Fernandópolis,0,small_airport
SDFX,1329,BR,Casa Nova,0,small_airport
SDGC,2178,BR,Garça,0,small_airport
SDH2,712,BR,Porto Alegre do Norte,0,small_airport
SDIG,1778,BR,Ibitinga,0,small_airport
SDIM,13,BR,Itanhaém,0,small_airport
SDIV,2044,BR,Ituverava,0,small_airport
SDIY,781,BR,Feira de Santana,0,medium_airport
SDJC,2018,BR,Jaboticabal,0,small_airport
SDJO,2133,BR,São Joaquim Da Barra,0,small_airport
SDJV,2501,BR,São João da Boa Vista,0,small_airport
SDK7,1375,BR,Nova Andradina,0,small_airport
SSCB,2346,BR,Casa Branca,0,small_airport
SDKJ,1732,BR,Formosa do Rio Preto,0,small_airport
SDKK,2116,BR,Mococa,0,small_airport
SDLL,2057,BR,Leme,0,small_airport
SDLP,2039,BR,Lençóis Paulista,0,small_airport
SDLY,2083,BR,Matão,0,small_airport
SBMI,5,BR,Maricá,0,small_airport
SDMH,1916,BR,Mirassol,0,small_airport
SDMJ,2280,BR,Mogi Mirim,0,small_airport
SDMO,2461,BR,Monte Alto,0,small_airport
SDNH,1526,BR,Novo Horizonte,0,small_airport
SDNM,1411,BR,Nova Mutum,0,small_airport
SDNO,2408,BR,São Manuel,0,small_airport
SDOU,1516,BR,Ourinhos,0,small_airport
SDOV,1076,BR,Mozarlândia,0,small_airport
SDOW,751,BR,Ourilândia do Norte,0,small_airport
SDPD,1883,BR,Pindamonhangaba,0,small_airport
SDPN,1352,BR,Penápolis,0,small_airport
SDPV,1460,BR,Presidente Venceslau,0,small_airport
SDPW,1917,BR,Piracicaba,0,small_airport
SDPY,2241,BR,Pirassununga,0,small_airport
SDRK,1998,BR,Rio Claro,0,small_airport
SDRR,2618,BR,Avaré,0,small_airport
SDRS,1320,BR,Resende,0,small_airport
SDSC,2649,BR,São Carlos,0,small_airport
SDTB,2615,BR,Atibaia,0,small_airport
SDTF,2083,BR,Tatuí,0,small_airport
SDTI,1198,BR,Tupi Paulista,0,small_airport
SDTK,10,BR,Paraty,0,small_airport
SDTP,1804,BR,Tupã,0,small_airport
SDUB,10,BR,Ubatuba,0,small_airport
SDUN,361,BR,Itaperuna,0,small_airport
SDUQ,1594,BR,Paraguaçu Paulista,0,small_airport
SDVE,2100,BR,Vera Cruz,0,small_airport
SDVG,1676,BR,Votuporanga,0,small_airport
SDXF,4413,BR,Alto Paraíso,0,small_airport
SDXJ,2428,BR,Costa Rica,0,small_airport
SDZG,1457,BR,Tauá,0,small_airport
ESVE,7,SE,,0,small_airport
ESVL,15,SE,Enköping,0,small_airport
ESHK,0,SE,Solna,0,heliport
ESNF,43,SE,Örnsköldsvik,0,small_airport
ESNH,93,SE,Hudiksvall,0,small_airport
SEGB,45,EC,Soledad,0,small_airport
SEEN,3,EC,Puerto Grande,0,small_airport
SEVN,32,EC,Vinces,0,small_airport
SESN,126,EC,Coronel Marcelino Maridueña,0,small_airport
SELU,195,EC,La Puntilla,0,small_airport
SEAB,10,EC,Mar Abierto,0,small_airport
SEAM,8502,EC,Ambato,0,medium_airport
SEAY,16,EC,Ayangue,0,small_airport
SEBP,36,EC,Mariscal Sucre,0,small_airport
SEBT,26,EC,Samborondón,0,small_airport
SEBW,860,EC,Boanamo,0,small_airport
SEBZ,2871,EC,Cumbaratza,0,small_airport
SECO,834,EC,Coca,1,medium_airport
SECQ,131,EC,Coaque,0,small_airport
SECU,8306,EC,Cuenca,1,medium_airport
SECY,13,EC,Camaguay,0,small_airport
SECZ,1772,EC,Cerro Azul,0,small_airport
SEDS,13,EC,Isla Puná,0,small_airport
SEES,9400,EC,Quito,0,heliport
SEEX,10,EC,Chongón,0,small_airport
SEFR,16,EC,Daule,0,small_airport
SEGN,684,EC,Tanguntza,0,small_airport
SEGS,207,EC,Isla Baltra,1,medium_airport
SEGU,19,EC,Guayaquil,1,large_airport
SEGZ,2640,EC,Santiago,0,small_airport
SEHS,784,EC,Kashaints,0,small_airport
SEII,35,EC,Puerto Villamil,1,small_airport
SEIP,909,EC,Ipiak,0,small_airport
SEIY,755,EC,Iñaywa Sur,0,small_airport
SEJD,1234,EC,Ahuano,0,medium_airport
SEJM,37,EC,Jama,0,small_airport
SEJS,904,EC,Joya de Los Sachas,0,small_airport
SEKC,912,EC,Kaiptach,0,small_airport
SEKE,1930,EC,Morona,0,small_airport
SEKL,825,EC,La Concordia,0,small_airport
SEKM,459,EC,Fumisa,0,small_airport
SELT,9205,EC,Latacunga,1,medium_airport
SEMA,1508,EC,Macará,0,medium_airport
SEMC,3452,EC,Macas,1,medium_airport
SEML,30,EC,,0,small_airport
SEMO,960,EC,Montalvo,0,small_airport
SEMT,48,EC,Manta,1,medium_airport
SEMX,18,EC,Puerto Balao,0,small_airport
SENF,942,EC,Napurak,0,small_airport
SENL,980,EC,Lago Agrio,0,small_airport
SEOI,20,EC,Golfo de Guayaquil,0,small_airport
SEPA,1898,EC,Morona Santiago,0,small_airport
SEPI,686,EC,Pindoyacu,0,small_airport
SEPN,26,EC,,0,small_airport
SEPS,22,EC,Pasaje,0,small_airport
SEPX,46,EC,Hacienda Payo,0,small_airport
SEPZ,75,EC,Los Perez,0,small_airport
SEQE,350,EC,Quevedo,0,small_airport
SEQM,7841,EC,Quito,1,large_airport
SERB,9151,EC,Riobamba,0,small_airport
SERI,269,EC,,0,small_airport
SERO,20,EC,Santa Rosa,1,medium_airport
SESA,18,EC,Salinas/La Libertad,1,large_airport
SESC,3116,EC,Sucúa,0,small_airport
SESE,100,EC,Jesús María,0,small_airport
SESF,844,EC,Shushufind,0,small_airport
SESH,20,EC,,0,small_airport
SESM,3465,EC,Shell Mera,0,small_airport
SEST,62,EC,Puerto Baquerizo Moreno,1,small_airport
SESV,10,EC,Bahía de Caraquez,0,small_airport
SETA,56,EC,Virgen de Fatima,0,small_airport
SETE,1708,EC,Tena,0,small_airport
SETG,33,EC,Tenguel,0,small_airport
SETH,1669,EC,Taisha,0,small_airport
SETI,997,EC,Tiputini,0,small_airport
SECA,4056,EC,La Toma (Catamayo),1,small_airport
SETN,32,EC,Tachina,1,large_airport
SETO,9760,EC,,0,small_airport
SETU,9649,EC,Tulcán,1,medium_airport
SEUA,838,EC,Lago Agrio,0,small_airport
SEUE,941,EC,Pedro,0,small_airport
SEUI,720,EC,Cusuimi,0,small_airport
SEUQ,2100,EC,Untsuri Entsa,0,small_airport
SEUW,1849,EC,Uunt Suants,0,small_airport
SEWA,850,EC,Wachirpas,0,small_airport
SEWH,1900,EC,Washintza,0,small_airport
SEYH,899,EC,Cuyacocha,0,small_airport
SEYS,801,EC,Yasnunka,0,small_airport
SEZR,1099,EC,Surikentza,0,small_airport
SFAL,75,FK,Stanley,1,small_airport
SGAS,292,PY,Asunción,1,large_airport
SGAY,223,PY,Ayolas,0,medium_airport
SGBN,277,PY,Bahía Negra,0,small_airport
SGCB,1710,PY,Capitan Bado,0,small_airport
SGCO,253,PY,Concepción,0,medium_airport
SGCZ,470,PY,Caazapá,0,small_airport
SGEN,659,PY,Encarnación,1,large_airport
SGES,846,PY,Ciudad del Este,1,large_airport
SGFI,423,PY,Filadelfia,0,small_airport
SGGR,990,PY,Salto del Guaira,0,medium_airport
SGIB,762,PY,Itaipú,0,medium_airport
SGLZ,620,PY,La Paz,0,small_airport
SGME,553,PY,Mariscal Estigarribia,0,medium_airport
SGMZ,867,PY,,0,small_airport
SGOL,270,PY,Fuerte Olimpo,0,small_airport
SGPI,249,PY,Pilar,0,medium_airport
SGPJ,1873,PY,Pedro Juan Caballero,0,medium_airport
SGSP,270,PY,San Pedro del Ycuamandiyu,0,small_airport
SGST,582,PY,Santa Teresa,0,medium_airport
SKFE,5555,CO,Frontino,0,small_airport
SKAA,544,CO,Paz de Ariporo,0,small_airport
SKAL,195,CO,La Loma,0,small_airport
SKIR,730,CO,San Martin,0,small_airport
SKMO,607,CO,Puerto Gaitán,0,small_airport
SKCE,3039,CO,Ibague,0,small_airport
SKYG,610,CO,Mitu,0,small_airport
SKUM,550,CO,Cumaribo,0,small_airport
SKUV,471,CO,Puerto Carreño,0,small_airport
SKAC,1250,CO,Araracuara,0,small_airport
SKAD,50,CO,Acandí,0,small_airport
SKAG,545,CO,Aguachica,0,small_airport
SKAM,5507,CO,Amalfi,0,small_airport
SKAP,1207,CO,Apiay,0,medium_airport
SKAR,3990,CO,Armenia,1,medium_airport
SKAS,815,CO,Puerto Asís,1,medium_airport
SKAT,512,CO,Arauquita,0,small_airport
SKBC,111,CO,El Banco,0,medium_airport
SKBE,433,CO,Becerril,0,small_airport
SKBG,3897,CO,Bucaramanga,1,medium_airport
SKBM,430,CO,Barranco Minas,0,small_airport
SKBN,850,CO,Fonseca,0,small_airport
SKBO,8361,CO,Bogota,1,large_airport
SKBQ,98,CO,Barranquilla,1,large_airport
SKBR,38,CO,Berástegui,0,small_airport
SKBS,80,CO,Bahía Solano,1,medium_airport
SKBU,48,CO,Buenaventura,1,medium_airport
SKCA,49,CO,Acandí,0,small_airport
SKCB,590,CO,Carmen De Bolivar,0,small_airport
SKCC,1096,CO,Cúcuta,1,medium_airport
SKCD,213,CO,Condoto,0,small_airport
SKCG,4,CO,Cartagena,1,large_airport
SKCH,754,CO,Cartagena Del Chiara,0,small_airport
SKCI,700,CO,Puerto López,0,small_airport
SKCL,3162,CO,Cali,1,large_airport
SKCM,740,CO,Cimitarra,0,small_airport
SKCN,341,CO,Cravo Norte,0,small_airport
SKCO,8,CO,Tumaco,1,medium_airport
SKCP,0,CO,Bahía Solano,0,small_airport
SKCR,820,CO,Carurú,0,small_airport
SKCU,174,CO,Caucasia,0,medium_airport
SKCV,31,CO,Coveñas,0,medium_airport
SKCZ,528,CO,Corozal,1,medium_airport
SKEB,180,CO,El Bagre,0,medium_airport
SKEH,25,CO,El Charco,0,small_airport
SKEJ,412,CO,Barrancabermeja,1,medium_airport
SKFL,803,CO,Florencia,1,medium_airport
SKFR,3850,CO,Quipama,0,small_airport
SKFU,150,CO,Fundación,0,small_airport
SKGA,591,CO,,0,small_airport
SKGB,3165,CO,Cali,0,small_airport
SKGI,900,CO,Girardot,0,medium_airport
SKGO,2979,CO,Cartago,0,medium_airport
SKGP,164,CO,Guapi,1,medium_airport
SKGY,8390,CO,Chía,0,small_airport
SKGZ,2620,CO,Garzón,0,small_airport
SKHA,2730,CO,Chaparral,0,small_airport
SKHC,820,CO,Hato Corozal,0,small_airport
SKIB,2999,CO,Ibagué,1,medium_airport
SKIG,110,CO,Chigorodó,0,small_airport
SKIM,390,CO,La Primavera,0,small_airport
SKIO,65,CO,Limón,0,small_airport
SKIP,9765,CO,Ipiales,1,medium_airport
SKJC,47,CO,Juanchaco,0,small_airport
SKJU,33,CO,Juradó,0,small_airport
SKLA,6710,CO,Málaga,0,small_airport
SKLC,46,CO,Carepa,1,medium_airport
SKLG,573,CO,Puerto Leguízamo,1,small_airport
SKLM,281,CO,La Mina-Maicao,0,medium_airport
SKLP,590,CO,La Pedrera,1,small_airport
SKLT,277,CO,Leticia,1,medium_airport
SKMA,8325,CO,Madrid,0,small_airport
SKMB,145,CO,Timbiqui,0,small_airport
SKMD,4949,CO,Medellín,1,medium_airport
SKME,1028,CO,Melgar,0,small_airport
SKMF,730,CO,Miraflores,0,small_airport
SKMG,178,CO,Magangué,0,medium_airport
SKMJ,160,CO,Maicao,0,small_airport
SKML,160,CO,Montelíbano,0,small_airport
SKMN,600,CO,Maní,0,small_airport
SKMP,60,CO,Santa Cruz de Mompóx,0,small_airport
SKMR,41,CO,Montería,1,medium_airport
SKMU,680,CO,Mitú,1,medium_airport
SKMZ,6871,CO,Manizales,1,medium_airport
SKNA,790,CO,La Macarena,1,small_airport
SKNC,19,CO,Necocli,0,small_airport
SKNQ,12,CO,Nuquí,1,small_airport
SKNV,1464,CO,Neiva,1,medium_airport
SKOC,3850,CO,Ocaña,0,medium_airport
SKOE,434,CO,Orocue,0,small_airport
SKOR,1132,CO,Orito,0,small_airport
SKOT,2060,CO,Remedios,0,small_airport
SKPA,8205,CO,Paipa,0,small_airport
SKPC,177,CO,Puerto Carreño,1,medium_airport
SKPD,460,CO,Puerto Inírida,1,medium_airport
SKPE,4416,CO,Pereira,1,medium_airport
SKPG,510,CO,Puerto Gaitan,0,small_airport
SKPI,4212,CO,Pitalito,0,medium_airport
SKPL,69,CO,Plato,0,small_airport
SKPN,476,CO,Armenia,0,small_airport
SKPP,5687,CO,Popayán,1,medium_airport
SKPQ,566,CO,La Dorada,0,medium_airport
SKPR,445,CO,Puerto Berrio,0,small_airport
SKPS,5951,CO,Chachagüí,1,medium_airport
SKPV,10,CO,Providencia,1,medium_airport
SKPZ,900,CO,Paz de Ariporo,0,medium_airport
SKQU,1531,CO,Mariquita,0,medium_airport
SKRA,253,CO,Tarapacá,1,small_airport
SKRG,6955,CO,Medellín,1,large_airport
SKRH,43,CO,Riohacha,1,medium_airport
SKRU,440,CO,Sabana de Torres,0,small_airport
SKSA,680,CO,Saravena,1,small_airport
SKSG,5498,CO,San Gil,0,small_airport
SKSI,573,CO,Maní,0,small_airport
SKSJ,605,CO,San José Del Guaviare,1,medium_airport
SKSL,400,CO,Santa Rosalia,0,small_airport
SKSM,22,CO,Santa Marta,1,medium_airport
SKSO,8155,CO,Sogamoso,0,small_airport
SKSP,19,CO,San Andrés,1,large_airport
SKSR,140,CO,San Marcos,0,small_airport
SKSV,920,CO,San Vicente Del Caguán,1,medium_airport
SKTA,1462,CO,Tauramena,0,small_airport
SKTB,194,CO,Tibú,0,small_airport
SKTD,649,CO,Trinidad,0,small_airport
SKTI,1617,CO,Tolemaida - Nilo,0,small_airport
SKTJ,8940,CO,Tunja,0,medium_airport
SKTL,16,CO,Santiago de Tolú,1,small_airport
SKTM,1050,CO,Tame,1,medium_airport
SKTQ,585,CO,Tres Esquinas,0,medium_airport
SKTU,6,CO,Turbo,0,heliport
SKUA,285,CO,Marandúa,0,medium_airport
SKUB,8377,CO,La Uribe,0,small_airport
SKUC,420,CO,Arauca,1,medium_airport
SKUI,204,CO,Quibdó,1,medium_airport
SKUL,3132,CO,Tuluá,0,medium_airport
SKUR,6090,CO,Urrao,0,small_airport
SKVG,1248,CO,Villa Garzón,0,small_airport
SKVL,566,CO,Puerto Boyacá,0,small_airport
SKVN,1002,CO,Villanueva,0,small_airport
SKVP,483,CO,Valledupar,1,medium_airport
SKVV,1394,CO,Villavicencio,1,medium_airport
SKYA,812,CO,San Vicente Del Caguán,0,small_airport
SKYP,1028,CO,Yopal,1,medium_airport
SLAG,3674,BO,El Bañado,0,small_airport
SLAL,10184,BO,Sucre,1,large_airport
SLAP,4639,BO,Apolo,0,small_airport
SLAS,807,BO,Ascensión de Guarayos,0,small_airport
SLBJ,1249,BO,Bermejo,0,medium_airport
SLCA,2614,BO,Camiri,0,small_airport
SLCB,8360,BO,Cochabamba,1,large_airport
SLCC,12591,BO,Copacabana,0,small_airport
SLCN,13339,BO,Charaña,0,small_airport
SLCO,889,BO,Cobija,1,medium_airport
SLCP,1620,BO,Concepción,0,small_airport
SLET,1371,BO,Santa Cruz,1,medium_airport
SLGM,456,BO,Guayaramerín,1,medium_airport
SLGY,557,BO,Guayaramerín,0,small_airport
SLHI,875,BO,Chimore,1,small_airport
SLJE,974,BO,San José de Chiquitos,0,small_airport
SLJO,456,BO,San Joaquín,0,small_airport
SLJV,1702,BO,San Javier,0,small_airport
SLLP,13355,BO,La Paz / El Alto,1,large_airport
SLMG,462,BO,Magdalena,0,small_airport
SLOR,12152,BO,Oruro,1,large_airport
SLPO,12922,BO,Potosí,0,medium_airport
SLPS,440,BO,Puerto Suárez,1,medium_airport
SLRA,698,BO,San Ramón / Mamoré,0,small_airport
SLRB,905,BO,Roboré,0,small_airport
SLRI,462,BO,Riberalta,1,medium_airport
SLRQ,676,BO,Rurrenabaque,1,small_airport
SLRY,935,BO,Reyes,0,small_airport
SLSA,472,BO,Santa Ana del Yacuma,0,medium_airport
SLSB,633,BO,San Borja,0,small_airport
SLSI,1354,BO,San Ignacio de Velasco,0,small_airport
SLSM,545,BO,San Ignacio de Moxos,0,small_airport
SLSR,738,BO,Santa Rosa,0,small_airport
SLSU,9540,BO,Sucre,0,medium_airport
SLTI,403,BO,San Matías,0,small_airport
SLTJ,6079,BO,Tarija,1,medium_airport
SLTR,509,BO,Trinidad,1,medium_airport
SLUY,11136,BO,Quijarro,1,large_airport
SLVG,6551,BO,Vallegrande,0,small_airport
SLVM,1305,BO,Villamontes,0,medium_airport
SLVR,1224,BO,Santa Cruz,1,large_airport
SLYA,2112,BO,Yacuíba,0,medium_airport
SMAF,80,SR,Afobakka,0,small_airport
SMAN,740,SR,Benzdorp,0,small_airport
SMBG,307,SR,Bakhuys,0,small_airport
SMBN,19,SR,Albina,0,small_airport
SMCA,360,SR,Awaradam,0,small_airport
SMCI,479,SR,Coeroeni,0,small_airport
SMCO,10,SR,Totness,0,small_airport
SMCT,330,SR,Lawa Cottica,0,small_airport
SMDA,236,SR,Drietabbetje,1,small_airport
SMDK,0,SR,Donderskamp,0,small_airport
SMDO,236,SR,Aurora,0,small_airport
SMDU,880,SR,Alalapadi,0,small_airport
SMGA,192,SR,Gakaba,0,small_airport
SMGH,280,SR,Pikienkondre of Miranda,1,small_airport
SMGR,0,SR,,0,small_airport
SMHA,22,SR,Antongron,0,small_airport
SMJA,19,SR,Jarikaba,0,small_airport
SMJP,59,SR,Paramaribo,1,large_airport
SMKA,535,SR,Kabalebo,0,small_airport
SMKE,849,SR,Kayserberg,0,small_airport
SMLA,373,SR,Anapaike,0,small_airport
SMLT,33,SR,Langatabbetje,0,small_airport
SMMO,49,SR,Moengo,1,small_airport
SMNI,9,SR,Nieuw Nickerie,0,small_airport
SMOL,483,SR,,0,small_airport
SMPA,714,SR,Paloemeu,0,small_airport
SMPE,0,SR,Poeketi,0,small_airport
SMPG,390,SR,Poesoegroenoe,0,small_airport
SMPT,0,SR,Apetina,0,small_airport
SMRA,109,SR,Ralleigh,0,small_airport
SMRN,141,SR,Ragoebarsing,0,small_airport
SMSI,744,SR,Sipaliwini,0,small_airport
SMSK,223,SR,Sarakreek,0,small_airport
SMSM,905,SR,Kwamalasoemoetoe Airport,0,small_airport
SMST,187,SR,Stoelmanseiland,0,small_airport
SMTA,309,SR,Benzdorp,0,small_airport
SMTB,1112,SR,Tafelberg,0,small_airport
SMTP,596,SR,Kasikasima,0,small_airport
SMVG,1110,SR,Vier Gebroeders,0,small_airport
SMVO,0,SR,Avanavero,0,small_airport
SMWA,6,SR,Wageningen,1,small_airport
SMWS,68,SR,Washabo,0,small_airport
SMZO,10,SR,Paramaribo,1,small_airport
SN3Y,1453,BR,Bom Jesus da Lapa,0,small_airport
SN6L,299,BR,Sobral,0,medium_airport
SN98,2954,US,Satanta,0,small_airport
SNAB,2428,BR,Araripina,0,small_airport
SNAE,2126,BR,Arcoverde,0,small_airport
SNAG,3107,BR,Araguari,0,small_airport
SNAL,886,BR,Arapiraca,0,small_airport
SNAP,1745,BR,Janaúba,0,small_airport
SNAR,640,BR,Almenara,0,small_airport
SNAS,2579,BR,Três Marias,0,small_airport
SNAX,1850,BR,Assis,0,small_airport
SNBC,526,BR,Barra do Corda,0,small_airport
SNBG,262,BR,Baixo Guandu,0,small_airport
SNBI,64,BR,Bacabal,0,small_airport
SNBM,886,BR,Muriaé,0,small_airport
SNBR,2451,BR,Barreiras,1,small_airport
SNBS,948,BR,Balsas,0,small_airport
SNBX,1345,BR,Barra,0,small_airport
SNBZ,1788,BR,Paramirim,0,small_airport
SNCA,3182,BR,Campo Belo,0,small_airport
SNCP,2887,BR,Correia Pinto,0,medium_airport
SNCS,2001,BR,Campos Sales,0,small_airport
SNCT,2067,BR,Caratinga,0,small_airport
SNCX,502,BR,Colatina,0,small_airport
SNCZ,1877,BR,Ponte Nova,0,small_airport
SNDC,679,BR,Redenção,0,small_airport
SNDT,4446,BR,Diamantina,0,small_airport
SNDV,2608,BR,Divinópolis,0,small_airport
SNEB,443,BR,Paragominas,1,small_airport
SNED,20,BR,Canavieiras,0,small_airport
SNEE,2999,BR,Vacaria,0,small_airport
SNFE,2871,BR,Alfenas,0,small_airport
SNFO,3337,BR,Formiga,0,small_airport
SNFU,1808,BR,Frutal,0,small_airport
SNFX,656,BR,São Félix do Xingu,0,small_airport
SNGA,30,BR,Guarapari,1,small_airport
SNGD,564,BR,Guadalupe,0,small_airport
SNGG,1066,BR,Bom Jesus Do Gurguéia,0,small_airport
SNGI,1815,BR,Guanambi,0,small_airport
SNGN,2533,BR,Garanhuns,0,small_airport
SNGX,2786,BR,Guaxupé,0,small_airport
SNHS,1542,BR,Serra Talhada,1,small_airport
SNIB,929,BR,Itaberaba,0,small_airport
SNIC,2561,BR,Irecê,0,small_airport
SNIE,3202,BR,Caetité,0,small_airport
SNIG,699,BR,Iguatu,0,small_airport
SNIO,732,BR,Cipó,0,small_airport
SNIP,915,BR,Itapetinga,0,small_airport
SNIT,1398,BR,Ibotirama,0,small_airport
SNIU,433,BR,Ipiaú,0,small_airport
SNJB,1640,BR,Jacobina,0,small_airport
SNJK,646,BR,Jequié,0,small_airport
SNJM,2723,BR,Manhuaçu,0,small_airport
SNJP,2990,BR,João Pinheiro,0,small_airport
SNJQ,853,BR,Jequitinhonha,0,small_airport
SNJR,3117,BR,São João Del Rei,0,small_airport
SNKD,2196,BR,Conceição Do Mato Dentro,0,small_airport
SNKF,3478,BR,Conselheiro Lafaiete,0,small_airport
SNKI,256,BR,Cachoeiro do Itapemirim,0,small_airport
SNKN,1148,BR,Currais Novos,0,small_airport
SNLI,2178,BR,Abaeté,0,small_airport
SNLN,138,BR,Linhares,0,medium_airport
SNLO,2871,BR,São Lourenço,0,small_airport
SNMA,325,BR,Monte Alegre,0,small_airport
SNMJ,3280,BR,Maracás,0,small_airport
SNMK,1519,BR,Jaíba,0,small_airport
SNMN,2707,BR,Minas Novas,0,small_airport
SNMR,30,BR,Maraú,0,small_airport
SNMX,98,BR,São Mateus,0,small_airport
SNMZ,52,BR,Porto de Moz,0,small_airport
SNNE,1322,BR,São João Nepomuceno,0,small_airport
SNNU,656,BR,Nanuque,0,small_airport
SNOE,873,BR,Oeiras,0,small_airport
SNOF,2818,BR,Ouro Fino,0,small_airport
SNOS,2697,BR,Passos,0,small_airport
SNOX,262,BR,Oriximiná,0,small_airport
SNPA,2753,BR,Pará de Minas,0,small_airport
SNPC,1099,BR,Picos,0,small_airport
SNPD,2794,BR,Patos de Minas,0,small_airport
SNPJ,3229,BR,Patrocínio,0,small_airport
SNPQ,2067,BR,Pesqueira,0,small_airport
SNPU,2838,BR,Paraguaçu,0,small_airport
SNPX,1808,BR,Pirapora,0,small_airport
SNPY,3110,BR,São Sebastião Do Paraíso,0,small_airport
SNQD,745,BR,Sousa,0,small_airport
SNQG,689,BR,Floriano,0,small_airport
SNQU,3461,BR,Mucugê,0,small_airport
SNQV,2205,BR,Curvelo,0,small_airport
SNQX,735,BR,Quixadá,0,medium_airport
SNRD,89,BR,Prado,0,small_airport
SNRM,1332,BR,Remanso,0,small_airport
SNRP,3757,BR,Rio Paranaíba,0,small_airport
SNRU,1891,BR,Caruaru,1,small_airport
SNRX,1312,BR,Riachão,0,small_airport
SNRZ,3334,BR,Oliveira,0,small_airport
SNSE,1306,BR,Sento Sé,0,small_airport
SNSG,1539,BR,Salgueiro,0,small_airport
SNSI,1575,BR,Santa Maria Do Suaçuí,0,small_airport
SNSM,105,BR,Salinópolis,1,small_airport
SNSS,2503,BR,Salinas,0,small_airport
SNTF,344,BR,Teixeira de Freitas,0,small_airport
SNTI,328,BR,Óbidos,0,small_airport
SNTO,1575,BR,Teófilo Otoni,0,small_airport
SNTQ,1690,BR,Buritirama,0,small_airport
SNTS,869,BR,Patos,0,small_airport
SNUB,1115,BR,Ubá,0,small_airport
SNUH,2444,BR,Piumhi,0,small_airport
SNUI,1076,BR,Araçuaí,0,small_airport
SNUN,1998,BR,Unaí,0,small_airport
SNVB,21,BR,Valença,1,small_airport
SNVC,2162,BR,Viçosa,0,small_airport
SNVD,1850,BR,Santa Maria da Vitória,0,small_airport
SNVI,3203,BR,Três Corações,0,small_airport
SNVS,98,BR,Breves,1,small_airport
SNWC,46,BR,Camocim,0,small_airport
SNWS,1043,BR,Crateús,0,small_airport
SNXB,2838,BR,Caxambu,0,small_airport
SNXQ,1401,BR,Xique-Xique,0,small_airport
SNYA,584,BR,Almeirim,1,small_airport
SNYB,1985,BR,Ituiutaba,0,small_airport
SNYE,66,BR,Pinheiro,0,small_airport
SNYU,1558,BR,Iturama,0,small_airport
SNZA,2904,BR,Pouso Alegre,0,small_airport
SNZR,2359,BR,Paracatu,1,small_airport
SOCA,26,GF,Matoury,1,large_airport
SOGS,207,GF,Grand-Santi,0,small_airport
SOOA,406,GF,Maripasoula,1,medium_airport
SOOG,46,GF,Saint-Georges-de-l'Oyapock,0,medium_airport
SOOM,16,GF,Saint-Laurent-du-Maroni,1,medium_airport
SOOR,82,GF,Régina,0,small_airport
SOOS,656,GF,Saül,0,small_airport
SPAC,547,PE,Santa María de Nieva,0,small_airport
SPAI,10400,PE,Pataz,0,small_airport
SPAL,1740,PE,El Dorado,0,small_airport
SPAS,728,PE,Andoas,0,small_airport
SPAY,751,PE,Atalaya,0,medium_airport
SPBC,328,PE,Caballococha,0,medium_airport
SPBS,675,PE,Jeberos,0,small_airport
SPCC,775,PE,Ciudad Constitución,0,small_airport
SPCH,1631,PE,Tocache,0,small_airport
SPCL,513,PE,Pucallpa,1,large_airport
SPCM,480,PE,Contamana,0,small_airport
SPDN,427,PE,Colonia Angamos,0,small_airport
SPDO,9,PE,Mollendo,0,small_airport
SPDR,427,PE,Corrientes,0,small_airport
SPDU,900,PE,,0,small_airport
SPEE,421,PE,,0,small_airport
SPEO,69,PE,Chimbote,1,medium_airport
SPEP,725,PE,Esperanza,0,small_airport
SPEQ,4480,PE,Moquegua,0,small_airport
SPGB,597,PE,,0,small_airport
SPGL,3967,PE,,0,small_airport
SPGM,2146,PE,Tingo Maria,0,small_airport
SPGP,680,PE,,0,small_airport
SPHI,97,PE,Chiclayo,1,large_airport
SPHO,8917,PE,Ayacucho,1,medium_airport
SPHY,11300,PE,Andahuaylas,1,small_airport
SPHZ,9097,PE,Anta,0,medium_airport
SPJC,113,PE,Lima,1,large_airport
SPIN,917,PE,Iñapari,0,small_airport
SPIR,2224,PE,Pillcopata,0,small_airport
SPIS,8500,PE,Pataz,0,small_airport
SPIY,12972,PE,Yauri,0,small_airport
SPJA,2707,PE,Rioja,0,medium_airport
SPJE,2477,PE,Jaén,1,medium_airport
SPJI,1148,PE,Juanjuí,0,medium_airport
SPJJ,11034,PE,Jauja,1,medium_airport
SPJL,12552,PE,Juliaca,1,large_airport
SPJN,144,PE,San Juan de Marcona,0,small_airport
SPJR,8781,PE,Cajamarca,1,medium_airport
SPLA,0,PE,Luisiana,0,small_airport
SPLN,5082,PE,Rodriguez de Mendoza,0,small_airport
SPLO,72,PE,Ilo,1,medium_airport
SPLP,250,PE,Chorrillos,0,small_airport
SPLX,200,PE,San Bartolo,0,small_airport
SPME,115,PE,Tumbes,1,medium_airport
SPMF,2247,PE,Mazamari,0,small_airport
SPMS,587,PE,Yurimaguas,1,medium_airport
SPNC,6070,PE,Huánuco,1,medium_airport
SPNM,1090,PE,Nuevo Mundo,0,small_airport
SPOA,982,PE,Plaza Saposoa,0,small_airport
SPON,424,PE,Orellana,0,small_airport
SPOR,12200,PE,Orcopampa,0,small_airport
SPPE,1988,PE,Palmapampa,0,small_airport
SPPH,510,PE,Pampa Hermosa,0,small_airport
SPPN,1667,PE,Palmas del Espino,0,small_airport
SPPY,8333,PE,Chachapoyas,1,medium_airport
SPKI,2589,PE,La Convención,0,small_airport
SPQT,306,PE,Iquitos,1,large_airport
SPQU,8405,PE,Arequipa,1,large_airport
SPRF,14422,PE,San Rafael,0,small_airport
SPRM,2600,PE,San Ramón,0,small_airport
SPRR,591,PE,San Vicente de Cañete,0,small_airport
SPRU,106,PE,Trujillo,1,large_airport
SPSE,886,PE,Sepahua,0,small_airport
SPSO,39,PE,Pisco,0,large_airport
SPST,869,PE,Tarapoto,1,medium_airport
SPTN,1538,PE,Tacna,1,medium_airport
SPTQ,8536,PE,Toquepala,0,small_airport
SPTU,659,PE,Puerto Maldonado,1,medium_airport
SPUR,120,PE,Piura,1,medium_airport
SPVI,13464,PE,Vicco,0,small_airport
SPVN,11965,PE,Vilcashuamán,0,small_airport
SPYC,489,PE,Pucallpa,0,small_airport
SPYL,282,PE,Talara,1,medium_airport
SPZA,1860,PE,Nazca,1,medium_airport
SPZO,10860,PE,Cusco,1,large_airport
SMAM,0,SR,Amatopo,0,small_airport
SMJK,82,SR,Nieuw Jacobkondre,0,small_airport
SSAB,1968,BR,Ibaiti,0,small_airport
SSAE,161,BR,Arroio Grande,0,small_airport
SSAK,1542,BR,Cruz Alta,0,small_airport
SSAN,1608,BR,Andirá,0,small_airport
SSAP,2625,BR,Apucarana,0,small_airport
SSAQ,1969,BR,Passo Fundo,0,small_airport
SSBG,2209,BR,Bento Gonçalves,0,small_airport
SSBL,60,BR,Blumenau,0,small_airport
SSBN,16,BR,Porto Alegre,0,small_airport
SSCD,2680,BR,Chapadão do Sul,0,small_airport
SSCI,965,BR,Coxim,0,small_airport
SSCK,2461,BR,Concórdia,0,small_airport
SSCL,1568,BR,Cassilândia,0,small_airport
SSCN,2746,BR,Canela,1,small_airport
SSCP,1860,BR,Cornélio Procópio,0,small_airport
SSCR,1381,BR,Marechal Cândido Rondon,0,small_airport
SSCT,1837,BR,Cianorte,0,small_airport
SSEE,105,BR,Estrela,0,small_airport
SSEP,502,BR,São Sepé,0,small_airport
SSER,2498,BR,Erechim,0,small_airport
SSEZ,1198,BR,Espumoso,0,small_airport
SSFB,2113,BR,Francisco Beltrão,1,small_airport
SSFL,1470,BR,Fronteiras,0,small_airport
SSGA,2231,BR,Garibaldi,0,small_airport
SSGB,49,BR,Guaratuba,0,small_airport
SSGW,1608,BR,Goioerê,0,small_airport
SSGY,889,BR,Guaíra,1,small_airport
SSHZ,1063,BR,Horizontina,0,small_airport
SSIE,1732,BR,Campo Grande,0,small_airport
SSIJ,1197,BR,Ijuí,0,small_airport
SSIQ,230,BR,Itaqui,0,small_airport
SSIR,1499,BR,Ibirubá,0,small_airport
SSJA,2546,BR,Joaçaba,0,small_airport
SSJI,1053,BR,Jardim,0,small_airport
SSJK,1633,BR,Júlio De Castilho,0,small_airport
SSKG,2028,BR,Campo Grande,0,small_airport
SSKK,33,BR,Capão Da Canoa,0,small_airport
SSKM,1883,BR,Campo Mourão,0,small_airport
SSKS,253,BR,Cachoeira Do Sul,0,small_airport
SSKU,3209,BR,Curitibanos,0,small_airport
SSKW,778,BR,Cacoal,1,small_airport
SSKZ,1854,BR,Carazinho,0,small_airport
SSLG,656,BR,São Luís Gonzaga,0,small_airport
SSLN,1095,BR,Lontras,0,small_airport
SSLT,410,BR,Alegrete,0,small_airport
SSMJ,1280,BR,Maracaju,0,small_airport
SSMR,2822,BR,Manoel Ribas,0,small_airport
SSMT,59,BR,Mostardas,0,small_airport
SSNB,1332,BR,Naviraí,0,small_airport
SSNG,125,BR,Montenegro,0,small_airport
SSNH,66,BR,Novo Hamburgo,0,small_airport
SSNP,2264,BR,Nova Prata,0,small_airport
SSNQ,984,BR,Nioaque,0,small_airport
SSOE,2180,BR,São Miguel do Oeste,0,small_airport
SSOG,2599,BR,Arapongas,0,small_airport
SSOI,1788,BR,Pederneiras,0,small_airport
SSOL,3146,BR,Lavras,0,small_airport
SSOS,56,BR,Osório,0,small_airport
SSPG,16,BR,Paranaguá,0,small_airport
SSPI,1526,BR,Paranavaí,0,small_airport
SSPL,2083,BR,Palmeira Da Missões,0,small_airport
SSPM,260,BR,Porto Murtinho,0,small_airport
SSPN,1446,BR,Paranaíba,0,small_airport
SSPS,3609,BR,Palmas,0,small_airport
SSPT,1220,BR,Palotina,0,small_airport
SSQC,2313,BR,Siqueira Campos,0,small_airport
SSQP,1453,BR,Monte Santo,0,small_airport
SSQT,3314,BR,Castro,0,small_airport
SSRE,1693,BR,Realeza,0,small_airport
SSRF,869,BR,Castro Alves,0,small_airport
SSRU,28,BR,São Lourenço Do Sul,0,small_airport
SSRZ,335,BR,Rosário do Sul,0,small_airport
SSSB,262,BR,São Borja,0,small_airport
SSSC,653,BR,Santa Cruz do Sul,0,small_airport
SSSD,2208,BR,Soledade,0,small_airport
SSSG,472,BR,São Gabriel,0,small_airport
SSSS,49,BR,São Francisco do Sul,0,small_airport
SSST,1460,BR,Santiago,0,small_airport
SSSZ,1181,BR,Sertanópolis,0,small_airport
SSTB,2559,BR,Três Barras,0,small_airport
SSUM,1552,BR,Umuarama,1,small_airport
SSUV,2467,BR,União da Vitória,1,small_airport
SSVI,2766,BR,Videira,0,small_airport
SSVN,2218,BR,Veranópolis,0,small_airport
SSWS,1365,BR,Caçapava do Sul,0,small_airport
SSXX,2986,BR,Xanxerê,0,small_airport
SSZR,1014,BR,Santa Rosa,1,small_airport
SUAA,174,UY,Montevideo,0,medium_airport
SUAG,410,UY,Artigas,0,small_airport
SUAN,49,UY,Estancia Anchorena,0,small_airport
SUAY,153,UY,Termas del Arapey,0,small_airport
SUBL,131,UY,Montevideo,0,small_airport
SUBU,252,UY,Bella Union,0,small_airport
SUCA,66,UY,Colonia del Sacramento,0,small_airport
SUCD,554,UY,Cardona,0,small_airport
SUCH,59,UY,Chuy,0,small_airport
SUCL,501,UY,Minas,0,small_airport
SUCM,42,UY,Carmelo,0,small_airport
SUCN,98,UY,Canelones,0,small_airport
SUDU,305,UY,Durazno,0,medium_airport
SUFT,490,UY,Tacuarembó,0,small_airport
SUGA,38,UY,Pando,0,small_airport
SUGN,291,UY,Guichón,0,small_airport
SUJL,40,UY,Juan Lacaze,0,small_airport
SUJP,316,UY,José Pedro Varela,0,small_airport
SULS,95,UY,Punta del Este,1,medium_airport
SUME,68,UY,Mercedes,0,small_airport
SUMI,458,UY,Minas,0,small_airport
SUMO,364,UY,Melo,0,small_airport
SUMU,105,UY,Ciudad de la Costa,1,large_airport
SUNM,158,UY,Nuevo Berlin,0,small_airport
SUPC,184,UY,Paysandú,0,small_airport
SUPE,66,UY,Maldonado,0,small_airport
SUPU,138,UY,Paysandú,0,medium_airport
SURB,55,UY,Jaguarao,0,small_airport
SURV,712,UY,Rivera/Santana do Livramento,1,medium_airport
SUSG,371,UY,Cerro Chato,0,small_airport
SUSJ,229,UY,San José,0,small_airport
SUSO,187,UY,Salto,0,medium_airport
SUTB,440,UY,Tacuarembo,0,small_airport
SUTG,273,UY,Tomás Gomenzoro,0,small_airport
SUTR,337,UY,Treinta y Tres,0,small_airport
SUVE,102,UY,Vergara,0,small_airport
SUVO,488,UY,Vichadero,0,small_airport
SUYI,460,UY,Sarandi del Yí,0,small_airport
SUYN,230,UY,Young,0,small_airport
SVAC,640,VE,Acarigua,0,medium_airport
SVAE,656,VE,,0,small_airport
SVAF,459,VE,Médano Alto,0,small_airport
SVAH,1000,VE,Coco de Mono,0,small_airport
SVNJ,394,VE,,0,small_airport
SVAL,574,VE,,0,small_airport
SVAM,344,VE,,0,small_airport
SVAN,721,VE,Anaco,0,medium_airport
SVAO,1148,VE,,0,small_airport
SVAP,295,VE,Apurito,0,small_airport
SVAD,7,VE,Adícora,0,small_airport
SVAS,266,VE,Guayabal,0,small_airport
SVAT,301,VE,San Fernando de Atabapo,0,small_airport
SVAU,328,VE,,0,small_airport
SVIA,393,VE,,0,small_airport
SVAA,33,VE,,0,small_airport
SVAZ,224,VE,,0,small_airport
SVBA,298,VE,Boca de Anaro,0,small_airport
SVBC,30,VE,Barcelona,1,large_airport
SVBD,321,VE,,0,small_airport
SVBE,249,VE,,0,small_airport
SVBG,273,VE,La Cruz,0,small_airport
SVBI,615,VE,Barinas,1,medium_airport
SVBO,5187,VE,Bocono,0,small_airport
SVBL,1450,VE,,0,medium_airport
SVBM,2042,VE,Barquisimeto,1,large_airport
SVBN,1462,VE,,0,small_airport
SVBR,328,VE,,0,small_airport
SVBS,1338,VE,Maracay,0,medium_airport
SVBU,33,VE,Bobures,0,small_airport
SVBV,348,VE,,0,small_airport
SVBW,921,VE,,0,small_airport
SVCB,197,VE,Ciudad Bolivar,0,medium_airport
SVCD,141,VE,,0,medium_airport
SVUR,204,VE,"Zaraza, Guárico",0,small_airport
SVCH,187,VE,,0,small_airport
SVCJ,512,VE,San Carlos,0,small_airport
SVCK,301,VE,El Poblado,0,small_airport
SVCL,328,VE,Guarico,0,medium_airport
SVCN,1450,VE,Canaima,1,medium_airport
SVCP,33,VE,Carúpano,1,medium_airport
SVCQ,639,VE,,0,small_airport
SVCR,52,VE,Coro,1,medium_airport
SVCS,2145,VE,Charallave,0,medium_airport
SVJT,360,VE,,0,small_airport
SVCU,14,VE,Cumaná,1,medium_airport
SVCW,98,VE,,0,small_airport
SVCX,656,VE,,0,small_airport
SVCY,442,VE,Las Campanas,0,small_airport
SVCZ,595,VE,Carrizal,0,small_airport
SVIT,30,VE,Isla La Tortuga,0,small_airport
SVDB,651,VE,,0,small_airport
SVDC,230,VE,,0,small_airport
SVDF,360,VE,,0,small_airport
SVID,7,VE,Isla Los Roques,0,small_airport
SVDP,2802,VE,Santa Elena de Uairén,0,small_airport
SVUC,268,VE,Cordereño,0,small_airport
SVDS,2850,VE,,0,small_airport
SVDU,256,VE,,0,small_airport
SVPI,879,VE,Ciudad Piar,0,small_airport
SVED,318,VE,Bolivar,0,medium_airport
SVEE,590,VE,El Samán de Apure,0,small_airport
SVEF,66,VE,,0,small_airport
SVEG,23,VE,,0,small_airport
SVQL,354,VE,,0,small_airport
SVEK,452,VE,,0,small_airport
SVLL,787,VE,El Callao,0,small_airport
SVEM,656,VE,El Paraiso,0,small_airport
SVEW,66,VE,,0,small_airport
SVEP,1554,VE,,0,small_airport
SVER,387,VE,,0,small_airport
SVES,361,VE,El Samán de Apure,0,small_airport
SVKC,426,VE,,0,small_airport
SVEX,256,VE,,0,small_airport
SVNC,318,VE,,0,small_airport
SVEZ,295,VE,,0,medium_airport
SVFG,663,VE,Francisco de Miranda,0,small_airport
SVFL,219,VE,,0,small_airport
SVFM,2739,VE,Caracas,0,medium_airport
SVFS,590,VE,,0,small_airport
SVBF,420,VE,,0,small_airport
SVFU,417,VE,San Antonio de Caparo,0,small_airport
SVFW,597,VE,,0,small_airport
SVFX,442,VE,,0,small_airport
SVFY,1706,VE,,0,small_airport
SVGA,495,VE,,0,small_airport
SVKG,138,VE,,0,small_airport
SVGD,427,VE,Guasdualito,0,medium_airport
SVAH,507,VE,,0,small_airport
SVGH,984,VE,,0,small_airport
SVGI,42,VE,,0,medium_airport
SVGP,641,VE,,0,small_airport
SVGR,2013,VE,,0,small_airport
SVGT,977,VE,,0,small_airport
SVGU,606,VE,Guanare,0,medium_airport
SVJX,1098,VE,,0,small_airport
SVHG,12,VE,Higuerote,0,small_airport
SVJZ,354,VE,La Palmita,0,small_airport
SVIH,256,VE,Los Marimares,0,small_airport
SVXS,499,VE,El Socorro,0,small_airport
SVIC,1640,VE,Ikabarú,0,small_airport
SVIE,10,VE,Isla de Coche,1,small_airport
SVIM,462,VE,,0,small_airport
SVJC,75,VE,Paraguaná,1,medium_airport
SVJF,187,VE,,0,small_airport
SVJH,197,VE,Soledad,0,small_airport
SVJI,264,VE,,0,small_airport
SVJJ,321,VE,Anzoategui,0,small_airport
SVJL,132,VE,Guayabal,0,small_airport
SVJM,1404,VE,San Juan de los Morros,0,medium_airport
SVJO,98,VE,,0,small_airport
SVJU,295,VE,,0,small_airport
SVKA,3900,VE,Kavanayén,0,small_airport
SVKB,291,VE,,0,small_airport
SVQR,213,VE,,0,small_airport
SVKN,328,VE,,0,small_airport
SVLA,534,VE,Las Colmenas,0,small_airport
SVIB,59,VE,La Blanquilla - Isla Margarita,0,small_airport
SVLC,262,VE,El Lucero,0,small_airport
SVLD,328,VE,Mata de Vino,0,small_airport
SVLF,305,VE,,0,medium_airport
SVLH,373,VE,Banco del Medio,0,small_airport
SVLI,46,VE,,0,small_airport
SVLJ,1262,VE,La Ceiba,0,small_airport
SVLK,296,VE,,0,small_airport
SVLL,209,VE,Callejas,0,small_airport
SVLM,118,VE,,0,small_airport
SVLN,420,VE,,0,small_airport
SVLO,5,VE,Isla La Orchila,0,medium_airport
SVLP,344,VE,,0,small_airport
SVLS,295,VE,,0,small_airport
SVLT,270,VE,,0,small_airport
SVLU,529,VE,El Lechozo,0,small_airport
SVLW,1540,VE,,0,small_airport
SVLX,295,VE,,0,small_airport
SVLY,393,VE,,0,small_airport
SVLZ,494,VE,,0,small_airport
SVMA,2140,VE,,0,small_airport
SVMB,720,VE,,0,small_airport
SVMC,239,VE,Maracaibo,1,large_airport
SVMD,5007,VE,Mérida,0,medium_airport
SVME,196,VE,,0,small_airport
SVMF,377,VE,,0,small_airport
SVMG,74,VE,Isla Margarita,1,large_airport
SVYM,427,VE,,0,small_airport
SVMI,234,VE,Maiquetía,1,large_airport
SVMJ,214,VE,,0,small_airport
SVMK,262,VE,,0,small_airport
SVML,230,VE,,0,small_airport
SVMM,151,VE,,0,small_airport
SVMN,90,VE,Mene Grande,0,small_airport
SVMO,295,VE,,0,small_airport
SVMP,574,VE,Ocumare del Tuy,0,medium_airport
SVMQ,646,VE,,0,small_airport
SVMS,328,VE,,0,small_airport
SVMT,224,VE,Maturín,1,medium_airport
SVMW,98,VE,,0,small_airport
SVMX,695,VE,Las Fernández,0,small_airport
SVUE,656,VE,San Juan de Manapiare,0,small_airport
SVMZ,295,VE,Mantecal,0,small_airport
SVNA,200,VE,,0,small_airport
SVMA,200,VE,Maripa,0,small_airport
SVNG,393,VE,,0,small_airport
SVMH,361,VE,,0,small_airport
SVNR,492,VE,,0,small_airport
SVNT,354,VE,La Guarandinga,0,small_airport
SVNX,272,VE,,0,small_airport
SVOA,374,VE,,0,small_airport
SVOB,137,VE,,0,small_airport
SVOC,202,VE,,0,small_airport
SVSN,530,VE,Sabaneta,0,small_airport
SVSM,804,VE,Punta de Mata,0,small_airport
SVZA,328,VE,,0,small_airport
SVON,164,VE,Cabimas,0,small_airport
SVOP,278,VE,,0,small_airport
SVOR,231,VE,,0,small_airport
SVOS,328,VE,,0,small_airport
SVOT,390,VE,,0,small_airport
SVOW,380,VE,,0,small_airport
SVPA,245,VE,Puerto Ayacucho,0,medium_airport
SVPC,32,VE,Puerto Cabello,0,medium_airport
SVPE,25,VE,Capure,0,small_airport
SVPX,3373,VE,Paraitepuy de Ikabarú,0,small_airport
SVPI,2857,VE,El Paují,0,small_airport
SVPM,3313,VE,San Cristóbal,0,medium_airport
SVPO,295,VE,,0,small_airport
SVLP,4250,VE,Luepa,0,small_airport
SVPR,472,VE,Guyana City,1,large_airport
SVPS,1084,VE,San Pedro,0,small_airport
SVPT,347,VE,Palmarito,0,medium_airport
SVGA,797,VE,La Paragua,0,small_airport
SVPV,554,VE,Pedraza La Vieja,0,small_airport
SVPW,574,VE,Pedro María Freites,0,small_airport
SVPY,32,VE,,0,small_airport
SVPZ,344,VE,,0,small_airport
SVQA,446,VE,,0,small_airport
SVQB,219,VE,,0,small_airport
SVQC,164,VE,,0,small_airport
SVQI,377,VE,,0,small_airport
SVQJ,267,VE,La Trinidad,0,small_airport
SVQK,924,VE,,0,small_airport
SVTO,590,VE,Gurí,0,small_airport
SVQN,337,VE,,0,small_airport
SVQP,18,VE,Miguelón,0,small_airport
SVQT,492,VE,,0,small_airport
SVQU,429,VE,San Isidro,0,small_airport
SVQW,379,VE,,0,small_airport
SVQX,2100,VE,El Paso,0,small_airport
SVQY,475,VE,,0,small_airport
SVQZ,354,VE,,0,small_airport
SVRA,33,VE,,0,small_airport
SVRB,26,VE,Tocópero,0,small_airport
SVRD,180,VE,Coco de Mono,0,small_airport
SVRE,420,VE,,0,small_airport
SVRG,918,VE,La Leona,0,small_airport
SVRI,442,VE,Caño Riecito,0,small_airport
SVRK,328,VE,,0,small_airport
SVRL,2034,VE,,0,small_airport
SVQT,376,VE,,0,small_airport
SVRO,50,VE,Marigüitar,0,closed
SVRQ,550,VE,,0,small_airport
SVRR,1542,VE,,0,small_airport
SVRS,17,VE,Gran Roque Island,1,small_airport
SVRT,354,VE,,0,small_airport
SVRU,459,VE,,0,small_airport
SVSA,1312,VE,San Antonio del Tachira,1,medium_airport
SVSB,590,VE,Santa Bárbara,0,small_airport
SVSD,390,VE,,0,small_airport
SVSE,2938,VE,Santa Elena de Uairén,1,medium_airport
SVSG,460,VE,Barinas,0,small_airport
SVSH,173,VE,,0,small_airport
SVSI,192,VE,Haoo Piñero,0,small_airport
SVSK,485,VE,,0,small_airport
SVSL,233,VE,,0,small_airport
SVSM,400,VE,,0,small_airport
SVSN,394,VE,,0,small_airport
SVSO,1083,VE,Santo Domingo,1,medium_airport
SVSP,761,VE,San Felipe,0,medium_airport
SVSQ,222,VE,,0,small_airport
SVSR,154,VE,San Fernando de Apure,0,medium_airport
SVST,861,VE,El Tigre,1,medium_airport
SVSU,75,VE,,0,small_airport
SVSZ,32,VE,San Carlos del Zulia,0,medium_airport
SVTB,390,VE,,0,small_airport
SVTC,16,VE,Tucupita,0,medium_airport
SVTD,360,VE,La Estacada,0,small_airport
SVAB,1204,VE,Campamento  Arekuna,0,small_airport
SVTF,393,VE,,0,small_airport
SVTG,360,VE,,0,small_airport
SVTH,328,VE,La Trinidad de Orichuna,0,small_airport
SVLC,839,VE,,0,small_airport
SVTM,345,VE,,0,medium_airport
SVTN,150,VE,,0,small_airport
SVTO,392,VE,El Toco,0,small_airport
SVTP,9,VE,,0,small_airport
SVTR,104,VE,Mata negra,0,closed
SVTT,672,VE,,0,small_airport
SVTU,338,VE,Turagua,0,small_airport
SVTN,521,VE,,0,small_airport
SVTW,148,VE,Las Mercedes del Llano,0,small_airport
SVMY,1672,VE,,0,small_airport
SVUM,1148,VE,Urimán,0,small_airport
SVUP,1056,VE,Upata,0,small_airport
SVUQ,2820,VE,Uonquén,0,small_airport
SVUY,1476,VE,,0,small_airport
SVVA,1411,VE,Valencia,1,large_airport
SVVD,631,VE,,0,small_airport
SVVG,250,VE,El Vigía,1,medium_airport
SVVH,301,VE,,0,small_airport
SVVK,236,VE,Las Queseritas,0,small_airport
SVVL,2060,VE,Valera,1,medium_airport
SVVP,410,VE,,0,medium_airport
SVVR,1082,VE,,0,small_airport
SVVE,59,VE,,0,small_airport
SVWA,226,VE,Santa Bárbara,0,small_airport
SVWB,49,VE,,0,small_airport
SVJB,266,VE,,0,small_airport
SVWQ,2001,VE,Mijagual,0,small_airport
SVWX,394,VE,,0,small_airport
SVXF,393,VE,,0,small_airport
SVXU,285,VE,La Hoyda,0,small_airport
SVYA,482,VE,,0,small_airport
SVEY,262,VE,El Yagual,0,small_airport
SVYP,360,VE,,0,small_airport
SVYU,722,VE,,0,small_airport
SWBC,112,BR,Barcelos,1,small_airport
SWBE,2900,BR,São Benedito,0,small_airport
SWBG,870,BR,Pontes e Lacerda,0,small_airport
SWBR,98,BR,Borba,1,small_airport
SWCA,355,BR,Carauari,1,small_airport
SWCB,2198,BR,Campos Belos,0,small_airport
SWCQ,623,BR,Costa Marques,0,small_airport
SWCZ,1962,BR,Ceres,0,small_airport
SWDM,1539,BR,Diamantino,0,small_airport
SWDN,2415,BR,Dianópolis,0,small_airport
SWEI,400,BR,Eirunepé,0,small_airport
SWEK,1306,BR,Canarana,0,small_airport
SWFN,203,BR,Manaus,0,small_airport
SWFR,3166,BR,Formosa,0,small_airport
SWFX,650,BR,São Félix Do Araguaia,0,small_airport
SWGI,1148,BR,Gurupi,0,small_airport
SWGN,771,BR,Araguaína,1,medium_airport
SWHP,1476,BR,Água Boa,0,small_airport
SWHT,230,BR,Humaitá,0,small_airport
SWII,220,BR,Santo Antônio do Içá,0,small_airport
SWJN,1083,BR,Juína,0,small_airport
SWJW,2529,BR,Jataí,0,small_airport
SWKC,492,BR,Cáceres,0,small_airport
SWKO,151,BR,Coari,0,small_airport
SWKQ,1362,BR,São Raimundo Nonato,0,small_airport
SWKT,2612,BR,Catalão,0,small_airport
SWLB,243,BR,Lábrea,1,small_airport
SWLC,2464,BR,Rio Verde,0,small_airport
SWME,2707,BR,Mineiros,0,small_airport
SWMW,69,BR,Maués,0,small_airport
SWNH,820,BR,Aruanã,0,small_airport
SWNK,394,BR,Boca do Acre,0,small_airport
SWNQ,2756,BR,Niquelândia,0,small_airport
SWNS,3648,BR,Anápolis,0,small_airport
SBNV,2707,BR,Goiânia,0,small_airport
SWOB,207,BR,Fonte Boa,0,small_airport
SWPI,87,BR,Parintins,0,small_airport
SWPK,591,BR,Poconé,0,small_airport
SWPM,682,BR,Pimenta Bueno,0,small_airport
SWPR,2562,BR,Pires do Rio,0,small_airport
SWPY,2149,BR,Primavera Do Leste,0,small_airport
SWPZ,2759,BR,Posse,0,small_airport
SBQI,184,BR,Caracaraí,0,small_airport
SWRO,371,BR,Porto Velho,0,small_airport
SWTO,1083,BR,Paraíso Do Tocantins,0,small_airport
SWTP,141,BR,Santa Isabel do Rio Negro,1,small_airport
SWTS,1473,BR,Tangará da Serra,1,small_airport
SWTY,1959,BR,Taguatinga,0,small_airport
SWUA,1249,BR,São Miguel do Araguaia,0,small_airport
SWUD,2690,BR,Cláudio,0,small_airport
SWUZ,3269,BR,Luziânia,0,small_airport
SWVC,833,BR,Vila Rica,0,small_airport
SWWA,1201,BR,Porangatu,0,small_airport
SWWU,1706,BR,Uruaçu,0,small_airport
SWXM,886,BR,Matupá,0,small_airport
SWXV,1037,BR,Nova Xavantina,0,small_airport
SWYN,197,BR,Apuí,0,small_airport
SYCJ,95,GY,Georgetown,1,large_airport
SYEC,10,GY,Ogle,1,medium_airport
TAPA,62,AG,Osbourn,1,large_airport
TAPH,15,AG,Codrington,1,closed
TAPT,15,AG,Coco Point,0,small_airport
TBPB,169,BB,Bridgetown,1,large_airport
TBPO,0,BB,,0,heliport
PPCT,825,US,Takotna,1,small_airport
TDCF,13,DM,Canefield,1,medium_airport
TDPD,73,DM,Marigot,1,medium_airport
TFFA,10,GP,Grande Anse,1,small_airport
TFFB,59,GP,Basse-Terre,1,small_airport
TFFC,10,GP,St-François,1,small_airport
TFFF,16,MQ,Fort-de-France,1,large_airport
TFFG,7,MF,Grand Case,1,medium_airport
TFFJ,49,BL,Gustavia,1,medium_airport
TFFM,16,GP,Grand-Bourg,1,medium_airport
TFFR,36,GP,Pointe-à-Pitre,1,large_airport
TFFS,46,GP,Les Saintes,0,small_airport
TGPY,41,GD,Saint George's,1,large_airport
TGPZ,5,GD,Carriacou Island,1,small_airport
VTBC,72,TH,Khao Wua,0,small_airport
TIST,23,VI,Charlotte Amalie,1,large_airport
TISX,74,VI,Christiansted,1,medium_airport
TJAB,23,PR,Arecibo,0,medium_airport
TJBQ,237,PR,Aguadilla,1,medium_airport
TJCP,49,PR,Culebra,1,medium_airport
TJIG,10,PR,San Juan,1,medium_airport
TJMZ,28,PR,Mayaguez,1,medium_airport
TJPS,29,PR,Ponce,1,medium_airport
TJRV,38,PR,Ceiba,1,medium_airport
TJSJ,9,PR,San Juan,1,large_airport
TJVQ,49,PR,Vieques,1,medium_airport
TKPK,170,KN,Basseterre,1,large_airport
TKPN,14,KN,Charlestown,1,medium_airport
TLPC,22,LC,Castries,1,medium_airport
TLPL,14,LC,Vieux Fort,1,large_airport
UTAN,-26,TM,Balkanabat,1,medium_airport
TNCA,60,AW,Oranjestad,1,large_airport
TNCB,20,BQ,Kralendijk,1,large_airport
TNCC,29,CW,Willemstad,1,large_airport
TNCE,129,BQ,Oranjestad,1,medium_airport
TNCM,13,SX,Sint Maarten,1,large_airport
TNCS,60,BQ,Zion's Hill,1,medium_airport
TQPF,127,AI,The Valley,1,medium_airport
LTFL,0,TR,Keşan,0,medium_airport
TRPG,550,MS,Gerald's Park,1,large_airport
TTCP,38,TT,Scarborough,1,large_airport
TTPP,58,TT,Port of Spain,1,large_airport
TUPA,9,VG,Anegada,0,small_airport
TUPG,0,VG,Virgin Gorda,0,seaplane_base
TUPJ,15,VG,Beef Island,1,large_airport
TUPW,9,VG,Spanish Town,1,medium_airport
TVSA,136,VC,Kingstown,1,large_airport
TVSB,15,VC,Bequia,1,medium_airport
TVSC,11,VC,Canouan,1,medium_airport
TVSM,8,VC,Lovell,1,medium_airport
TVSU,16,VC,Union Island,1,medium_airport
ZWTS,3566,CN,Tumxuk,1,small_airport
TXKF,12,BM,Hamilton,1,large_airport
HTMV,3445,TZ,Mvumi,0,small_airport
HTKU,4175,TZ,Kasulu,0,small_airport
HTBH,4723,TZ,Biharamulo,0,small_airport
HTND,5353,TZ,Ndutu,0,small_airport
HTFE,3300,TZ,Ibolero,0,small_airport
HTME,585,TZ,Matambwe,0,small_airport
HTBN,3944,TZ,Bubada,0,small_airport
HTHY,5750,TZ,Haidom,0,small_airport
HTMH,5131,TZ,Makau,0,small_airport
HTSS,24,TZ,Songo Songo Island,0,small_airport
HTKC,6300,TZ,,0,small_airport
HTKN,3000,TZ,,0,small_airport
HTRU,3955,TZ,Geita,0,small_airport
UKRN,440,UA,Nizhyn,0,medium_airport
UKFH,46,UA,Sevastopol,0,small_airport
UKDM,0,UA,Melitopol,0,medium_airport
UKBC,584,UA,Bila Tserkva,0,medium_airport
UKOD,0,UA,Bolgrad,0,medium_airport
UKOA,0,UA,Artsyz,0,small_airport
UKOM,0,UA,Lymanske,0,small_airport
UKBM,400,UA,Myrhorod,0,small_airport
UKHK,266,UA,Kremenchuk,0,small_airport
UKHU,0,UA,Kupyansk,0,small_airport
UKOE,0,UA,Naberezhne,0,small_airport
UKBD,0,UA,,0,small_airport
UKMG,0,UA,,0,small_airport
UKMN,107,UA,Koson',0,small_airport
UKKB,490,UA,Borodyanka,0,small_airport
UKLA,860,UA,Sambir,0,small_airport
UKLS,873,UA,Starokostiantyniv,0,small_airport
UKBF,476,UA,Konotop,0,small_airport
UKBP,449,UA,Pryluky,0,small_airport
UKKT,582,UA,Kyiv,0,small_airport
UKBE,276,UA,Pekari,0,heliport
UCFB,3602,KG,Batken,1,medium_airport
UZTC,2296,UZ,Chirchik,0,small_airport
UAAA,2234,KZ,Almaty,1,large_airport
UAAH,1446,KZ,Balkhash,1,medium_airport
UAAL,1288,KZ,Usharal,1,small_airport
UAAR,2313,KZ,Boralday,0,small_airport
UAAT,1925,KZ,Taldykorgan,1,medium_airport
UACC,1165,KZ,Astana,1,large_airport
UACK,900,KZ,Kokshetau,1,large_airport
UACP,453,KZ,Petropavl,1,large_airport
UADD,2184,KZ,Taraz,1,large_airport
UCFR,4840,KG,Isfana,1,small_airport
UCFM,2058,KG,Bishkek,1,large_airport
UCFO,2927,KG,Osh,1,large_airport
UCFK,5590,KG,Karakol,1,medium_airport
UAFW,2549,KG,Kant,0,medium_airport
UAII,1385,KZ,Shymkent,1,large_airport
UAIT,951,KZ,Turkıstan,1,large_airport
UAKD,1250,KZ,Zhezkazgan,1,large_airport
UAKK,1765,KZ,Karaganda,1,large_airport
UAON,328,KZ,Töretam,0,medium_airport
UAOO,433,KZ,Kyzylorda,1,large_airport
UARR,125,KZ,Uralsk,1,large_airport
UASB,621,KZ,Ekibastuz,0,medium_airport
UASK,939,KZ,Ust-Kamenogorsk (Oskemen),1,large_airport
UASP,410,KZ,Pavlodar,1,large_airport
UASS,761,KZ,Semey,1,large_airport
UASZ,1877,KZ,Zaysan,1,small_airport
UATE,73,KZ,Aktau,1,large_airport
UATG,-72,KZ,Atyrau,1,large_airport
UATT,738,KZ,Aktobe,1,large_airport
UATZ,-78,KZ,Tengiz,0,small_airport
UAUR,1266,KZ,Arkalyk,0,small_airport
UAUU,595,KZ,Kostanay,1,large_airport
UBBB,10,AZ,Baku,1,large_airport
UBBG,1083,AZ,Ganja,1,large_airport
UBBL,30,AZ,Lankaran,1,small_airport
UBBN,2863,AZ,Nakhchivan,1,large_airport
UBBQ,935,AZ,Gabala,1,medium_airport
UBBY,1279,AZ,Zaqatala,0,medium_airport
UCFL,5425,KG,Tamchy,1,large_airport
UDSG,5000,AM,Gyumri,1,large_airport
UDYE,2948,AM,Yerevan,0,medium_airport
UDYZ,2838,AM,Yerevan,1,large_airport
UEBB,696,RU,Batagay,1,small_airport
UEBK,1100,RU,Kular,0,small_airport
UEBS,1686,RU,Batagay-Alyta,1,small_airport
UEBT,327,RU,Ust-Kuyga,1,small_airport
UEBW,0,RU,,0,small_airport
UECT,1329,RU,Talakan Oil Field,0,small_airport
UEEA,2241,RU,Aldan,0,small_airport
UEEE,325,RU,Yakutsk,1,large_airport
UEEX,0,RU,,0,small_airport
UELL,2812,RU,Neryungri,1,medium_airport
UEMA,656,RU,Khonuu,1,medium_airport
UEMH,925,RU,Khandyga,0,small_airport
UEMM,577,RU,Magan,0,medium_airport
UEMO,656,RU,Olyokminsk,1,medium_airport
UEMT,1805,RU,Ust-Nera,1,medium_airport
UEMU,561,RU,Ust-Maya,1,small_airport
UENK,331,RU,Kyzyl-Syr,0,medium_airport
UENN,394,RU,Nyurba,0,small_airport
UENS,452,RU,Suntar,1,small_airport
UENW,361,RU,Vilyuisk,1,medium_airport
UERA,0,RU,,0,medium_airport
UERL,801,RU,Lensk,1,medium_airport
UERO,847,RU,Olenyok,0,small_airport
UERP,1660,RU,Yakutia,1,medium_airport
UERR,1156,RU,Mirny,1,medium_airport
UESG,118,RU,Belaya Gora,0,medium_airport
UESK,60,RU,Srednekolymsk,1,medium_airport
UESO,151,RU,Chokurdah,1,medium_airport
UESS,20,RU,Cherskiy,1,medium_airport
UEST,26,RU,Tiksi,1,medium_airport
UESU,140,RU,Zyryanka,1,medium_airport
UEVV,292,RU,Zhigansk,1,medium_airport
HUKI,6200,UG,Kisoro,1,small_airport
HUMY,3250,UG,Moyo,0,small_airport
UGGT,1496,GE,Telavi,0,small_airport
UGAM,1784,GE,Ambrolauri,1,medium_airport
UGKO,223,GE,Kopitnari,1,large_airport
UGMS,4778,GE,Mestia,1,small_airport
UGSA,1674,GE,Natakhtari,1,small_airport
UGSB,105,GE,Batumi,1,large_airport
UGSS,53,GE,Sukhumi,1,large_airport
UGTB,1624,GE,Tbilisi,1,large_airport
UHAB,3,RU,Enmelen,0,heliport
UHAC,644,RU,Chuvanskoye,0,small_airport
UHAS,165,RU,Sireniki,0,heliport
UHAW,131,RU,Vayegi,0,small_airport
UHBA,420,RU,Arkhara,0,small_airport
UHBB,638,RU,Blagoveschensk,1,medium_airport
UHBE,905,RU,Zeya,0,small_airport
UHBN,591,RU,Novokievsky Uval,0,small_airport
UHBO,1070,RU,,0,small_airport
UHBP,1781,RU,Ekimchan,0,small_airport
UHBS,600,RU,Svobodny,0,small_airport
UHBW,2001,RU,Tynda,0,small_airport
UHBX,1363,RU,Gornyy,0,small_airport
UHEI,1165,RU,,0,small_airport
UHEK,1745,RU,,0,small_airport
UHGB,10,RU,Yamsk,0,small_airport
UHHG,1199,RU,Bomnak,0,small_airport
UHHH,244,RU,Khabarovsk,1,medium_airport
UHHO,93,RU,Troitskoye,0,small_airport
UHHT,262,RU,Khabarovsk,0,small_airport
UHHY,0,RU,Chumikan,0,small_airport
UHKD,89,RU,Komsomolsk-na-Amur,0,medium_airport
UHKK,92,RU,Komsomolsk-on-Amur,1,medium_airport
UHKM,768,RU,Sovetskaya Gavan,0,medium_airport
UHKN,59,RU,Nizhnetambovskoye,0,small_airport
UHMA,194,RU,Anadyr,1,medium_airport
UHMD,72,RU,Chukotka,0,medium_airport
UHME,22,RU,Egvekinot,0,small_airport
UHMF,1732,RU,Omsukchan,1,medium_airport
UHMG,207,RU,Chaybukha,0,medium_airport
UHMH,2129,RU,Susman,1,small_airport
UHMI,20,RU,Mys Shmidta,0,small_airport
UHMK,623,RU,Keperveem,1,medium_airport
UHML,30,RU,Lavrentiya,0,small_airport
UHMM,574,RU,Magadan,1,medium_airport
UHMN,869,RU,Omolon,1,small_airport
UHMO,75,RU,Markovo,1,small_airport
UHMP,11,RU,Apapelgino,1,medium_airport
UHMR,3,RU,Beringovsky,0,small_airport
UHMS,679,RU,Seymchan,0,medium_airport
UHMT,164,RU,Magadan,0,medium_airport
UHMW,32,RU,Evensk,0,medium_airport
UHMZ,112,RU,Wrangel Island,0,small_airport
UHNA,15,RU,Ayan,0,small_airport
UHNB,150,RU,Bogorodskoye,1,small_airport
UHNK,2684,RU,Mar-Kyuel,0,small_airport
UHNN,170,RU,Nikolayevsk-na-Amure Airport,1,medium_airport
UHNT,0,RU,Tugur,0,small_airport
UHOA,749,RU,Arka,0,small_airport
UHOO,45,RU,Okhotsk,1,medium_airport
UHPA,10,RU,Ust-Pakhachi,0,small_airport
UHPD,13,RU,Ossora,0,small_airport
UHPG,430,RU,Tigil,0,small_airport
UHPH,95,RU,Petropavlovsk-Kamchatskiy,0,small_airport
UHPK,200,RU,Ust'-Kamchatsk (Krutoberegovo),1,small_airport
UHPL,112,RU,Palana,0,medium_airport
UHPM,410,RU,Milkovo,0,small_airport
UHPN,33,RU,Manily,0,small_airport
UHPO,331,RU,Kozyrevsk,0,heliport
UHPP,131,RU,Petropavlovsk-Kamchatsky,1,large_airport
UHPT,7,RU,Korf,0,small_airport
UHPU,0,RU,Ust-Khayryuzovo,0,small_airport
UHPX,49,RU,Nikolskoye,0,small_airport
UHQE,0,RU,Slautnoye,0,small_airport
UHPS,87,RU,Sobolevo,0,small_airport
UHSB,79,RU,Kurilsk,0,small_airport
UHSH,123,RU,Okha,0,small_airport
UHSI,387,RU,Kurilsk,1,small_airport
UHSK,50,RU,Shakhtyorsk,1,small_airport
UHSM,584,RU,Yuzhno-Kurilsk,1,small_airport
UHSN,109,RU,Nogliki,1,small_airport
UHSO,479,RU,Tymovskoye,0,small_airport
UHSS,59,RU,Yuzhno-Sakhalinsk,1,large_airport
UHTG,10,RU,Amgu,0,small_airport
UHTO,1220,RU,,0,small_airport
UHTQ,131,RU,Svetlaya,0,small_airport
UHTS,13,RU,,0,small_airport
UHWE,98,RU,Yedinka,0,small_airport
UHWK,730,RU,Kavalerovo,0,small_airport
UHWP,66,RU,Plastun,1,small_airport
UHWT,33,RU,Terney,0,small_airport
UHWW,59,RU,Artyom,1,large_airport
UIAA,2272,RU,Chita,1,large_airport
UIAC,0,RU,,0,small_airport
UIBB,1610,RU,Bratsk,1,medium_airport
UIBS,1339,RU,Ust-Ilimsk,0,small_airport
UIIB,1503,RU,Usolye-Sibirskoye,0,small_airport
UIII,1675,RU,Irkutsk,1,large_airport
UIKB,919,RU,Bodaybo,1,small_airport
UIKK,840,RU,Kirensk,0,small_airport
UIKM,659,RU,Mama,0,small_airport
UHTR,34,RU,Preobrazheniye,0,small_airport
UINN,1340,RU,Nizhneudinsk,0,small_airport
UITK,1499,RU,Kazachinskaya,0,small_airport
UITT,2188,RU,Ust-Kut,1,medium_airport
UIUN,1545,RU,Nizhneangarsk,1,small_airport
UIUU,1690,RU,Ulan Ude,1,large_airport
UKHW,453,UA,Chuhuiv,0,small_airport
UKBB,427,UA,Boryspil,0,large_airport
UKCK,646,UA,Kramatorsk,0,small_airport
UKCM,251,UA,Mariupol,0,medium_airport
UKDB,171,UA,Berdyansk,0,medium_airport
UKDD,481,UA,Dnipro,0,medium_airport
UKDE,373,UA,Zaporizhia,0,medium_airport
UKDR,408,UA,Kryvyi Rih,0,medium_airport
UKFB,344,UA,Sevastopol,0,medium_airport
UKFF,639,UA,Simferopol,0,large_airport
UKFG,721,UA,Hvardiiske,0,medium_airport
UKFI,36,UA,Novofedorivka,0,medium_airport
UKFK,171,UA,Kerch,0,small_airport
UKFW,955,UA,Simferopol,0,small_airport
UKFY,75,UA,Dzhankoy,0,medium_airport
OOMK,473,OM,Mukhaizna Oil Field,0,small_airport
UKHD,592,UA,Kharkiv,0,small_airport
UKHH,508,UA,Kharkiv,0,medium_airport
UKHP,505,UA,Poltava,0,medium_airport
UKHS,594,UA,Sumy,0,small_airport
UKKE,375,UA,Cherkasy,0,medium_airport
UKKG,568,UA,Kirovograd,0,small_airport
UKKK,587,UA,Kyiv,0,medium_airport
UKKM,517,UA,Kiev,0,medium_airport
UKKO,761,UA,Zhytomyr,0,medium_airport
UKKV,0,UA,Zhytomyr,0,medium_airport
UKLC,774,UA,Lutsk,0,small_airport
UKLH,1150,UA,Khmelnytskyi,0,medium_airport
UKLI,919,UA,Ivano-Frankivsk,0,medium_airport
UKLL,1071,UA,Lviv,0,large_airport
UKLN,826,UA,Chernivtsi,0,medium_airport
UKLR,755,UA,Rivne,0,medium_airport
UKLT,1072,UA,Ternopil,0,small_airport
UKLU,383,UA,Uzhhorod,0,medium_airport
UKNG,357,UA,Gogoliv (Kiev),0,small_airport
UKOH,148,UA,Kherson,0,medium_airport
UKON,184,UA,Mykolaiv,0,medium_airport
UKOO,172,UA,Odesa,0,large_airport
UKOR,177,UA,Mykolaiv,0,small_airport
UKWW,961,UA,Vinnitsa,0,medium_airport
ULAA,62,RU,Archangelsk,1,medium_airport
ULAH,82,RU,Arkhangelsk,0,medium_airport
ULAL,220,RU,Leshukonskoye,1,small_airport
ULAM,36,RU,Naryan Mar,1,medium_airport
ULAS,60,RU,Solovetsky Islands,1,small_airport
ULDD,13,RU,Amderma,1,medium_airport
ULDW,23,RU,Varandey,0,small_airport
ULKK,184,RU,Kotlas,1,medium_airport
ULKS,318,RU,Kotlas,0,small_airport
ULLI,78,RU,St. Petersburg,1,large_airport
ULLP,230,RU,St. Petersburg,0,medium_airport
ULMM,266,RU,Murmansk,1,large_airport
ULOO,154,RU,Pskov,1,medium_airport
ULPB,151,RU,Petrozavodsk,1,medium_airport
ULWC,377,RU,Cherepovets,1,medium_airport
ULWK,343,RU,Kichmengskiy Gorodok,0,small_airport
ULWU,331,RU,Velikiy Ustyug,1,medium_airport
ULWW,387,RU,Vologda,0,medium_airport
UMBB,468,BY,Brest,1,large_airport
UMGG,472,BY,Gomel,1,medium_airport
UMII,682,BY,Vitebsk,0,medium_airport
UMKK,42,RU,Kaliningrad,1,large_airport
UMLI,699,BY,Minsk,0,small_airport
UMMA,0,BY,Baranavichi,0,medium_airport
UMMG,443,BY,Hrodna,0,medium_airport
UMMS,670,BY,Minsk,1,large_airport
UMOO,637,BY,Mogilev,1,medium_airport
UNAA,831,RU,Abakan,1,large_airport
UNAU,885,RU,Kazantsevo,0,small_airport
UNBB,837,RU,Barnaul,1,large_airport
UNBG,965,RU,Gorno-Altaysk,0,medium_airport
UNEE,863,RU,Kemerovo,1,large_airport
UNIB,853,RU,Baykit,0,medium_airport
UNII,253,RU,Yeniseysk,1,medium_airport
UNIP,213,RU,Bor,0,medium_airport
UNIS,1706,RU,Severo-Yeniseysk,1,medium_airport
UNIT,2044,RU,Tura,1,small_airport
UNIW,892,RU,Vanavara,1,medium_airport
UNKB,446,RU,Boguchany,0,small_airport
UNKI,990,RU,,0,small_airport
UNKL,942,RU,Krasnoyarsk,1,large_airport
UNKO,1099,RU,Sharypovo,0,small_airport
UNKS,1033,RU,Achinsk,0,medium_airport
UNKY,2123,RU,Kyzyl,1,medium_airport
UNLL,243,RU,Kolpashevo,0,small_airport
UNNE,617,RU,Novosibirsk,0,medium_airport
UNNT,365,RU,Novosibirsk,1,large_airport
UNOO,311,RU,Omsk,1,large_airport
UNOS,380,RU,Omsk,0,medium_airport
UNSS,164,RU,Strezhevoy,0,medium_airport
UNTT,597,RU,Tomsk,1,large_airport
UNWW,1024,RU,Novokuznetsk,1,medium_airport
UODD,47,RU,Dikson,0,medium_airport
UODS,26,RU,Khatanga,0,small_airport
UOHH,95,RU,Khatanga,1,medium_airport
UOII,82,RU,Igarka,1,medium_airport
UOOO,574,RU,Norilsk,1,large_airport
UOOW,108,RU,Valek,0,heliport
UOTT,128,RU,Turukhansk,1,small_airport
URKA,174,RU,Krasnyi Kurgan,0,medium_airport
URKG,98,RU,Gelendzhik,1,medium_airport
URKK,118,RU,Krasnodar,1,large_airport
URKR,712,RU,Armavir,0,small_airport
URKS,62,RU,Enem,0,small_airport
URME,0,RU,Yessentuki,0,small_airport
URMG,548,RU,Grozny,1,large_airport
URML,12,RU,Makhachkala,1,large_airport
URMM,1054,RU,Mineralnyye Vody,1,large_airport
URMN,1461,RU,Nalchik,1,medium_airport
URMO,1673,RU,Beslan,1,medium_airport
URMS,1165,RU,Sunzha,1,medium_airport
URMT,1486,RU,Stavropol,1,medium_airport
URRH,0,RU,Shakhty,0,small_airport
URRN,0,RU,,0,small_airport
URRP,213,RU,Rostov-on-Don,0,large_airport
URSS,89,RU,Sochi,1,large_airport
URWA,-65,RU,Astrakhan,1,large_airport
URWI,501,RU,Elista,1,medium_airport
URWW,482,RU,Volgograd,1,large_airport
USCC,769,RU,Chelyabinsk,1,large_airport
USCG,830,RU,,0,small_airport
USCM,1430,RU,Magnitogorsk,1,large_airport
USDA,46,RU,Sabetta,1,medium_airport
USDB,24,RU,Bovanenkovo,1,medium_airport
USDD,218,RU,Salekhard,1,medium_airport
USDK,3,RU,Mys Kamennyi,0,small_airport
USDO,92,RU,Tolka,1,small_airport
USDP,101,RU,Krasnoselkup,0,small_airport
USDR,33,RU,Yar-Sale,0,small_airport
USDS,82,RU,Tarko-Sale,0,small_airport
USHA,90,RU,Saranpaul',0,small_airport
USHB,98,RU,,0,medium_airport
USHH,76,RU,Khanty-Mansiysk,1,medium_airport
USHI,79,RU,,0,small_airport
USHK,131,RU,Kondinskoye,0,small_airport
USHN,361,RU,Nyagan,1,medium_airport
USHQ,82,RU,,1,medium_airport
USHS,351,RU,Sovetskiy,1,medium_airport
USHU,190,RU,Uray,1,medium_airport
USII,531,RU,Izhevsk,1,medium_airport
USKK,479,RU,Kirov,1,medium_airport
USMM,49,RU,Nadym,1,medium_airport
USMU,210,RU,Novy Urengoy,1,medium_airport
USNN,177,RU,Nizhnevartovsk,1,large_airport
USPP,404,RU,Perm,1,large_airport
USPT,207,RU,Solikamsk,0,small_airport
USRK,220,RU,Kogalym,1,medium_airport
USRN,115,RU,Nefteyugansk,0,medium_airport
USRO,446,RU,Noyabrsk,1,medium_airport
USRR,200,RU,Surgut,1,large_airport
USSK,643,RU,Yekaterinburg,0,medium_airport
USSQ,420,RU,Alapayevsk,0,small_airport
USSS,764,RU,Yekaterinburg,1,large_airport
USTJ,167,RU,Tobolsk,1,medium_airport
USTO,167,RU,Tobolsk,0,small_airport
USTR,378,RU,Tyumen,1,large_airport
USUU,240,RU,Kurgan,1,medium_airport
UTAA,692,TM,Ashgabat,1,large_airport
UTAE,770,TM,Kerki,0,small_airport
UTAK,279,TM,Turkmenbaşy,1,medium_airport
UTAM,728,TM,Mary,1,medium_airport
UTAT,272,TM,Daşoguz,1,large_airport
UTAV,649,TM,Türkmenabat,1,large_airport
UTDD,2575,TJ,Dushanbe,1,large_airport
UTDK,2293,TJ,Kulob,1,large_airport
UTDL,1450,TJ,Khujand,1,large_airport
UTDT,1473,TJ,Bokhtar,1,large_airport
UZFN,1555,UZ,Namangan,1,large_airport
UZFA,1515,UZ,Andijan,1,medium_airport
UZFF,1980,UZ,Fergana,1,medium_airport
UZNM,177,UZ,Muynak,0,small_airport
UZNN,246,UZ,Nukus,1,large_airport
UZNU,320,UZ,Urgench,1,large_airport
UZSA,1140,UZ,Navoi,1,medium_airport
UZSB,751,UZ,Bukhara,1,large_airport
UZSH,1900,UZ,Shahrisabz,0,small_airport
UZSK,1230,UZ,Karshi,1,small_airport
UZSL,1365,UZ,Khanabad,0,small_airport
UZSN,1396,UZ,Zarafshan,0,small_airport
UZSS,2224,UZ,Samarkand,1,large_airport
UZST,1027,UZ,Termez,1,medium_airport
UZTP,1574,UZ,Tashkent,1,medium_airport
UZTT,1417,UZ,Tashkent,1,large_airport
UZTZ,1760,UZ,Zomin,1,medium_airport
MPUP,9,PA,Ustupu,0,small_airport
UUBA,446,RU,Kostroma,1,medium_airport
UUBC,656,RU,Kaluga,0,medium_airport
UUBI,410,RU,Ivanovo,1,medium_airport
UUBP,663,RU,Bryansk,0,medium_airport
UUBQ,120,RU,Sharya,0,small_airport
UUBS,820,RU,Smolensk,0,small_airport
UUBW,377,RU,Moscow,1,large_airport
UUDD,588,RU,Moscow,1,large_airport
UUDL,287,RU,Tunoshna,1,large_airport
UUEE,622,RU,Moscow,1,large_airport
UUEI,449,RU,Kimry,0,small_airport
UUEM,469,RU,Tver,0,medium_airport
UUMD,351,RU,Selnikovo,0,small_airport
UUML,433,RU,Voskresensk,0,small_airport
UUMO,568,RU,Moscow,0,closed
UUMU,499,RU,Moscow,0,medium_airport
UUMY,675,RU,Ozery,0,small_airport
UUOB,735,RU,Belgorod,0,medium_airport
UUOD,344,RU,Voronezh,0,small_airport
UUOK,686,RU,Kursk,0,medium_airport
UUOL,584,RU,Lipetsk,0,medium_airport
UUOO,514,RU,Voronezh,1,medium_airport
UUOT,413,RU,Tambov,0,medium_airport
UUTZ,1562,RU,Shetakovo,0,small_airport
UUWK,600,RU,Kudinovo,0,small_airport
UUWW,685,RU,Moscow,1,large_airport
UUYH,482,RU,Ukhta,1,medium_airport
UUYI,184,RU,Inta,0,medium_airport
UUYK,358,RU,Vuktyl,0,medium_airport
UUYM,0,RU,Emva,0,small_airport
UUYP,98,RU,Pechora,1,medium_airport
UUYS,262,RU,Usinsk,1,medium_airport
UUYV,230,RU,Izhma,0,medium_airport
UUYW,604,RU,Vorkuta,1,medium_airport
UUYX,262,RU,Ust-Tsylma,0,medium_airport
UUYY,342,RU,Syktyvkar,1,medium_airport
UWGB,0,RU,Bolshoye Boldino,0,small_airport
UWGG,256,RU,Nizhny Novgorod,1,large_airport
UWKB,991,RU,Bugulma,1,medium_airport
UWKD,411,RU,Kazan,1,large_airport
UWKE,643,RU,Nizhnekamsk,1,medium_airport
UWKG,213,RU,Kazan,0,medium_airport
UWKJ,348,RU,Yoshkar-Ola,0,medium_airport
UWKS,558,RU,Cheboksary,1,medium_airport
UWLL,449,RU,Ulyanovsk,1,medium_airport
UWLS,673,RU,,0,small_airport
UWLW,252,RU,Cherdakly,1,medium_airport
UWOO,387,RU,Orenburg,1,medium_airport
UWOR,909,RU,Orsk,1,medium_airport
UWPP,614,RU,Penza,1,medium_airport
UWPS,676,RU,Saransk,1,large_airport
UWSB,95,RU,Balakovo,1,medium_airport
UWSG,103,RU,Saratov,1,large_airport
UWSK,177,RU,Krasny Kut,0,small_airport
UWUB,1827,RU,Beloretsk,0,small_airport
UWUK,377,RU,Kzyl-Yar,0,small_airport
UWUU,449,RU,Ufa,1,large_airport
UWWB,728,RU,Buguruslan,0,medium_airport
UWWG,135,RU,Samara,0,medium_airport
UWWS,131,RU,Samara,0,small_airport
UWWW,477,RU,Samara,1,large_airport
SUFB,52,UY,Fray Bentos,0,small_airport
SURO,130,UY,Rocha,0,small_airport
SUFL,188,UY,Florida,0,small_airport
SUTD,423,UY,Trinidad,0,small_airport
UASU,0,KZ,Urzhar,1,small_airport
VA1B,625,IN,,0,small_airport
VA1C,1541,IN,,0,small_airport
VA1D,1122,IN,,0,small_airport
VA1E,1014,IN,,0,small_airport
VA1F,1093,IN,,0,small_airport
VA1H,1450,IN,,0,small_airport
VA1J,1706,IN,,0,small_airport
VANY,135,IN,Naliya,0,small_airport
VA1L,2435,IN,Amla,0,small_airport
VA1M,1890,IN,,0,small_airport
VA1N,1617,IN,,0,small_airport
VA1O,1500,IN,,0,small_airport
VADU,31,IN,Diu,1,small_airport
VAGD,987,IN,Gondia,1,medium_airport
VA2D,1702,IN,,0,small_airport
VA78,91,US,Surry,0,heliport
VAAH,189,IN,Ahmedabad,1,large_airport
VAAK,999,IN,Akola,0,medium_airport
VAAU,1911,IN,Aurangabad,1,medium_airport
VABB,39,IN,Mumbai,1,large_airport
VABJ,268,IN,Bhuj,1,medium_airport
VOBM,2487,IN,Belgaum,1,medium_airport
VABO,129,IN,Vadodara,1,large_airport
VABP,1711,IN,Bhopal,1,large_airport
VABV,44,IN,Bhavnagar,1,medium_airport
VADN,33,IN,Daman,0,medium_airport
VADS,485,IN,Deesa,0,small_airport
VAGN,1600,IN,,0,small_airport
VOHB,2171,IN,Hubballi,1,medium_airport
VAHS,647,IN,Rajkot,1,large_airport
VAID,1850,IN,Indore,1,large_airport
VAJB,1624,IN,Jabalpur,1,medium_airport
VAJJ,13,IN,Mumbai,0,small_airport
VAJL,818,IN,Jalgaon,1,small_airport
VAJM,69,IN,Jamnagar,1,medium_airport
VAKE,96,IN,Kandla,1,medium_airport
VEKO,728,IN,Khajuraho,1,medium_airport
VAKP,1996,IN,Kolhapur,1,medium_airport
VAKS,167,IN,Keshod,1,medium_airport
VALT,2136,IN,Latur,1,medium_airport
VAMA,0,IN,Mundra,0,small_airport
VANP,1033,IN,Nagpur,1,large_airport
VAOZ,1900,IN,Nashik,1,large_airport
VAPO,1942,IN,Pune,1,large_airport
VAPR,23,IN,Porbandar,1,medium_airport
VARG,305,IN,,0,medium_airport
VARK,441,IN,Rajkot,0,medium_airport
VERP,1041,IN,Raipur,1,medium_airport
VASD,1926,IN,Kakadi,1,large_airport
VASL,1584,IN,Solapur,0,medium_airport
VASU,16,IN,Surat,1,large_airport
VAUD,1684,IN,Udaipur,1,medium_airport
KVBW,1165,US,Bridgewater,0,small_airport
VCBI,30,LK,Colombo,1,large_airport
VCCA,324,LK,Anuradhapura,0,medium_airport
VCCB,20,LK,Batticaloa,1,medium_airport
VCCC,22,LK,Colombo,1,large_airport
VCCG,150,LK,Ampara,0,medium_airport
VCCH,170,LK,Polonnaruwa Town,0,medium_airport
VCCJ,33,LK,Jaffna,1,large_airport
VCCK,10,LK,Galle,1,medium_airport
VCCN,10,LK,Kalutara,0,small_airport
VCCS,630,LK,Sigiriya,0,small_airport
VCCT,6,LK,Trincomalee,1,medium_airport
VCCV,299,LK,Vavuniya,0,small_airport
VCCW,50,LK,Weerawila,0,small_airport
VCRI,157,LK,Mattala,1,medium_airport
VDBG,59,KH,Battambang,1,medium_airport
VDKC,148,KH,Kompong Cham,0,small_airport
VDKH,56,KH,Kampong Chhnang,0,closed
VDKK,0,KH,Krong Khemara Phoumin,0,small_airport
VDMK,2299,KH,Sen Monorom,0,small_airport
VDPP,40,KH,Phnom Penh (Pou Senchey),0,large_airport
VDRK,0,KH,Ratanakiri,0,medium_airport
VDSA,191,KH,Siem Reap,1,large_airport
VDST,203,KH,Stung Treng,0,heliport
VDSV,33,KH,Preah Sihanouk,1,large_airport
SVAJ,902,VE,,0,small_airport
SVLE,375,VE,La Esmeralda,0,small_airport
SVMU,231,VE,Ciudad Guayana,0,small_airport
SVKZ,295,VE,,0,small_airport
SVFZ,31,VE,El Lucero,0,small_airport
SVQS,131,VE,San Fernando de Apure,0,small_airport
SVYG,59,VE,,0,small_airport
VE23,310,IN,,0,small_airport
VE24,400,IN,Sokriting T.E.,0,small_airport
VE36,656,IN,,0,small_airport
VE41,1000,IN,,0,small_airport
VE54,803,IN,,0,small_airport
VE62,115,IN,Bandalo,0,small_airport
VE67,7900,IN,Kargong,0,small_airport
VE85,1666,IN,Ujjain,0,small_airport
VE91,4167,IN,,0,small_airport
VE96,2182,IN,,0,small_airport
VEAN,900,IN,,0,medium_airport
VEAT,46,IN,Agartala,1,medium_airport
VEAZ,1093,IN,Aizawl,0,small_airport
VEBA,10,IN,Kolkata,0,small_airport
VEBD,412,IN,Siliguri,1,large_airport
VEBG,78,IN,Balurghat,0,small_airport
VEBI,2910,IN,Shillong,1,medium_airport
VEBK,715,IN,,0,small_airport
VEBN,266,IN,Varanasi,1,large_airport
VEBS,138,IN,Bhubaneswar,1,large_airport
VEBU,899,IN,Bilaspur,1,medium_airport
VECA,367,IN,Chabua,0,small_airport
VECC,16,IN,Kolkata,1,large_airport
VECK,430,IN,,0,small_airport
VECO,138,IN,Cooch Behar,0,small_airport
VEDB,847,IN,,0,medium_airport
VEDG,300,IN,Durgapur,1,medium_airport
VEDH,156,IN,Darbhanga,1,medium_airport
VEDO,361,IN,Deoghar,1,small_airport
VEDX,200,IN,Doarkhol,0,small_airport
VEDZ,750,IN,Daporijo,0,small_airport
VEGK,259,IN,Gorakhpur,1,medium_airport
VEGT,162,IN,Guwahati,1,large_airport
VEGY,380,IN,Gaya,1,medium_airport
VEHK,658,IN,Sambalpur,0,small_airport
VEIM,2540,IN,Imphal,1,large_airport
VEJH,751,IN,,1,small_airport
VEJP,1952,IN,Jeypore,0,small_airport
VEJS,475,IN,Jamshedpur,0,medium_airport
VEJT,311,IN,Jorhat,1,medium_airport
VEKI,266,IN,Kushinagar,0,medium_airport
VEKJ,0,IN,Gopinathapur,0,small_airport
VEKM,131,IN,Manik Bhandar,0,small_airport
VEKR,79,IN,Kailashahar,0,medium_airport
VEKU,352,IN,Silchar,1,medium_airport
VEKW,95,IN,Khowai,0,small_airport
VELP,1398,IN,Aizawl (Lengpui),1,medium_airport
VELR,330,IN,Lilabari,1,medium_airport
VEMH,79,IN,Malda,0,small_airport
VEMN,362,IN,Dibrugarh,1,medium_airport
VEMR,487,IN,Dimapur,1,medium_airport
VEMZ,174,IN,Muzaffarpur,0,medium_airport
VENP,1058,IN,Nawapara,0,small_airport
VEPG,477,IN,Pasighat,0,small_airport
VEPH,240,IN,,0,medium_airport
VEPI,18,IN,Barrackpore,0,small_airport
VEPT,170,IN,Patna,1,medium_airport
VEPU,129,IN,,0,small_airport
VERC,2148,IN,Ranchi,1,medium_airport
VERK,659,IN,Rourkela,0,medium_airport
VERL,259,IN,,0,small_airport
VERU,131,IN,Rupsi,0,small_airport
VETJ,800,IN,Tezu,0,small_airport
VETZ,240,IN,,1,medium_airport
VEUK,685,IN,Bhawanipatna,1,medium_airport
VOVZ,15,IN,Visakhapatnam,0,medium_airport
VEZO,5403,IN,Ziro,0,medium_airport
VGBG,69,BD,Bogra,0,small_airport
VGBR,23,BD,Barisal,1,medium_airport
VGCB,12,BD,Cox's Bazar,1,medium_airport
VGCM,25,BD,Comilla,0,small_airport
VGEG,12,BD,Chattogram (Chittagong),1,large_airport
VGHS,30,BD,Dhaka,1,large_airport
VGIS,45,BD,Ishurdi,0,medium_airport
VGJR,20,BD,Jashore (Jessore),1,medium_airport
VGLM,106,BD,Lalmonirhat,0,small_airport
VGRJ,64,BD,Rajshahi,1,medium_airport
VGSD,125,BD,Saidpur,1,medium_airport
VGSG,176,BD,Thakurgaon,0,small_airport
VGSH,56,BD,Shamshernagar,0,small_airport
VGSY,50,BD,Sylhet,1,large_airport
VGTJ,24,BD,Dhaka,0,small_airport
VHHH,28,HK,Hong Kong,1,large_airport
VHSK,50,HK,Islands,0,medium_airport
VHSS,107,HK,Central and Western,1,heliport
VI00,0,IN,Barauli Khurd,0,small_airport
VI40,829,IN,Niawal,0,small_airport
VI43,554,IN,,0,small_airport
VI57,10046,IN,Nubra,0,small_airport
VI65,9604,IN,Kargil,0,small_airport
VI66,13700,IN,Koyul,0,small_airport
VI69,1110,IN,,0,small_airport
VI70,1100,IN,,0,small_airport
VI71,1700,IN,Gannan,0,small_airport
VI73,950,IN,,0,small_airport
VI75,400,IN,Kanpur,0,small_airport
VI76,790,IN,,0,small_airport
VI82,2983,IN,Chinyalisour,0,small_airport
VI88,741,IN,Bhaini,0,small_airport
VI90,288,IN,Akbarpur,0,small_airport
VIAG,551,IN,Agra,1,medium_airport
VIAH,619,IN,Aligarh,0,small_airport
VEAB,322,IN,Allahabad,1,medium_airport
VIAM,909,IN,Ambala,0,medium_airport
VIAR,756,IN,Amritsar,1,large_airport
VIAW,5393,IN,Awantipura,0,small_airport
VIAX,775,IN,Adampur,1,small_airport
VIBK,750,IN,Bikaner,0,medium_airport
VIBL,385,IN,Lucknow,0,small_airport
VIBR,3573,IN,Bhuntar,1,medium_airport
VIBT,662,IN,,0,medium_airport
VIBW,720,IN,Bhiwani,0,small_airport
VIBY,580,IN,Bareilly,1,medium_airport
VICG,1012,IN,Chandigarh,1,large_airport
VECX,410,IN,Kanpur,1,medium_airport
VIDD,705,IN,New Delhi,0,medium_airport
VIDN,1831,IN,Dehradun (Jauligrant),1,medium_airport
VIDP,777,IN,New Delhi,1,large_airport
VIDX,700,IN,Ghaziabad,1,small_airport
VIGG,2525,IN,Kangra,1,medium_airport
VIGR,617,IN,Gwalior,1,medium_airport
VIHR,700,IN,Hisar,1,large_airport
VIHX,790,IN,Halwara,1,large_airport
VIJN,801,IN,,0,small_airport
VIJO,717,IN,Jodhpur,1,medium_airport
VIJP,1263,IN,Jaipur,1,large_airport
VIJR,751,IN,,1,medium_airport
VIJU,996,IN,Jammu,1,medium_airport
VIKG,0,IN,Ajmer (Kishangarh),1,medium_airport
VIKO,896,IN,Kota,0,medium_airport
VILD,834,IN,,0,medium_airport
VILH,10682,IN,Leh,1,medium_airport
VILK,410,IN,Lucknow,1,large_airport
VILP,1204,IN,Lalitpur,0,small_airport
VIPK,1017,IN,Pathankot,1,medium_airport
VIPL,820,IN,,0,small_airport
VIPT,769,IN,Pantnagar,1,medium_airport
VIPX,0,IN,,0,small_airport
VERB,360,IN,Tarauna,0,small_airport
VISA,650,IN,,0,medium_airport
VISM,5072,IN,Jubbarhatti,0,small_airport
VISP,891,IN,Sherpur Naqeebpur,0,small_airport
VISR,5429,IN,Srinagar,1,large_airport
VEST,1060,IN,,0,small_airport
VIUT,500,IN,,0,small_airport
VIUX,2066,IN,Udhampur,0,medium_airport
KVKX,118,US,Friendly,0,small_airport
VLAP,344,LA,Attopeu,0,small_airport
VLHS,1380,LA,Huay Xai,0,small_airport
VLLB,955,LA,Luang Phabang,1,large_airport
VLLN,1968,LA,Luang Namtha,1,small_airport
VLOS,1804,LA,Oudomsay,1,small_airport
VLPS,351,LA,Pakse,1,large_airport
VLSB,962,LA,Sainyabuli,0,small_airport
VLSK,509,LA,,0,medium_airport
VLSP,702,LA,,0,small_airport
VLSV,574,LA,Salavan,0,small_airport
VLTK,449,LA,Thakhek,0,small_airport
VLVT,564,LA,Vientiane,1,large_airport
VLXK,3445,LA,Xieng Khouang,1,small_airport
SGVM,280,PY,Puerto Vallemi,0,medium_airport
VMMC,20,MO,Nossa Senhora do Carmo,1,large_airport
VVLT,249,VN,Ho Chi Minh City (Long Thanh),0,large_airport
VNBG,4100,NP,Bajhang,0,small_airport
VNBJ,4000,NP,Bhojpur,0,small_airport
VNBL,3320,NP,Baglung,0,small_airport
VNBP,600,NP,Bharatpur,1,small_airport
VNBR,4300,NP,Bajura,0,small_airport
VNBT,4200,NP,Baitadi,0,small_airport
VNBW,358,NP,Siddharthanagar (Bhairahawa),1,large_airport
VNCG,300,NP,Bhadrapur,1,small_airport
VNDG,2100,NP,Dang,0,small_airport
VNDH,690,NP,Dhangarhi,0,small_airport
VNDL,2132,NP,Darchula,0,small_airport
VNDP,8200,NP,Dolpa,1,small_airport
VNDR,8950,NP,Dhorpatan,0,small_airport
VNDT,2100,NP,Silgadi Doti,1,small_airport
VNGK,1500,NP,Gorkha,0,small_airport
VNJI,6000,NP,Jiri,0,small_airport
VNJL,7700,NP,Jumla,1,small_airport
VNJP,256,NP,Janakpur,1,medium_airport
VNJS,8976,NP,Jomsom,1,small_airport
VNKL,0,NP,,0,small_airport
VNKT,4390,NP,Kathmandu,1,large_airport
VNLD,4100,NP,Lamidanda,0,small_airport
VNLK,9380,NP,Lukla,1,medium_airport
VNLT,12000,NP,Langtang,0,small_airport
VNMA,11001,NP,Ngawal,0,small_airport
VNMG,600,NP,Meghauli,0,small_airport
VNMN,650,NP,Mahendranagar,0,small_airport
VNNG,540,NP,Nepalgunj,1,medium_airport
VNPK,2712,NP,Pokhara,1,medium_airport
VNPL,7918,NP,Phaplu,0,small_airport
VNRB,250,NP,Rajbiraj,0,small_airport
VNRC,1555,NP,Ramechhap,0,small_airport
VNCJ,2500,NP,Rukumkot,0,small_airport
VNRP,4100,NP,Rolpa,0,small_airport
VNRT,4500,NP,Rumjatar,0,small_airport
VNSB,12400,NP,Namche Bazaar,0,small_airport
VNSI,450,NP,Simara,1,small_airport
VNSK,2400,NP,Surkhet,1,small_airport
VNSL,5184,NP,Musikot,1,small_airport
VNSR,2280,NP,Sanfebagar,0,small_airport
VNST,9246,NP,Simikot,1,small_airport
VNTH,5240,NP,Khotang Bazar,0,small_airport
VNTJ,7990,NP,Taplejung,1,medium_airport
VNTP,522,NP,Tikapur,0,small_airport
VNTR,1700,NP,Tumling Tar,1,small_airport
VNVT,236,NP,Biratnagar,1,medium_airport
VO26,325,IN,Nallatinputhur,0,small_airport
VO52,1750,IN,Harihar,0,small_airport
VOBX,16,IN,Campbell Bay,0,medium_airport
VO95,3116,IN,,0,small_airport
VOAR,265,IN,Arakkonam,0,small_airport
VOAT,14,IN,Agatti,1,medium_airport
VOBG,2912,IN,Bangalore,0,medium_airport
VOBI,30,IN,Bellary,0,medium_airport
VOBL,3000,IN,Bengaluru,1,large_airport
VOBR,2178,IN,Bidar,0,medium_airport
VOBZ,82,IN,Vijayawada,1,large_airport
VOCB,1324,IN,Coimbatore,1,large_airport
VOCC,8,IN,Kochi,0,small_airport
VOCI,30,IN,Kochi,1,large_airport
VOCL,342,IN,Calicut,1,large_airport
VOCP,430,IN,Kadapa,1,medium_airport
VOCX,5,IN,IAF Camp,0,medium_airport
VODG,2013,IN,Hyderabad,0,medium_airport
VOGA,552,IN,Mopa,1,large_airport
VOGB,1571,IN,Kalaburagi,1,small_airport
VOGO,150,IN,Vasco da Gama,1,large_airport
VOHK,2020,IN,Secunderabad,0,small_airport
VOHS,2024,IN,Hyderabad,1,large_airport
VOHY,1742,IN,Hyderabad,0,medium_airport
VOJV,1670,IN,Toranagallu,0,small_airport
VOKN,330,IN,Kannur,1,large_airport
VOKP,1700,IN,Basapur,0,small_airport
VOKU,920,IN,Orvakal,1,medium_airport
VOMD,459,IN,Madurai,1,medium_airport
VOML,337,IN,Mangaluru,1,large_airport
VOMM,52,IN,Chennai,1,large_airport
VOMY,2349,IN,Mysore,1,medium_airport
VONS,658,IN,Nagarjuna Sagar,0,small_airport
VONV,184,IN,Neyveli,0,small_airport
VOPB,13,IN,Port Blair,1,large_airport
VOPC,134,IN,Puducherry (Pondicherry),1,medium_airport
VOPN,1558,IN,Puttaparthi,0,medium_airport
VORG,670,IN,Ramagundam,0,small_airport
VORM,16,IN,Ramnad,0,small_airport
VORR,1230,IN,,0,small_airport
VORY,151,IN,Madhurapudi,1,medium_airport
VOSM,1008,IN,Salem,0,medium_airport
VOSX,1250,IN,Sulur,0,small_airport
VOTJ,253,IN,Thanjavur,0,small_airport
VOTK,129,IN,Vagaikulam,1,small_airport
VOTP,350,IN,Tirupati,1,large_airport
VOTR,288,IN,Tiruchirappalli,1,large_airport
VOTV,15,IN,Thiruvananthapuram,1,large_airport
VOTX,90,IN,Chennai,0,small_airport
VOVR,764,IN,Vellore,0,small_airport
VOWA,935,IN,Warangal,0,small_airport
VOYK,3045,IN,Yelahanka,0,small_airport
VQBT,8485,BT,Jakar,1,small_airport
VQGP,980,BT,Gelephu,0,medium_airport
VQPR,7364,BT,Paro,1,large_airport
VQTY,9000,BT,Yongphulla,1,small_airport
VRDA,6,MV,Noonu Atoll,1,medium_airport
VREI,20,MV,Ifuru Island,0,small_airport
VRMD,6,MV,Baa Atoll,1,small_airport
VRMR,17,MV,Fuvahmulah Island,0,small_airport
VRMG,6,MV,Gan,1,large_airport
VRMH,4,MV,Haa Dhaalu Atoll,1,large_airport
VRMK,4,MV,Kadhdhoo,1,medium_airport
VRMM,6,MV,Malé,1,large_airport
VRMO,29,MV,Huvadhu Atoll,1,small_airport
VRMT,2,MV,Huvadhu Atoll,1,medium_airport
VRMU,6,MV,Kudahuvadhoo,0,small_airport
VRMV,6,MV,Maamigili,1,medium_airport
VRNT,6,MV,Thimarafushi,1,small_airport
VTBD,9,TH,Bangkok,1,large_airport
VTBH,95,TH,,0,small_airport
VTBI,80,TH,Prachin Buri,0,small_airport
VTBK,30,TH,Nakhon Pathom,0,medium_airport
VTBL,123,TH,Lop Buri,0,medium_airport
VTBO,105,TH,Laem Ngop,1,medium_airport
VTBP,10,TH,Mueang Prachuap Khiri Khan,0,small_airport
VTBS,5,TH,Bangkok,1,large_airport
VTBT,90,TH,Bang Phra,0,small_airport
VTBU,42,TH,Rayong,1,large_airport
VTBV,-1,TH,Mueang Trat,0,small_airport
VTBW,200,TH,Watthana Nakhon,0,small_airport
VTCB,1272,TH,Phayao Ban Chiang Kham,0,closed
VTCC,1036,TH,Chiang Mai,1,large_airport
VTCH,929,TH,Mae Hong Son,1,medium_airport
VTCI,1676,TH,Pai,0,small_airport
VTCL,811,TH,,1,medium_airport
VTCN,685,TH,,1,medium_airport
VTCP,538,TH,,0,medium_airport
VTCS,750,TH,Mae Sariang,0,small_airport
VTCT,1280,TH,Chiang Rai,1,large_airport
VTPB,450,TH,,1,medium_airport
VTPH,62,TH,Hua Hin,1,medium_airport
VTPI,107,TH,Takhli,0,medium_airport
VTPL,500,TH,Lom Sak,0,small_airport
VTPM,690,TH,,1,medium_airport
VTPN,113,TH,,0,small_airport
VTPO,179,TH,,1,medium_airport
VTPP,154,TH,Phitsanulok,1,medium_airport
VTPR,88,TH,Photharam,0,small_airport
VTPT,478,TH,,0,medium_airport
VTPU,262,TH,Uttaradit,0,closed
VTPY,492,TH,,0,small_airport
VTSA,18,TH,,0,small_airport
VTSB,20,TH,Surat Thani,1,medium_airport
VTSC,16,TH,,1,medium_airport
VTSE,18,TH,Chumphon,1,medium_airport
VTSF,13,TH,Nakhon Si Thammarat,1,medium_airport
VTSG,82,TH,Krabi,1,large_airport
VTSH,12,TH,,0,medium_airport
VTSK,8,TH,,0,medium_airport
VTSM,64,TH,Na Thon (Ko Samui Island),1,large_airport
VTSN,44,TH,Nakhon Si Thammarat,0,medium_airport
VTSP,82,TH,Phuket,1,large_airport
VTSR,57,TH,Ranong,1,medium_airport
VTSS,90,TH,Hat Yai,1,large_airport
VTST,67,TH,Trang,1,medium_airport
VTUD,579,TH,Udon Thani,1,large_airport
VTUI,529,TH,,1,medium_airport
VTUJ,478,TH,Surin,1,medium_airport
VTUK,670,TH,Khon Kaen,1,medium_airport
VTUL,860,TH,,1,medium_airport
VTUN,729,TH,Nakhon Ratchasima,0,small_airport
VTUO,590,TH,Buriram,1,medium_airport
VTUQ,765,TH,Chaloem Phra Kiat,0,medium_airport
VTUR,459,TH,,0,small_airport
VTUU,406,TH,Ubon Ratchathani,1,medium_airport
VTUV,451,TH,Roi Et,1,medium_airport
VTUW,587,TH,Nakhon Phanom,1,medium_airport
VVBM,1729,VN,Buon Ma Thuot,1,medium_airport
VVCA,10,VN,Tam Nghĩa,1,small_airport
VVCI,6,VN,Haiphong (Hai An),1,large_airport
VVCM,6,VN,Ca Mau City,1,medium_airport
VVCR,40,VN,Nha Trang/nha Trang aiurportCam Ranh,1,large_airport
VVCS,20,VN,Con Dao,1,medium_airport
VVCT,9,VN,Can Tho,1,large_airport
VVDB,1611,VN,Dien Bien Phu,1,medium_airport
VVDH,59,VN,Dong Hoi,1,medium_airport
VVDL,3156,VN,Da Lat,1,medium_airport
VVDN,33,VN,Da Nang,1,large_airport
SPWT,1285,PE,Las Malvinas,0,small_airport
VVNB,39,VN,Hanoi (Soc Son),1,large_airport
VVPB,48,VN,Huế,1,large_airport
VVPC,80,VN,Quy Nohn,1,medium_airport
VVPK,2434,VN,Pleiku,1,medium_airport
VVPQ,37,VN,Phu Quoc Island,1,large_airport
VVRG,7,VN,Rach Gia,1,medium_airport
VVTH,20,VN,Tuy Hoa,1,medium_airport
VVTS,33,VN,Ho Chi Minh City,1,large_airport
VVTX,59,VN,Thanh Hóa,1,small_airport
VVVD,24,VN,Van Don,1,medium_airport
VVVH,23,VN,Vinh,1,medium_airport
VVVT,13,VN,Vũng Tàu,0,small_airport
VYAN,74,MM,Aeng,0,small_airport
VYAS,3000,MM,Anisakan,0,small_airport
VYBG,312,MM,Nyaung U,1,small_airport
VYBM,370,MM,Banmaw,1,small_airport
VYBP,100,MM,Bokpyinn,0,small_airport
VYCI,20,MM,Cocokyun,0,small_airport
VYCZ,252,MM,Mandalay,0,small_airport
VYDW,84,MM,Dawei,1,medium_airport
VYHH,3858,MM,Heho,1,medium_airport
VYHL,534,MM,Hommalinn,0,small_airport
VYKG,2798,MM,Kengtung,1,medium_airport
VYKI,6000,MM,Kanti,1,small_airport
VYKL,439,MM,Kalemyo,0,small_airport
VYKP,20,MM,Kyaukpyu,1,medium_airport
VYKT,180,MM,Kawthoung,1,medium_airport
VYKU,1250,MM,Kyauktu,0,small_airport
VYLK,2940,MM,Loikaw,1,medium_airport
VYLS,2450,MM,Lashio,1,medium_airport
VYMD,300,MM,Mandalay,1,large_airport
VYME,75,MM,Mkeik,1,medium_airport
VYMK,475,MM,Myitkyina,1,medium_airport
VYML,699,MM,Meiktila,0,medium_airport
VYMM,52,MM,Mawlamyine,1,small_airport
VYMN,102,MM,Manaung,0,small_airport
VYMS,1875,MM,Mong Hsat,1,medium_airport
VYMW,279,MM,Magway,1,small_airport
VYMY,298,MM,Monywar,0,small_airport
VYNT,302,MM,Naypyitaw,1,large_airport
VYPA,150,MM,Hpa-N,0,small_airport
VYPN,20,MM,Pathein,1,small_airport
VYPT,1500,MM,Putao,1,medium_airport
VYPU,151,MM,Pakhokku,0,small_airport
VYSW,27,MM,Sittwe,1,medium_airport
VYTD,20,MM,Thandwe,1,medium_airport
VYTL,1280,MM,Tachileik,1,medium_airport
VYYY,109,MM,Yangon,1,large_airport
WAWC,169,ID,Waha-Tomea Island,0,small_airport
WAAA,47,ID,Makassar,1,large_airport
WABB,46,ID,Biak,1,medium_airport
WAYG,164,ID,"Akimuga, Mimika",0,small_airport
WABD,5204,ID,Moanamani,0,small_airport
WABF,13,ID,Nomfor,0,small_airport
WABA,1779,ID,Tigi,0,small_airport
WABI,22,ID,Nabire,0,medium_airport
WAVG,5200,ID,Karubaga,0,small_airport
WAYL,7989,ID,Ilaga,0,small_airport
WAYK,59,ID,Kokonao,0,small_airport
WABO,20,ID,Serui,0,medium_airport
WAYY,103,ID,Timika,1,medium_airport
WAYE,5807,ID,Enarotali,0,small_airport
WAYM,5845,ID,Kebo,0,small_airport
WADB,3,ID,Bima,1,medium_airport
WADD,14,ID,"Kuta, Badung",1,large_airport
WADE,16,ID,"Gerokgak, Buleleng",1,small_airport
WADL,319,ID,"Mataram (Pujut, Lombok Tengah)",1,large_airport
WADS,16,ID,Sumbawa Besar,1,small_airport
WATK,161,ID,Radamata,1,small_airport
WATU,33,ID,Waingapu-Sumba Island,1,small_airport
WADY,112,ID,"Rogojampi, Banyuwangi",1,small_airport
WAEE,49,ID,Ternate,1,medium_airport
WAES,11,ID,Sanana,0,small_airport
WAEW,49,ID,Gotalalamo-Morotai Island,0,medium_airport
WAFB,2884,ID,Toraja,1,medium_airport
WAFD,14,ID,Palopo,1,small_airport
WAFF,284,ID,Palu,1,medium_airport
WAFJ,49,ID,Mamuju,0,small_airport
WAFL,17,ID,Toli Toli-Celebes Island,1,small_airport
WAFM,164,ID,Masamba,0,small_airport
WAFN,3510,ID,,0,small_airport
WAFP,174,ID,Poso-Celebes Island,0,medium_airport
WAFS,3033,ID,Sumarorong,0,small_airport
WAFU,49,ID,Tojo Una-Una,1,small_airport
WAFW,56,ID,Luwok,0,medium_airport
WAFZ,0,ID,Pohuwato,0,small_airport
WAGB,145,ID,Muara Teweh,1,small_airport
WAGF,13,ID,Seruyan,1,small_airport
WAGG,82,ID,Palangkaraya,1,medium_airport
WAGP,442,ID,,0,small_airport
WAHI,24,ID,Yogyakarta,1,large_airport
WAHL,69,ID,Cilacap,1,medium_airport
WAHP,225,ID,Purwokerto-Java Island,0,small_airport
WAHU,35,ID,Karimunjawa,1,small_airport
WAVB,4550,ID,Bokondini,1,small_airport
WAJC,208,ID,Dabra,0,small_airport
WAJI,10,ID,Sarmi,0,small_airport
WAJJ,289,ID,Sentani,1,large_airport
WAJK,5470,ID,Kiwirok,1,small_airport
WAJL,820,ID,Lereh-Papua Island,0,small_airport
WAVA,5898,ID,Mulia-Papua Island,0,small_airport
WAJO,4315,ID,Oksibil,1,medium_airport
WAJS,914,ID,Senggeh,0,small_airport
WAUE,35,ID,Mar,0,small_airport
WAKD,121,ID,Mindiptana-Papua Island,0,small_airport
WAKE,59,ID,Bade,0,small_airport
WAKG,17,ID,Agats,0,small_airport
WAKK,10,ID,Merauke,1,medium_airport
WAKL,30,ID,Bomakia,0,small_airport
WAKO,23,ID,Okaba,0,small_airport
WAKP,67,ID,Kepi,0,small_airport
WAKQ,52,ID,Senggo-Papua Island,0,small_airport
WAKT,57,ID,Tanah Merah,1,medium_airport
WALE,330,ID,Melak-Borneo Island,0,small_airport
WALK,23,ID,Nusantara,0,medium_airport
WALL,12,ID,Balikpapan,1,large_airport
WALQ,49,ID,Muara Badak-Borneo Island,0,small_airport
WAQQ,23,ID,Tarakan,1,medium_airport
WALS,82,ID,Samarinda,1,medium_airport
WALT,121,ID,Santan-Borneo Island,0,small_airport
WAQB,118,ID,Bunju Island,0,small_airport
WAQK,47,ID,Mangkajang-Borneo Island,0,small_airport
WAEG,157,ID,Galela,0,small_airport
WAEM,7,ID,Pekaulang,0,small_airport
WAMG,105,ID,Gorontalo,1,small_airport
WAMH,16,ID,"Tabukan Utara, Sangihe Islands",1,medium_airport
WAMI,28,ID,Lolak,1,small_airport
WAEJ,125,ID,Gebe Island,0,small_airport
WAEK,40,ID,Kao,0,small_airport
WAMM,264,ID,Manado,1,large_airport
WAMN,3,ID,Karakelong Island,0,small_airport
WAMO,155,ID,Balirangen,0,small_airport
WAMP,24,ID,Morowali,0,small_airport
WAMS,9,ID,Miangas,0,small_airport
WAFY,49,ID,Buol,1,small_airport
WAOC,3,ID,Batu Licin,1,small_airport
WAOG,7,ID,"Sekapung, Kotabaru",0,small_airport
WAOH,197,ID,"Mekar Putih, Kotabaru",0,small_airport
WAGI,75,ID,Pangkalanbun,1,small_airport
WAOK,4,ID,Stagen,1,small_airport
WAON,197,ID,Tanta-Tabalong,1,medium_airport
WAOO,66,ID,Banjarbaru,1,large_airport
WAGS,50,ID,Sampit,1,small_airport
WAGM,23,ID,Buntok,0,small_airport
WAGT,160,ID,Tumbang Samba-Borneo Island,1,small_airport
WAPA,29,ID,Amahai,0,small_airport
WAPC,59,ID,Bandanaira,0,small_airport
WAPD,61,ID,Dobo-Warmar Island,0,small_airport
WAEO,10,ID,Mangole Island,0,small_airport
WAPF,78,ID,Langgur,1,medium_airport
WAPG,31,ID,Namrole,0,small_airport
WAEL,49,ID,Labuha-Halmahera Island,0,small_airport
WAPL,10,ID,Langgur,0,small_airport
WAPN,7,ID,Namniwel,1,medium_airport
WAPO,108,ID,Kepulauan Larat,0,small_airport
WAPP,33,ID,Ambon,1,large_airport
WAPR,41,ID,Namlea,0,small_airport
WAPU,19,ID,,0,small_airport
WAPV,558,ID,Wahai,0,small_airport
WAQC,43,ID,Maratua,0,small_airport
WAQG,2523,ID,Binuang,0,small_airport
WAQM,26,ID,Malinau,1,small_airport
WAQT,59,ID,Tanjung Redeb - Borneo Island,1,medium_airport
WAQU,2882,ID,Long Layu,0,small_airport
WARA,1726,ID,Malang,1,medium_airport
WARE,281,ID,Jember,1,small_airport
WARI,361,ID,Magetan,0,small_airport
WAHH,379,ID,Yogyakarta,1,medium_airport
WARP,13,ID,Sapeken,0,small_airport
WAHQ,421,ID,Surakarta,1,large_airport
WARR,9,ID,Surabaya,1,large_airport
WAHS,10,ID,Semarang,1,large_airport
WART,10,ID,Sumenep,0,small_airport
WARW,93,ID,Bawean,0,small_airport
WASA,1560,ID,Ayawasi,0,small_airport
WAUB,51,ID,Bintuni,0,small_airport
WAUK,1878,ID,Kebar,0,small_airport
WASF,462,ID,Fakfak,1,medium_airport
WASI,9,ID,Inanwatan,0,small_airport
WASK,19,ID,Kaimana,1,medium_airport
WAUM,385,ID,Merdei-Papua Island,0,small_airport
WASN,9,ID,Waisai,1,small_airport
WASO,10,ID,Babo,0,medium_airport
WAUU,23,ID,Manokwari,1,medium_airport
WASS,10,ID,Sorong,1,medium_airport
WAST,141,ID,Atinjoe,0,small_airport
WASU,1422,ID,Kambuaya-Papua Island,0,small_airport
WAUW,49,ID,Wasior,0,small_airport
WATA,1027,ID,Atambua,1,small_airport
WATB,4326,ID,"Soa, Ngada",0,small_airport
WATC,115,ID,Waioti,1,small_airport
WATE,49,ID,Ende,1,small_airport
WATG,3510,ID,"Satar Tacik, Manggarai",1,small_airport
WATL,63,ID,Tiwatobi,1,small_airport
WATM,10,ID,Kabola,1,small_airport
WATO,66,ID,"Labuan Bajo, Manggarai Barat",1,small_airport
WATQ,6,ID,Pur-Pura,0,small_airport
WATR,470,ID,Ba'a - Rote Island,1,small_airport
WATS,71,ID,Sabu-Sawu Island,0,small_airport
WATT,335,ID,Kupang,1,medium_airport
WATW,25,ID,Lewoleba,0,small_airport
WAVV,5435,ID,Wamena,1,medium_airport
WAWB,164,ID,Bau Bau,0,small_airport
WAWD,88,ID,Wangi-wangi Island,1,medium_airport
WAWH,13,ID,Benteng,1,small_airport
WAWN,130,ID,Bone,0,small_airport
WAWP,40,ID,Kolaka,1,medium_airport
WAWR,132,ID,Raha,0,small_airport
WAWS,1388,ID,Soroako,0,small_airport
WAFT,2884,ID,Makale,0,small_airport
WAWW,538,ID,Kendari,1,small_airport
WAYI,5656,ID,Bilai,0,small_airport
WAYW,36,ID,Sawara Jaya,0,small_airport
WBAK,7,BN,Seria,0,small_airport
WBGA,300,MY,Long Atip,0,small_airport
WBGB,74,MY,Bintulu,1,medium_airport
WBGC,200,MY,Belaga,0,small_airport
WBGD,2150,MY,Long Semado,0,small_airport
WBGF,1400,MY,Long Datih,1,small_airport
WBGG,89,MY,Kuching,1,large_airport
WBGI,607,MY,Long Seridan,1,small_airport
WBGJ,14,MY,Limbang,1,medium_airport
WBGK,20,MY,Mukah,1,medium_airport
WBGL,289,MY,Long Akah,0,small_airport
WBGM,103,MY,Marudi,1,medium_airport
WBGP,65,MY,Kapit,0,small_airport
WBGQ,2900,MY,Bakalalan,1,small_airport
WBGR,59,MY,Miri,1,medium_airport
WBGS,122,MY,Sibu,1,medium_airport
WBGW,5,MY,Lawas,1,small_airport
WBGZ,3350,MY,Bario,1,medium_airport
WBKA,60,MY,Semporna,0,small_airport
WBKB,46,MY,Kota Belud,0,small_airport
WBKD,45,MY,Lahad Datu,1,medium_airport
WBKG,1036,MY,Keningau,0,small_airport
WBKH,40,MY,Sahabat,0,small_airport
WBKK,10,MY,Kota Kinabalu,1,large_airport
WBKL,101,MY,Labuan,1,medium_airport
WBKM,26,MY,Tomanggong,1,small_airport
WBKN,3175,MY,Long Miau,0,small_airport
WBKO,800,MY,Sepulot,0,small_airport
WBKP,36,MY,Pamol,0,small_airport
WBKS,46,MY,Sandakan,1,medium_airport
WBKT,10,MY,Kudat,1,small_airport
WBKU,6,MY,Kuala Penyu,0,small_airport
WBKW,57,MY,Tawau,1,medium_airport
WBMU,80,MY,Mulu,1,medium_airport
WBSB,73,BN,Bandar Seri Begawan,1,large_airport
WBTM,15,MY,Belawai,0,small_airport
WICK,2184,ID,Margahayu,0,small_airport
WIBB,102,ID,Pekanbaru,1,medium_airport
WIBD,55,ID,Dumai,1,medium_airport
WIBI,21,ID,Pelangiran,0,small_airport
WIBJ,62,ID,Rengat-Sumatra Island,0,medium_airport
WIBL,42,ID,Pangkalan Kerinci,0,small_airport
WIBS,3,ID,Bengkalis-Sumatra Island,0,small_airport
WIDT,16,ID,Tanjung Balai-Karinmunbesar Island,0,small_airport
WICA,134,ID,Kertajati,1,medium_airport
WIRR,151,ID,Tangerang-Java Island,0,small_airport
WICC,2436,ID,Bandung,1,medium_airport
WICD,89,ID,Cirebon-Java Island,0,small_airport
WICM,1148,ID,"Cibeureum, Tasikmalaya-Java Island",0,small_airport
WICN,16,ID,Cijulang,1,small_airport
WIDD,126,ID,Batam,1,large_airport
WIBG,151,ID,Pasir Pengarayan,0,small_airport
WIDL,33,ID,Bukit Padi,0,small_airport
WIDM,10,ID,Palmatak,0,small_airport
WIDN,52,ID,Tanjung Pinang-Bintan Island,1,medium_airport
WIDS,95,ID,Pasirkuning-Singkep Island,0,small_airport
WIHC,210,ID,,0,small_airport
WIHH,84,ID,Jakarta,1,large_airport
WIHP,200,ID,Jakarta,0,small_airport
WIII,34,ID,Jakarta,1,large_airport
WILG,92,ID,Gunung Batin,0,small_airport
WILL,282,ID,Bandar Lampung,1,medium_airport
WILP,118,ID,Krui,0,small_airport
WILW,103,ID,Sukadana,0,small_airport
WIMA,90,ID,Lhok Seumawe-Sumatra Island,1,small_airport
WIMB,20,ID,Gunungsitoli,1,medium_airport
WIME,922,ID,Padang Sidempuan,0,medium_airport
WIMK,114,ID,Medan,0,medium_airport
WIMM,23,ID,Beringin,1,large_airport
WIMN,4700,ID,Siborong-Borong,1,small_airport
WIMP,4234,ID,Parapat-Sumatra Island,0,small_airport
WIMS,33,ID,Sibolga (Pinangsori),1,medium_airport
WIMU,419,ID,Kutacane,1,medium_airport
WIKT,164,ID,Tanjung Pandan,1,small_airport
WIOG,123,ID,Nanga Pinoh-Borneo Island,1,medium_airport
WIOK,46,ID,Ketapang,1,medium_airport
WIDO,7,ID,Ranai-Natuna Besar Island,1,medium_airport
WIOO,10,ID,Pontianak,1,large_airport
WIOP,297,ID,Putussibau-Borneo Island,1,medium_airport
WIOS,97,ID,Sintang,1,medium_airport
WIJJ,82,ID,Jambi,1,small_airport
WIPB,371,ID,Lubuk Linggau,0,small_airport
WIPD,2100,ID,Pasar Bandingagung,0,small_airport
WIJB,192,ID,Muara Bungo,1,small_airport
WIKK,109,ID,Pangkal Pinang,1,medium_airport
WIGG,50,ID,Bengkulu,1,medium_airport
WIPO,450,ID,Batu Raja-Sumatra Island,0,small_airport
WIPP,49,ID,Palembang,1,medium_airport
WIEE,18,ID,Padang (Katapiang),1,large_airport
WIPY,40,ID,Bentayan,0,small_airport
WISA,10,ID,,0,small_airport
WIMT,17,ID,Tapaktuan,0,small_airport
WITC,10,ID,Kuala Pesisir,1,medium_airport
WIML,19,ID,Lubang,1,small_airport
WITK,4648,ID,Takengon,1,medium_airport
WITL,28,ID,Lhok Sukon-Sumatra Island,0,medium_airport
WITN,393,ID,Sabang,0,small_airport
WITT,65,ID,Banda Aceh,1,large_airport
WMAC,250,MY,Benta,0,small_airport
WMAH,420,MY,Grik,0,small_airport
WMAJ,8,MY,Jendarata,0,small_airport
WMAN,10,MY,Taman Negara,0,small_airport
WMAP,150,MY,Kluang,0,medium_airport
WMAU,10,MY,Mersing,0,small_airport
WMAV,20,MY,Muar,0,small_airport
WMAZ,50,MY,Segamat,0,small_airport
WMBA,25,MY,Sitiawan,0,small_airport
WMBE,100,MY,Temerloh,0,small_airport
WMBF,10,MY,Ulu Bernam,0,small_airport
WMBH,1000,MY,Pengkalan Hulu,0,small_airport
WMBI,40,MY,Taiping,0,small_airport
WMBT,15,MY,Tioman Island,1,medium_airport
WMGK,20,MY,,0,small_airport
WMKA,15,MY,Alor Satar,1,medium_airport
WMKB,11,MY,Butterworth,0,medium_airport
WMKC,16,MY,Kota Baharu,1,medium_airport
WMKD,58,MY,Kuantan,1,medium_airport
WMKE,18,MY,Kerteh,0,medium_airport
WMKF,111,MY,Kuala Lumpur,0,small_airport
WMKI,130,MY,Ipoh,1,large_airport
WMKJ,135,MY,Johor Bahru,1,large_airport
WMKK,69,MY,Sepang,1,large_airport
WMKL,29,MY,Langkawi,1,large_airport
WMKM,35,MY,Malacca,1,medium_airport
WMKN,21,MY,Kuala Terengganu,1,medium_airport
WMKP,11,MY,Penang,1,large_airport
WMPA,19,MY,Pangkor Island,1,small_airport
WMPR,36,MY,Redang,0,small_airport
WMSA,90,MY,Subang,1,large_airport
WAPS,446,ID,Saumlaki-Yamdena Island,1,small_airport
WPAT,29,TL,Vila,0,small_airport
WPDB,96,TL,Suai,1,medium_airport
WPDL,154,TL,Dili,1,large_airport
WPEC,1771,TL,Baucau,1,medium_airport
WPMN,0,TL,Maliana,0,small_airport
WPOC,0,TL,Oecussi-Ambeno,1,large_airport
WPVQ,500,TL,Viqueque,0,small_airport
WALA,60,ID,Sanggata,0,small_airport
WAQJ,2540,ID,Long Bawan,1,small_airport
WALC,49,ID,Bontang-Borneo Island,1,small_airport
WAQA,59,ID,Nunukan-Nunukan Island,0,small_airport
WALB,48,ID,Sangata,0,small_airport
WALN,1976,ID,Long Mawang-Borneo Island,0,small_airport
WAQL,2437,ID,Long Apung-Borneo Island,1,small_airport
WALW,205,ID,Miau Baru,0,small_airport
WSAG,86,SG,Sembawang,0,medium_airport
WSAP,65,SG,Paya Lebar,0,medium_airport
WSAT,50,SG,Western Water Catchment,0,medium_airport
POWS,0,US,Steamboat Bay,0,seaplane_base
WSSL,36,SG,Seletar,1,medium_airport
WSSS,22,SG,Singapore,1,large_airport
YWIM,1010,AU,Wieambilla,0,heliport
XRWL,381,RU,Kamyshin,0,medium_airport
YAAL,0,AU,,0,small_airport
YABA,233,AU,Albany,1,medium_airport
YABB,1696,AU,Babbiloora,0,small_airport
YABD,971,AU,Aberdeen,0,small_airport
YABF,900,AU,Torrens Creek,0,small_airport
YABG,869,AU,Abbieglassie,0,small_airport
YABI,573,AU,Abingdon Downs,0,small_airport
YABL,1966,AU,Ambalindum,0,small_airport
YABP,1356,AU,Mooga,0,small_airport
YABR,1725,AU,Peak Hill,0,small_airport
YABS,0,AU,,0,small_airport
YACD,991,AU,Alice Downs,0,small_airport
YACI,0,AU,,0,small_airport
YACR,594,AU,Croyden,0,small_airport
YADA,814,AU,Adavale,0,small_airport
YADD,0,AU,,0,small_airport
YADE,853,AU,Coppabella,0,small_airport
YADG,110,AU,Aldinga,0,small_airport
YADO,549,AU,Ghan,0,small_airport
YADR,1001,AU,Miles,0,small_airport
YADS,0,AU,,0,small_airport
YADY,3346,AU,Adaminaby,0,small_airport
YAFD,80,AU,Melbourne,0,heliport
YAGD,46,AU,,0,small_airport
YAGL,0,AU,Kingsthorpe,0,small_airport
YAGP,100,AU,,0,heliport
YAHD,0,AU,,0,small_airport
YAIN,0,AU,Agincourt Reef,0,heliport
YAIR,664,AU,Moree,0,small_airport
YAIS,0,AU,Agincourt Reef,0,heliport
YALA,328,AU,Marla,0,small_airport
YALC,1994,AU,Alcoota,0,small_airport
YALG,0,AU,,0,small_airport
YALH,0,AU,,0,small_airport
YALM,0,AU,,0,small_airport
YALN,0,AU,Packsaddle,0,small_airport
YALP,651,AU,Alpurrurulam,0,small_airport
YALT,278,AU,Althorpe Island,0,closed
YALX,0,AU,,0,small_airport
YALY,0,AU,,0,small_airport
YAMA,16,AU,Yamba,0,heliport
YAMB,91,AU,,0,medium_airport
YAMC,232,AU,,0,small_airport
YAMJ,1290,AU,Ampilatwatja,0,small_airport
YAML,0,AU,,0,small_airport
YAMM,0,AU,,0,small_airport
YAMN,175,AU,Port Augusta,0,small_airport
YAMO,689,AU,Moray Downs,0,small_airport
YAMT,695,AU,,0,small_airport
YAND,0,AU,,0,small_airport
YANG,2340,AU,,0,small_airport
YANJ,0,AU,,0,small_airport
YANK,300,AU,,0,small_airport
YANL,0,AU,,0,small_airport
YANN,0,AU,,0,small_airport
YANW,901,AU,,0,small_airport
YAOC,1125,AU,Dunmore,0,small_airport
YAOD,899,AU,Australian Age of Dinosaurs Museum,0,heliport
YAOR,0,AU,,0,small_airport
YAPA,66,AU,Eighty Mile Beach,0,small_airport
YAPH,1255,AU,Alpha,0,small_airport
YAPO,0,AU,,0,small_airport
YAQA,170,AU,,0,small_airport
YARA,1008,AU,Ararat,0,medium_airport
YARD,0,AU,,0,small_airport
YARE,1726,AU,Redford Station,0,small_airport
YARI,0,AU,,0,small_airport
YARK,783,AU,,0,small_airport
YARL,0,AU,,0,small_airport
YARM,3556,AU,Armidale,1,medium_airport
YARN,0,AU,Mereenie,0,small_airport
YARP,0,AU,,0,small_airport
YARY,334,AU,Tanbar,0,small_airport
YASF,0,AU,,0,small_airport
YATN,2450,AU,Atherton,0,small_airport
YATR,0,AU,,0,small_airport
YAUA,0,AU,,0,small_airport
YAUG,103,AU,Augusta,0,small_airport
YAUR,31,AU,Aurukun,1,small_airport
YAUS,0,AU,,0,small_airport
YAUV,0,AU,Auvergne Station,0,small_airport
YAVD,0,AU,,0,small_airport
YAWT,60,AU,Agnes Water,0,small_airport
YAXA,787,AU,Alexandra,0,heliport
YAYE,1626,AU,Yulara,1,medium_airport
YAYR,41,AU,Ayr,0,small_airport
YBAB,340,AU,Baralaba,0,small_airport
YBAD,998,AU,,0,small_airport
YBAF,63,AU,Brisbane,0,small_airport
YBAL,0,AU,,0,small_airport
YBAN,1339,AU,Wunaamin Miliwundi Ranges,0,small_airport
YBAR,878,AU,Barcaldine,1,medium_airport
YBAS,1789,AU,Alice Springs,1,medium_airport
YBAU,14,AU,Badu Island,1,small_airport
YBAW,810,AU,,0,small_airport
YBBA,0,AU,,0,small_airport
YBBC,0,AU,Bamboo Creek Gold Mine,0,small_airport
YBBL,0,AU,,0,small_airport
YBBN,13,AU,Brisbane,1,large_airport
YBBO,0,AU,Bon Bon,0,small_airport
YBBT,298,AU,Wedderburn,0,small_airport
YBCB,0,AU,,0,small_airport
YBCG,21,AU,Gold Coast,1,large_airport
YBCH,2000,AU,Beechworth,0,small_airport
YBCK,928,AU,Blackall,1,medium_airport
YBCM,340,AU,,0,small_airport
YBCR,0,AU,,0,small_airport
YBCS,10,AU,Cairns,1,large_airport
YBCV,1003,AU,Charleville,1,medium_airport
YBDF,1750,AU,,0,small_airport
YBDG,705,AU,,1,small_airport
YBDP,0,AU,Bridport,0,small_airport
YBDS,0,AU,Tarcoola,0,small_airport
YBDU,0,AU,,0,small_airport
YBDV,159,AU,,1,medium_airport
YBEB,810,AU,Pumululu National Park,0,small_airport
YBEC,0,AU,,0,small_airport
YBEE,116,AU,,0,small_airport
YBEG,1014,AU,,0,small_airport
YBEO,91,AU,,0,small_airport
YBEU,0,AU,,0,small_airport
YBEV,667,AU,,0,small_airport
YBFT,1300,AU,,0,small_airport
YBFW,855,AU,,0,small_airport
YBGB,124,AU,Dampier Peninsula,0,small_airport
YBGD,1871,AU,,0,small_airport
YBGI,0,AU,,0,small_airport
YBGO,1440,AU,Balgo,0,small_airport
YBGR,91,AU,Bridgewater On Loddon,0,small_airport
YBGT,0,AU,,0,small_airport
YBHB,0,AU,Southwest,0,small_airport
YBHI,958,AU,Broken Hill,1,medium_airport
YBHK,0,AU,,0,small_airport
YBHL,935,AU,Bindoon,0,small_airport
YBHM,15,AU,Hamilton Island,1,medium_airport
YBHN,513,AU,,0,small_airport
YBIE,300,AU,Bedourie,1,medium_airport
YBIL,1000,AU,,0,small_airport
YBIN,0,AU,,0,small_airport
YBIR,340,AU,,0,small_airport
YBIU,995,AU,,0,small_airport
YBJW,0,AU,,0,small_airport
YBKE,352,AU,,1,medium_airport
YBKS,0,AU,,0,small_airport
YBKT,21,AU,,1,small_airport
YBLA,569,AU,Benalla,0,medium_airport
YBLB,443,AU,Meadow,0,small_airport
YBLC,144,AU,,0,small_airport
YBLD,0,AU,,0,small_airport
YBLE,643,AU,Biloela,0,small_airport
YBLG,0,AU,,0,small_airport
YBLI,4042,AU,Hernani,0,small_airport
YBLL,182,AU,,0,small_airport
YBLM,1991,AU,,0,small_airport
YBLN,55,AU,Busselton,1,small_airport
YBLO,2133,AU,Bullio,0,closed
YBLT,1433,AU,,0,small_airport
YBLU,1555,AU,,0,small_airport
YBMA,1121,AU,Mount Isa,1,medium_airport
YBMD,0,AU,,0,small_airport
YBMG,10,AU,Bermagui,0,heliport
YBMI,618,AU,,0,small_airport
YBMK,19,AU,Mackay,1,medium_airport
YBMR,0,AU,,0,small_airport
YBMY,215,AU,Barunga,0,small_airport
YBNA,7,AU,Ballina,1,medium_airport
YBNC,0,AU,,0,small_airport
YBND,1194,AU,Bendick Murrell,0,small_airport
YBNM,0,AU,,0,small_airport
YBNR,1466,AU,,0,small_airport
YBNS,165,AU,Bairnsdale,0,medium_airport
YBNY,0,AU,,0,small_airport
YBOA,318,AU,,0,small_airport
YBOC,418,AU,,0,small_airport
YBOI,23,AU,Boigu Island,1,small_airport
YBOK,1335,AU,,1,medium_airport
YBOM,2415,AU,,0,small_airport
YBOP,0,AU,,0,small_airport
YBOR,265,AU,Bordertown,0,small_airport
YBOT,0,AU,,0,small_airport
YBOU,542,AU,,1,medium_airport
YBOV,308,AU,Border Village,0,small_airport
YBOY,0,AU,,0,small_airport
YBPI,11,AU,,0,small_airport
YBPK,10,AU,Melbourne,0,heliport
YBPN,82,AU,Proserpine,1,medium_airport
YBRA,2200,AU,,0,small_airport
YBRC,0,AU,,0,small_airport
YBRJ,547,AU,,0,small_airport
YBRK,34,AU,Rockhampton,1,medium_airport
YBRL,55,AU,,0,small_airport
YBRM,56,AU,Broome,1,large_airport
YBRN,210,AU,,0,medium_airport
YBRO,0,AU,,0,small_airport
YBRS,50,AU,Connewarre,0,small_airport
YBRU,700,AU,,0,small_airport
YBRW,414,AU,,0,medium_airport
YBRY,2082,AU,,0,small_airport
YBSG,145,AU,Mission River,0,small_airport
YBSP,0,AU,Burt Plain,0,small_airport
YBSR,0,AU,,0,small_airport
YBSS,520,AU,Bacchus Marsh,0,small_airport
YBSU,15,AU,Maroochydore,1,large_airport
YBTH,2435,AU,Bathurst,1,medium_airport
YBTI,67,AU,Wurrumiyanga,0,medium_airport
YBTK,45,AU,,0,small_airport
YBTL,18,AU,Townsville,1,medium_airport
YBTN,0,AU,,0,small_airport
YBTR,657,AU,,0,medium_airport
YBTT,577,AU,,0,small_airport
YBTV,0,AU,,0,small_airport
YBUD,107,AU,Bundaberg,1,medium_airport
YBUG,0,AU,,0,small_airport
YBUI,248,AU,Burnie,0,heliport
YBUL,0,AU,Bulgunnia,0,small_airport
YBUN,53,AU,,0,small_airport
YBUT,1389,AU,Butheroo,0,small_airport
YBUX,0,AU,,0,small_airport
YBUY,2540,AU,,0,small_airport
YBVA,0,AU,,0,small_airport
YBVY,0,AU,,0,small_airport
YBWG,1645,AU,,0,small_airport
YBWI,0,AU,,0,small_airport
YBWM,470,AU,,0,small_airport
YBWN,8,AU,Bowen,0,small_airport
YBWO,768,AU,Upper Cornish Creek,0,small_airport
YBWP,63,AU,Weipa,1,medium_airport
YBWR,0,AU,,0,small_airport
YBWS,10,AU,,0,heliport
YBWW,1509,AU,Toowoomba,1,large_airport
YBWX,26,AU,,0,small_airport
YBYD,0,AU,,0,small_airport
YBYI,0,AU,,0,small_airport
YBYL,422,AU,Baryulgil,0,small_airport
YBYO,0,AU,Brymaroo,0,heliport
YBYW,0,AU,,0,small_airport
YCAB,12,AU,Caboolture,0,small_airport
YCAG,87,AU,,0,small_airport
YCAH,504,AU,,0,small_airport
YCAI,0,AU,,0,small_airport
YCAJ,0,AU,,0,small_airport
YCAL,965,AU,,0,small_airport
YCAM,0,AU,,0,small_airport
YCAN,61,AU,Cannon Hill,0,small_airport
YCAR,13,AU,Carnarvon,1,medium_airport
YCAS,86,AU,,0,small_airport
YCBA,724,AU,,1,medium_airport
YCBB,2117,AU,,0,medium_airport
YCBE,0,AU,Canobie,0,small_airport
YCBG,67,AU,Cambridge,0,small_airport
YCBH,10,AU,Cairns,0,heliport
YCBN,154,AU,Cape Barren Island,0,small_airport
YCBP,740,AU,Coober Pedy,1,medium_airport
YCBR,152,AU,,0,small_airport
YCBY,25,AU,,0,closed
YCCA,1028,AU,Chinchilla,0,medium_airport
YCCK,0,AU,,0,small_airport
YCCT,3,AU,,1,small_airport
YCCY,616,AU,Cloncurry,1,medium_airport
YCDB,0,AU,Glendambo,0,small_airport
YCDE,460,AU,Camperdown,0,small_airport
YCDH,287,AU,Coober Pedy,0,small_airport
YCDO,650,AU,,0,small_airport
YCDR,12,AU,Caloundra,0,small_airport
YCDS,0,AU,,0,small_airport
YCDT,0,AU,,0,small_airport
YCDU,77,AU,,1,medium_airport
YCDV,0,AU,,0,small_airport
YCEE,589,AU,,0,medium_airport
YCEL,826,AU,Capella,0,small_airport
YCEM,280,AU,Coldstream,0,small_airport
YCES,0,AU,,0,small_airport
YCFD,0,AU,,0,small_airport
YCFH,105,AU,Clifton Hills,0,small_airport
YCFL,43,AU,,0,small_airport
YCFN,1450,AU,,0,small_airport
YCFS,18,AU,Coffs Harbour,1,medium_airport
YCGI,0,AU,,0,small_airport
YCGL,1302,AU,Mantuan Downs,0,small_airport
YCGO,1110,AU,Chillagoe,0,small_airport
YCHB,2228,AU,Cherrabah Homestead Resort,0,small_airport
YCHI,30,AU,East Arnhem,0,small_airport
YCHK,1462,AU,Christmas Creek Mine,1,small_airport
YCHL,458,AU,Charlton,0,small_airport
YCHT,955,AU,,0,small_airport
YCIG,0,AU,,0,small_airport
YCIN,300,AU,Derby,0,medium_airport
YCJU,0,AU,,0,small_airport
YCKD,197,AU,Cape Barren Island,0,small_airport
YCKI,16,AU,,0,small_airport
YCKN,26,AU,,1,medium_airport
YCKY,290,AU,,0,small_airport
YCLA,266,AU,,0,small_airport
YCLB,1494,AU,Brukunga,0,small_airport
YCLG,1319,AU,Coolgardie,0,small_airport
YCLM,0,AU,,0,small_airport
YCLQ,0,AU,Dampier Peninsula,0,small_airport
YCLY,0,AU,,0,small_airport
YCMB,1628,AU,Cambooya,0,small_airport
YCMH,2,AU,,0,small_airport
YCMK,0,AU,,0,small_airport
YCMM,0,AU,,0,small_airport
YCMT,908,AU,,0,medium_airport
YCMU,630,AU,,1,medium_airport
YCMW,241,AU,,0,small_airport
YCNF,295,AU,,0,small_airport
YCNG,0,AU,,0,small_airport
YCNH,925,AU,Carnarmah,0,small_airport
YCNK,210,AU,,0,small_airport
YCNM,604,AU,,1,medium_airport
YCNN,0,AU,,0,small_airport
YCNQ,0,AU,,0,small_airport
YCNY,416,AU,,0,small_airport
YCOD,125,AU,Cordillo Downs,0,small_airport
YCOE,532,AU,Coen,1,medium_airport
YCOF,0,AU,Coffin Bay,0,small_airport
YCOH,0,AU,,0,small_airport
YCOI,818,AU,Collie,0,small_airport
YCOL,0,AU,,0,closed
YCOM,3088,AU,Cooma,1,medium_airport
YCOO,13,AU,,0,small_airport
YCOR,469,AU,,0,medium_airport
YCOS,0,AU,Cosmo Newbery,0,small_airport
YCOY,5,AU,Lyndon,0,small_airport
YCPD,0,AU,,0,small_airport
YCPK,2408,AU,Carcoar,0,small_airport
YCPN,1585,AU,Carpentaria Downs,0,small_airport
YCPR,77,AU,Cape Preston,0,small_airport
YCPT,672,AU,Carrapateena mine,0,small_airport
YCRA,131,AU,,0,small_airport
YCRE,420,AU,,0,small_airport
YCRG,963,AU,,0,medium_airport
YCRL,0,AU,Crookwell,0,small_airport
YCRO,10,AU,,0,heliport
YCRT,0,AU,,0,small_airport
YCRY,107,AU,,0,small_airport
YCSI,1545,AU,,0,small_airport
YCSK,1178,AQ,Casey Station,0,small_airport
YCSL,0,AU,,0,small_airport
YCSP,0,AU,,0,small_airport
YCST,203,AU,Carcory Station,0,small_airport
YCSV,180,AU,,0,small_airport
YCTA,1230,AU,,0,small_airport
YCTC,1254,AU,Parnnguar,0,small_airport
YCTH,0,AU,,0,small_airport
YCTI,372,AU,Kimbolton,0,small_airport
YCTM,1110,AU,,0,medium_airport
YCTN,521,AU,,0,small_airport
YCTS,0,AU,,0,small_airport
YCUD,0,AU,,0,small_airport
YCUE,442,AU,,0,small_airport
YCUN,705,AU,,0,small_airport
YCVA,1120,AU,Clare,0,small_airport
YCVG,0,AU,,0,small_airport
YCVS,0,AU,,0,small_airport
YCWA,2300,AU,Coondewanna,0,small_airport
YCWH,0,AU,,0,small_airport
YCWI,52,AU,,0,small_airport
YCWL,39,AU,,0,small_airport
YCWN,0,AU,,0,small_airport
YCWR,966,AU,,0,medium_airport
YCWY,1195,AU,Coolawanyah Station,0,small_airport
YCYT,0,AU,,0,small_airport
YDAG,0,AU,,0,small_airport
YDAJ,335,AU,,0,small_airport
YDAL,0,AU,,0,small_airport
YDAR,0,AU,Runnymede,0,small_airport
YDAY,1137,AU,,0,small_airport
YDBI,567,AU,,0,medium_airport
YDBR,15,AU,Maramie,0,small_airport
YDBY,24,AU,Derby,0,medium_airport
YDDF,0,AU,Palmer,0,small_airport
YDDI,8,AU,Whitsundays,0,heliport
YDDY,152,AU,,0,small_airport
YDEA,488,AU,Bulman,0,small_airport
YDEG,2546,AU,,0,small_airport
YDEK,230,AU,Denmark,0,small_airport
YDER,600,AU,,0,small_airport
YDEV,0,AU,,0,small_airport
YDFD,30,AU,Wauchope,0,small_airport
YDGA,1459,AU,,0,small_airport
YDGI,0,AU,,0,small_airport
YDGN,0,AU,Drysdale River,0,small_airport
YDGR,0,AU,,0,small_airport
YDGT,0,AU,,0,small_airport
YDGU,1823,AU,,0,small_airport
YDGY,59,AU,De Grey,0,small_airport
YDHL,0,AU,,0,small_airport
YDIM,0,AU,,0,small_airport
YDIX,580,AU,New Dixie,0,small_airport
YDKI,6,AU,Dunk Island,0,small_airport
YDLC,0,AU,,0,small_airport
YDLD,0,AU,,0,small_airport
YDLH,397,AU,,0,small_airport
YDLK,0,AU,Dulkaninna,0,small_airport
YDLO,1513,AU,,0,small_airport
YDLQ,316,AU,Deniliquin,0,medium_airport
YDLT,15,AU,,0,small_airport
YDLV,34,AU,,0,small_airport
YDLW,700,AU,Daly Waters,0,small_airport
YDMF,0,AU,,0,small_airport
YDMG,153,AU,,1,small_airport
YDMN,0,AU,Nauiyu,0,small_airport
YDMR,0,AU,,0,small_airport
YDNB,0,AU,,0,small_airport
YDNI,0,AU,Darnley Island,1,small_airport
YDNV,0,AU,,0,small_airport
YDOC,185,AU,Singleton,0,small_airport
YDOD,409,AU,,0,small_airport
YDON,0,AU,,0,small_airport
YDOO,0,AU,,0,small_airport
YDOP,76,AU,Donnington,0,small_airport
YDOR,58,AU,Dorunda Outstation,0,small_airport
YDPD,95,AU,,0,small_airport
YDPO,33,AU,Devonport,1,medium_airport
YDPT,0,AU,,0,small_airport
YDPW,0,AU,,0,small_airport
YDRA,0,AU,Port Denison,0,small_airport
YDRC,0,AU,,0,small_airport
YDRD,360,AU,Drysdale River,0,small_airport
YDRG,495,AU,Duaringa,0,small_airport
YDRH,116,AU,,0,small_airport
YDRI,58,AU,,0,small_airport
YDRL,0,AU,De Rose Hill,0,small_airport
YDRN,330,AU,Drouin,0,small_airport
YDUK,0,AU,Bandya,0,small_airport
YDUM,0,AU,,0,small_airport
YDUN,260,AU,North Stradbroke Island,0,small_airport
YDVE,0,AU,,0,small_airport
YDVR,589,AU,Kaltukatjara,0,small_airport
YDWF,223,AU,,0,small_airport
YDWU,0,AU,,0,small_airport
YDYS,670,AU,,0,medium_airport
YEAB,0,AU,,0,small_airport
YEAT,0,AU,,0,small_airport
YECB,73,AU,Broome,0,small_airport
YECH,323,AU,,0,medium_airport
YECL,22,AU,,0,small_airport
YEDA,0,AU,Etadunna,0,small_airport
YEDE,0,AU,,0,small_airport
YEDM,0,AU,,0,small_airport
YEEB,0,AU,Eneabba,0,small_airport
YEES,112,AU,,0,small_airport
YEHP,15,AU,Erina,0,heliport
YEIN,0,AU,Einasleigh,0,small_airport
YEJI,1448,AU,,0,small_airport
YELD,101,AU,Elcho Island,1,medium_airport
YELE,0,AU,,0,small_airport
YELK,0,AU,,0,small_airport
YELL,0,AU,Elliott,0,small_airport
YELM,0,AU,,0,small_airport
YELN,20,AU,Elliston,0,small_airport
YEMG,166,AU,,0,small_airport
YEML,624,AU,Emerald,1,medium_airport
YEMP,0,AU,Emu Park,0,small_airport
YENO,145,AU,Enoggera,0,heliport
YEPL,0,AU,,0,small_airport
YEPR,0,AU,,0,small_airport
YEPT,235,AU,,0,small_airport
YEQO,0,AU,,0,small_airport
YERA,0,AU,,0,small_airport
YERH,0,AU,,0,small_airport
YERL,0,AU,Ghan,0,small_airport
YERN,707,AU,,0,small_airport
YERO,0,AU,,0,small_airport
YERU,0,AU,,0,small_airport
YESE,645,AU,Elrose Mine,0,small_airport
YESP,470,AU,Esperance,1,medium_airport
YETT,256,AU,Bundaberg,0,small_airport
YEUA,555,AU,Euroa,0,small_airport
YEUD,0,AU,,0,small_airport
YEUL,0,AU,,0,small_airport
YEUO,152,AU,,0,small_airport
YEVA,0,AU,Eva Downs,0,small_airport
YEVD,20,AU,,0,small_airport
YEVP,1615,AU,Mimili,0,small_airport
YEWA,1576,AU,,0,medium_airport
YEWO,421,AU,Carinda,0,small_airport
YEXM,0,AU,Exmouth,0,small_airport
YEYD,0,AU,,0,small_airport
YFBS,760,AU,Forbes,0,medium_airport
YFCN,532,AU,Cloncurry,0,small_airport
YFDF,1555,AU,Cloudbreak Village,0,small_airport
YFDN,709,AU,,0,small_airport
YFHA,354,AU,Finch Hatton,0,small_airport
YFLI,10,AU,Whitemark,1,small_airport
YFLO,0,AU,,0,small_airport
YFLS,0,AU,,0,small_airport
YFNE,0,AU,Finke,0,small_airport
YFOR,0,AU,,0,small_airport
YFRD,0,AU,,0,small_airport
YFRG,528,AU,,0,small_airport
YFRI,0,AU,,0,small_airport
YFRK,800,AU,Frankland River,0,small_airport
YFRT,511,AU,,0,medium_airport
YFRV,22,AU,Oombulgurri,0,small_airport
YFSA,0,AU,,0,small_airport
YFTA,0,AU,,0,small_airport
YFTL,10,AU,Fremantle,0,heliport
YFTZ,368,AU,,1,medium_airport
YFWY,0,AU,,0,small_airport
YGAD,9,AU,Garden Island,0,small_airport
YGAM,0,AU,Gamboola,0,small_airport
YGAN,0,AU,Gan Gan,0,small_airport
YGAR,10,AU,MacLeod,0,small_airport
YGAS,460,AU,Gatton,0,small_airport
YGAW,70,AU,,0,small_airport
YGAY,369,AU,Gayndah,0,small_airport
YGBI,19,AU,,0,small_airport
YGBO,96,AU,Mallacoota,0,small_airport
YGBW,0,AU,,0,small_airport
YCAX,17,AU,Carrara Gold Coast,0,heliport
YGCR,0,AU,,0,small_airport
YGDA,459,AU,,0,small_airport
YGDH,863,AU,,0,medium_airport
YGDI,714,AU,,0,small_airport
YGDN,800,AU,Gordon Downs,0,small_airport
YGDO,1860,AU,,0,small_airport
YGDR,0,AU,,0,small_airport
YGDS,52,AU,,0,small_airport
YGDV,0,AU,,0,small_airport
YGEL,121,AU,Moonyoonooka,1,medium_airport
YGEN,157,AU,Byfield,0,small_airport
YGFN,110,AU,Grafton,0,medium_airport
YGGE,1180,AU,,0,small_airport
YGGI,0,AU,,0,small_airport
YGGL,0,AU,,0,small_airport
YGGO,0,AU,,0,small_airport
YGGS,0,AU,,0,small_airport
YGHG,0,AU,,0,closed
YGHP,200,AU,Princetown,0,heliport
YGHS,83,AU,MacLeod,0,small_airport
YGHT,6,AU,Gold Coast,0,heliport
YGIA,1409,AU,Ginbata,0,small_airport
YGIB,509,AU,Gibb,0,small_airport
YGID,0,AU,,0,small_airport
YGIF,0,AU,,0,small_airport
YGIG,247,AU,,0,small_airport
YGIL,320,AU,,0,small_airport
YGIR,0,AU,Exmouth Gulf,0,small_airport
YGIS,1373,AU,Gisborne,0,heliport
YGLA,64,AU,Gladstone,1,medium_airport
YGLB,2141,AU,,0,medium_airport
YGLD,0,AU,Glendambo,0,small_airport
YGLE,91,AU,,0,small_airport
YGLI,3433,AU,Glen Innes,0,medium_airport
YGLK,590,AU,Glenbrook National Parks & Wildlife Service,0,heliport
YGLN,728,AU,Collie,0,small_airport
YGLO,158,AU,,0,small_airport
YGLP,865,AU,Nicholson,0,small_airport
YGLS,579,AU,Warakurna,0,small_airport
YGMP,0,AU,,0,small_airport
YGMT,1770,AU,Greenmount,0,small_airport
YGNA,0,AU,,0,small_airport
YGNE,420,AU,,0,small_airport
YGNI,23,AU,Cairns,0,heliport
YGNO,578,AU,,0,small_airport
YGNR,81,AU,Glenore,0,small_airport
YGNV,0,AU,,0,small_airport
YGNW,0,AU,,0,small_airport
YGOM,0,AU,,0,small_airport
YGON,900,AU,Mount Gordon Mine,0,small_airport
YGPT,90,AU,Pirlangimpi,0,medium_airport
YGRL,184,AU,,0,small_airport
YGRU,0,AU,,0,small_airport
YGSC,499,AU,Gascoyne Junction,0,small_airport
YGSD,184,AU,Muchea,0,small_airport
YGSN,1205,AU,,0,small_airport
YGTC,2136,AU,Anmatjere,0,small_airport
YGTE,53,AU,Groote Eylandt,1,medium_airport
YGTH,439,AU,Griffith,1,medium_airport
YGTN,995,AU,Georgetown,0,small_airport
YGTO,131,AU,George Town,0,small_airport
YGUL,0,AU,,0,small_airport
YGUW,0,AU,,0,small_airport
YGVE,0,AU,,0,small_airport
YGWA,32,AU,Goolwa,0,small_airport
YGWD,0,AU,,0,small_airport
YGYM,260,AU,,0,small_airport
YHAA,2269,AU,,0,small_airport
YHAB,0,AU,,0,small_airport
YHAE,0,AU,,0,small_airport
YHAG,0,AU,,0,small_airport
YHAW,321,AU,Hawker,0,small_airport
YHAY,305,AU,,0,medium_airport
YHBA,60,AU,Hervey Bay,1,medium_airport
YHBK,267,AU,Holbrook,0,small_airport
YHBR,0,AU,,0,small_airport
YHBY,0,AU,Ghan,0,small_airport
YHCS,815,AU,,0,small_airport
YHDD,0,AU,,0,small_airport
YHDY,0,AU,,0,small_airport
YHEC,0,AU,,0,small_airport
YHEG,0,AU,,0,small_airport
YHEW,0,AU,Mulara,0,small_airport
YHGR,0,AU,,0,small_airport
YHGS,0,AU,,0,small_airport
YHHY,0,AU,Highbury,0,small_airport
YHID,43,AU,Horn,1,medium_airport
YHIL,935,AU,Hillside,0,small_airport
YHKT,0,AU,,0,small_airport
YHLC,1346,AU,,0,medium_airport
YHLM,0,AU,Darkan,0,small_airport
YHLN,963,AU,,0,small_airport
YHLS,403,AU,,0,small_airport
YHMB,593,AU,Hermannsburg (Ntaria),0,small_airport
YHMH,10,AU,,0,heliport
YHML,803,AU,,0,medium_airport
YHMT,0,AU,,0,small_airport
YHOA,0,AU,,0,small_airport
YHON,419,AU,Honeymoon Uranium Mine,0,small_airport
YHOO,320,AU,Lajamanu,1,small_airport
YHOT,4260,AU,Mount Hotham,1,medium_airport
YHOV,385,AU,Hodgeson River,0,small_airport
YHOY,0,AU,,0,small_airport
YHPN,256,AU,,0,medium_airport
YHPV,228,AU,Hope Vale,0,small_airport
YHPY,123,AU,Fraser Island,0,heliport
YHRD,0,AU,Hungerford,0,small_airport
YHRG,0,AU,,0,small_airport
YHSJ,16,AU,Pinkenba,0,heliport
YHSL,0,AU,,0,small_airport
YHSM,445,AU,,0,medium_airport
YHTA,0,AU,,0,small_airport
YHTL,0,AU,Shelburne,0,small_airport
YHTN,0,AU,,0,small_airport
YHTS,0,AU,,0,small_airport
YHUG,1043,AU,Hughenden,1,small_airport
YHYL,545,AU,Hoyleton,0,small_airport
YHYN,8,AU,Hayman Island Resort,0,heliport
YIBO,665,AU,Japal Camp,0,small_airport
YIDR,0,AU,,0,small_airport
YIFF,574,AU,Iffley Homestead,0,small_airport
YIFL,46,AU,,0,small_airport
YIFY,43,AU,,0,small_airport
YIGM,49,AU,,0,small_airport
YIGR,0,AU,,0,small_airport
YIKL,0,AU,,0,small_airport
YIKM,6,AU,Inkerman,0,small_airport
YILA,525,AU,Milawa,0,small_airport
YILF,720,AU,,0,small_airport
YXUA,181,AU,Milton,0,heliport
YILW,840,AU,Inglewood,0,small_airport
YIMB,763,AU,Kimba,0,small_airport
YIMP,0,AU,,0,small_airport
YIMT,0,AU,Innamincka Township,0,small_airport
YING,0,AU,Rewan,0,small_airport
YINJ,401,AU,Injune,0,small_airport
YINN,54,AU,,0,small_airport
YINO,0,AU,,0,small_airport
YINV,0,AU,,0,small_airport
YINW,0,AU,Inverway,0,small_airport
YISD,0,AU,,0,small_airport
YISF,694,AU,,0,small_airport
YITT,820,AU,,0,small_airport
YIVE,100,AU,Inverloch,0,small_airport
YIVL,2667,AU,Inverell,0,medium_airport
YIVO,330,AU,Ivanhoe,0,small_airport
YJAB,85,AU,,0,small_airport
YJAC,419,AU,,0,small_airport
YJAM,0,AU,,0,small_airport
YJBY,200,AU,Jervis Bay Territory,0,small_airport
YJCO,1375,AU,Jericho,0,small_airport
YJDA,145,AU,Jundah,0,small_airport
YJER,110,AU,,0,small_airport
YJEY,0,AU,,0,small_airport
YJGP,0,AU,,0,small_airport
YJIG,0,AU,,0,small_airport
YJIN,3400,AU,Jindabyne,0,small_airport
YJLC,404,AU,,1,small_airport
YJUR,15,AU,Jurien Bay,0,small_airport
YJNY,0,AU,,0,small_airport
YJRO,0,AU,,0,small_airport
YJST,0,AU,Jamestown,0,small_airport
YJUK,0,AU,,0,small_airport
YJUN,562,AU,,0,small_airport
YKAE,0,AU,,0,small_airport
YKAJ,0,AU,,0,small_airport
YKAL,29,AU,Kalumburu,0,small_airport
YKAN,0,AU,,0,small_airport
YKAP,1200,AU,Kapunda,0,small_airport
YKAR,1011,AU,Karara,1,small_airport
YKBA,709,AU,Ken's Bore,0,small_airport
YKBG,0,AU,,0,small_airport
YKBL,1073,AU,Kambalda West,0,small_airport
YKBR,157,AU,Kalbarri,1,small_airport
YKBY,69,AU,,0,small_airport
YKCA,2100,AU,Petermann,0,small_airport
YKCK,144,AU,Killiecrankie,0,small_airport
YKCS,615,AU,Petermann,0,small_airport
YKDD,1473,AU,Koodaideri Mine,0,small_airport
YKDI,42,AU,,0,small_airport
YKDM,88,AU,,0,small_airport
YKDN,0,AU,,0,small_airport
YKEB,0,AU,,0,small_airport
YKEN,0,AU,,0,small_airport
YKEP,0,AU,,0,small_airport
YKER,254,AU,,0,medium_airport
YKGA,0,AU,Kingoonya,0,small_airport
YKHA,0,AU,,0,small_airport
YKHO,220,AU,Fernvale,0,heliport
YKIA,0,AU,,0,small_airport
YKIC,1422,AU,,0,small_airport
YKID,494,AU,,0,small_airport
YKIG,2,AU,,0,small_airport
YKII,132,AU,,1,medium_airport
YKIL,0,AU,,0,small_airport
YKIR,0,AU,Kirkimbie,0,small_airport
YKIU,0,AU,,0,small_airport
YKKG,646,AU,,1,small_airport
YKKH,0,AU,,0,small_airport
YKKN,400,AU,,0,small_airport
YKLA,0,AU,Maramie,0,small_airport
YKLB,350,AU,Koolburra,0,small_airport
YKLC,540,AU,Koolan Island,0,small_airport
YKLE,194,AU,,0,small_airport
YKLG,0,AU,,0,small_airport
YKLL,0,AU,,0,small_airport
YKLN,0,AU,,0,small_airport
YKLR,0,AU,,0,small_airport
YKMB,5,AU,,1,small_airport
YKML,91,AU,,0,small_airport
YKMP,54,AU,,0,medium_airport
YKNG,0,AU,,0,small_airport
YKNM,0,AU,,0,small_airport
YKNP,0,AU,,0,small_airport
YKNT,0,AU,,0,small_airport
YKOJ,0,AU,,0,small_airport
YKOK,0,AU,,0,small_airport
YKOL,0,AU,,0,small_airport
YKOW,35,AU,Kowanyama,1,medium_airport
YKPR,90,AU,Kalpower,0,small_airport
YKRV,0,AU,,0,small_airport
YKRY,1492,AU,,0,medium_airport
YKSC,24,AU,,1,medium_airport
YKTH,79,AU,Keith,0,small_airport
YKTN,1650,AU,Kyneton,0,small_airport
YKUB,15,AU,Kubin Island,1,small_airport
YKUR,1340,AU,Kurundi Station,0,small_airport
YKWA,1928,AU,,0,small_airport
YKWG,0,AU,,0,small_airport
YKYN,669,AU,Kynuna,0,small_airport
YLAE,119,AU,,0,small_airport
YLAG,7,AU,Dunalley,0,small_airport
YLAH,122,AU,,0,small_airport
YLAK,0,AU,Lakeside,0,small_airport
YLAM,0,AU,,0,small_airport
YLAN,0,AU,,0,small_airport
YLAO,0,AU,,0,small_airport
YLAW,1598,AU,,0,small_airport
YLBA,810,AU,Carmichael Coal Mine,0,small_airport
YLBD,154,AU,Dampier Peninsula,0,small_airport
YLBG,0,AU,,0,small_airport
YLCG,169,AU,,0,small_airport
YLCS,165,AU,Locksley,0,small_airport
YLDB,0,AU,Lady Barron,0,small_airport
YLDO,0,AU,,0,small_airport
YLEA,2,AU,Leeman,0,small_airport
YLEC,856,AU,,0,medium_airport
YLED,790,AU,,0,small_airport
YLEE,460,AU,,0,small_airport
YLEG,263,AU,Leongatha South,0,small_airport
YLEO,1217,AU,Leonora,1,medium_airport
YLET,0,AU,,0,small_airport
YLEV,256,AU,,1,small_airport
YLFD,107,AU,Lakefield,0,small_airport
YLGB,96,AU,Lagrange,0,small_airport
YLGC,936,AU,Lake Grace,0,small_airport
YLGD,0,AU,Longford,0,small_airport
YLGL,0,AU,,0,small_airport
YLGN,0,AU,,0,small_airport
YLGU,26,AU,Baines,0,small_airport
YLHI,5,AU,Lord Howe Island,1,small_airport
YLHR,77,AU,Lockhart River,1,medium_airport
YLHS,0,AU,Lyndhurst,0,small_airport
YLIL,242,AU,,0,small_airport
YLIM,0,AU,Limbunya,0,small_airport
YLIN,0,AU,Lindeman Island,0,small_airport
YLIS,35,AU,Lismore,1,medium_airport
YLKD,0,AU,,0,small_airport
YLKE,0,AU,,0,small_airport
YLKN,640,AU,Alpurrurulam,0,small_airport
YLKS,7,AU,,0,small_airport
YLLA,0,AU,,0,small_airport
YLLC,0,AU,,0,small_airport
YLLE,385,AU,,0,small_airport
YLLT,55,AU,,0,small_airport
YLMQ,5,AU,City of Lake Macquarie,0,small_airport
YLMU,0,AU,Mungo,0,small_airport
YLND,930,AU,Lakeland Downs,0,small_airport
YLNR,0,AU,,0,small_airport
YLOC,0,AU,,0,small_airport
YLOD,633,AU,Longwood East,0,small_airport
YLOH,0,AU,Louth,0,small_airport
YLOK,350,AU,Lock,0,small_airport
YLOR,61,AU,,0,small_airport
YLOU,0,AU,,0,small_airport
YLOV,0,AU,Lotus Vale,0,small_airport
YLOX,38,AU,,0,small_airport
YLRA,627,AU,,0,small_airport
YLRD,540,AU,,1,medium_airport
YLRE,627,AU,Longreach,1,medium_airport
YLRG,0,AU,,0,small_airport
YLRS,148,AU,Laura Station,0,small_airport
YLSK,112,AU,Luskintyre,0,small_airport
YLST,1631,AU,,1,medium_airport
YLSY,0,AU,,0,small_airport
YLTN,1530,AU,Laverton,1,small_airport
YLTV,180,AU,Morwell,0,medium_airport
YLUC,0,AU,,0,small_airport
YLUI,0,AU,,0,small_airport
YLUL,0,AU,,0,small_airport
YLUW,0,AU,Margaret River,0,small_airport
YLVD,0,AU,,0,small_airport
YLVK,9,AU,Townsville,0,small_airport
YLWY,0,AU,,0,small_airport
YLYD,0,AU,,0,small_airport
YLYK,0,AU,Lyndoch,0,small_airport
YLZI,70,AU,,0,small_airport
YMAA,0,AU,Mabuiag Island,1,small_airport
YMAC,0,AU,,0,small_airport
YMAD,0,AU,,0,small_airport
YMAE,300,AU,Murray Island,1,small_airport
YMAI,0,AU,Manguri,0,small_airport
YMAK,0,AU,Mabel Creek,0,small_airport
YMAP,101,AU,,0,small_airport
YMAT,205,AU,Brisbane,0,heliport
YMAU,0,AU,,0,small_airport
YMAV,35,AU,Geelong/Melbourne,1,large_airport
YMAY,539,AU,East Albury,1,medium_airport
YMBA,1560,AU,Mareeba,0,medium_airport
YMBD,180,AU,,0,small_airport
YMBL,194,AU,,0,small_airport
YMBT,1100,AU,Mount Beauty,0,small_airport
YMBU,766,AU,,0,small_airport
YMBX,120,AU,Mundrabilla,0,small_airport
YMBZ,0,AU,,0,small_airport
YMCE,0,AU,,0,small_airport
YMCF,1216,AU,Jondaryan,0,small_airport
YMCK,0,AU,,0,small_airport
YMCL,239,AU,,0,small_airport
YMCO,31,AU,,0,small_airport
YMCR,0,AU,,0,small_airport
YMCS,0,AU,,0,small_airport
YMCT,56,AU,,0,small_airport
YMDA,122,AU,,0,small_airport
YMDB,39,AU,Mundabullangana,0,small_airport
YMDG,1545,AU,Mudgee,0,medium_airport
YMDK,0,AU,,0,small_airport
YMDN,396,AU,,0,small_airport
YMDR,75,AU,Talandji,0,small_airport
YMDS,0,AU,,0,small_airport
YMDT,0,AU,,0,small_airport
YMDV,0,AU,,0,small_airport
YMDW,0,AU,,0,small_airport
YMDY,150,AU,,0,small_airport
YMDZ,0,AU,,0,small_airport
YMEB,0,AU,Mount Eba,0,small_airport
YMED,0,AU,Menindee,0,small_airport
YMEI,735,AU,,0,small_airport
YMEK,1713,AU,,1,medium_airport
YMEL,204,AU,Melton,0,small_airport
YMEM,0,AU,Memooloo,0,small_airport
YMEN,282,AU,Essendon Fields,1,medium_airport
YMER,7,AU,Merimbula,1,medium_airport
YMES,23,AU,,0,medium_airport
YMEU,276,AU,Merluna,0,small_airport
YMEW,0,AU,,0,small_airport
YMEY,0,AU,,0,small_airport
YMFD,1050,AU,,0,small_airport
YMGB,53,AU,Milingimbi Island,1,small_airport
YMGD,123,AU,Maningrida,1,medium_airport
YMGG,0,AU,,0,small_airport
YMGI,600,AU,,0,small_airport
YMGN,285,AU,Mount Gunson,0,small_airport
YMGO,0,AU,,0,small_airport
YMGT,374,AU,,0,small_airport
YMGV,302,AU,Musgrave,0,small_airport
YMHB,13,AU,Hobart (Cambridge),1,large_airport
YMHL,0,AU,,0,small_airport
YMHO,948,AU,Wunaamin Miliwundi Ranges,0,small_airport
YMHT,0,AU,Wunaamin Miliwundi Ranges,0,small_airport
YMHU,131,AU,McArthur River Mine,1,small_airport
YMHW,105,AU,,0,small_airport
YMIA,167,AU,Mildura,1,medium_airport
YMIG,0,AU,Mittagong,0,small_airport
YMIK,435,AU,Millers Creek,0,small_airport
YMIN,0,AU,,0,small_airport
YMIP,0,AU,Mitchell Plateau,0,small_airport
YMIR,0,AU,Miranda Downs,0,small_airport
YMIS,0,AU,,0,small_airport
YMIT,1144,AU,,0,small_airport
YMIV,0,AU,,0,small_airport
YMIX,433,AU,Minilya,0,small_airport
YMJE,0,AU,,0,small_airport
YMJM,940,AU,,0,small_airport
YMJR,1975,AU,Majura,0,heliport
YMKB,0,AU,,0,small_airport
YMKT,78,AU,Weddell,0,small_airport
YMLA,0,AU,,0,small_airport
YMLD,0,AU,,0,small_airport
YMLK,0,AU,,0,small_airport
YMLL,0,AU,,0,small_airport
YMLN,0,AU,,0,small_airport
YMLR,0,AU,,0,small_airport
YMLS,304,AU,,0,small_airport
YMLT,562,AU,Launceston (Western Junction),1,medium_airport
YMLX,0,AU,,0,small_airport
YMMB,50,AU,Melbourne,1,medium_airport
YMMI,1535,AU,Murrin Murrin,0,small_airport
YMML,434,AU,Melbourne,1,large_airport
YMMN,1312,AU,Millmerran,0,small_airport
YMMO,310,AU,,0,small_airport
YMMT,0,AU,,0,small_airport
YMMU,547,AU,,0,small_airport
YMNA,0,AU,,0,small_airport
YMND,85,AU,,0,small_airport
YMNE,1792,AU,,0,medium_airport
YMNF,0,AU,,0,small_airport
YMNG,467,AU,Mangalore,0,small_airport
YMNK,107,AU,,0,small_airport
YMNN,0,AU,,0,small_airport
YMNO,0,AU,,0,small_airport
YMNP,0,AU,,0,small_airport
YMNS,1641,AU,,0,small_airport
YMNT,0,AU,,0,small_airport
YMNX,0,AU,,0,small_airport
YMNY,104,AU,,0,small_airport
YMOE,0,AU,,0,small_airport
YMOG,1354,AU,,1,medium_airport
YMOO,85,AU,,0,small_airport
YMOR,701,AU,Moree,1,medium_airport
YMOT,0,AU,Moreton,0,small_airport
YMOU,147,AU,,0,small_airport
YMPA,155,AU,,0,small_airport
YMPC,14,AU,Point Cook,0,small_airport
YMPE,0,AU,,0,small_airport
YMPH,0,AU,,0,small_airport
YMQA,0,AU,Marqua,0,small_airport
YMRA,0,AU,,0,small_airport
YMRB,770,AU,Moranbah,1,medium_airport
YMRE,50,AU,,0,medium_airport
YMRT,657,AU,,0,small_airport
YMRW,270,AU,,0,small_airport
YMRY,14,AU,Moruya,1,medium_airport
YMSF,231,AU,,0,small_airport
YMSP,0,AU,,0,small_airport
YMSS,0,AU,,0,small_airport
YMST,1043,AU,Chichester National Park,0,small_airport
YMTA,865,AU,,0,small_airport
YMTB,230,AU,,0,small_airport
YMTC,712,AU,Mount Clarence Station,0,small_airport
YMTG,0,AU,Mount Gambier,1,medium_airport
YMTI,33,AU,,1,small_airport
YMTJ,573,AU,,0,small_airport
YMTO,757,AU,,0,small_airport
YMTW,0,AU,,0,small_airport
YMTX,0,AU,,0,small_airport
YMTZ,1861,AU,Gibb,0,small_airport
YMUA,0,AU,,0,small_airport
YMUC,300,AU,Muccan Station,0,small_airport
YMUE,0,AU,,0,small_airport
YMUG,0,AU,Mungeranie,0,small_airport
YMUJ,0,AU,,0,closed
YMUK,0,AU,Mulka,0,small_airport
YMUL,56,AU,,0,small_airport
YMUP,0,AU,,0,small_airport
YMUR,0,AU,,0,small_airport
YMUS,1096,AU,Mantuan Downs,0,small_airport
YMUX,0,AU,,0,small_airport
YMVM,920,AU,Mangrove Mountain,0,small_airport
YMVN,0,AU,,0,small_airport
YMVY,0,AU,,0,small_airport
YMWA,290,AU,,0,small_airport
YMWO,0,AU,,0,small_airport
YMWX,0,AU,Marion Downs,0,small_airport
YMYB,38,AU,Maryborough,0,small_airport
YMYH,0,AU,,0,small_airport
YMYI,0,AU,,0,small_airport
YMYR,0,AU,,0,small_airport
YMYV,0,AU,,0,small_airport
YMYW,0,AU,,0,small_airport
YMYY,0,AU,,0,small_airport
YMZI,0,AU,,0,small_airport
YNAB,0,AU,,0,small_airport
YNAN,0,AU,,0,small_airport
YNAP,55,AU,,0,small_airport
YNAR,474,AU,Narrandera,1,medium_airport
YNAU,0,AU,,0,small_airport
YNBO,653,AU,Nebo,0,small_airport
YNBR,788,AU,Narrabri,1,medium_airport
YNCD,0,AU,,0,small_airport
YNCS,0,AU,,0,small_airport
YNCW,800,AU,Pamayu,0,small_airport
YNDG,1070,AU,,0,small_airport
YNDS,0,AU,,0,small_airport
YNES,0,AU,,0,small_airport
YNEY,0,AU,"Nelly Bay, Magnetic Island",0,heliport
YNGU,45,AU,Roper River,0,medium_airport
YNGW,475,AU,,0,small_airport
YNHL,454,AU,Nhill,0,small_airport
YNHP,916,AU,East Bowes,0,small_airport
YNAA,0,AU,Nambucca Heads,0,small_airport
YNHV,0,AU,,0,small_airport
YNIC,0,AU,,0,small_airport
YNIG,0,AU,,0,small_airport
YNKA,0,AU,,0,small_airport
YNMN,1099,AU,Basalt,0,small_airport
YNNG,148,AU,,0,small_airport
YNOC,0,AU,Noccundra,0,small_airport
YNOF,0,AU,,0,small_airport
YNON,0,AU,,0,small_airport
YNOO,0,AU,,0,small_airport
YNOR,259,AU,Norwood,0,small_airport
YNOV,962,AU,,0,small_airport
YNPA,450,AU,,0,small_airport
YNPB,2135,AU,Napperby,0,small_airport
YNPD,282,AU,,0,small_airport
YNPE,34,AU,Bamaga,1,small_airport
YNRB,1001,AU,,0,small_airport
YNRC,169,AU,,0,small_airport
YNRG,1080,AU,Narrogin,0,small_airport
YNRH,28,AU,Newcastle,0,heliport
YNRL,0,AU,,0,small_airport
YNRM,782,AU,,0,medium_airport
YNRN,950,AU,Narayen,0,small_airport
YNRR,0,AU,,0,small_airport
YNRV,197,AU,,0,small_airport
YNSH,1,AU,,0,small_airport
YNSM,263,AU,Norseman,0,small_airport
YNTH,31,AU,Normanton,0,heliport
YNTM,500,AU,,0,small_airport
YNTN,73,AU,Normanton,1,medium_airport
YNUB,67,AU,,0,small_airport
YNUE,0,AU,,0,small_airport
YNUL,381,AU,,0,small_airport
YNUM,31,AU,,0,small_airport
YNUT,500,AU,Nutwood Downs,0,small_airport
YNWL,0,AU,,0,small_airport
YNWN,1724,AU,Newman,1,medium_airport
YNYG,0,AU,,0,small_airport
YNYM,0,AU,,0,small_airport
YNYN,569,AU,,0,small_airport
YNYP,0,AU,Nyapari,0,small_airport
YOAD,0,AU,,0,small_airport
YOAP,30,AU,Dampier Peninsula,0,small_airport
YOAS,909,AU,The Oaks,0,small_airport
YOAY,177,AU,,0,small_airport
YOBE,3612,AU,Oberon,0,heliport
YOBN,902,AU,Oban,0,small_airport
YOBR,10,AU,,0,small_airport
YODL,0,AU,,0,small_airport
YOEH,2828,AU,Orange,0,heliport
YOEN,30,AU,,0,small_airport
YOIT,0,AU,Tablederry,0,small_airport
YOKE,947,AU,,0,small_airport
YOKV,0,AU,,0,small_airport
YOLA,450,AU,Colac Otway Shire,0,small_airport
YOLD,344,AU,Olympic Dam,1,small_airport
YOLW,7,AU,,0,small_airport
YOLY,518,AU,,0,small_airport
YOMI,0,AU,,0,small_airport
YOMO,0,AU,,0,small_airport
YOOD,118,AU,,0,small_airport
YOOK,0,AU,,0,small_airport
YOOM,143,AU,Moomba,0,small_airport
YOOO,0,AU,,0,small_airport
YORA,0,AU,,0,small_airport
YORB,28,AU,,0,small_airport
YORC,71,AU,Orchid Beach,0,small_airport
YORG,3115,AU,Orange,0,medium_airport
YORL,0,AU,,0,small_airport
YORR,381,AU,,0,small_airport
YORT,0,AU,,0,small_airport
YORV,390,AU,Ord River,0,small_airport
YORW,0,AU,,0,small_airport
YOSB,285,AU,,0,small_airport
YOTN,0,AU,,0,small_airport
YOUN,0,AU,,0,small_airport
YOUY,0,AU,Ouyen,0,small_airport
YPAC,0,AU,,0,small_airport
YPAD,20,AU,Adelaide,1,large_airport
YPAG,56,AU,,1,medium_airport
YPAM,28,AU,,1,small_airport
YPAY,620,AU,,0,small_airport
YPBH,0,AU,,0,small_airport
YPBO,1406,AU,Paraburdoo,1,medium_airport
YPCC,10,CC,West Island,1,large_airport
YPCE,50,AU,,0,small_airport
YPCH,0,AU,Patchewollock,0,small_airport
YPCM,325,AU,Pickertaramoor,0,small_airport
YPCS,0,AU,,0,small_airport
YPDI,0,AU,,0,small_airport
YPDN,103,AU,Darwin,1,large_airport
YPDO,36,AU,Pardoo,0,small_airport
YPDY,0,AU,,0,small_airport
YPEA,149,AU,Bullsbrook,0,medium_airport
YPED,67,AU,Adelaide,0,medium_airport
YPEF,1150,AU,Sunbury,0,small_airport
YPEN,1563,AU,,0,small_airport
YPFT,2701,AU,,0,small_airport
YPGH,0,AU,,0,small_airport
YPGV,192,AU,Nhulunbuy,1,medium_airport
YPHP,241,AU,Port Campbell,0,heliport
YPHS,2142,AU,Anmatjere,0,small_airport
YPHU,39,AU,Bathurst Island,0,small_airport
YPID,13,AU,Newhaven,0,heliport
YPIN,0,AU,,0,small_airport
YPIR,40,AU,,0,medium_airport
YPIX,0,AU,,0,small_airport
YPJI,0,AU,,0,small_airport
YPJT,99,AU,Perth,0,medium_airport
YPKA,29,AU,Karratha,1,medium_airport
YPKE,0,AU,,0,small_airport
YPKG,1203,AU,Broadwood,1,medium_airport
YPKH,0,AU,,0,small_airport
YPKI,0,AU,,0,small_airport
YPKL,168,AU,Puckapunyal,0,small_airport
YPKS,1069,AU,Parkes,1,medium_airport
YPKT,91,AU,Wadeye,0,medium_airport
YPKU,145,AU,Kununurra,1,medium_airport
YPLC,36,AU,Port Lincoln,1,medium_airport
YPLI,0,AU,,0,small_airport
YPLM,19,AU,Exmouth,1,medium_airport
YPLU,0,AU,,0,small_airport
YPMB,0,AU,,0,small_airport
YPMH,745,AU,Mount Eba,1,small_airport
YPMP,10,AU,Pormpuraaw,1,small_airport
YPMQ,12,AU,Port Macquarie,1,medium_airport
YPNA,2450,AU,,0,small_airport
YPNC,0,AU,,0,small_airport
YPNG,78,AU,Penong,0,small_airport
YPNI,0,AU,,0,small_airport
YPNN,76,AU,,0,small_airport
YPNW,0,AU,,0,small_airport
YPOD,265,AU,,1,medium_airport
YPOK,935,AU,,0,small_airport
YPOP,0,AU,Kookynie,0,small_airport
YPPD,33,AU,Port Hedland,1,large_airport
YPPF,57,AU,Adelaide,0,small_airport
YPPH,67,AU,Perth,1,large_airport
YPRC,135,AU,Brisbane,0,heliport
YPRI,200,AU,Brisbane,0,heliport
YPSR,5689,AU,Jindabyne,0,heliport
YPTB,0,AU,,0,small_airport
YPTJ,1493,AU,Patjarr,0,small_airport
YPTN,443,AU,,0,medium_airport
YPUA,0,AU,Nganmarriyanga,0,small_airport
YPUG,200,AU,,0,small_airport
YPUN,0,AU,,0,small_airport
YPVD,0,AU,,0,small_airport
YPWH,1690,AU,Pittsworth,0,small_airport
YPWR,548,AU,Woomera,0,small_airport
YPXM,916,CX,Flying Fish Cove,1,medium_airport
YPYA,50,AU,,0,small_airport
YPYD,0,AU,,0,small_airport
YPYF,0,AU,,0,small_airport
YQBE,489,AU,,0,small_airport
YQBK,0,AU,,0,small_airport
YQDG,0,AU,,0,small_airport
YQDI,1054,AU,,0,small_airport
YQLP,655,AU,,1,medium_airport
YQNS,867,AU,,0,small_airport
YQRN,293,AU,,0,small_airport
YRAM,0,AU,,0,small_airport
YRAT,16,AU,,0,small_airport
YRAW,0,AU,,0,small_airport
YRBB,0,AU,,0,small_airport
YRBC,150,AU,Brisbane,0,heliport
YRBE,65,AU,Robe,0,small_airport
YRBH,180,AU,Brisbane,0,heliport
YRBK,118,AU,Holtze,0,heliport
YRBM,0,AU,,0,small_airport
YRBR,0,AU,,0,small_airport
YRBT,0,AU,,0,small_airport
YRCD,247,AU,Rocklea,0,heliport
YRDM,0,AU,,0,small_airport
YRDS,900,AU,Richmond,0,small_airport
YRDY,0,AU,,0,small_airport
YRED,2,AU,Redcliffe,0,small_airport
YREN,115,AU,,0,medium_airport
YRHO,126,AU,Melbourne,0,heliport
YRID,1150,AU,Clarkefield,0,small_airport
YRKS,0,AU,,0,small_airport
YRLE,0,AU,,0,small_airport
YRLH,461,AU,Riversleigh,0,small_airport
YRLL,0,AU,,0,small_airport
YRLO,374,AU,Pallamana,0,small_airport
YRMD,676,AU,,1,small_airport
YRMH,221,AU,Melbourne,0,heliport
YRNG,206,AU,,1,small_airport
YRNW,0,AU,,0,small_airport
YROB,460,AU,,0,small_airport
YROE,0,AU,Roebourne,0,small_airport
YROI,87,AU,Robinvale,0,small_airport
YROM,1032,AU,Roma,1,medium_airport
YROT,1033,AU,Rothsay,0,small_airport
YROV,0,AU,,0,small_airport
YRRB,92,AU,Roper Bar,0,small_airport
YRRG,0,AU,,0,small_airport
YRRR,0,AU,,0,small_airport
YRSB,55,AU,,0,small_airport
YRSK,0,AU,,0,small_airport
YRST,30,AU,Dilston,0,small_airport
YRSV,0,AU,,0,small_airport
YRSY,1500,AU,Romsey,0,small_airport
YRTI,12,AU,,0,small_airport
YRTP,15,AU,Yagoonya,0,small_airport
YRVE,0,AU,,0,small_airport
YRVL,823,AU,,0,small_airport
YRWA,0,AU,,0,small_airport
YRWF,850,AU,,0,small_airport
YRWH,0,AU,,0,small_airport
YRXB,0,AU,,0,small_airport
YRYH,0,AU,,0,small_airport
YRYK,0,AU,,0,small_airport
YRYL,1995,AU,Rylstone,0,small_airport
YRYP,1690,AU,Yass,0,heliport
YSAN,0,AU,Sandstone,0,small_airport
YSAR,0,AU,,0,small_airport
YSAW,180,AU,,0,small_airport
YSBK,29,AU,Sydney,0,medium_airport
YSBO,0,AU,,0,small_airport
YSCA,177,AU,,0,small_airport
YSCB,1886,AU,Canberra,1,medium_airport
YSCD,1306,AU,Cundeelee,0,small_airport
YSCN,230,AU,Cobbitty,0,medium_airport
YSCO,745,AU,,0,small_airport
YSCR,354,AU,,0,small_airport
YSDL,0,AU,,0,small_airport
YSDU,935,AU,Dubbo,1,medium_airport
YSEA,289,AU,,0,small_airport
YSEN,9,AU,,0,small_airport
YSFG,0,AU,Steinfeld,0,small_airport
YSFI,105,AU,Eighty Mile Beach,0,small_airport
YSFY,0,AU,,0,small_airport
YSGD,0,AU,,0,small_airport
YSGE,656,AU,,1,small_airport
YSGR,6,AU,,0,small_airport
YSGT,46,AU,Singleton,0,small_airport
YSGW,116,AU,,0,small_airport
YSHK,111,AU,Denham,1,medium_airport
YSHL,31,AU,Albion Park Rail,0,medium_airport
YSHN,0,AU,,0,small_airport
YSHR,40,AU,Shute Harbour,0,small_airport
YSHT,374,AU,,0,medium_airport
YSHW,76,AU,Luscombe,0,small_airport
YSIA,0,AU,Siam,0,small_airport
YSII,15,AU,Saibai Island,1,small_airport
YSLE,47,AU,,0,small_airport
YSLG,0,AU,,0,small_airport
YSLK,56,AU,,0,small_airport
YSLN,0,AU,,0,small_airport
YSMB,860,AU,Gosford,0,small_airport
YSMI,31,AU,,0,medium_airport
YSMP,0,AU,,0,small_airport
YSMR,0,AU,Strathmore,0,small_airport
YSMY,0,AU,,0,small_airport
YSNK,173,AU,Milikapiti,1,medium_airport
YSNC,1435,AU,Sinclair,0,small_airport
YSNF,371,NF,Burnt Pine,1,medium_airport
YSNW,400,AU,Nowra Hill,0,medium_airport
YSNY,710,AU,,0,small_airport
YSOL,2030,AU,Karijini National Park,0,small_airport
YSOW,0,AU,,0,small_airport
YSPE,2938,AU,,0,small_airport
YSPF,767,AU,Isisford,0,small_airport
YSPI,0,AU,,0,small_airport
YSPK,0,AU,,0,small_airport
YSPT,2,AU,,0,small_airport
YSPV,0,AU,,0,small_airport
YSRD,0,AU,Laverton,0,small_airport
YSRI,67,AU,Richmond,0,medium_airport
YSRN,20,AU,,0,small_airport
YSRT,0,AU,,0,small_airport
YSSY,21,AU,Sydney (Mascot),1,large_airport
YSTA,639,AU,,0,small_airport
YSTB,0,AU,Holroyd River,0,small_airport
YSTC,122,AU,Stuart Creek,0,small_airport
YSTH,48,AU,,0,small_airport
YSTI,0,AU,Stephens Island,0,seaplane_base
YSTO,166,AU,Stonehenge,0,small_airport
YSTR,0,AU,,0,small_airport
YSTT,0,AU,,0,small_airport
YSTW,1334,AU,Tamworth,1,medium_airport
YSUJ,0,AU,,0,small_airport
YSUM,217,AU,Strathalbyn,0,heliport
YSVH,0,AU,,0,small_airport
YSVN,0,AU,,0,small_airport
YSVP,48,AU,Silver Plains,0,small_airport
YSWE,23,AU,Sweers Island,0,small_airport
YSWG,724,AU,Forest Hill,1,medium_airport
YSWH,234,AU,,0,medium_airport
YSWK,7,AU,South West Rocks,0,small_airport
YSWL,807,AU,,0,medium_airport
YSYN,0,AU,Strathalbyn,0,small_airport
YTAA,360,AU,,0,small_airport
YTAB,0,AU,,0,small_airport
YTAM,240,AU,,0,small_airport
YTAN,0,AU,,0,small_airport
YTAR,400,AU,Tarcoola,0,small_airport
YTBB,11,AU,,0,small_airport
YTBR,16,AU,,0,small_airport
YTCK,0,AU,,0,small_airport
YTCY,0,AU,De Rose Hill,0,small_airport
YTDM,0,AU,,0,small_airport
YTDN,3,AU,,0,small_airport
YTDR,171,AU,,0,small_airport
YTEE,891,AU,Trepell,0,small_airport
YTEF,970,AU,,0,medium_airport
YTEM,921,AU,Temora,0,medium_airport
YTFA,0,AU,Truro Flat,0,small_airport
YTFD,2617,AU,Tenterfield,0,small_airport
YTGA,0,AU,,0,small_airport
YTGI,0,AU,,0,small_airport
YTGM,433,AU,Thargomindah,1,medium_airport
YTGT,0,AU,The Granites Gold Mine,0,small_airport
YTHD,700,AU,Drysdale River,0,small_airport
YTHI,120,AU,Thistle Island,0,small_airport
YTHN,1706,AU,Leinster,0,small_airport
YTHR,0,AU,,0,small_airport
YTHS,900,AU,,0,small_airport
YTHV,0,AU,,0,small_airport
YTHY,165,AU,,0,small_airport
YTIB,584,AU,,0,medium_airport
YTII,0,AU,,0,small_airport
YTIT,0,AU,,0,small_airport
YTJI,0,AU,Gibson Desert South,0,small_airport
YTJU,740,AU,,0,small_airport
YTKY,0,AU,Turkey Creek,0,small_airport
YTLL,0,AU,,0,small_airport
YTLP,0,AU,Tilpa,0,small_airport
YTLT,0,AU,,0,small_airport
YTMB,457,AU,,0,small_airport
YTMN,427,AU,,0,small_airport
YTMO,949,AU,Phosphate Hill,0,small_airport
YTMS,0,AU,,0,small_airport
YTMU,878,AU,Tumut,0,medium_airport
YTMY,0,AU,Tobermorey,0,small_airport
YTNG,644,AU,Biloela,1,medium_airport
YTNK,1236,AU,Tennant Creek,1,medium_airport
YTNR,0,AU,,0,small_airport
YTNS,0,AU,,0,small_airport
YTOA,0,AU,,0,small_airport
YTOB,0,AU,,0,small_airport
YTOC,372,AU,,0,small_airport
YTOG,0,AU,,0,small_airport
YTOT,238,AU,,0,small_airport
YTPA,0,AU,Tipperary,0,small_airport
YTPK,120,AU,,0,small_airport
YTQY,9,AU,Torquay,0,small_airport
YTRA,1104,AU,Tropicana Gold Mine,0,small_airport
YTRC,0,AU,Longreach,0,small_airport
YTRE,38,AU,Taree,0,medium_airport
YTRK,0,AU,,0,small_airport
YTST,181,AU,Anjo Peninsula,0,small_airport
YTTE,0,AU,Aurukun,0,small_airport
YTTI,8,AU,,0,small_airport
YTUG,778,AU,,0,small_airport
YTUN,745,AU,Tunbridge,0,small_airport
YTUY,0,AU,,0,small_airport
YTWB,2086,AU,Toowoomba,0,small_airport
YTWE,0,AU,,0,small_airport
YTWH,10,AU,Tweed Heads,0,heliport
YTWN,1365,AU,,0,small_airport
YTYA,88,AU,Tyabb,0,small_airport
YTYH,0,AU,,0,small_airport
YTYN,0,AU,,0,small_airport
YUCH,0,AU,Ucharonidge Station,0,small_airport
YUDA,2451,AU,Undara,0,small_airport
YUDG,0,AU,,0,small_airport
YUDL,0,AU,,0,small_airport
YUMB,0,AU,,0,small_airport
YUMU,0,AU,,0,small_airport
YUNY,90,AU,,0,small_airport
YUPG,0,AU,,0,small_airport
YUSL,62,AU,Useless Loop,0,small_airport
YUTA,100,AU,,0,heliport
YUTP,0,AU,,0,small_airport
YUTS,0,AU,,0,small_airport
YVAF,0,AU,Epping Forest,0,small_airport
YVAL,705,AU,Sheffield,0,small_airport
YVIV,0,AU,Mount Vivian,0,small_airport
YVNS,0,AU,,0,small_airport
YVRD,89,AU,Victoria River,0,small_airport
YVRS,43,AU,,0,small_airport
YVSH,0,AU,,0,small_airport
YVVA,0,AU,,0,small_airport
YVVL,0,AU,,0,small_airport
YWAB,0,AU,,0,small_airport
YWAC,1186,AU,Wauchope,0,small_airport
YWAG,0,AU,,0,small_airport
YWAL,33,AU,Eighty Mile Beach,0,small_airport
YWAT,0,AU,,0,small_airport
YWAV,201,AU,,0,small_airport
YWAX,0,AU,Wanarn,0,small_airport
YWBI,383,AU,,0,small_airport
YWBL,242,AU,,0,small_airport
YWBN,850,AU,Wedderburn,0,small_airport
YWBR,1500,AU,Warburton,0,small_airport
YWBS,3,AU,Sue Islet,1,small_airport
YWCA,250,AU,,0,small_airport
YWCH,0,AU,,0,small_airport
YWCK,1500,AU,,0,small_airport
YWCM,0,AU,,0,small_airport
YWDA,0,AU,Laverton,0,small_airport
YWDG,1502,AU,Windarling Mine,0,small_airport
YWDH,452,AU,Windorah,1,medium_airport
YWDJ,0,AU,,0,small_airport
YWDL,58,AU,Wondoola,0,small_airport
YWDS,1226,AU,Woodside,0,small_airport
YWDT,0,AU,,0,small_airport
YWDV,1918,AU,Wando Vale,0,small_airport
YWEC,0,AU,,0,small_airport
YWEE,0,AU,,0,small_airport
YWEL,426,AU,,0,small_airport
YWEO,0,AU,,0,small_airport
YWER,0,AU,,0,small_airport
YWEX,0,AU,,0,small_airport
YWGA,673,AU,Wodgina,0,small_airport
YWGI,5,AU,,0,small_airport
YWGM,1000,AU,York,0,small_airport
YWGN,0,AU,,0,small_airport
YWGT,504,AU,Laceby,0,medium_airport
YWGW,0,AU,,0,small_airport
YWHA,41,AU,Whyalla,1,medium_airport
YWHC,162,AU,White Cliffs,0,small_airport
YWHI,489,AU,Witchelina,0,small_airport
YWHL,740,AU,Creswell,0,small_airport
YWHP,16,AU,,0,heliport
YWIB,892,AU,Mount Willoughby,0,small_airport
YWIE,0,AU,,0,small_airport
YWIL,0,AU,,0,small_airport
YWIO,0,AU,Wilton,0,small_airport
YWIS,89,AU,,0,small_airport
YWKB,397,AU,,0,medium_airport
YWKD,100,AU,Woodycupaldiya,0,small_airport
YWKI,138,AU,,0,small_airport
YWKM,0,AU,Wyalkatchem,0,small_airport
YWKS,2529,AQ,Preston Heath,0,small_airport
YWKW,0,AU,Warkworth,0,small_airport
YWLA,0,AU,,0,small_airport
YWLG,439,AU,,1,medium_airport
YWLM,31,AU,Williamtown,1,large_airport
YWLN,0,AU,,0,small_airport
YWLU,1649,AU,,1,medium_airport
YWMC,253,AU,William Creek,0,small_airport
YWMG,0,AU,,0,small_airport
YWML,0,AU,,0,small_airport
YWMM,1036,AU,,0,small_airport
YWMO,1600,AU,,0,small_airport
YWMP,152,AU,Wrotham Park,0,small_airport
YWMY,0,AU,,0,small_airport
YWND,320,AU,,0,small_airport
YWNI,0,AU,Aurukun,0,small_airport
YWNL,2218,AU,Wingellina,0,small_airport
YWNO,0,AU,,0,small_airport
YWOH,0,AU,,0,small_airport
YWON,0,AU,,0,small_airport
YWOR,199,AU,,0,small_airport
YWPA,0,AU,,0,small_airport
YWPE,0,AU,North Walpole,0,small_airport
YWPL,0,AU,,0,small_airport
YWRA,0,AU,,0,small_airport
YWRC,0,AU,,0,small_airport
YWRL,1140,AU,,0,small_airport
YWRN,669,AU,,0,medium_airport
YWRO,0,AU,Wallaroo,0,heliport
YWRR,20,AU,Lyndon,0,small_airport
YWRV,0,AU,,0,small_airport
YWSG,61,AU,,0,small_airport
YWSL,72,AU,Sale,0,medium_airport
YWSX,0,AU,,0,small_airport
YWTL,132,AU,,0,small_airport
YWTN,638,AU,,1,medium_airport
YWTO,120,AU,Wentworth,0,small_airport
YWTV,0,AU,,0,small_airport
YWUD,310,AU,,0,small_airport
YWVA,25,AU,Warnervale,0,small_airport
YWVL,3707,AU,,0,small_airport
YWVR,1826,AU,Mascot,0,heliport
YWWG,0,AU,,0,small_airport
YWWH,862,AU,Wentford Homestead,0,small_airport
YWWI,0,AU,Woodie Woodie,0,small_airport
YWWL,859,AU,West Wyalong,0,medium_airport
YWYA,244,AU,,0,small_airport
YWYB,0,AU,,0,small_airport
YWYF,107,AU,,0,small_airport
YWYM,14,AU,,0,small_airport
YWYY,62,AU,Burnie,1,medium_airport
YXAB,1740,AU,Coonabarabran,0,heliport
YXAH,3246,AU,Armidale,0,heliport
YXAL,588,AU,Albury,0,heliport
YXAO,1069,AU,Canowindra,0,heliport
YXAT,2575,AU,Atherton,0,heliport
YXAY,2887,AU,Blayney,0,heliport
YXBA,17,AU,Ballina,0,heliport
YXBD,60,AU,Bundaberg,0,heliport
YXBH,2240,AU,Bathurst,0,heliport
YXBI,391,AU,Biggenden,0,heliport
YXBS,265,AU,Beaudesert,0,heliport
YXBT,1516,AU,Ballarat,0,small_airport
YXBU,29,AU,Bulwer,0,heliport
YXBV,68,AU,Bega,0,heliport
YXBW,84,AU,Bowen,0,heliport
YXBY,26,AU,Bruny Island,0,heliport
YXCB,1953,AU,Canberra,0,heliport
YXCC,23,AU,Concord,0,heliport
YXCF,2964,AU,Orange,0,heliport
YXCH,1006,AU,Cherbourg,0,heliport
YXCI,1007,AU,Chinchilla,0,heliport
YXCM,2656,AU,Cooma,0,heliport
YXCP,272,AU,Campbelltown,0,heliport
YXCU,1185,AU,Cunningham Highway,0,heliport
YXCV,706,AU,Collinsville,0,heliport
YXDA,1140,AU,Dalby,0,heliport
YXDB,935,AU,Dubbo,0,heliport
YXDE,388,AU,Denman,0,heliport
YXDG,2367,AU,Dorrigo,0,heliport
YXDH,50,AU,Darwin,0,heliport
YXDN,1260,AU,Dunedoo,0,heliport
YXDR,470,AU,Munduberra,0,heliport
YXDU,32,AU,Dunwich,0,heliport
YXDY,744,AU,Dysart,0,heliport
YXEE,694,AU,Moree,0,heliport
YXEG,40,AU,Bellingen,0,heliport
YXEI,647,AU,Eidsvold,0,heliport
YXEM,20,AU,Eden,0,heliport
YXES,395,AU,Esk,0,heliport
YXFH,220,AU,Perth,0,heliport
YXFO,760,AU,Forbes,0,heliport
YXFV,28,AU,Newcastle,0,heliport
YXGA,333,AU,Gatton,0,heliport
YXGC,360,AU,Gloucester,0,heliport
YXGE,3455,AU,Glen Innes,0,heliport
YXGH,2158,AU,Goulburn,0,heliport
YXGI,459,AU,Gayndah,0,heliport
YXGL,1270,AU,Grenfell,0,heliport
YXGO,717,AU,Goondiwindi,0,heliport
YXGP,21,AU,Grafton,0,heliport
YXGR,441,AU,Gilgandra,0,heliport
YXGS,110,AU,Gosford,0,heliport
YXGT,1490,AU,Gulgong,0,heliport
YXGU,914,AU,Gunnedah,0,heliport
YXGW,720,AU,Gundagai,0,heliport
YXGY,176,AU,Gympie,0,heliport
YXHE,85,AU,Hervery Bay,0,heliport
YXHG,175,AU,Gold Coast,0,heliport
YXHK,682,AU,Sydney,0,heliport
YXHS,122,AU,Sunshine Coast,0,heliport
YXIG,1020,AU,Bingara,0,heliport
YXIS,36,AU,Innisfail,0,heliport
YXIW,932,AU,Inglewood,0,heliport
YXJD,3145,AU,Jindabyne,0,heliport
YXJH,310,AU,Newcastle,0,heliport
YXJN,1180,AU,Jandowae,0,heliport
YXBM,3333,AU,Katoomba,0,heliport
YXKO,237,AU,Kyogle,0,heliport
YXLA,356,AU,Laidley,0,heliport
YXLE,451,AU,Leeton,0,heliport
YXLG,3105,AU,Lithgow,0,heliport
YXLL,130,AU,Liverpool,0,heliport
YXLT,42,AU,Caboolture,0,heliport
YXLU,55,AU,Launceston,0,heliport
YXMA,26,AU,Maclean,0,heliport
YXMG,1095,AU,Murgon,0,heliport
YXMH,1562,AU,Mudgee,0,heliport
YXMK,9,AU,Macksville,0,heliport
YXMM,112,AU,Mannum,0,heliport
YXMU,36,AU,Mullumbimby,0,heliport
YXMV,47,AU,Mona Vale,0,heliport
YXMW,895,AU,Merriwa,0,heliport
YXMY,22,AU,Moruya,0,heliport
YXNA,230,AU,Nambour,0,heliport
YXNE,200,AU,Penrith,0,heliport
YXNN,1309,AU,Nanango,0,heliport
YXNW,92,AU,Nowra,0,heliport
YXNY,62,AU,Nelson Bay,0,heliport
YXOF,90,AU,Coffs Harbour,0,heliport
YXOG,3033,AU,Orange,0,heliport
YXOH,1650,AU,Coolah,0,heliport
YXOK,2840,AU,Crookwell,0,heliport
YXOL,650,AU,Condobolin,0,heliport
YXOM,2350,AU,Bombala,0,heliport
YXOO,1110,AU,Cootamundra,0,heliport
YXOW,2263,AU,Bowral,0,heliport
YXPH,957,AU,Peak Hill,0,heliport
YXPI,17,AU,Gold Coast,0,heliport
YXPK,1189,AU,Parkes,0,heliport
YXPM,32,AU,Port Macquarie,0,heliport
YXPN,44,AU,Proserpine,0,heliport
YXQC,253,AU,Brisbane,0,heliport
YXQE,185,AU,Perth,0,heliport
YXQU,1365,AU,Quirindi,0,heliport
YXRK,300,AU,Rockhampton,0,heliport
YXRM,63,AU,Renmark,0,heliport
YXRN,1971,AU,Rylstone,0,heliport
YXRP,100,AU,Perth,0,heliport
YXRU,43,AU,Russell Island,0,heliport
YXSA,584,AU,Wahroonga,0,heliport
YXSB,1919,AU,Canberra,0,heliport
YXSC,782,AU,Scone,0,heliport
YXSG,150,AU,Kogarah,0,heliport
YXSH,99,AU,Shellharbour,0,heliport
YXSI,151,AU,Singleton,0,heliport
YXSN,234,AU,Randwick,0,heliport
YXST,2629,AU,Stanthorpe,0,heliport
YXTA,13,AU,,0,heliport
YXTE,2762,AU,Tenterfield,0,heliport
YXTN,822,AU,Trundle,0,heliport
YXTO,2000,AU,Toowoomba,0,heliport
YXTW,1356,AU,Tamworth,0,heliport
YXTX,1005,AU,Texas,0,heliport
YXUS,582,AU,Muswellbrook,0,heliport
YXVL,46,AU,Bowraville,0,heliport
YXWA,1619,AU,Warwick,0,heliport
YXWG,588,AU,Wagga Wagga,0,heliport
YXWL,160,AU,Wollongong,0,heliport
YXWM,140,AU,Westmead,0,heliport
YXWT,1005,AU,Wellington,0,heliport
YXWW,632,AU,Wee Waa,0,heliport
YXWY,94,AU,Wyong,0,heliport
YXYA,1747,AU,Yass,0,heliport
YXYK,89,AU,Yorketown,0,heliport
YXYO,1523,AU,Young,0,heliport
YYAC,0,AU,,0,small_airport
YYAL,0,AU,Yalgoo,0,small_airport
YYDM,0,AU,Leonora,0,small_airport
YYEA,0,AU,,0,small_airport
YYER,0,AU,,0,small_airport
YYKI,10,AU,Yorke Island,1,small_airport
YYLD,0,AU,,0,small_airport
YYLG,0,AU,,0,small_airport
YYMI,0,AU,Yam Island,1,small_airport
YYND,2205,AU,,0,small_airport
YYNG,1267,AU,,0,medium_airport
YYNR,80,AU,,0,small_airport
YYOO,0,AU,,0,small_airport
YYOR,0,AU,,0,small_airport
YYRM,15,AU,,0,small_airport
YYRN,0,AU,Cosmo Newbery,0,small_airport
YYRW,0,AU,,0,small_airport
YYTA,0,AU,Yalata Mission,0,small_airport
YYUN,0,AU,,0,small_airport
YYWA,0,AU,,0,small_airport
YYWG,423,AU,,0,small_airport
YYYA,439,AU,Yandeyarra Station,0,small_airport
YZAN,0,AU,,0,small_airport
FATD,1555,ZA,Timbavati,0,small_airport
FAAP,3800,ZA,Primindia,0,small_airport
FASP,1365,ZA,Singita Safari Lodge,0,small_airport
FAWG,279,ZA,Kwelega,0,small_airport
FAMV,4731,ZA,Lanseria,0,small_airport
FACO,3530,ZA,,0,small_airport
FASY,5420,ZA,Hiltonia,0,small_airport
FANI,1129,ZA,,0,small_airport
ZBAA,116,CN,Beijing,1,large_airport
ZBAD,98,CN,Beijing,1,large_airport
ZBCD,0,CN,Chengde,1,medium_airport
ZBCF,2018,CN,Chifeng,1,medium_airport
ZBCZ,0,CN,Changzhi,1,small_airport
ZBDH,46,CN,Qinhuangdao (Changli),1,medium_airport
ZBDS,4557,CN,Ordos,1,large_airport
ZBDT,3442,CN,Datong,1,large_airport
ZBER,3301,CN,Erenhot,1,medium_airport
ZBES,2925,CN,Arxan,1,medium_airport
ZBHD,229,CN,Handan,1,medium_airport
ZBHH,3556,CN,Hohhot,1,large_airport
ZBHZ,0,CN,Holingol,1,medium_airport
ZBLA,2169,CN,Hailar,1,large_airport
ZBLF,1483,CN,Linfen (Yaodu),1,medium_airport
ZBLL,0,CN,Lüliang,1,medium_airport
ZBMZ,2231,CN,Manzhouli,1,medium_airport
ZBOW,3321,CN,Baotou,1,large_airport
ZBSG,0,CN,Shuozhou,1,medium_airport
ZBSJ,233,CN,Shijiazhuang,1,large_airport
ZBSN,50,CN,Tangshan (Fengrun),1,small_airport
ZBTJ,10,CN,Tianjin,1,large_airport
ZBTL,2395,CN,Tongliao,1,medium_airport
ZBUC,0,CN,Ulanqab,1,medium_airport
ZBUH,3650,CN,Wuhai,1,medium_airport
ZBUL,0,CN,Ulanhot,1,small_airport
ZBXH,0,CN,Xilinhot,1,medium_airport
ZBXT,280,CN,Xingtai,0,small_airport
ZBXZ,2527,CN,Xinzhou,1,small_airport
ZBYC,1242,CN,Yuncheng (Yanhu),1,large_airport
ZBYN,2575,CN,Taiyuan,1,large_airport
ZBYZ,3400,CN,Bayannur,1,medium_airport
ZBZJ,2347,CN,Zhangjiakou,1,medium_airport
ZBZL,928,CN,Zhalantun,1,medium_airport
ZGBH,75,CN,Beihai,1,medium_airport
ZGBS,490,CN,Baise (Tianyang),1,medium_airport
ZGCD,128,CN,Changde (Dingcheng),1,medium_airport
ZGCJ,882,CN,Huaihua,1,medium_airport
ZGCZ,1071,CN,Chenzhou,1,medium_airport
ZGDY,8530,CN,Zhangjiajie (Yongding),1,large_airport
ZGFS,6,CN,Foshan (Nanhai),1,medium_airport
ZGGG,50,CN,Guangzhou (Huadu),1,large_airport
ZGHA,217,CN,Changsha (Changsha),1,large_airport
ZGHC,2221,CN,Hechi (Jinchengjiang),1,medium_airport
ZGHY,0,CN,Hengyang,1,small_airport
ZGHZ,50,CN,Huizhou (Pingtan),1,medium_airport
ZGKL,570,CN,Guilin (Lingui),1,large_airport
ZGLD,190,CN,Yunfu (Luoding),0,small_airport
ZGLG,340,CN,Yongzhou,1,medium_airport
ZGMX,312,CN,Meizhou (Meixian),1,small_airport
ZGNN,421,CN,Nanning (Jiangnan),1,large_airport
ZGNT,82,CN,Shenzhen (Nanshan),0,heliport
ZGOW,0,CN,Jieyang (Rongcheng),1,large_airport
ZGSD,23,CN,Zhuhai (Jinwan),1,large_airport
ZGSY,1444,CN,Shaoyang (Wugang),1,medium_airport
ZGSZ,13,CN,Shenzhen,1,large_airport
ZGWZ,357,CN,Tangbu,1,medium_airport
ZGXX,0,CN,Xiangxi,1,small_airport
ZGYJ,33,CN,Yangjiang,0,small_airport
ZGYL,328,CN,Yulin,1,medium_airport
ZGYY,230,CN,Yueyang (Yueyanglou),1,medium_airport
ZGZH,295,CN,Liuzhou (Liujiang),1,medium_airport
ZGZJ,0,CN,Zhanjiang,1,large_airport
ZHCC,495,CN,Zhengzhou,1,large_airport
ZHEC,86,CN,Ezhou,1,large_airport
ZHES,1605,CN,Enshi (Enshi),1,medium_airport
ZHHH,113,CN,Wuhan (Huangpi),1,large_airport
ZHJZ,95,CN,Jingzhou (Shashi),1,medium_airport
ZHLY,840,CN,Luoyang (Laocheng),1,large_airport
ZHNY,840,CN,Nanyang (Wancheng),1,small_airport
ZHQQ,0,CN,Anyang,1,small_airport
ZHSN,8365,CN,Shennongjia (Hongping),1,medium_airport
ZHSY,0,CN,Shiyan (Maojian),1,medium_airport
ZHXF,234,CN,Xiangyang (Xiangzhou),1,medium_airport
ZHXY,312,CN,Xinyang,1,medium_airport
ZHYC,673,CN,Yichang (Xiaoting),1,medium_airport
ZJHK,75,CN,Haikou (Meilan),1,large_airport
ZJQH,30,CN,Qionghai (Basuo),1,medium_airport
ZJSY,92,CN,Sanya (Tianya),1,large_airport
ZKHM,12,KP,Hoemun-ri,1,medium_airport
ZKPY,117,KP,Pyongyang,1,large_airport
ZKSD,12,KP,Sŏndŏng-ni,1,medium_airport
ZKSE,4547,KP,Samjiyŏn,0,small_airport
ZKWS,7,KP,Wonsan,1,medium_airport
ZLAK,1209,CN,Ankang (Hanbin),1,small_airport
ZLDH,0,CN,Dunhuang,1,large_airport
ZLDL,9843,CN,Delingha,1,medium_airport
ZLGL,12426,CN,Golog (Maqên),1,medium_airport
ZLGM,9334,CN,Golmud,1,medium_airport
ZLGY,5727,CN,Guyuan (Yuanzhou),1,medium_airport
ZLHB,10377,CN,Haibei (Qilian),1,small_airport
ZLHX,2945,CN,Mengnai,1,medium_airport
ZLHZ,0,CN,Hanzhong (Chenggu),1,medium_airport
ZLIC,3743,CN,Yinchuan,1,large_airport
ZLJC,4740,CN,Jinchang,1,medium_airport
ZLJQ,5112,CN,Jiayuguan,1,large_airport
ZLLL,6388,CN,Lanzhou (Yongdeng),1,large_airport
ZLLN,3707,CN,Longnan (Cheng),1,medium_airport
ZLQY,0,CN,Qingyang (Xifeng),1,medium_airport
ZLTS,3590,CN,Tianshui (Maiji),1,medium_airport
ZLXH,10510,CN,Gannan (Xiahe),1,medium_airport
ZLXN,7119,CN,Haidong (Huzhu Tu Autonomous County),1,large_airport
ZLXY,1572,CN,Xi'an,1,large_airport
ZLYA,0,CN,Yan'an (Baota),1,medium_airport
ZLYL,3891,CN,Yulin,1,medium_airport
ZLYS,12816,CN,Yushu (Batang),1,medium_airport
ZLZW,4088,CN,Zhongwei (Shapotou),1,medium_airport
ZLZY,5280,CN,Zhangye (Ganzhou),1,medium_airport
FLLV,3280,ZM,Bwanda,0,small_airport
FLAM,2560,ZM,Chama,0,small_airport
ZMAH,5932,MN,Arvaikheer,1,medium_airport
ZMAT,7260,MN,Altai,1,medium_airport
ZMBH,6085,MN,Bayankhongor,1,medium_airport
ZMBN,4311,MN,Bulgan,1,medium_airport
ZMBS,3921,MN,Bulgan,0,small_airport
ZMBU,3205,MN,,0,medium_airport
ZMCD,2457,MN,,1,medium_airport
ZMCK,4482,MN,Ulaanbaatar (Sergelen),1,large_airport
ZMDA,3220,MN,Dadal,0,small_airport
ZMDN,5800,MN,Uliastai,1,small_airport
ZMDZ,4787,MN,Dalanzadgad,1,medium_airport
ZMGT,5171,MN,Ovoot Tolgoi,0,small_airport
ZMHG,5500,MN,Hatgal,0,small_airport
ZMHH,4759,MN,,0,small_airport
ZMHU,5522,MN,Khujirt,0,small_airport
ZMKD,4898,MN,Khovd,1,medium_airport
ZMMG,4550,MN,Mandalgobi,1,small_airport
ZMMN,4272,MN,Mörön,1,medium_airport
ZMKB,3924,MN,Khanbogd,0,small_airport
ZMSF,4829,MN,,0,small_airport
ZMTL,5610,MN,Tosontsengel,0,small_airport
ZMTT,4793,MN,Tsogttsetsii,0,small_airport
ZMUB,4364,MN,Ulaanbaatar,0,large_airport
ZMUG,5676,MN,Ulaangom,1,medium_airport
ZMUH,3410,MN,Öndörkhaan,0,small_airport
ZMUL,5732,MN,Ölgii,1,medium_airport
ZPBS,5453,CN,Baoshan (Longyang),1,medium_airport
ZPCW,0,CN,Lincang (Cangyuan),1,medium_airport
ZPDL,7050,CN,Dali (Xiaguan),1,medium_airport
ZPDQ,10761,CN,Diqing (Shangri-La),1,medium_airport
ZPJH,1815,CN,Jinghong (Gasa),1,large_airport
ZPJM,0,CN,Pu'er (Lancang),1,medium_airport
ZPLC,6230,CN,Lincang,1,medium_airport
ZPLJ,7359,CN,Lijiang,1,large_airport
ZPMS,2890,CN,Dehong (Mangshi),1,medium_airport
ZPPP,6903,CN,Kunming,1,large_airport
ZPSM,0,CN,Pu'er,1,small_airport
ZPWS,5217,CN,Wenshan,1,small_airport
ZPZT,6340,CN,Zhaotong (Zhaoyang),0,small_airport
ZSAM,59,CN,Xiamen,1,large_airport
ZSAQ,0,CN,Anqing,1,medium_airport
ZSCG,33,CN,Changzhou,1,medium_airport
ZSCN,143,CN,Nanchang,1,large_airport
ZSDY,15,CN,Dongying (Kenli),1,medium_airport
ZSFY,104,CN,"Yingzhou, Fuyang",1,medium_airport
ZSFZ,46,CN,Fuzhou (Changle),1,large_airport
ZSGZ,387,CN,Ganzhou,1,small_airport
ZSHC,23,CN,Hangzhou,1,large_airport
ZSHZ,151,CN,Heze (Dingtao),1,medium_airport
ZSJD,112,CN,Jingdezhen,1,medium_airport
ZSJG,171,CN,Jining,1,medium_airport
ZSJJ,0,CN,Jiujiang,1,small_airport
ZSJN,76,CN,Jinan (Licheng),1,large_airport
ZSJU,213,CN,Quzhou (Kezheng),1,medium_airport
ZSLG,0,CN,Lianyungang,1,large_airport
ZSLO,1225,CN,Longyan (Liancheng),1,medium_airport
ZSLQ,0,CN,Taizhou (Luqiao),1,medium_airport
ZSLY,177,CN,Linyi (Hedong),1,medium_airport
ZSNB,13,CN,Ningbo,1,large_airport
ZSNJ,49,CN,Nanjing,1,large_airport
ZSNT,16,CN,Nantong (Tongzhou),1,medium_airport
ZSOF,207,CN,Hefei,1,large_airport
ZSPD,13,CN,Shanghai (Pudong),1,large_airport
ZSQD,30,CN,Qingdao (Jiaozhou),1,large_airport
ZSQZ,39,CN,Quanzhou,1,large_airport
ZSRZ,121,CN,Rizhao (Donggang),1,medium_airport
ZSSH,28,CN,Huai'an,1,large_airport
ZSSM,830,CN,Sanming (Sha),1,medium_airport
ZSSR,340,CN,Shangrao (Hengfeng),1,medium_airport
ZSSS,10,CN,Shanghai (Minhang),1,large_airport
ZSTX,0,CN,Huangshan,1,large_airport
ZSWA,80,CN,Wuhu,1,medium_airport
ZSWF,0,CN,Weifang (Kuiwen),1,medium_airport
ZSWH,145,CN,Weihai,1,medium_airport
ZSWX,24,CN,Wuxi,1,large_airport
ZSWY,614,CN,Wuyishan,1,medium_airport
ZSWZ,13,CN,Wenzhou (Longwan),1,large_airport
ZSXZ,108,CN,Xuzhou,1,medium_airport
ZSYA,7,CN,Yangzhou,1,medium_airport
ZSYC,430,CN,Yichun,1,medium_airport
ZSYN,10,CN,Yancheng (Tinghu),1,large_airport
ZSYT,154,CN,Yantai,1,large_airport
ZSYW,262,CN,Yiwu/Jinhua,1,large_airport
ZSZS,6,CN,Zhoushan,1,large_airport
ZUAL,14022,CN,Shiquanhe,1,medium_airport
ZUAS,4812,CN,Anshun (Xixiu),1,medium_airport
ZUBC,2012,CN,Mianyang,0,small_airport
ZUBD,14219,CN,Bangda,1,medium_airport
ZUBJ,4751,CN,Bijie,1,medium_airport
ZUCK,1365,CN,Chongqing,1,large_airport
ZUDA,1342,CN,Dazhou (Dachuan),1,medium_airport
ZUDC,14472,CN,Garzê (Daocheng),1,medium_airport
ZUDJ,3542,CN,Tongren,0,medium_airport
ZUGH,1531,CN,Deyang (Guanghan),0,medium_airport
ZUGU,0,CN,Guangyuan (Lizhou),1,medium_airport
ZUGY,3736,CN,Guiyang (Nanming),1,large_airport
ZUGZ,13346,CN,Garzê (Garzê),1,small_airport
ZUHY,11600,CN,Ngawa (Hongyuan),0,medium_airport
ZUJZ,11327,CN,Ngawa (Songpan),1,medium_airport
ZUKD,14042,CN,Garzê (Kangding),1,medium_airport
ZUKJ,3115,CN,Kaili  (Huangping),1,medium_airport
ZULB,0,CN,Qiannan (Libo),1,small_airport
ZULS,11713,CN,Shannan (Gonggar),1,large_airport
ZULZ,0,CN,Luzhou (Yunlong),1,medium_airport
ZUMT,4068,CN,Zunyi,1,medium_airport
ZUMY,7874,CN,Mianyang (Fucheng),1,medium_airport
ZUNC,1145,CN,Nanchong (Gaoping),1,small_airport
ZUNP,1620,CN,Liping,1,medium_airport
ZUNZ,9675,CN,Nyingchi (Mainling),1,medium_airport
ZUPS,0,CN,Liupanshui (Zhongshan),1,medium_airport
ZUQJ,2075,CN,Qianjiang,1,medium_airport
ZURK,12408,CN,Xigazê (Samzhubzê),1,large_airport
ZUSH,12959,CN,Shannan,1,small_airport
ZPTC,6250,CN,Baoshan (Tengchong),1,medium_airport
ZUTF,1440,CN,Chengdu (Jianyang),1,large_airport
ZUTR,0,CN,Tongren (Daxing),1,medium_airport
ZUUU,1625,CN,Chengdu (Shuangliu),1,large_airport
ZUWL,1747,CN,Wulong,1,medium_airport
ZUWS,0,CN,Wushan,1,small_airport
ZUWX,0,CN,Wanzhou,1,small_airport
ZUXC,5112,CN,Liangshan (Xichang),1,medium_airport
ZUYB,1378,CN,Yibin (Cuiping),1,medium_airport
ZUYI,4150,CN,Xingyi,1,medium_airport
ZUZH,1620,CN,Panzhihua (Renhe),1,medium_airport
ZUZY,2723,CN,Zunyi,1,medium_airport
ZWAK,3816,CN,Aksu (Onsu),1,medium_airport
ZWAL,0,CN,Aral,1,small_airport
ZWAT,2460,CN,Altay,1,medium_airport
ZWBL,1253,CN,Bole,1,medium_airport
ZWCM,0,CN,Qiemo,1,medium_airport
ZWFY,3081,CN,Fuyun,1,medium_airport
ZWHM,2703,CN,Hami,1,medium_airport
ZWHZ,1700,CN,Shihezi,1,small_airport
ZWKC,3524,CN,Kuqa,1,small_airport
ZWKL,3041,CN,Korla,1,medium_airport
ZWKM,0,CN,Karamay,1,small_airport
ZWKN,3921,CN,Burqin,1,medium_airport
ZWLK,5720,CN,Barkol,0,medium_airport
ZWNL,3050,CN,Xinyuan,1,medium_airport
ZWRQ,2916,CN,Ruoqiang Town,1,medium_airport
ZWSC,4232,CN,Shache,1,medium_airport
ZWSH,4529,CN,Kashgar,1,large_airport
ZWTC,0,CN,Tacheng,1,small_airport
ZWTL,934,CN,Turpan,1,medium_airport
ZWTN,4672,CN,Hotan,1,medium_airport
ZWWW,2125,CN,Ürümqi,1,large_airport
ZWYN,0,CN,Ili (Yining / Ghulja),1,medium_airport
ZWYT,4731,CN,Hotan (Yutian),1,small_airport
ZYAS,0,CN,Anshan,1,medium_airport
ZYBA,480,CN,Baicheng,1,medium_airport
ZYBS,2874,CN,Baishan,1,medium_airport
ZYCC,706,CN,Changchun,1,large_airport
ZYCH,80,CN,Dalian (Changhai),1,small_airport
ZYCY,568,CN,"Shuangta, Chaoyang",1,medium_airport
ZYDD,30,CN,Dandong (Zhenxing),1,medium_airport
ZYDQ,496,CN,Daqing,1,small_airport
ZYDU,984,CN,Heihe,1,medium_airport
ZYFY,0,CN,Fuyuan,1,medium_airport
ZYHB,457,CN,Harbin,1,large_airport
ZYHE,1047,CN,Heihe,1,medium_airport
ZYJD,1205,CN,Jiagedaqi,1,medium_airport
ZYJM,262,CN,Jiamusi,1,medium_airport
ZYJS,0,CN,Jiansanjiang,1,medium_airport
ZYJX,760,CN,Jixi,1,medium_airport
ZYJZ,0,CN,Jinzhou (Linghai),1,medium_airport
ZYLD,791,CN,Yichun,1,medium_airport
ZYMD,883,CN,Mudanjiang,1,medium_airport
ZYMH,1836,CN,Mohe,1,medium_airport
ZYQQ,477,CN,Qiqihar,1,large_airport
ZYSD,1407,CN,Suifenhe,0,small_airport
ZYSQ,459,CN,Qian Gorlos Mongol Autonomous County,1,medium_airport
ZYTL,107,CN,Dalian (Ganjingzi),1,large_airport
ZYTN,1347,CN,Tonghua,1,medium_airport
ZYTX,198,CN,Shenyang,1,large_airport
ZYYJ,624,CN,Yanji,1,medium_airport
ZYYK,0,CN,Yingkou (Laobian),1,medium_airport
