1A,Williams Harbour,NDB,52.5589,-55.7822,373,CA
1B,Sable Island,NDB,43.9306,-60.0229,277,CA
1CD,Nanaimo,DME,49.0572,-123.872,111450,CA
1D,Charlottetown,NDB,52.775,-56.124,346,CA
1E,Black Tickle,NDB,53.4667,-55.7874,349,CA
1F,Manta,NDB,47.6306,-65.7447,363,CA
1K,Zama Lake,NDB,59.0233,-118.843,227,CA
1S,North Of Sixty,NDB,60.3189,-103.129,350,CA
1T,Lloydminster,DME,53.3133,-110.08,110700,CA
1U,Masset,NDB,54.0317,-132.127,278,CA
1W,Sandy Bay,NDB,55.5433,-102.276,412,CA
2A,South Indian Lake,NDB,56.7939,-98.9043,300,CA
2B,Springdale,NDB,49.49,-56.1847,364,CA
2F,Bathurst,DME,47.6314,-65.7444,114400,CA
2H,Lebel-sur-Quevillon,NDB,49.0372,-77.0208,261,CA
2J,Grand Forks,NDB-DME,49.0175,-118.424,250,CA
2K,Camrose,NDB,53.0322,-112.813,405,CA
2K,Camrose,DME,53.0328,-112.814,108200,CA
2M,Opapimiskan Lake,NDB,52.6031,-90.3744,393,CA
2Q,Mont-Laurier,NDB,46.6025,-75.4706,373,CA
2S,High Prairie,NDB-DME,55.3956,-116.484,406,CA
2T,Pokemouche,NDB,47.715,-64.8858,329,CA
2U,Mackenzie Bc,NDB-DME,55.3036,-123.137,284,CA
2Z,Diavik,NDB,64.51,-110.307,382,CA
2Z,Diavik,DME,64.5083,-110.307,111250,CA
3D,Cumberland House,NDB,53.9572,-102.297,398,CA
3F,Ile-A-La-Crosse,NDB,55.4839,-107.931,384,CA
3H,Consort,NDB,52.0228,-110.746,276,CA
3I,Mobil Sierra,NDB,58.7983,-121.345,397,CA
3M,Drayton Valley Industrial,NDB-DME,53.2664,-114.955,385,CA
3N,Weyburn,NDB,49.6964,-103.804,298,CA
3P,Muddy Lake,NDB,58.2369,-132.196,242,CA
3R,Postville,NDB,54.9075,-59.7969,366,CA
3X,Cluff Lake,NDB,58.3603,-109.525,243,CA
3Y,Donnelly,NDB-DME,55.7106,-117.1,234,CA
3Z,Russell,NDB,50.7642,-101.296,263,CA
3Z,Taber,NDB-DME,49.8258,-112.178,388,CA
4A,Koala,NDB-DME,64.6981,-110.609,350,CA
4B,Little Grand Rapids,NDB,52.0442,-95.4619,280,CA
4D,Helmet,NDB,59.4214,-120.789,364,CA
4G,Cross Lake,NDB,54.6108,-97.7664,353,CA
4H,Points North Landing,NDB,58.2692,-104.08,368,CA
4J,Knee Lake,NDB,54.8833,-94.8,314,CA
4K,St Theresa Point,NDB,53.845,-94.8494,362,CA
4L,Chatham,NDB,42.3123,-82.0777,236,CA
4M,Red Sucker Lake,NDB,54.1689,-93.5632,399,CA
4N,Oxford House,NDB,54.9286,-95.2825,386,CA
4O,Swan Hills,NDB,54.675,-115.424,251,CA
4Q,Brochet,NDB,57.8861,-101.677,347,CA
4T,Shamattawa,NDB,55.8593,-92.086,280,CA
4V,Lac Brochet,NDB,58.6183,-101.47,371,CA
4W,Kelsey,NDB,56.0375,-96.5128,391,CA
4X,Lac Du Bonnet,NDB,50.2903,-96.0142,386,CA
4Y,Key Lake,NDB,57.2542,-105.622,376,CA
5B,Summerside,NDB,46.3969,-63.8817,254,CA
5F,Fox Creek,NDB-DME,54.3794,-116.76,353,CA
5J,Coronation,NDB,52.0744,-111.448,328,CA
5L,Donaldson,NDB,61.6647,-73.2919,233,CA
5M,Sparwood,NDB,49.8372,-114.884,200,CA
5O,Gods River,NDB,54.8419,-94.0691,350,CA
5Q,Fontanges,NDB,54.56,-71.1711,239,CA
5U,Fort Vermilion,NDB-DME,58.4025,-115.951,261,CA
5V,Drumheller,NDB-DME,51.5025,-112.751,395,CA
5W,Leaf Rapids,NDB,56.5117,-99.9839,226,CA
5Y,Trenton,NDB,45.6118,-62.6251,361,CA
6E,Grand Manan,NDB,44.7156,-66.8022,387,CA
6F,Port Hope Simpson,NDB,52.5203,-56.2952,367,CA
6G,Red Deer,DME,52.1812,-113.883,111600,CA
6K,Vernon Bc,NDB,50.35,-119.26,302,CA
6M,Belleville,NDB,44.195,-77.3083,283,CA
6Q,Cigar Lake,NDB,58.0697,-104.539,222,CA
6X,York Landing,NDB,56.0883,-96.0969,339,CA
6Z,La Loche,NDB,56.4783,-109.401,410,CA
7B,St Thomas,NDB,42.7709,-81.1057,375,CA
7C,Fogo,NDB,49.6616,-54.2451,237,CA
7D,Hudson Bay,NDB,52.8478,-102.187,337,CA
7F,Collins Bay,NDB,58.2283,-103.683,400,CA
7H,Marystown,NDB,47.1383,-55.325,234,CA
7J,Forestburg,NDB,52.5764,-112.086,261,CA
7L,La Sarre,NDB,48.9106,-79.1789,405,CA
7P,Iroquois Falls,NDB,48.7084,-80.7359,382,CA
7V,Jasper-Hinton,NDB,53.3211,-117.755,233,CA
8A,Carlyle,NDB,49.6456,-102.281,310,CA
8C,Fairview,NDB-DME,56.0756,-118.441,295,CA
8F,Debert,NDB,45.422,-63.4596,239,CA
8G,Stettler,NDB-DME,52.3083,-112.754,286,CA
8H,St Paul,NDB,53.9919,-111.391,375,CA
8J,Provost,NDB,52.3328,-110.273,208,CA
8J,Provost,DME,52.3336,-110.273,109000,CA
8K,Valleyview,NDB,55.0344,-117.289,229,CA
8M,Elk Point,NDB-DME,53.8903,-110.768,414,CA
8N,Edson,NDB-DME,53.5808,-116.455,393,CA
9A,Hanna,NDB,51.6278,-111.901,221,CA
9G,Sundre,NDB,51.78,-114.683,405,CA
9H,La Grande 3,NDB,53.5738,-76.2008,235,CA
9Q,Amos,NDB,48.5576,-78.2431,291,CA
9S,Powell River Bc,DME,49.8356,-124.499,109300,CA
9X,Brooks,NDB-DME,50.6322,-111.922,227,CA
9Y,Pincher Creek,NDB,49.5233,-113.999,311,CA
9Z,Westlock,NDB-DME,54.1431,-113.748,236,CA
A,Baku/Bina,NDB,40.445,50.0633,113,AZ
A,Ministro Pistarini,NDB,-34.8416,-58.5224,237,AR
A,Reconquista,NDB,-29.211,-59.7076,242,AR
A,Tartagal,NDB,-22.6359,-63.7957,415,AR
A,Habana,NDB,22.9738,-82.4322,339,CU
A,Almaza,NDB,30.074,31.3594,490,EG
A,Budapest,NDB,47.455,19.2105,343,HU
A,Opera,NDB,47.1067,20.2267,422,HU
A,Almaty,NDB,43.3686,77.0739,763,KZ
A,Baneasa East,NDB,44.5103,26.1369,434,RO
A,Sheremetyevo,NDB,55.98,37.4617,338,RU
A,Kharkiv,NDB,49.9243,36.3197,678,UA
A,Zaporizhzhia,NDB,47.847,35.3028,608,UA
A1,Taltheilei Narrows,NDB,62.5947,-111.519,264,CA
A5,Chinchaga,NDB,57.545,-119.111,317,CA
A9,Liverpool,NDB,44.227,-64.8585,330,CA
AA,Auckland,VOR-DME,-37.0046,174.814,114800,NZ
AA,Anaa,NDB,-17.3556,-145.48199,333,PF
AA,Accra,NDB,5.67617,-0.13803,409,GH
AA,Aasiaat,NDB,68.7232,-52.7848,336,GL
AA,Atambua,NDB,-9.07444,124.905,300,ID
AA,Aliabad,NDB,35.6337,51.4178,397,IR
AA,Abemama,NDB,0.5,173.85001,396,KI
AA,Aioun El Atrouss,NDB,16.6921,-9.60038,310,MR
AA,Madrid,NDB,40.4482,-3.53881,355,ES
AA,Kenie,NDB,47.0093,-96.8152,365,US
AA,Cedar,NDB,33.533,-82.6144,341,US
AAA,Abraham,NDB,40.1601,-89.3378,329,US
AAE,Ahmedabad,VOR-DME,23.0722,72.625,113100,IN
AAF,Apalachicola,NDB,29.7233,-85.0281,349,US
AAL,Aalborg,TACAN,57.1039,9.99281,116700,DK
AAL,Aalborg,VOR-DME,57.1037,9.99558,116700,DK
AAQ,Araraquara,NDB,-21.813,-48.1395,205,BR
AAR,Arar,VORTAC,30.908,41.1422,113300,SA
AAR,Amritsar,VOR-DME,31.7069,74.8008,115500,IN
AAT,Agartala,VOR-DME,23.8896,91.2397,116100,IN
AAU,Aurangabad,VOR-DME,19.8647,75.3941,116300,IN
AAU,Ashland,NDB,40.9633,-82.2534,329,US
AB,Addis Abeba,NDB,8.99737,38.8202,333,ET
AB,Akraberg,NDB,61.3953,-6.68111,381,FO
AB,Atbasar,NDB,51.8833,68.4,420,KZ
AB,Podkamennaya Tunguska,NDB,61.5917,89.9417,342,RU
AB,Abakan,NDB,53.6983,91.35,360,RU
AB,Abqaiq,NDB,25.9,49.5833,290,SA
AB,Alexander Bay,NDB,-28.6189,16.48,318,ZA
AB,Putny,NDB,31.4561,-84.2762,227,US
AB,Tomhi,NDB,32.2989,-99.6742,353,US
AB,Reney,NDB,45.386,-98.3284,203,US
AB,Leehi,NDB,40.5858,-75.5496,400,US
ABA,Aruba,VOR-DME,12.5098,-69.9407,112500,AW
ABA,Albany,NDB-DME,-34.9522,117.811,240,AU
ABB,Nabb,VORTAC,38.5888,-85.636,112400,US
ABB,Abbeville,VOR-DME,50.1351,1.85469,108450,FR
ABC,Abuja,VOR-DME,9.0378,7.2851,116300,NG
ABD,Abadan,VOR-DME,30.387,48.2176,114500,IR
ABD,Abyad,NDB,33.3353,36.4282,264,SY
ABG,Ambassador,NDB,32.5854,-95.113,404,US
ABH,Abha,VORTAC,18.2419,42.6569,112900,SA
ABI,Abilene,VORTAC,32.4813,-99.8635,113700,US
ABI,Djibouti/Ambouli,TACAN,11.5495,43.1546,114600,DJ
ABK,Abakan,VOR-DME,53.745,91.385,113300,RU
ABL,Ambalema,NDB,4.78389,-74.7675,300,CO
ABM,Abumusa Island,NDB,25.8778,55.0229,285,IR
ABN,Albenga,NDB,44.0558,8.22111,420,IT
ABQ,Albuquerque,VORTAC,35.0438,-106.816,113200,US
ABR,Aberdeen,VOR-DME,45.4174,-98.3687,113000,US
ABT,Albacete,NDB,38.9441,-1.99767,321,ES
ABU,Abu Argub,VOR-DME,32.4628,13.1694,115100,LY
ABU,Altenburg,NDB,50.9938,12.521,330,DE
ABV,Alexander Bay,VOR-DME,-28.5707,16.5339,112100,ZA
AC,Pleasant Lake,NDB,43.8609,-66.0436,230,CA
AC,Coffi,NDB,31.694,-97.2038,358,US
AC,Waivs,NDB,41.3111,-69.9867,248,US
AC,Anloc,NDB,10.9392,107.188,320,VN
ACA,Acapulco,VOR-DME,16.7585,-99.754,115900,MX
ACC,Accra,VOR-DME,5.63411,-0.15534,113100,GH
ACD,Alcobendas,NDB,40.5857,-3.67651,417,ES
ACE,Kachemak,NDB,59.6413,-151.5,277,US
ACH,Anton Chico,VORTAC,35.1117,-105.04,117800,US
ACJ,Aracaju,VOR-DME,-10.984,-37.0714,112000,BR
ACJ,Aracaju,NDB,-10.9881,-37.0737,355,BR
ACK,Nantucket,VOR-DME,41.2818,-70.0267,116200,US
ACO,Akron,VOR-DME,41.1079,-81.2015,114400,US
ACO,Atico,NDB,-16.2436,-73.5786,202,PE
ACQ,Waseca,NDB,44.0702,-93.5524,371,US
ACT,Waco,VORTAC,31.6623,-97.269,115300,US
ACV,Arcata,VOR-DME,40.9814,-124.108,110200,US
ACY,Atlantic City,VORTAC,39.4559,-74.5763,108600,US
ACZ,Pendy,NDB,34.7163,-78.0036,379,US
AD,Adelaide,VOR-DME,-34.9469,138.524,116400,AU
AD,Abidjan,VOR-DME,5.28281,-3.917,114300,CI
AD,Bateen,NDB,24.4276,54.4559,392,AE
AD,Adelaide (DECOMMISSIONED),NDB,-34.9464,138.54601,362,AU
AD,Rengat,NDB,-0.34916,102.336,280,ID
AD,Anda,NDB,61.8296,6.11594,288,NO
AD,Sheremetyevo,NDB,55.9867,37.5017,700,RU
AD,Sochi,NDB,43.415,39.9317,365,RU
AD,Aldan,NDB,58.6183,125.43,451,RU
AD,Ashgabat,NDB,38.005,58.3067,407,TM
AD,Brons,NDB,33.0443,-96.8705,407,US
AD,Andizhan,NDB,40.7333,72.3,422,UZ
AD,Arandis,NDB,-22.4667,14.9583,328,NA
AD,Aden,NDB,12.8703,45.0056,361,YE
ADA,Aldeia,VOR-DME,-22.8128,-42.0953,112100,BR
ADA,Adana,VOR-DME,36.9406,35.2103,112700,TR
ADA,Aldeia,NDB,-22.823,-42.0965,345,BR
ADA,Adana,NDB,36.9708,35.2617,395,TR
ADA,Aguada Grande,NDB,10.6167,-69.2833,323,VE
ADF,Arkadelphia,NDB,34.0554,-93.1049,275,US
ADG,Adrian,NDB,41.87,-84.0775,278,US
ADH,Ada,VOR-DME,34.8026,-96.6701,117800,US
ADK,Mount Moffett,NDB-DME,51.8719,-176.67599,530,US
ADL,Sochi,VOR-DME,43.4033,39.9483,112700,RU
ADM,Ardmore,VORTAC,34.2116,-97.1683,116700,US
ADM,Agadir,VOR-DME,30.3219,-9.38333,117200,MA
ADN,Roberto,VOR-DME,25.8654,-100.239,115400,MX
ADN,Aberdeen,VOR-DME,57.3106,-2.26722,114300,GB
ADO,Puerto Deseado,NDB,-47.7333,-65.9094,210,AR
ADR,Adrar,VOR-DME,27.817,-0.20587,112600,DZ
ADR,Adrar,NDB,27.7853,-0.23028,340,DZ
ADS,Addis Abeba,VOR-DME,8.97504,38.7994,112900,ET
ADT,Atwood,NDB,39.8386,-101.045,365,US
ADU,Audubon,NDB,41.6903,-94.91,266,US
ADW,Andrews,VORTAC,38.8072,-76.8662,113100,US
ADX,Andraitx,NDB,39.5494,2.39586,384,ES
AE,Abeche,VOR,13.8451,20.845,114500,TD
AE,Dudle,NDB,35.2173,-106.713,351,US
AEA,Jones,NDB,36.6145,-78.0532,373,US
AEE,Antlers,NDB,34.1918,-95.6519,391,US
AEL,Albert Lea,VOR-DME,43.6818,-93.3708,109800,US
AES,Nabesna,NDB,62.9658,-141.888,390,US
AEX,Alexandria,VORTAC,31.2567,-92.501,116100,US
AEY,Waverly,NDB,36.1162,-87.7413,329,US
AF,Archerfield,NDB,-27.5703,153.01601,419,AU
AFD,Watford City,NDB,47.8151,-103.258,400,US
AFE,Kake,NDB-DME,56.9639,-133.912,223,US
AFI,Affligem,VOR-DME,50.9078,4.13889,114900,BE
AFK,Nebraska City,NDB,40.6056,-95.8608,347,US
AFM,Manas,TACAN,43.0622,74.4707,134000,KG
AFO,Afienou,NDB,5.41114,-2.91647,393,CI
AFP,Anson Co,NDB,35.024,-80.083,283,US
AFS,Afonsos,NDB,-22.867,-43.3669,270,BR
AG,Aek Godang,NDB,1.39834,99.429,233,ID
AG,Agra,NDB,27.1502,77.9653,250,IN
AG,Abuja,NDB,9.02804,7.27704,321,NG
AG,Agoy,NDB,44.1333,39.0333,381,RU
AG,Sembawang,NDB,1.42333,103.823,325,SG
AG,Bushe,NDB,33.2869,-81.9469,233,US
AGB,Augsburg,NDB,48.4243,10.9331,318,DE
AGC,Allegheny,VOR-DME,40.2787,-80.0409,110000,US
AGD,Altenburg,DME,50.9827,12.5123,115300,DE
AGG,Agra,VOR-DME,27.1507,77.9475,112000,IN
AGG,Agalega,NDB,-10.3667,56.6,429,MU
AGH,Anchialos,VOR-DME,39.2162,22.7919,110400,GR
AGI,Araguaina,NDB,-7.2335,-48.239,205,BR
AGJ,Gooch Springs,VORTAC,31.185,-98.141,112500,US
AGN,Agen,VOR-DME,43.888,0.87286,114800,FR
AGN,Alagoinhas,NDB,-12.1527,-38.3895,310,BR
AGU,Aguascalientes,VOR-DME,21.7114,-102.319,113600,MX
AGU,Monteagudo,NDB,-19.8355,-63.9653,305,BO
AGV,Aggeneys,VOR-DME,-29.4811,18.5625,116700,ZA
AGV,Acarigua,VOR-DME,9.55475,-69.2362,113400,VE
AGV,Acarigua,NDB,9.55169,-69.2329,225,VE
AGZ,Ayaguz,VOR,47.9311,80.4497,113600,KZ
AGZ,Wagner,NDB,43.0625,-98.2923,392,US
AH,Ahmedabad,NDB,23.1414,72.6997,215,IN
AH,Antalaha,NDB,-14.9989,50.3179,321,MG
AHC,Amedee,VOR-DME,40.2679,-120.152,109000,US
AHH,Ameron,NDB,45.2814,-92.3713,278,US
AHN,Athens,VORTAC,33.9476,-83.3248,109600,US
AHO,Alghero,TACAN,40.6361,8.28944,109300,IT
AHQ,Wahoo,NDB,41.2392,-96.5984,400,US
AHT,Ashiya,TACAN,33.8883,130.64999,108600,JP
AHT,Amchitka,NDB-DME,51.3797,-179.258,379,US
AHX,Athens,NDB,32.1593,-95.8302,269,US
AI,Sao Joao,NDB,-1.28133,-44.9033,320,BR
AI,Aitutaki,NDB,-18.8248,-159.77299,320,CK
AI,Akchi,NDB,43.9722,76.3358,288,KZ
AI,Tura,NDB,64.285,100.203,430,RU
AI,Video,NDB,40.0695,-85.5107,371,US
AI,Addmo,NDB,34.2324,-96.9331,400,US
AIA,Alliance,VOR-DME,42.0556,-102.804,111800,US
AIG,Antigo,NDB,45.1586,-89.1138,347,US
AIK,Aiken,NDB,33.6518,-81.6771,347,US
AIN,Al Ain,NDB,24.2486,55.6043,399,AE
AIO,Atlantic,NDB,41.404,-95.0463,365,US
AIR,Bellaire,VOR-DME,40.017,-80.8173,117100,US
AIT,Aitkin,NDB,46.5475,-93.6752,397,US
AIV,Aliceville,NDB,33.114,-88.1856,254,US
AIX,Nanwak,NDB-DME,60.385,-166.215,323,US
AIZ,Kaiser,NDB,38.0966,-92.5531,377,US
AJ,Ouani,NDB,-12.132,44.4286,369,KM
AJ,Aghajari,NDB,30.75,49.6833,365,IR
AJ,Krasnoyarsk,NDB,56.1933,92.4067,334,RU
AJ,Staritsa,NDB,56.5167,34.9333,430,RU
AJA,Mt Macajna,NDB,13.4549,144.737,385,GU
AJE,Awaji,VOR-DME,34.2703,134.713,115600,JP
AJF,Al Jouf,VORTAC,29.789,40.0742,117800,SA
AJG,Mt Carmel,NDB,38.612,-87.7261,524,US
AJO,Ajaccio,VOR-DME,41.7705,8.77467,114800,FR
AJR,Habersham,NDB,34.5015,-83.5499,347,US
AJW,Andri,NDB,45.7917,-95.3055,281,US
AJX,Ash Flat,NDB,36.1806,-91.6066,344,US
AK,Astra Kesetra,NDB,-4.61242,105.231,221,ID
AK,Akeno,NDB,34.5278,136.69701,380,JP
AK,Astana,NDB,51.06,71.5261,318,KZ
AK,Akure,NDB,7.22672,5.29322,276,NG
AK,Abakan,NDB,53.7667,91.405,360,RU
AK,Aleksandrovka,NDB,49.5833,44.3167,113,RU
AK,Saldo,NDB,58.7372,-156.778,355,US
AK,Akron,NDB,41.0698,-81.3875,362,US
AKB,Aktyubinsk,VOR-DME,50.2631,57.1839,113400,KZ
AKC,Trabzon,NDB,41.0894,39.4692,392,TR
AKE,Amakusa,VOR-DME,32.481,130.16,113450,JP
AKI,Akhisar,TACAN,38.8195,27.8272,110200,TR
AKI,Akureyri,VOR-DME,65.7597,-18.0042,113600,IS
AKI,Anduki,NDB,4.63028,114.372,250,BN
AKJ,Al Kharj,VORTAC,24.0682,47.4076,117300,SA
AKL,Haskell,NDB,33.1911,-99.72,407,US
AKN,King Salmon,VORTAC,58.7247,-156.752,112800,US
AKO,Akron,VOR-DME,40.1556,-103.18,114400,US
AKP,Anaktuvuk Pass,NDB,68.1366,-151.744,348,US
AKQ,Wakefield,NDB,36.9832,-77.0011,274,US
AKR,Akrotiri,TACAN,34.5794,32.9628,116000,CY
AKT,Akeno,TACAN,34.5285,136.675,112050,JP
AKT,Preveza/Aktion,VOR-DME,38.9249,20.7615,110000,GR
AKT,Aktau,VOR-DME,43.8586,51.1019,113300,KZ
AKU,Akujarvi,NDB,68.6784,27.6146,432,FI
AKW,Klawock,NDB-DME,55.5686,-133.07899,229,US
AL,Malolo,NDB,-17.8256,177.38699,385,FJ
AL,Halim Perdanakusuma,NDB,-6.19396,107.04,215,ID
AL,Embakasi,NDB,-1.37608,36.9191,379,KE
AL,Almaty,NDB,43.3826,77.1021,443,KZ
AL,Lepsoy,NDB,62.5961,6.22152,398,NO
AL,Alabat,NDB,14.2203,121.924,247,PH
AL,Baykit,NDB,61.7067,96.5,326,RU
AL,Alushta,NDB,44.6747,34.3968,384,UA
AL,Price,NDB,42.6222,-92.5094,382,US
AL,Trina,NDB,46.1755,-118.196,353,US
AL,Hawky,NDB,42.8173,-73.8106,219,US
AL,Alpos,NDB,38.8551,-89.9382,218,US
ALA,Alta,NDB,69.9923,23.2932,358,NO
ALB,Albany,VORTAC,42.7472,-73.8032,115300,US
ALB,Allersberg,VOR-DME,49.2144,11.2214,111200,DE
ALB,Albenga,VOR-DME,44.0482,8.12762,116950,IT
ALC,Amami,VORTAC,28.4437,129.584,115500,JP
ALC,Alcantara,NDB,-2.3815,-44.3993,230,BR
ALD,Allendale,VOR,33.0125,-81.2922,116700,US
ALD,Al Udeid,VORTAC,25.1395,51.3051,115200,QA
ALD,Alderney,NDB,49.7089,-2.1997,383,GG
ALE,Aleppo,VOR-DME,36.1792,37.2096,114500,SY
ALE,Aleppo,NDB,36.178,37.2066,396,SY
ALF,Alster,DME,53.6353,9.99414,115800,DE
ALG,Alghero,VORTAC,40.6281,8.24389,113800,IT
ALG,Alghero,NDB,40.64,8.29167,382,IT
ALG,Ciudad Del Este,NDB,-25.3697,-54.7614,293,PY
ALI,Alice,VOR,27.7398,-98.0213,114500,US
ALI,Aligarh,VOR-DME,27.8293,78.1783,117900,IN
ALI,Cairo,NDB,30.1669,31.385,310,EG
ALJ,Orca Bay,NDB,60.4798,-146.58701,233,US
ALM,Alma,VOR,55.4113,13.5575,116400,SE
ALM,Almaty,VOR-DME,43.3744,77.0858,112300,KZ
ALM,Al Hoceima,VOR-DME,35.1911,-3.84173,115000,MA
ALM,Aix Les Milles,NDB,43.5078,5.36047,430,FR
ALN,Al Ain,VOR-DME,24.2598,55.6064,112600,AE
ALO,Waterloo,VORTAC,42.5565,-92.3989,112200,US
ALP,Alexandroupolis,NDB,40.8575,25.9442,351,GR
ALP,Alpine,NDB,42.2387,-76.764,245,US
ALR,Alger,VOR-DME,36.6911,3.21556,112500,DZ
ALS,Alsie,VOR,54.9054,9.99338,114700,DK
ALS,Alamosa,VORTAC,37.3492,-105.816,113900,US
ALS,Agadir,NDB,30.3203,-9.31944,396,MA
ALT,Alicante,VOR-DME,38.2683,-0.57011,113800,ES
ALU,Al Hoceima,NDB,35.1812,-3.84456,401,MA
ALU,Alliance,NDB,42.0432,-102.799,380,US
ALW,Walla Walla,VOR-DME,46.087,-118.293,116400,US
ALX,Alexandroupolis,VOR-DME,40.855,25.9572,113800,GR
AM,Ambriz,NDB,-7.83333,13.1,395,AO
AM,Arba Minch,NDB,6.05769,37.6024,275,ET
AM,Amahai,NDB,-3.3475,128.92599,278,ID
AM,Malacca,NDB,2.26656,102.253,298,MY
AM,Markovo,NDB,64.6683,170.31,325,RU
AM,Surgut,NDB,61.3433,73.5067,325,RU
AM,Kazan,NDB,55.6317,49.2083,475,RU
AM,Verkhneimbatsk,NDB,63.1667,88.0,420,RU
AM,Almeria,NDB,36.8758,-2.23991,284,ES
AM,Picny,NDB,27.8612,-82.5458,388,US
AM,Pande,NDB,35.1465,-101.805,251,US
AM,Gialam,NDB,20.9889,105.861,294,VN
AMB,Amberley,TACAN,-27.6417,152.716,114700,AU
AMB,Santiago,VOR-DME,-33.4197,-70.7844,116100,CL
AMB,Amboise,VOR-DME,47.4289,1.06444,113700,FR
AMB,Amberley,NDB,-27.6489,152.724,359,AU
AMB,Ambato,NDB,-1.21324,-78.5766,360,EC
AMB,Amboise,NDB,47.4182,1.041,341,FR
AME,Kasari,VOR-DME,28.4347,129.711,113950,JP
AME,Amendola,NDB,41.5,15.8378,334,IT
AMF,Ambler,NDB-DME,67.1068,-157.858,403,US
AMG,Alma,VORTAC,31.5365,-82.5081,115100,US
AMK,Andamooka,NDB,-30.4535,137.16701,206,AU
AML,Armel,VORTAC,38.9346,-77.4667,113500,US
AML,Andravida,TACAN,37.9297,21.2847,133400,GR
AML,Amalias,NDB,37.7747,21.3467,367,GR
AML,Agadir,NDB,30.3236,-9.45472,402,MA
AMN,Ambon,VOR-DME,-3.61492,128.186,115500,ID
AMN,Amman,VOR-DME,32.0041,36.066,116300,JO
AMN,Almeria,NDB,36.8484,-2.37916,310,ES
AMN,Alma,NDB,43.3234,-84.7852,329,US
AMP,Amapa,NDB,2.06883,-50.8605,275,BR
AMR,Almeria,VOR-DME,36.8332,-2.25942,114100,ES
AMS,Amsterdam,VOR-DME,52.3328,4.70556,113950,NL
AMT,West Union,NDB,38.8559,-83.5638,359,US
AMU,Amberieu,TACAN,45.9886,5.33125,116300,FR
AMV,Ambato,VOR-DME,-1.28589,-78.5463,112700,EC
AN,Ann,NDB,19.7703,94.0402,385,MM
AN,Anuradhapura,NDB,8.30361,80.4297,415,LK
AN,Hiva Oa,NDB,-9.75222,-139.00101,294,PF
AN,Abidjan,NDB,5.34908,-3.89042,306,CI
AN,Aguni,NDB,26.5937,127.236,268,JP
AN,Kuching,NDB,1.71831,110.309,402,MY
AN,Anapa,NDB,44.9683,37.305,443,RU
AN,Belgorod,NDB,50.665,36.5267,718,RU
AN,Arvidsjaur,NDB,65.6339,19.143,381,SE
AN,Alamo,NDB,29.6049,-98.5714,368,US
AN,Bogga,NDB,33.5344,-85.9308,211,US
AN,Boing,NDB,32.7399,-117.216,245,US
AN,Andizhan,NDB,40.6983,72.25,422,UZ
ANA,Santa Ana,NDB,-13.763,-65.4323,345,BO
ANA,Contamana,NDB,-7.34528,-75.0053,380,PE
ANB,Annaba,VOR-DME,36.8167,7.8,113500,DZ
ANB,Annaba,NDB,36.8181,7.8025,366,DZ
ANC,Ancona,VOR-DME,43.5864,13.4711,110650,IT
ANC,Anchorage,VOR-DME,61.1508,-150.207,114300,US
ANC,Ancona,NDB,43.5867,13.4722,375,IT
AND,Andong,VOR-DME,30.2533,121.218,114800,CN
AND,Andoya,VOR-DME,69.2878,16.1414,112200,NO
AND,Andahuaylas,VOR-DME,-13.7142,-73.3778,114300,PE
AND,Andranik,NDB,39.8303,44.9925,122,AM
AND,Andahuaylas,NDB,-13.7097,-73.35,290,PE
AND,Anderson,NDB,34.4981,-82.7085,230,US
ANE,Arlanda,DME,59.694,18.0599,113300,SE
ANG,Angers,VOR,47.5369,-0.85183,113000,FR
ANG,Wallblake,NDB,18.2052,-63.0926,209,AI
ANI,Aniak,NDB,61.5902,-159.59801,359,US
ANK,Anarak,VOR-DME,33.5375,53.7297,112700,IR
ANK,Ankara,NDB-DME,39.9531,32.8281,356,TR
ANL,Nea Anchialos,TACAN,39.2139,22.7442,115600,GR
ANN,Annette Island,VOR-DME,55.0604,-131.578,117100,US
ANP,Anapolis,VOR-DME,-16.2607,-48.992,115400,BR
ANP,Anapolis,NDB,-16.3174,-49.0403,415,BR
ANQ,Angola,NDB,41.6398,-85.0869,347,US
ANR,Andrews,NDB,32.3486,-102.536,245,US
ANS,Ansbach,NDB,49.3097,10.6328,452,DE
ANT,Antwerpen,VOR-DME,51.1906,4.4725,113500,BE
ANT,Antoni,VOR-DME,60.863,25.1268,113700,FI
ANT,Antalya,DME,36.8756,30.7892,109100,TR
ANU,V C Bird,VOR-DME,17.1259,-61.8002,114500,AG
ANU,V C Bird,NDB,17.1274,-61.8082,351,AG
ANV,Anvik,NDB-DME,62.6414,-160.19,365,US
ANW,Ainsworth,VOR-DME,42.5691,-99.9897,112700,US
ANW,Arlanda,DME,59.7133,17.8526,112050,SE
ANX,Napoleon,VORTAC,39.0954,-94.1288,114000,US
ANY,Anthony,VORTAC,37.1589,-98.1707,112900,US
ANY,Achmad Yani,VOR-DME,-6.97472,110.38,115200,ID
AO,Hao,NDB,-18.0633,-140.96201,370,PF
AO,Opera,NDB,47.0817,20.2117,282,HU
AO,Kano,NDB,12.0587,8.54174,376,NG
AOC,Arco,NDB,43.599,-113.342,200,US
AOG,Rota,TACAN,36.6479,-6.34906,108600,ES
AOG,Rota,NDB,36.6421,-6.31681,268,ES
AOH,Allen Co,VOR,40.7071,-83.9682,108400,US
AOO,Altoona,VOR,40.3254,-78.3037,108800,US
AOP,Antelope,NDB,41.6042,-109.002,290,US
AOV,Bilmart,NDB,36.9698,-92.6774,341,US
AP,Active Pass,NDB,48.8739,-123.29,378,CA
AP,Apiay,NDB,4.075,-73.475,270,CO
AP,Allahabad,NDB,25.4671,81.6982,328,IN
AP,Anapa,NDB,45.035,37.3917,443,RU
AP,Voronezh,NDB,51.7767,39.3033,289,RU
AP,Anpu,NDB,25.1761,121.523,250,TW
AP,Aberporth,NDB,52.1163,-4.55983,371,GB
AP,Casse,NDB,39.4519,-104.846,260,US
AP,Felps,NDB,44.9607,-83.56,206,US
AP,Vagey,NDB,44.8241,-93.3058,338,US
AP,Taupo,NDB-DME,-38.7432,176.07401,230,NZ
APB,Apolo,NDB,-14.6854,-68.4166,240,BO
APE,Appleton,VORTAC,40.1511,-82.5883,116700,US
APF,Naples,NDB,26.1557,-81.7744,201,US
APG,Aberdeen,NDB,39.5351,-76.1063,349,US
APH,A P Hill,NDB,38.0878,-77.3249,396,US
APN,Alpena,VORTAC,45.0828,-83.557,108800,US
APN,Apan,VOR-DME,19.6372,-98.3986,114800,MX
APT,Jasper,NDB,35.0596,-85.5839,382,US
APU,Anpu,VOR-DME,25.1769,121.522,112500,TW
AQ,Barranquilla,NDB,10.8718,-74.7962,264,CO
AQ,Aqaba,NDB,29.5802,35.007,404,JO
AQ,Aberdeen,NDB,57.1383,-2.40472,336,GB
AQ,Kooky,NDB,44.2159,-88.399,407,US
AQA,Aqaba,NDB,30.2265,35.2214,418,JO
AQB,Aqaba,VOR-DME,29.5835,35.0082,113100,JO
AQC,Aqaba,NDB,29.9023,35.119,326,JO
AQE,Alwood,NDB,35.7069,-77.3719,230,US
AQP,Appleton,NDB,45.2285,-96.0095,356,US
AR,Le Raizet,NDB,16.2867,-61.631,402,GP
AR,Akureyri,NDB,65.7558,-18.0894,334,IS
AR,Iswahyudi,NDB,-7.66467,111.434,315,ID
AR,Amritsar,NDB,31.7086,74.8143,351,IN
AR,Arkalyk,NDB,50.325,66.96,518,KZ
AR,Atar,NDB,20.5023,-13.0591,326,MR
AR,Buzharovo,NDB,55.9833,36.8,108,RU
AR,Barnaul,NDB,53.38,83.6117,428,RU
AR,Artemovsky,NDB,57.3333,61.9167,187,RU
AR,Arusha,NDB,-3.36779,36.6204,391,TZ
AR,Acadi,NDB,29.9563,-91.8633,269,US
AR,Armin,NDB,41.8104,-71.3532,356,US
AR,Carrasco,NDB,-34.8234,-56.0063,260,UY
ARA,Araxos,VOR-DME,38.1097,21.4253,112700,GR
ARA,Aracatuba,NDB,-21.1393,-50.4267,265,BR
ARA,Araracuara,NDB,-0.60604,-72.3959,365,CO
ARB,Ardabil,VOR-DME,38.3031,48.441,115700,IR
ARB,Ardabil,NDB,38.3307,48.4154,355,IR
ARB,Tortoli,NDB,39.9214,9.67867,289,IT
ARD,Arad,VOR-DME,46.1841,21.1436,109000,RO
ARD,Yardley,VOR-DME,40.2533,-74.9076,108200,US
ARD,Arad,NDB,46.184,21.1449,517,RO
ARE,Monts D Arree,VOR,48.3326,-3.60247,112500,FR
ARF,Topel,TACAN,40.7322,30.0647,113900,TR
ARF,Topel,NDB,40.7328,30.0844,384,TR
ARF,Saratoga,NDB,34.2529,-86.2236,296,US
ARG,Walnut Ridge,VORTAC,36.11,-90.9537,114500,US
ARG,Argyle,VOR-DME,-16.6317,128.44901,113900,AU
ARG,Araguaia,NDB,-8.35367,-49.2992,230,BR
ARH,Libby,TACAN,31.5856,-110.339,111600,US
ARH,El Arish,VOR-DME,31.073,33.8319,113600,EG
ARI,Arica,VOR-DME,-18.3694,-70.3464,116500,CL
ARI,Nador Arwi,VOR-DME,34.9867,-3.02917,116000,MA
ARI,Agri,VOR-DME,39.6717,43.0206,116700,TR
ARI,Agri,NDB,39.6691,43.022,289,TR
ARK,Arak,NDB,34.1345,49.8487,280,IR
ARL,Arlanda,VOR-DME,59.6534,17.9144,116000,SE
ARL,Arlit,NDB,18.7836,7.36673,293,NE
ARM,Armilla,NDB,37.0735,-3.80208,344,ES
ARM,Wharton,NDB,29.2546,-96.152,245,US
ARM,Armidale,NDB-DME,-30.5278,151.61501,401,AU
ARN,Arbancon,NDB,40.9639,-3.12246,291,ES
ARS,Ardrossan,VOR,-34.41653,137.89335,115800,AU
ARS,Aros,VOR-DME,59.5862,16.6504,112800,SE
ARS,Alto Rio Senguerr,NDB,-45.0164,-70.8011,310,AR
ARS,Ardrossan (DECOMMISSIONED),NDB,-34.4141,137.923,398,AU
ART,Watertown,VORTAC,43.952,-76.0646,109800,US
ART,Rize-Artvin,NDB,41.1815,40.858,347,TR
ART,Rize-Artvin,VOR-DME,41.1815,40.858,110450,TN
ARV,Arbor Vitae,NDB,45.9268,-89.7285,221,US
ARW,El Aroui,NDB,34.9897,-3.04417,355,MA
ARX,Araxos,TACAN,38.1082,21.4227,112400,GR
ARX,Araxa,VOR-DME,-19.689,-47.0605,117000,BR
ARX,Araxa,NDB,-19.561,-46.9647,210,BR
AS,Agades,VOR,16.975,8.02322,113500,NE
AS,Alice Springs,VOR-DME,-23.7929,133.87801,115900,AU
AS,Alice Springs,NDB,-23.7779,133.87399,335,AU
AS,Punta Arenas,NDB,-53.0006,-70.8211,300,CL
AS,Cali,NDB,3.5199,-76.3857,240,CO
AS,Asmara,NDB,15.2813,38.8852,305,ER
AS,Sanana,NDB,-2.09459,125.964,397,ID
AS,Atang Senjaya,NDB,-6.53833,106.755,399,ID
AS,Agades,NDB,16.9563,7.97483,340,NE
AS,Ashburton,NDB,-43.9048,171.80701,254,NZ
AS,Chern,NDB,42.8234,-71.6021,359,US
AS,Aasiaat,DME,68.7194,-52.7928,108750,GL
ASB,Ali Al Salem,VORTAC,29.344,47.5189,116000,KW
ASB,Ashgabat,VOR-DME,37.985,58.3517,114500,TM
ASG,Ascencion De Guarayos,NDB,-15.7713,-63.0664,390,BO
ASH,Al-Shigar,VOR-DME,30.1228,38.7981,112300,SA
ASI,Ascension Aux Af,VORTAC,-7.96988,-14.3973,112200,SH
ASI,Asia,VOR-DME,-12.7606,-76.6064,115300,PE
ASI,Adami,NDB,-34.7895,-56.263,395,UY
ASJ,Ahoskie,NDB,36.2993,-77.1755,415,US
ASK,Askoy,NDB,60.422,5.18025,360,NO
ASL,Asaloyeh,NDB,27.4819,52.6161,447,IR
ASM,Asmara,VOR-DME,15.284,38.9009,113700,ER
ASN,Aswan,VOR-DME,23.9718,32.817,112300,EG
ASN,Ascension Aux Af,NDB,-7.94683,-14.41,360,SH
ASP,Au Sable,VOR-DME,44.4491,-83.3943,116100,US
ASS,Assis,NDB,-22.6448,-50.453,275,BR
AST,Asyut,VOR-DME,27.0312,31.0325,117700,EG
AST,Astana,VOR-DME,51.0011,71.4342,114200,KZ
AST,Astoria,VOR-DME,46.1617,-123.88,114000,US
AST,Asturias,NDB,43.5578,-6.02839,325,ES
ASU,Asuncion,NDB,-25.2358,-57.5131,360,PY
ASW,Arlanda,DME,59.5877,17.8197,113750,SE
ASX,Ashland,VOR-DME,46.5494,-90.9172,110200,US
AT,Atiu,NDB,-20.0033,-158.10699,388,CK
AT,Pontianak,NDB,-0.14257,109.405,245,ID
AT,Agartala,NDB,23.8873,91.2344,237,IN
AT,Aktyubinsk Lom,NDB,50.2809,57.1523,323,KZ
AT,Antsohihy,NDB,-14.9042,47.9956,374,MG
AT,Alor Star,NDB,6.15919,100.372,385,MY
AT,Tocumen,NDB,9.04139,-79.3966,326,PA
AT,Catta,NDB,33.6468,-84.5421,375,US
AT,Gamie,NDB,44.1624,-88.5849,230,US
AT,Bruny,NDB,39.847,-84.3348,315,US
AT,Lican,NDB,44.8033,-97.1501,215,US
AT,Artigas,NDB,-30.4029,-56.4871,405,UY
AT,Agatti,NDB-DME,10.8316,72.1799,360,IN
ATA,Alta,VOR-DME,69.9776,23.3718,117400,NO
ATA,Anta,NDB,-9.35067,-77.598,415,PE
ATA,Atlanta,NDB,33.1037,-94.1905,347,US
ATB,Atbara,NDB,17.7139,34.0537,273,SD
ATE,Akita,VOR-DME,39.7116,140.062,116100,JP
ATE,Alicante,VOR-DME,38.2861,-0.5866,114650,ES
ATF,Alta Floresta,VOR-DME,-9.86836,-56.1049,113400,BR
ATF,Alta Floresta,NDB,-9.87056,-56.1015,245,BR
ATF,Aberdeen/Dyce,NDB,57.0775,-2.1057,348,GB
ATK,Atqasuk,NDB,70.4691,-157.427,350,US
ATL,Atlanta,VORTAC,33.6291,-84.4351,116900,US
ATM,Altamira,VOR,-3.24933,-52.2477,113200,BR
ATM,Altamira,NDB,-3.2565,-52.2508,295,BR
ATN,Autun,VOR-DME,46.8059,4.25914,114900,FR
ATR,Atyrau,VOR-DME,47.1439,51.8028,112300,KZ
ATR,Waterloo,VOR-DME,38.8098,-75.2113,112600,US
ATR,Alcantarilla,NDB,37.9499,-1.23042,345,ES
ATS,Artesia,NDB,32.8526,-104.462,414,US
ATU,Attu,NDB,52.8289,173.17999,375,US
ATV,Athinai,VOR-DME,37.8886,23.8144,114400,GR
ATY,Watertown,VORTAC,44.9797,-97.1417,116600,US
AU,Akhsu,NDB,40.5667,48.3833,420,AZ
AU,Aurangabad,NDB,19.8605,75.3985,205,IN
AU,Aktau,NDB,43.8863,51.0352,670,KZ
AU,Auly,NDB,48.5831,34.4783,108,UA
AU,Austi,NDB,30.2357,-97.6257,353,US
AU,Dunns,NDB,44.4108,-69.8606,366,US
AU,Opole,NDB,32.5093,-85.4372,423,US
AUC,Arauca,VOR-DME,7.06715,-70.7322,114000,CO
AUG,Augusta,VOR-DME,44.32,-69.7966,111400,US
AUG,Augsburg,DME,48.4243,10.933,115900,DE
AUH,Abu Dhabi,VOR-DME,24.4432,54.6465,113000,AE
AUH,Aurora,NDB,40.8925,-97.9972,278,US
AUR,La Aurora,VOR-DME,14.591,-90.526,114500,GT
AUW,Wausau,VORTAC,44.8468,-89.5866,111600,US
AV,Avalon,VOR-DME,-38.0489,144.459,116100,AU
AV,Avalon,NDB,-38.0181,144.47099,404,AU
AV,Abrolhos,NDB,-17.9645,-38.6938,290,BR
AV,Raivavae,NDB,-23.8825,-147.664,372,PF
AV,Sukhumi,NDB,42.8533,41.1217,489,GE
AV,La Tontouta,NDB,-22.0365,166.252,338,NC
AV,Asturias,NDB,43.5391,-5.93053,387,ES
AV,Barty,NDB,41.2769,-75.7757,257,US
AVD,Avord,TACAN,47.0581,2.62986,110600,FR
AVD,Avord,NDB,47.1207,2.79961,289,FR
AVE,Avenal,VORTAC,35.647,-119.979,117100,US
AVI,Aviano,TACAN,46.0279,12.5869,116400,IT
AVI,Aviano,NDB,45.9243,12.4285,390,IT
AVK,Alva,NDB,36.7792,-98.6712,203,US
AVN,Avignon,VOR,43.9954,4.74639,112300,FR
AVN,Vilnius,NDB,54.6534,25.299,385,LT
AVN,Avon,NDB,43.0099,-77.7693,344,US
AVQ,Marana,NDB,32.4118,-111.216,245,US
AVZ,Travis,NDB,32.7601,-96.2491,260,US
AW,Waton,NDB,48.0761,-122.154,382,US
AWE,Asahikawa,VOR-DME,43.6673,142.457,113500,JP
AWG,Washington,NDB,41.2798,-91.6726,219,US
AWK,Wake Island,VORTAC,19.285,166.62801,113500,UM
AWM,West Memphis,NDB,35.1394,-90.2326,362,US
AWS,Lawson,NDB,32.2932,-85.0233,335,US
AWZ,Ahwaz,VOR-DME,31.3376,48.7643,114000,IR
AWZ,Ahwaz,NDB,31.3441,48.7446,415,IR
AX,Axum,NDB,14.146,38.7763,440,ET
AXA,Algona,NDB,43.0814,-94.2725,403,US
AXC,Decatur,VORTAC,39.73752,-88.85643,117200,US
AXD,Alexandria,NDB,31.1949,29.9525,403,EG
AXM,Armenia,NDB,4.45135,-75.7729,315,CO
AXN,Alexandria,VOR-DME,45.9584,-95.2326,112800,US
AY,Albury,VOR-DME,-36.0681,146.966,115600,AU
AY,Albury,NDB,-36.0686,146.97,236,AU
AY,St Anthony,NDB,51.3864,-56.0966,356,CA
AY,Dire Dawa,NDB,9.64386,41.8441,241,ET
AY,Kumagaya,NDB,36.1639,139.311,283,JP
AY,Warszawa,NDB,52.1754,20.9325,375,PL
AY,Wiket,NDB,31.3256,-82.3981,219,US
AY,Arli,NDB,11.5732,1.45679,316,BF
AYA,Ayacucho,NDB,-13.1519,-74.2053,370,PE
AYE,Ayers Rock,NDB-DME,-25.1728,130.97501,233,AU
AYS,Waycross,VORTAC,31.2694,-82.5564,110200,US
AYT,Antalya,TACAN,36.9156,30.7828,115500,TR
AYT,Antalya,VOR-DME,36.92217,30.7955,114000,TR
AZ,Aizawl,NDB,23.7429,92.8029,366,IN
AZ,Samara,NDB,53.4617,50.205,287,RU
AZ,Arkhangelsk,NDB,64.6067,40.5867,690,RU
AZ,Austn,NDB,42.1311,-85.5298,371,US
AZC,Colorado City,NDB,36.9599,-113.009,403,US
AZE,Hazlehurst,NDB,31.8802,-82.6474,414,US
AZN,Amazon,NDB,39.884,-94.9082,233,US
AZO,Kalamazoo,VOR-DME,42.237,-85.5532,109000,US
AZQ,Hazard,VOR-DME,37.3913,-83.263,111200,US
AZR,Nice Cote D Azur,VOR-DME,43.6597,7.22442,109650,FR
AZR,Inezgane,NDB,30.3668,-9.45067,371,MA
AZS,Azalea Park,NDB,38.0102,-78.5181,336,US
AZW,Mt  iAy,NDB,36.381,-80.5402,223,US
B,San Carlos De Bariloche,NDB,-41.1426,-71.1825,305,AR
B,Escuela De Aviacion Militar,NDB,-31.4383,-64.275,242,AR
B,Burgas,NDB,42.5535,27.4933,335,BG
B,Hongqiao,NDB,31.1731,121.338,257,CN
B,Bishkek Manas,NDB,43.0667,74.5167,481,KG
B,Barka,NDB,48.1507,17.2427,438,SK
B,Balti,NDB,47.8213,27.7954,389,MD
B,Khovd,NDB,47.9327,91.6553,650,MN
B,Ulaangom,NDB,49.9526,92.0528,383,MN
B,Underkhaan,NDB,47.3162,110.634,650,MN
B,Arvaikheer,NDB,46.2329,102.825,650,MN
B,Altai,NDB,46.3719,96.2461,425,MN
B,Baneasa West,NDB,44.4839,26.0758,385,RO
B,Sheremetyevo,NDB,55.9783,37.465,770,RU
B,Valencia,NDB,39.4797,-0.45618,400,ES
B,Boryspil,NDB,50.3626,30.8821,405,UA
B5,Gunisao Lake,NDB,53.5222,-96.3753,254,CA
BA,Bautzen,NDB,51.1988,14.5478,359,DE
BA,Blora,NDB,-6.99264,111.419,240,ID
BA,Balkhash,NDB,46.8682,74.9572,456,KZ
BA,Bauerfield,NDB,-17.6925,168.269,361,VU
BA,Bagabag,NDB,16.6179,121.253,339,PH
BA,Balagannoye,NDB,59.6767,149.145,920,RU
BA,Bagayevsky,NDB,47.3167,40.3667,118,RU
BA,Krasnodar,NDB,45.0633,39.2017,750,RU
BA,Bakchar,NDB,57.0167,82.0667,605,RU
BA,Clifs,NDB,39.3222,-85.8185,410,US
BA,Wesie,NDB,42.2483,-72.6963,230,US
BA,Babco,NDB,44.8567,-92.9845,385,US
BAB,Beale,TACAN,39.1348,-121.441,108600,US
BAB,Beirut,NDB,33.849,35.483,312,LB
BAC,Banda Aceh,VOR-DME,5.52263,95.4222,113400,ID
BAD,Barksdale,TACAN,32.5033,-93.6678,115800,US
BAE,Badger,VORTAC,43.1169,-88.2843,116400,US
BAF,Barnes,VORTAC,42.162,-72.7162,113000,US
BAG,Garcas,VOR-DME,-15.8535,-52.3957,113300,BR
BAG,Baglum,VOR-DME,40.0695,32.8104,113100,TR
BAG,Garcas,NDB,-15.856,-52.3893,320,BR
BAG,Bagur,NDB,41.9515,3.20307,319,ES
BAH,Bahrain,VOR-DME,26.2642,50.6489,115300,BH
BAI,Bailen,NDB,38.1515,-3.62917,418,ES
BAJ,Batten,NDB,40.5322,-103.23,392,US
BAK,Backa,VOR-DME,57.5552,11.9769,112700,SE
BAL,Baltimore,VORTAC,39.1711,-76.6613,115100,US
BAL,El Libertador,VORTAC,10.1861,-67.547,113900,VE
BAL,Balmaceda,VOR-DME,-45.9131,-71.7128,115500,CL
BAL,Baldonnel,VOR-DME,53.2999,-6.44778,115800,IE
BAL,Balmaceda,NDB,-45.9194,-71.6983,390,CL
BAM,Barmen,VORTAC,51.3278,7.17698,113600,DE
BAM,Battle Mountain,VORTAC,40.5692,-116.922,112200,US
BAM,Bam,VOR-DME,29.0775,58.4576,114900,IR
BAM,Bam,NDB,29.0779,58.4543,379,IR
BAN,Sidi Ben Aoun,VOR,34.8633,9.16778,115300,TN
BAN,Barahona,VOR-DME,41.3236,-2.62979,112800,ES
BAN,Bandundu,NDB,-3.30238,17.3829,385,CD
BAN,Banias,NDB,35.2283,35.9579,304,SY
BAP,Baghdad,TACAN,33.2667,44.2226,133700,IQ
BAQ,Barranquilla,VOR-DME,10.7967,-74.8603,113700,CO
BAR,Basrah,TACAN,30.5488,47.6598,108300,IQ
BAR,Bardufoss,TACAN,69.0457,18.5864,113400,NO
BAR,San Carlos De Bariloche,VOR-DME,-41.1403,-71.1889,117400,AR
BAR,Bari,VOR-DME,41.1443,16.7764,116400,IT
BAR,Barcaldine,NDB,-23.5583,145.298,332,AU
BAR,Puerto Barrios,NDB,15.7367,-88.595,347,GT
BAR,Hemlock,NDB,36.1535,-81.8798,320,US
BAT,Batman,TACAN,37.9154,41.1055,111600,TR
BAT,Batman,VOR-DME,37.9375,41.1197,116200,TR
BAT,Batticaloa,NDB,7.70362,81.6802,320,LK
BAT,Batman,NDB,37.9375,41.1197,470,TR
BAV,Baotou,VOR-DME,40.56,109.995,117300,CN
BAV,Hardeman,NDB,35.2143,-89.0421,404,US
BAX,Bad Axe,VOR-DME,43.7828,-82.9838,108200,US
BAY,El Bayadh,VOR,33.7053,0.95028,114800,DZ
BAY,Bayreuth,VOR,49.9852,11.6367,110600,DE
BAY,El Bayadh,NDB,33.7078,0.95139,284,DZ
BAY,Bayreuth,DME,49.9857,11.6381,110600,DE
BAZ,Bayreuth,NDB,49.9569,11.5652,420,DE
BB,Battambang,NDB,13.0917,103.223,484,KH
BB,Bora Bora,NDB,-16.4436,-151.755,384,PF
BB,Bau Bau,NDB,-5.48889,122.573,274,ID
BB,Basa,NDB,14.9818,120.485,404,PH
BB,Beryozovo,NDB,63.9067,64.9383,752,RU
BB,Bibrka,NDB,49.643,24.2799,432,UA
BBA,Bumba,NDB,2.19167,22.55,285,CD
BBA,Benbecula,NDB,57.4762,-7.36925,401,GB
BBB,Mumbai,VOR-DME,19.0854,72.8754,116600,IN
BBB,Benson,NDB,45.3272,-95.6503,239,US
BBC,Barbacena,NDB,-21.267,-43.7642,285,BR
BBD,Bagdogra,VOR-DME,26.6876,88.326,116600,IN
BBD,Brady,NDB,31.178,-99.3226,380,US
BBE,Beauvechain,TACAN,50.7564,4.76806,116000,BE
BBG,Bangalore,VOR-DME,12.9497,77.681,115500,IN
BBI,Bellary,VOR-DME,15.1651,76.8806,112800,IN
BBI,Salamanca,VOR-DME,41.0168,-5.45644,112200,ES
BBJ,Bhuj,VOR-DME,23.2711,69.6678,112600,IN
BBL,Kleine Brogel,TACAN,51.1703,5.46639,109600,BE
BBM,Belgaum,VOR-DME,15.8562,74.6169,112100,IN
BBM,Babimost,NDB,52.1404,15.7962,390,PL
BBN,Varanasi,VOR-DME,25.454,82.8593,113900,IN
BBN,Babylon,NDB,40.6725,-73.3844,275,US
BBS,Beni Abbes,VOR-DME,30.0083,-2.21667,115300,DZ
BBS,Bhubaneshwar,VOR-DME,20.2448,85.8113,113500,IN
BBS,Beni Abbes,NDB,30.0,-2.21667,320,DZ
BBU,Brandbu,VOR-DME,60.4718,10.3389,112750,NO
BBW,Broken Bow,NDB,41.4341,-99.6359,265,US
BBZ,Vijayawada,VOR-DME,16.5208,80.7942,116200,IN
BC,Bacolod,VOR,10.6376,122.925,114900,PH
BC,Bechar,NDB,31.6333,-2.30556,417,DZ
BC,Mbanza Congo,NDB,-6.26667,14.25,205,AO
BC,Baie Comeau,NDB,49.1178,-68.3261,414,CA
BC,Benin,NDB,6.31717,5.59924,388,NG
BC,Bacau,NDB,46.4781,26.9274,426,RO
BC,Provideniya Bay,NDB,64.3767,-173.243,960,RU
BC,Cap Blanc,NDB,37.33,9.83611,310,TN
BCA,Bahia Blanca,VOR-DME,-38.72,-62.1583,114300,AR
BCC,Bear Creek,NDB,65.1739,-152.20599,212,US
BCE,Bryce Canyon,VORTAC,37.6892,-112.304,112800,US
BCH,Bacacheri,NDB,-25.4027,-49.229,300,BR
BCK,Blackall,NDB,-24.4261,145.436,416,AU
BCK,Black River Falls,NDB,44.2547,-90.849,362,US
BCL,Benbecula,DME,57.4751,-7.37032,108100,GB
BCN,Barcelona,VOR-DME,41.3071,2.10781,116700,ES
BCN,Brecon,VOR-DME,51.7256,-3.26306,117450,GB
BCN,Bahia,NDB,-0.60194,-80.4072,316,EC
BCO,Bonsucesso,VOR-DME,-23.4063,-46.3855,116000,BR
BCO,Bachaquero,NDB,10.0,-71.0667,370,VE
BCP,Dezoito,NDB,-22.4267,-40.0298,390,BR
BCR,Bechar,VOR-DME,31.6853,-2.25722,113900,DZ
BCS,Bacchus,NDB,62.5704,17.0452,416,SE
BCU,Bacau,VOR-DME,46.5109,26.8255,109400,RO
BCZ,Choctaw,NDB,32.1143,-88.1214,228,US
BD,Bobo Dioulasso,VOR-DME,11.145,-4.35086,114700,BF
BD,Baildon,NDB,50.2917,-105.442,375,CA
BD,Bahir Dar,NDB,11.6038,37.3239,212,ET
BD,Bordeaux,NDB,44.9352,-0.56225,393,FR
BD,Muara Badak,NDB,-0.30611,117.416,394,ID
BD,Bagdogra,NDB,26.6879,88.3264,345,IN
BD,Bogdanovo,NDB,57.1,37.7167,360,RU
BD,Khabarovsk,NDB,48.49,135.133,528,RU
BD,Razdolye,NDB,52.4333,103.2,635,RU
BD,Khanty Mansiysk,NDB,61.0167,68.99,707,RU
BD,Chupp,NDB,41.8774,-72.7662,388,US
BD,Durazno,NDB,-33.3916,-56.5157,277,UY
BDA,Bermuda,VOR-DME,32.3644,-64.6896,113900,BM
BDA,Bida,VOR-DME,9.10217,6.01751,112700,NG
BDA,Bhattedanda,VOR-DME,27.5356,85.2894,113200,NP
BDA,Boca Do Acre,NDB,-8.90426,-67.4886,305,BR
BDB,Bir Darb,VOR-DME,24.3308,41.8244,115100,SA
BDB,Accomack,NDB,37.5704,-75.7983,336,US
BDD,Bellgrade,NDB,37.1455,-88.6705,254,US
BDE,Baudette,VOR-DME,48.7228,-94.6073,111600,US
BDE,Boende,NDB,-0.23597,20.8164,388,CD
BDF,Bradford,VORTAC,41.1597,-89.5879,114700,US
BDF,Bardufoss,VOR-DME,69.0649,18.4662,114200,NO
BDG,Bendigo,NDB,-36.7428,144.326,245,AU
BDI,Boundiali,NDB,9.52461,-6.4625,358,CI
BDK,Bondoukou/Soko,NDB,8.00508,-2.76733,350,CI
BDL,Bradley,VORTAC,41.941,-72.6886,109000,US
BDM,Bandirma,TACAN,40.3013,27.9784,111000,TR
BDM,Banjarmasin,VOR-DME,-3.4368,114.731,112100,ID
BDN,Boscombe Down,TACAN,51.149,-1.75265,108200,GB
BDO,Bodo,VOR-DME,67.2667,14.3649,117200,NO
BDO,Bobo Dioulasso,NDB,11.1753,-4.31036,323,BF
BDQ,Bridge,NDB,35.1393,-92.7124,208,US
BDR,Milas Bodrum,VOR-DME,37.2533,27.6692,116700,TR
BDR,Bridgeport,VOR-DME,41.1607,-73.1245,108800,US
BDR,Milas Bodrum,NDB,37.2533,27.6692,389,TR
BDT,Bocas Del Toro,VOR-DME,9.33997,-82.2516,114900,PA
BDU,Bondoukou/Soko,VOR,8.0365,-2.75461,116100,CI
BDV,Burgersdorp,VOR,-30.965,26.3227,113100,ZA
BDV,Birdsville,NDB,-25.8964,139.353,413,AU
BDX,Bordeaux,TACAN,44.8272,-0.72328,114400,FR
BE,Kamina Base,NDB,-8.65525,25.2865,278,CD
BE,Bordeaux,NDB,44.8706,-0.39781,318,FR
BE,Mangkajang,NDB,2.005,117.742,325,ID
BE,Benin,NDB,6.33384,5.61591,272,NG
BE,Berridale,NDB,-46.0278,169.983,394,NZ
BE,Samara,NDB,53.48,50.0783,287,RU
BE,Beringovsky,NDB,63.0333,179.3,640,RU
BE,Bedds,NDB,42.4798,-71.3886,332,US
BE,Mally,NDB,42.1268,-86.3133,397,US
BEA,Reina Beatrix,VOR-DME,12.5057,-70.0182,113800,AW
BEA,Beeville,NDB,28.3686,-97.7954,284,US
BED,Bedok,NDB,1.31626,103.964,232,SG
BEG,BERGAMO,VOR-DME,45.66947,9.70919,11495,IT
BEJ,Beja,VORTAC,38.1284,-7.92669,115800,PT
BEL,Belem,VOR-DME,-1.38433,-48.4785,117300,BR
BEL,Belfast,VOR-DME,54.6611,-6.23,117200,GB
BEL,Belem,NDB,-1.38983,-48.4812,250,BR
BEN,Benin,VOR-DME,6.28051,5.56258,116500,NG
BEN,Benbecula,VOR-DME,57.4779,-7.3653,113950,GB
BEP,Bay Creek,NDB,32.4574,-83.7657,350,US
BEQ,Bessemer,NDB,33.3119,-86.9232,368,US
BER,Bern,NDB,46.8991,7.51048,335,CH
BES,Tumbes,VOR,-3.54444,-80.3892,112900,PE
BES,Tumbes,NDB,-3.54944,-80.3817,290,PE
BES,Bennettsville,NDB,34.6202,-79.7332,230,US
BET,Bethel,VORTAC,60.7848,-161.82401,114100,US
BET,Rheine Bentlage,NDB,52.2878,7.38567,402,DE
BEX,Bloomfield,NDB,40.745,-92.4305,269,US
BEY,Beypazari,NDB,40.16,31.9297,487,TR
BF,Bafoussam,VOR-DME,5.50833,10.3697,116500,CM
BF,Norilsk,NDB,69.3517,87.4083,535,RU
BF,Tabey,NDB,41.5691,-81.5738,248,US
BF,Creve,NDB,41.8027,-103.499,263,US
BF,Nolla,NDB,47.6325,-122.389,362,US
BF,Niley,NDB,35.3724,-118.981,385,US
BFA,Boyne Falls,NDB,45.1667,-84.9219,263,US
BFD,Bradford,VOR-DME,41.7864,-78.6194,116600,US
BFD,Broadford,NDB,57.2548,-5.83287,390,GB
BFE,Brownfield,NDB,33.1792,-102.191,311,US
BFF,Scottsbluff,VORTAC,41.8942,-103.482,112600,US
BFI,Beef Island,NDB,18.4458,-64.5358,360,VG
BFK,Buffalo,NDB,36.8642,-99.6201,215,US
BFM,Brookley,VORTAC,30.6127,-88.0555,112800,US
BFR,Bedford,NDB,38.8394,-86.4368,344,US
BFS,Florennes,TACAN,50.2414,4.65306,111500,BE
BFV,Burns Flat,VORTAC,35.2369,-99.2062,110000,US
BFW,Silver Bay,NDB,47.2506,-91.4141,350,US
BG,Benguela,NDB,-12.6081,13.4054,372,AO
BG,Bontang,NDB,0.12111,117.478,300,ID
BG,Bangalore,NDB,12.9695,77.7141,363,IN
BG,Baguio,NDB,16.3744,120.617,272,PH
BG,Karmanovo,NDB,55.8333,34.8667,745,RU
BG,Muraveyka,NDB,43.8833,133.25,920,RU
BG,Bugarura,NDB,-1.92194,29.2638,264,RW
BG,Totte,NDB,44.7275,-68.7129,227,US
BG,Smite,NDB,42.1047,-75.8912,332,US
BGA,Bucaramanga,VOR-DME,7.13156,-73.1844,113500,CO
BGC,Braganca,VOR-DME,-22.9531,-46.5681,116200,BR
BGC,Braganca,NDB,-22.9708,-46.5478,385,BR
BGC,Bergerac,NDB,44.8195,0.61928,374,FR
BGD,Beograd,VOR-DME,44.8193,20.3111,112050,RS
BGD,Baghdad,VOR,33.2607,44.2492,110600,IQ
BGD,Borger,VORTAC,35.8071,-101.382,108600,US
BGD,Baghdad,TACAN,33.2602,44.2495,110600,IQ
BGE,Bage,VOR,-31.3907,-54.1098,115300,BR
BGE,Bage,NDB,-31.3853,-54.1132,235,BR
BGF,Boiling Fork,NDB,35.178,-86.0682,263,US
BGH,Bgh,NDB,11.1313,-61.659,250,TT
BGI,Adams,VOR-DME,13.075,-59.4839,112700,BB
BGI,Adams,NDB,13.0713,-59.4905,345,BB
BGM,Bagram,TACAN,34.943,69.2615,115800,AF
BGN,Ben Gurion,VOR-DME,32.0131,34.8752,113500,IL
BGN,Bagan,NDB,21.181,94.9282,335,MM
BGO,Bago,VOR-DME,17.3196,96.5165,112600,MM
BGO,Balgo Hill,NDB,-20.1359,127.989,206,AU
BGP,Guipavas,NDB,48.4447,-4.4165,387,FR
BGQ,Big Lake,VORTAC,61.5695,-149.967,112500,US
BGR,Bangor,VORTAC,44.8418,-68.874,114800,US
BGR,Bagur,VOR-DME,41.9477,3.20886,112200,ES
BGS,Big Spring,VORTAC,32.3856,-101.484,114300,US
BGS,Burgas,VOR-DME,42.5711,27.5199,112000,BG
BGS,Burgas,NDB,42.6269,27.5894,356,BG
BGS,Burgos,NDB,42.3581,-3.63538,357,ES
BGT,Bagot,NDB,-12.4067,130.85699,308,AU
BGU,Bergerud,NDB,59.8487,11.2622,316,NO
BH,Buhasa,NDB,23.6167,53.3833,309,AE
BH,Gaoyao,NDB,23.07,112.487,317,CN
BH,Bayankhongor,NDB,46.1192,100.731,480,MN
BH,Badshoogte,NDB,-33.6169,21.7994,392,ZA
BH,Mcden,NDB,33.5113,-86.8456,224,US
BH,Surry,NDB,44.5387,-68.3066,330,US
BHA,Al Baha,VORTAC,20.2925,41.6291,113500,SA
BHC,Baxley,NDB,31.712,-82.3902,376,US
BHD,Berry Head,VOR-DME,50.3986,-3.49361,112050,GB
BHD,Barth,DME,54.3404,12.7098,115400,DE
BHF,Islands,NDB,26.5739,-78.6639,326,BS
BHG,Brashear,NDB,33.1584,-95.6183,338,US
BHI,Broken Hill,VOR-DME,-32.0006,141.48,114200,AU
BHI,Broken Hill,NDB,-31.9919,141.468,332,AU
BHN,Barahona,NDB,18.2423,-71.1162,300,DO
BHN,Buckhorn,NDB,37.6975,-92.1038,391,US
BHO,Barahona,VOR-DME,18.2545,-71.1302,112000,DO
BHP,Bharatpur,NDB,27.6794,84.4297,295,NP
BHS,Baihesi,VOR-DME,30.5083,104.203,117900,CN
BHS,Bahia Solano,NDB,6.20937,-77.3807,240,CO
BHU,Benje,NDB,40.3755,-79.2717,382,US
BHW,Bhairahawa,NDB,27.5086,83.4267,345,NP
BHW,Hardwood,NDB,44.2486,-84.0839,236,US
BHX,Birmingham,NDB,52.4545,-1.75239,406,GB
BHZ,Belo Horizonte,VOR-DME,-19.8358,-44.0036,117700,BR
BHZ,Belo Horizonte,NDB,-19.8533,-43.9547,520,BR
BI,Bindo,VOR,29.68,71.0311,113300,PK
BI,Baku,NDB,40.515,50.0183,470,AZ
BI,Bintuni,NDB,-2.10778,133.521,348,ID
BI,Bellary,NDB,15.1589,76.8861,310,IN
BI,Bishkek,NDB,42.8667,74.5167,810,KG
BI,Bisert,NDB,56.85,59.0667,435,RU
BI,Dudinka,NDB,69.4167,86.2333,700,RU
BI,Boryspil,NDB,50.3973,30.9091,310,UA
BI,Jadan,NDB,46.6981,-100.648,230,US
BI,Saige,NDB,45.8522,-108.695,251,US
BI,Buffalo Range,NDB,-20.9976,31.5651,233,ZW
BIA,Bournemouth,NDB,50.7777,-1.84249,339,GB
BIB,Biboohra,VOR,-16.9167,145.412,112300,AU
BIB,Bible Grove,VORTAC,38.9203,-88.4818,109000,US
BIE,Beatrice,VOR,40.3014,-96.7546,110600,US
BIG,Big Delta,VORTAC,64.0044,-145.717,114900,US
BIG,Biga,VOR-DME,40.2853,27.3658,116900,TR
BIG,Biggin,VOR-DME,51.3309,0.03481,115100,GB
BIH,Bishop,VOR-DME,37.377,-118.367,109600,US
BIK,Bindook,VOR-DME,-34.1786,150.10699,116800,AU
BIK,Biak,VOR-DME,-1.18246,136.086,112500,ID
BIK,Bindook (Closed May 2016),NDB,-34.1786,150.1109,-1,AU
BIL,Billings,VORTAC,45.8086,-108.625,114500,US
BIO,El Turbio,NDB,-51.61,-72.2214,205,AR
BIS,Biskra,VOR-DME,34.775,5.75833,115000,DZ
BIS,Bissau/Oswaldo Vieira,VOR-DME,11.9368,-15.6446,114300,GW
BIS,Bismarck,VOR-DME,46.7618,-100.665,116500,US
BIU,Ballidu,VOR,-30.594,116.78,114300,AU
BIU,Ballidu,NDB,-30.5916,116.769,389,AU
BIX,Keesler,TACAN,30.4071,-88.9297,111800,US
BIZ,Bizerte,VOR-DME,37.2353,9.76556,114200,TN
BJ,Banjul,VOR-DME,13.3381,-16.6555,112900,GM
BJ,Bhuj,NDB,23.2783,69.6712,404,IN
BJ,Astrakhan,NDB,46.2767,48.0733,650,RU
BJ,Barajas,NDB,40.4469,-3.56255,308,ES
BJA,Bujumbura,VOR-DME,-3.34634,29.322,112300,BI
BJA,Bejaia,NDB,36.7067,5.02472,423,DZ
BJA,Beja,NDB,38.1593,-7.92171,376,PT
BJB,West Bend,VOR,43.422,-88.1252,109800,US
BJC,Jeffco,VOR-DME,39.913,-105.139,115400,US
BJD,Birjand,VOR-DME,32.9724,59.2001,113500,IR
BJD,Birjand,NDB,32.9033,59.2571,405,IR
BJI,Bemidji,VORTAC,47.5759,-95.0248,108600,US
BJO,Bermejo,NDB,-22.7688,-64.3121,400,BO
BJO,Bjornoya,NDB,74.5019,19.0862,316,NO
BJT,Bulldog,NDB,33.9515,-83.2196,221,US
BJU,Big Blue,NDB,40.3636,-96.8129,248,US
BJX,Leon,VOR-DME,20.9973,-101.483,115800,MX
BJZ,Badajoz,NDB,38.8166,-6.69819,298,ES
BK,Bankstown,NDB,-33.9283,150.989,416,AU
BK,Baker Lake,NDB,64.3147,-96.0647,224,CA
BK,Ningbo,NDB,29.895,121.332,227,CN
BK,Buntok,NDB,-1.66939,114.891,217,ID
BK,Bishkek,NDB,43.0717,74.5517,975,KG
BK,Luang Phabang,NDB,19.8661,102.109,390,LA
BK,Lunino,NDB,53.5667,45.2,523,RU
BK,Krasnoyarsk,NDB,56.15,92.585,334,RU
BK,Perm,NDB,57.8817,55.9583,705,RU
BK,Bangkok,NDB,13.9946,100.651,293,TH
BK,Bukoba,NDB,-1.33123,31.8257,300,TZ
BK,Plein,NDB,43.2225,-75.4826,329,US
BK,Catbi,NDB,20.8014,106.658,274,VN
BKA,Biorka Island,VORTAC,56.8594,-135.55099,113800,US
BKD,Brunkendorf,VOR-DME,53.0345,11.5462,117700,DE
BKD,Breckenridge,NDB,32.7473,-98.8912,245,US
BKE,Baker City,VOR-DME,44.8406,-117.808,115300,US
BKE,Bourke,NDB,-30.0433,145.94901,389,AU
BKE,Bouake,NDB,7.80742,-5.04311,258,CI
BKF,Buckley,TACAN,39.7074,-104.752,109600,US
BKK,Bangkok,VOR-DME,13.8936,100.596,117700,TH
BKK,Tri Co,NDB,30.8516,-85.6013,275,US
BKL,Ballykelly,TACAN,55.0608,-7.01333,109150,GB
BKL,Bengkulu,VOR-DME,-3.86051,102.333,114300,ID
BKL,Burke Lakefront,NDB,41.5287,-81.6634,416,US
BKO,Bamako/Senou,VOR-DME,12.5461,-7.93047,113700,ML
BKO,Boko,NDB,-27.6218,-48.6325,380,BR
BKO,Barnwell,NDB,33.3468,-81.4241,392,US
BKS,Bekes,VOR-DME,46.8,21.0739,115800,HU
BKS,Bekes,NDB,46.7951,21.0781,374,HU
BKS,Brooks Co,NDB,27.2069,-98.1218,353,US
BKT,Burketown,NDB,-17.7511,139.532,236,AU
BKT,Blackstone,NDB,37.1279,-78.0414,326,US
BKU,Timber,NDB,46.348,-104.256,344,US
BKV,Bukavu,NDB,-2.30663,28.8194,255,CD
BKW,Beckley,VORTAC,37.7803,-81.1235,117700,US
BKX,Brookings,VOR-DME,44.3032,-96.8151,108800,US
BKY,Bouake,VOR-DME,7.74728,-5.07494,115100,CI
BKY,Barkway,VOR-DME,51.9897,0.06194,116250,GB
BKZ,Beykoz,VOR-DME,41.1269,29.1428,117300,TR
BKZ,Brinkley,NDB,34.8814,-91.1777,242,US
BL,Barisal,NDB,22.7978,90.2978,368,BD
BL,Salinopolis,NDB,-0.61533,-47.3572,315,BR
BL,Malabo,NDB,3.77428,8.72567,310,GQ
BL,Bole,NDB,8.99885,38.8202,352,ET
BL,Budapest,NDB,47.489,19.1862,335,HU
BL,Blonduos,NDB,65.6864,-20.2925,351,IS
BL,Buli,NDB,0.9175,128.383,206,ID
BL,Balykchi,NDB,42.4333,76.1333,855,KG
BL,Balti,NDB,47.7979,27.814,790,MD
BL,Ile Art,NDB,-19.7221,163.66299,342,NC
BL,Bringeland,NDB,61.39,5.76045,374,NO
BL,Kazan,NDB,55.5767,49.3567,475,RU
BL,Chernyshevka,NDB,44.2,133.117,605,RU
BL,Bloemfontein,NDB,-29.172,26.2988,380,ZA
BL,Belleville,NDB,38.4647,-89.7564,362,US
BL,Yanks,NDB,43.06,-87.8767,260,US
BL,Benza,NDB,48.8991,-122.535,338,US
BLA,Cairo West,TACAN,30.1155,30.9117,116700,EG
BLA,Biella Cerrione,VOR-DME,45.4942,8.10058,116100,IT
BLA,Biella Cerrione,NDB,45.4622,8.12333,350,IT
BLC,Blace,VOR-DME,43.2487,21.3616,116100,RS
BLC,Blace,NDB,43.2467,21.3622,377,RS
BLC,Blackbushe,DME,51.3239,-0.84638,116200,GB
BLD,Balad,VORTAC,33.9359,44.3681,114600,IQ
BLD,Boulder City,VORTAC,35.9958,-114.864,116700,US
BLE,Lake Providence,NDB,32.8307,-91.1901,278,US
BLF,Bluefield,VORTAC,37.3064,-81.1943,110000,US
BLG,Blagoveschensk,VOR-DME,50.3933,127.427,113600,RU
BLH,Blythe,VORTAC,33.5961,-114.761,117400,US
BLH,Balkhash,VOR-DME,46.8811,74.9814,113700,KZ
BLI,Bali,VOR-DME,-8.75057,115.163,116200,ID
BLK,Banja Luka,NDB,45.0953,17.2581,340,BA
BLK,Blackbushe,NDB,51.3233,-0.84479,328,GB
BLM,Bale Mulhouse,VOR-DME,47.6328,7.4995,117450,FR
BLN,Bailen,VOR-DME,38.1525,-3.62501,116200,ES
BLN,Busselton,NDB,-33.6925,115.395,386,AU
BLO,Bailovo,VOR-DME,42.6672,23.8139,117500,BG
BLT,Gbadolite,VOR-DME,4.24699,20.9664,112100,CD
BLT,Baltim,VOR-DME,31.5289,31.1225,116900,EG
BLT,Ballarat,NDB,-37.5136,143.791,239,AU
BLT,Gbadolite,NDB,4.29699,21.0497,310,CD
BLU,Bluefields,VOR-DME,11.9945,-83.7726,116700,NI
BLV,Bloemfontein,VORTAC,-29.1005,26.3007,114100,ZA
BLV,Bilbao,VOR-DME,43.3044,-2.93588,115900,ES
BM,Banmaw,NDB,24.2674,97.2462,320,MM
BM,Balmoral,NDB,50.1372,-97.3097,375,CA
BM,Wafangdian,NDB,39.64,121.722,552,CN
BM,Batam,NDB,1.12126,104.111,370,ID
BM,Bamako/Senou,NDB,12.5215,-7.96867,301,ML
BM,Blagoveschensk,NDB,50.475,127.397,350,RU
BM,Pevek,NDB,69.735,170.627,272,RU
BM,Bethlehem,NDB,-28.2498,28.3336,343,ZA
BM,Magong,NDB,23.5203,119.609,290,TW
BM,Claye,NDB,39.0564,-86.5992,382,US
BM,Blenheim,NDB-DME,-41.5052,174.032,342,NZ
BMA,El Borma,NDB,31.7064,9.235,405,TN
BMC,Bordeaux,VOR-DME,44.8269,-0.72111,113750,FR
BMC,Brigham City,NDB,41.5158,-112.078,294,US
BMI,Bloomington,VOR-DME,40.4808,-88.9312,108200,US
BML,Berlin,VOR-DME,44.6334,-71.1861,110400,US
BML,Bromelton,NDB,-27.9661,152.901,374,AU
BMN,Bremen,VOR-DME,53.044,8.78214,117450,DE
BMQ,Burnet,NDB,30.7403,-98.2362,341,US
BMR,Baia Mare,NDB,47.6712,23.346,404,RO
BMT,Buon Ma Thuot,VOR-DME,12.6665,108.123,112100,VN
BMW,Barrow Co,NDB,33.9354,-83.5895,404,US
BN,Brisbane,VOR-DME,-27.3658,153.13901,113200,AU
BN,Butuan,VOR-DME,8.95535,125.486,112500,PH
BN,Baku,NDB,40.42,50.065,360,AZ
BN,Bujumbura,NDB,-3.2485,29.3063,255,BI
BN,Bangui M Poko,NDB,4.4905,18.4956,266,CF
BN,Bale Mulhouse,NDB,47.6617,7.47908,353,FR
BN,Banda Naera,NDB,-4.52194,129.90401,372,ID
BN,Varanasi,NDB,25.446,82.8661,222,IN
BN,Birkeland,NDB,58.3041,8.22722,345,NO
BN,Bannu,NDB,32.9764,70.5209,257,PK
BN,Bolshaya Nikolayevka,NDB,55.4667,63.0167,115,RU
BN,Dobbs,NDB,36.031,-86.7218,304,US
BNA,Nashville,VORTAC,36.137,-86.6848,114100,US
BNA,Barcelona,VORTAC,10.1331,-64.7056,115900,VE
BNA,Benina,VOR-DME,32.125,20.2533,117400,LY
BNA,Banak,VOR-DME,70.1763,24.9484,114400,NO
BNA,Beni Amrane,NDB,36.6511,3.59139,353,DZ
BNA,Ballina,NDB,-28.8344,153.562,206,AU
BNA,Bouna/Tehini,NDB,9.2775,-3.02528,370,CI
BNA,Benina,NDB,32.0894,20.2614,342,LY
BND,Bandar Abbass,TACAN,27.217,56.3811,113100,IR
BND,Bamenda,VOR-DME,6.05056,10.1161,114500,CM
BND,Bandung,VOR-DME,-6.88208,107.512,117000,ID
BND,Bandar Abbass,VOR-DME,27.1971,56.3668,117200,IR
BND,Bandar Abbass,NDB,27.2163,56.3601,250,IR
BNE,Boulogne-sur-Mer,VOR,50.6248,1.90711,113800,FR
BNE,Hewanorra,VOR-DME,13.7334,-60.9771,112400,LC
BNE,Hewanorra,NDB,13.7328,-60.9757,305,LC
BNH,Brenham,NDB,30.2224,-96.3735,362,US
BNK,Banak,TACAN,70.0654,24.9699,111000,NO
BNN,Xishuangbanna,VOR-DME,21.9846,100.752,116300,CN
BNN,Bronnoy,VOR-DME,65.4571,12.2143,115300,NO
BNN,Bovingdon,VOR-DME,51.7261,-0.54972,113750,GB
BNO,Brno,VOR-DME,49.1501,16.6926,113900,CZ
BNO,Brno,NDB,49.1448,16.7686,368,CZ
BNR,Bhuntar,NDB,31.8817,77.1515,334,IN
BNR,Banak,NDB,70.0743,24.9795,345,NO
BNR,Benton Ridge,NDB,41.0167,-83.6666,334,US
BNS,Ben Slimane,VOR-DME,33.6418,-7.208,117450,MA
BNS,Barinas,VOR-DME,8.61444,-70.2187,117500,VE
BNS,Bairnsdale,NDB,-37.8811,147.569,212,AU
BNS,Barinas,NDB,8.62389,-70.2159,220,VE
BNW,Boone,NDB,42.0543,-93.8531,407,US
BO,Bafoussam,NDB,5.50907,10.3672,266,CM
BO,Birao,NDB,10.2799,22.7831,298,CF
BO,Bokanjac,NDB,44.1692,15.264,385,HR
BO,Bonriki,NDB,1.37717,173.14301,390,KI
BO,Nizhny Novgorod,NDB,56.205,43.7783,327,RU
BO,Bohdanivka,NDB,50.6281,30.8899,1290,UA
BO,Booie,NDB,36.3986,-82.4962,221,US
BO,Ustik,NDB,43.5969,-116.315,359,US
BO,Miltt,NDB,42.2738,-71.0492,375,US
BOA,Bologna,VOR-DME,44.537,11.2907,117100,IT
BOA,Bologna,NDB,44.5673,11.2002,413,IT
BOB,Bruck,NDB,61.1678,-150.177,387,US
BOD,Bordj Omar Driss,VOR-DME,28.1331,6.83917,114300,DZ
BOD,Beirut,NDB,33.9023,35.4813,351,LB
BOD,Bowman,NDB,46.1851,-103.429,374,US
BOG,Bogota,VOR-DME,4.8454,-74.3246,113900,CO
BOG,Bogota,NDB,4.84611,-74.3228,340,CO
BOI,Boise,VORTAC,43.5528,-116.192,113300,US
BOK,Bouake,NDB,7.71844,-5.08289,283,CI
BOL,Bolsena,VORTAC,42.6183,12.0486,114400,IT
BOL,Bolinda,NDB,-37.4622,144.798,362,AU
BOM,Boma,NDB,-5.85215,13.0662,392,CD
BOO,Bodo,TACAN,67.2663,14.3618,110800,NO
BOR,Bordertown,VOR,-36.3928,140.742,112700,AU
BOR,San Borja,VOR,-14.8521,-66.7365,117700,BO
BOR,Borlange,VOR-DME,60.4215,15.5192,117600,SE
BOR,Bordertown,NDB,-36.3903,140.75101,251,AU
BOS,Boston,VORTAC,42.3574,-70.9895,112700,US
BOT,Bottrop,NDB,51.5858,7.02301,407,DE
BOU,Boulia,NDB,-22.9147,139.907,398,AU
BOU,Bourn,NDB,52.2111,-0.04494,392,GB
BOY,Boysen Reservoir,VOR-DME,43.4632,-108.3,117800,US
BOZ,Bozhourishte,NDB,42.77,23.1911,312,BG
BOZ,Whiteside,NDB,41.7111,-89.7856,254,US
BP,Bangui M Poko,NDB,4.37869,18.5247,279,CF
BP,Batu Pahat,NDB,1.85,102.934,276,MY
BP,Chelobityevo,NDB,55.9,37.6833,680,RU
BP,Kazoo,NDB,29.9963,-94.1064,257,US
BPI,Big Piney,VOR-DME,42.5794,-110.109,116500,US
BPK,Brookmans Park,VOR-DME,51.7497,-0.10667,117500,GB
BPL,Bhopal,VOR-DME,23.2822,77.3371,117100,IN
BPL,Bari,NDB,41.1103,16.6604,401,IT
BPN,Balikpapan,VOR-DME,-1.24569,116.94,117200,ID
BPN,Barapani,VOR-DME,25.7065,91.9787,116000,IN
BPN,Bopan,VOR-DME,27.0539,45.4453,113700,SA
BPO,Piney Grove,NDB,36.5395,-84.476,403,US
BPT,Beaumont,VOR-DME,29.9461,-94.0162,114500,US
BPW,Osceola,NDB,35.6927,-90.0129,239,US
BQ,Bokhan,NDB,53.15,103.783,779,RU
BQ,Jeffi,NDB,31.2283,-81.5427,275,US
BQ,Nasan,NDB,21.215,104.038,349,VN
BQM,Bowman,VOR-DME,38.2302,-85.6647,112200,US
BQN,Borinquen,VORTAC,18.498,-67.1084,113500,PR
BQP,Bastrop,NDB,32.7551,-91.8835,329,US
BQS,Braymer,VOR-DME,39.6306,-93.8753,111200,US
BQU,Bullion,VOR-DME,40.7597,-115.761,114500,US
BQZ,Robert,VOR-DME,40.4637,-106.872,112200,US
BR,Brunei,NDB,4.89908,114.901,318,BN
BR,Brandon,NDB,49.9078,-100.073,233,CA
BR,Gambella,NDB,8.10818,34.5631,450,ET
BR,Budapest,NDB,47.3768,19.3682,395,HU
BR,Breidavad,NDB,65.3328,-14.3725,382,IS
BR,Batu Raja,NDB,-4.39778,104.403,357,ID
BR,Bidar,NDB,17.9177,77.4988,240,IN
BR,Barapani,NDB,25.7061,91.9757,320,IN
BR,Beira,NDB,-19.7816,34.8501,327,MZ
BR,Buri Ram,NDB,15.2387,103.253,303,TH
BR,Redan,NDB,33.6454,-84.3112,266,US
BR,Depoo,NDB,25.9836,-97.509,393,US
BR,Burns,NDB,40.6542,-91.123,390,US
BR,Larew,NDB,46.4566,-94.0228,251,US
BR,Bukhara,NDB,39.8233,64.495,795,UZ
BRA,Barajas,VOR-DME,40.4691,-3.55754,116450,ES
BRA,Broad River,NDB,35.2728,-82.471,379,US
BRB,Barcial Del Barco,NDB,41.9321,-5.66689,292,ES
BRC,Casablanca,VOR-DME,33.2786,-7.55733,114000,MA
BRD,Brindisi,VORTAC,40.6109,18.0029,113200,IT
BRD,Brainerd,VORTAC,46.3483,-94.026,116900,US
BRD,Bojnord,VOR-DME,37.4955,57.3235,114800,IR
BRD,Bojnord,NDB,37.4891,57.3057,346,IR
BRD,Brindisi,NDB,40.6055,18.0088,364,IT
BRG,Braganca,NDB,41.7967,-6.72528,358,PT
BRI,Balikesir,TACAN,39.6006,27.9295,110600,TR
BRI,Bristol,NDB,51.3814,-2.71754,414,GB
BRK,Black Forest,VORTAC,38.9445,-104.633,112500,US
BRK,Bruck,NDB,48.0629,16.7167,408,AT
BRL,Burlington,VORTAC,40.7234,-90.9259,111400,US
BRL,Borroloola,NDB,-16.0772,136.30499,218,AU
BRL,Barcelos,NDB,-0.9755,-62.9208,225,BR
BRM,Buri Ram,VOR-DME,15.2396,103.259,117200,TH
BRM,Barquisimeto,VOR-DME,10.0475,-69.3518,112200,VE
BRM,Broome,NDB-DME,-17.9464,122.235,320,AU
BRN,Sidi Barrani,VOR-DME,31.5756,26.0056,116200,EG
BRN,Berane,NDB,42.8712,19.9034,322,RS
BRO,Brownsville,VORTAC,25.9241,-97.3753,116300,US
BRP,Boryspil,VOR-DME,50.2856,30.8993,115900,UA
BRR,Barreiras,VOR,-12.08,-45.0072,114300,BR
BRR,Barreiras,NDB,-12.079,-44.9983,375,BR
BRR,Barra,NDB,57.0256,-7.44892,316,GB
BRS,Brasilia,VOR-DME,-15.8737,-48.0214,115900,BR
BRS,Brasilia,NDB,-15.8697,-48.0217,340,BR
BRS,Bremsnes,NDB,63.0848,7.64786,371,NO
BRT,Biratnagar,VOR-DME,26.4808,87.2631,114100,NP
BRT,Bratsk,VOR-DME,56.3717,101.687,113600,RU
BRT,Barretos,NDB,-20.5822,-48.5967,360,BR
BRU,Brunei,VOR-DME,4.87459,114.885,112000,BN
BRU,Bauru,NDB,-22.314,-49.1072,380,BR
BRU,Braunschweig,NDB,52.3222,10.6062,427,DE
BRV,Brooke,VORTAC,38.3363,-77.3529,114500,US
BRV,Brasov,VOR-DME,45.5676,25.5647,117600,RO
BRW,Barrow,VOR-DME,71.2734,-156.78799,116200,US
BRW,Brewarrina,NDB,-29.9747,146.812,281,AU
BRY,Bray-sur-Seine,VOR-DME,48.407,3.29478,114100,FR
BRY,Yenisehir,VOR-DME,40.2625,29.594,115300,TR
BRY,Yenisehir,NDB,40.2625,29.594,352,TR
BRZ,Breza,NDB,45.4236,14.3454,400,HR
BS,Liyuantun,NDB,34.4167,114.218,285,CN
BS,Bhubaneshwar,NDB,20.2595,85.8141,302,IN
BS,Bulgan Sum,NDB,46.1039,91.5808,345,MN
BS,Bissau/Oswaldo Vieira,NDB,11.9601,-15.6432,325,GW
BS,Basco,NDB,20.4515,121.975,276,PH
BS,Bratsk,NDB,56.35,101.778,374,RU
BS,Bondsteel,NDB,42.3568,21.2496,428,RS
BS,Kinmen,NDB-DME,24.4265,118.349,345,TW
BSA,Beer-Sheba,VOR,31.2862,34.7213,114300,IL
BSA,Bou Saada,VOR-DME,35.5153,4.40167,115900,DZ
BSA,Montichiari,VOR-DME,45.438,10.316,117700,IT
BSA,Bou Saada,NDB,35.3504,4.22502,335,DZ
BSE,Bose,VOR-DME,23.895,106.648,115900,CN
BSE,Baneasa Southeast,NDB,44.5296,26.2305,256,RO
BSF,Bradshaw,NDB,19.7634,-155.59399,339,US
BSH,Bisha,VORTAC,19.9777,42.6246,112300,SA
BSN,Boursonne,VOR-DME,49.1883,3.05647,114850,FR
BSO,Benson,TACAN,51.6145,-1.09944,110000,GB
BSR,Big Sur,VORTAC,36.1813,-121.642,114000,US
BSR,Basrah,VOR-DME,30.5257,47.6867,112300,IQ
BST,Lanveoc,TACAN,48.2846,-4.45211,114700,FR
BST,Lanveoc,NDB,48.2836,-4.43222,428,FR
BST,Belfast,NDB,44.411,-69.0107,278,US
BSU,Basankusu,NDB,1.21224,19.7963,318,CD
BSV,Briggs,VOR-DME,40.7407,-81.4321,112400,US
BSW,Baneasa Southwest,NDB,44.4721,25.952,521,RO
BT,Berberati,VOR,4.22936,15.7838,113900,CF
BT,Le Bourget,VOR-DME,48.9747,2.45517,116100,FR
BT,Bertoua,NDB,4.55123,13.7166,274,CM
BT,Bata,NDB,1.90572,9.80206,325,GQ
BT,Ali,NDB,42.1,43.6489,353,GE
BT,Alatyr,NDB,54.8167,46.5833,696,RU
BT,Batol,NDB,42.3619,-85.1842,272,US
BT,Rundi,NDB,30.5829,-91.211,284,US
BT,Herro,NDB,44.5322,-73.2495,382,US
BTA,Bastia,VOR-DME,42.5736,9.47483,114150,FR
BTA,Bratta,NDB,60.0491,5.30054,336,NO
BTE,Chimbote,VOR,-9.1475,-78.5219,112500,PE
BTE,Batoh,VOR-DME,36.7684,140.033,109400,JP
BTF,New Tempe,NDB,-29.0361,26.1556,519,ZA
BTG,Battle Ground,VORTAC,45.7478,-122.592,116600,US
BTH,Bathurst,NDB,-33.4142,149.657,383,AU
BTH,Barth,NDB,54.3384,12.6861,373,DE
BTI,Barter Island,NDB,70.1307,-143.644,308,US
BTL,Battle Creek,VORTAC,42.3098,-85.2523,109400,US
BTM,Batam,VOR-DME,1.13688,104.133,116000,ID
BTN,Batna,VOR-DME,35.7715,6.34379,115700,DZ
BTN,Batna,NDB,35.7517,6.30222,421,DZ
BTN,Britton,NDB,45.8192,-97.7456,386,US
BTO,Potou,VOR-DME,38.1083,116.578,115900,CN
BTO,Bonito,VOR-DME,15.7368,-86.864,113500,HN
BTO,Budiarto,VOR-DME,-6.29248,106.583,115800,ID
BTR,Baton Rouge,VORTAC,30.4851,-91.2941,116500,US
BTR,Butterworth,TACAN,5.47186,100.393,113500,MY
BTS,Wood River,NDB,58.9997,-158.548,429,US
BTT,Bettles,VOR-DME,66.905,-151.536,116000,US
BTU,Bintulu,NDB,3.10241,113.025,368,MY
BTV,Burlington,VORTAC,44.3971,-73.1826,117500,US
BTY,Beatty,VORTAC,36.8006,-116.748,114700,US
BTZ,Biarritz,VOR-DME,43.4666,-1.51028,114150,FR
BU,Baku,NDB,40.5217,50.0633,515,AZ
BU,Burgas,NDB,42.5189,27.4461,321,BG
BU,Bunyu,NDB,3.45619,117.867,220,ID
BU,Pulua Batu,NDB,-0.01949,98.2968,207,ID
BU,Bulgan,NDB,48.8542,103.486,300,MN
BU,Skopje,NDB,41.7317,21.695,442,MK
BU,Burnham,NDB,-43.6089,172.39301,374,NZ
BU,Barnaul,NDB,53.345,83.465,428,RU
BU,Boutn,NDB,39.8193,-83.2049,230,US
BU,Klump,NDB,43.0002,-78.6508,231,US
BU,Buon Ma Thuot,NDB,12.6703,108.042,386,VN
BUA,Buffalo,VOR-DME,45.5522,-103.456,109400,US
BUB,Brussels,VOR-DME,50.9022,4.53806,114600,BE
BUB,Burwell,NDB,41.7747,-99.1455,377,US
BUD,Buckeye,VOR,40.6166,-83.0638,109800,US
BUD,Budapest,VOR-DME,47.4504,19.2494,117300,HU
BUD,Bundaberg,NDB,-24.8967,152.321,266,AU
BUE,Buchel,TACAN,50.1787,7.0695,117100,DE
BUF,Buffalo,VOR-DME,42.929,-78.6463,116400,US
BUG,Bugac,VOR-DME,46.6777,19.6817,113400,HU
BUG,Bugac,NDB,46.6775,19.6823,430,HU
BUH,Anne Arundel,NDB,39.0841,-76.76,260,US
BUI,Budisavci,VOR-DME,42.633,20.4958,115200,RS
BUK,Cubuk,VOR-DME,40.2417,33.1047,114300,TR
BUK,Cubuk,NDB,40.2417,33.1047,425,TR
BUK,Buka,NDB-DME,-5.44302,154.66701,269,PG
BUM,Butler,VORTAC,38.2721,-94.4882,115900,US
BUN,Bunia,VOR,1.56388,30.2166,114000,CD
BUN,Bruno,VOR-DME,51.1186,4.84194,110600,BE
BUN,Buenaventura,VOR-DME,3.82553,-76.9954,112900,CO
BUN,Bunia,NDB,1.53055,30.2499,380,CD
BUP,Burnham,NDB,44.6973,-69.3578,348,US
BUR,Burnham,NDB,51.5189,-0.67722,421,GB
BUT,U Taphao,TACAN,12.6748,101.007,115800,TH
BUT,U Taphao,VOR-DME,12.6684,100.997,110800,TH
BUT,Buta,NDB,2.80711,24.7731,397,CD
BUU,Burbun,VOR-DME,42.6893,-88.3018,114500,US
BUV,Buvis,VOR-DME,5.53222,-73.8586,116200,CO
BUZ,Bushehr,TACAN,28.9554,50.8208,112200,IR
BUZ,Bushehr,VOR-DME,28.9514,50.8261,117450,IR
BUZ,Bushehr,NDB,28.9622,50.8228,341,IR
BV,Champlain,NDB,46.8712,-71.2814,336,CA
BV,Bhavnagar,NDB,21.7586,72.1767,243,IN
BV,Berlevag,NDB,70.8735,29.0561,399,NO
BV,Elista,NDB,46.3683,44.395,311,RU
BV,Brough,NDB,53.7254,-0.58148,372,GB
BV,Dewie,NDB,36.8395,-96.014,201,US
BV,Almnd,NDB,35.7032,-91.7978,335,US
BV,La Palma,DME,28.6016,-17.7566,112400,ES
BVG,Boll Weevil,NDB,31.3368,-85.9833,352,US
BVI,Boa Vista,VOR-DME,2.85217,-60.6868,113100,BR
BVI,Boa Vista,NDB,2.83983,-60.692,405,BR
BVK,Baatvik,NDB,62.2409,5.81008,362,NO
BVK,Buckland,NDB-DME,65.9798,-161.149,325,US
BVL,Bonneville,VORTAC,40.7261,-113.757,112300,US
BVN,Alaby,NDB,41.7296,-98.0527,332,US
BVO,Bartlesville,VOR-DME,36.8342,-96.0183,117900,US
BVP,Nixin,NDB,29.9933,-95.215,326,US
BVQ,Beaver Creek,NDB,37.0175,-86.0092,260,US
BVR,Bhavnagar,VOR-DME,21.7501,72.1889,114100,IN
BVR,Byers,VOR-DME,39.7658,-103.928,113500,US
BVS,Beauvais,VOR,49.4364,2.15319,115900,FR
BVS,Skagit/Bay View,NDB,48.4686,-122.419,240,US
BVT,Boiler,VORTAC,40.5561,-87.0693,115100,US
BVT,Rabil,NDB,16.1511,-22.8881,341,CV
BVV,Brookhaven,NDB,31.608,-90.4103,407,US
BW,Kamina Base,NDB,-8.63192,25.2148,258,CD
BW,Bajawa,NDB,-8.81459,121.004,281,ID
BW,Bahawalpur,NDB,29.3499,71.7191,332,PK
BW,Sheremetyevo,NDB,55.985,37.51,380,RU
BW,Balakovo,NDB,51.8967,47.7967,375,RU
BW,Noora,NDB,36.88,-86.4816,236,US
BWA,Bhairahawa,VOR-DME,27.5033,83.4328,114700,NP
BWD,Brownwood,VOR-DME,31.8926,-98.9575,108600,US
BWG,Bowling Green,VORTAC,36.9287,-86.4434,117900,US
BWK,Bunkie,NDB,30.8654,-92.2341,397,US
BWN,Bowen,NDB,-20.0211,148.215,292,AU
BWP,Breckenridge-Wahpeton,NDB,46.2449,-96.6036,233,US
BWR,Brewster Co,NDB,30.4582,-103.647,412,US
BWS,Boles,VOR-DME,32.8213,-106.013,109600,US
BWX,Barrow Island,NDB,-20.8563,115.406,206,AU
BWZ,Broadway,VOR-DME,40.7984,-74.8218,114200,US
BX,Blanc Sablon,NDB,51.4214,-57.2031,220,CA
BX,Batsfjord,NDB,70.6072,29.7129,348,NO
BX,Belgorod,NDB,50.6217,36.6583,718,RU
BX,La Palma,NDB,28.6017,-17.7568,389,ES
BX,Carma,NDB,30.8816,-89.8621,353,US
BXG,Burke County,NDB,33.0425,-82.0048,356,US
BXK,Buckeye,VORTAC,33.4535,-112.825,110600,US
BXR,Big Doctor,NDB,45.8213,-92.3664,203,US
BXZ,West Branch,VOR-DME,44.2427,-84.1835,113200,US
BY,Brest,NDB,52.09,23.9667,985,BY
BY,Beechy,NDB,50.8419,-107.46,212,CA
BY,Bareilly,NDB,28.4168,79.4484,218,IN
BYC,Buckeburg,NDB,52.2912,9.091,368,DE
BYI,Burley,VOR-DME,42.5802,-113.866,114100,US
BYN,Bryan,NDB,41.4798,-84.4661,260,US
BYP,Bonham,VORTAC,33.5375,-96.2341,114600,US
BYY,Bay City,NDB,28.9725,-95.8591,344,US
BZ,Brazzaville Maya Maya,VOR-DME,-4.24561,15.2638,113100,CG
BZ,Yunhe,NDB,28.0833,119.567,244,CN
BZ,Biarritz,NDB,43.4705,-1.40369,341,FR
BZ,Vijayawada,NDB,16.5239,80.7881,393,IN
BZ,Bolshaya Murta,NDB,56.9,93.1667,497,RU
BZ,Brize Norton,NDB,51.7492,-1.60162,386,GB
BZ,Fossi,NDB,35.4507,-99.2015,393,US
BZ,Manni,NDB,45.8718,-111.286,266,US
BZ,Bullo,NDB,32.4177,-81.6619,407,US
BZ,Harare,NDB,-18.0673,31.3393,284,ZW
BZA,Bard,VORTAC,32.7681,-114.603,116800,US
BZE,Belize,VOR-DME,17.5401,-88.3155,114300,BZ
BZE,Belize,NDB,17.5373,-88.3099,392,BZ
BZJ,Bellgrove,NDB,40.4359,-76.553,328,US
BZK,Brookfield,NDB,39.7642,-93.1091,383,US
BZM,Barretts Mt,VOR-DME,35.8689,-81.2405,110800,US
BZN,Brize Norton,TACAN,51.7482,-1.60353,111900,GB
BZN,Bozeman,VOR-DME,45.7839,-111.155,112400,US
BZO,Bolzano,NDB,46.4636,11.3219,362,IT
C,Comandante Espora,NDB,-38.7067,-62.16,280,AR
C,Comodoro Rivadavia,NDB,-45.7814,-67.4327,280,AR
C,Ministro Pistarini,NDB,-34.8171,-58.5647,305,AR
C,Corrientes,NDB,-27.4282,-58.7589,305,AR
C,Hongqiao,NDB,31.2233,121.333,313,CN
C,Camaguey,NDB,21.4135,-77.8659,402,CU
C,Parduc,NDB,47.3455,17.5117,352,HU
C,Debrecen,NDB,47.4753,21.5931,326,HU
C,Antonov,NDB,50.6256,30.1729,257,UA
C,Cherkasy,NDB,49.3981,32.0099,705,UA
C7,Geraldton,NDB,49.7723,-86.9714,362,CA
CA,Cabinda,NDB,-5.58484,12.1894,280,AO
CA,Cartwright,NDB,53.7106,-57.0179,281,CA
CA,Cirebon,NDB,-6.69798,108.56,365,ID
CA,Cochin Intl,NDB,10.0408,76.279,268,IN
CA,Kolkata,NDB,22.5838,88.4399,293,IN
CA,Kamigoto,NDB,33.012,129.19,367,JP
CA,Cascais,NDB,38.7256,-9.35833,359,PT
CA,Harvs,NDB,38.1449,-97.2761,395,US
CA,Murry,NDB,33.9672,-81.2447,362,US
CA,Carrasco,NDB,-34.7847,-55.9434,280,UY
CAA,Cazaux,TACAN,44.5312,-1.13603,110800,FR
CAA,Calga (Closed May 2016),NDB,-33.4028,151.211,-1,AU
CAA,Cazaux,NDB,44.5513,-1.11997,382,FR
CAB,Cabanatuan,VOR-DME,15.4823,121.024,112700,PH
CAB,Catbi,VOR-DME,20.8182,106.728,115100,VN
CAC,Caceres,NDB,39.5289,-6.42885,380,ES
CAD,Cacador,NDB,-26.7914,-50.9384,400,BR
CAD,Cadillac,NDB,44.275,-85.4142,269,US
CAE,Columbia,VORTAC,33.8573,-81.0539,114700,US
CAE,Ben Slimane,NDB,33.6158,-7.11333,275,MA
CAE,Caernarfon,NDB,53.1001,-4.33952,320,GB
CAG,Caiguna,VOR-DME,-32.2633,125.496,112500,AU
CAG,Cagliari,VOR-DME,39.249,9.05408,113400,IT
CAG,Cagliari,NDB,39.2146,9.09747,371,IT
CAI,Cairo,VOR-DME,30.152,31.4239,112500,EG
CAI,Canouan,NDB,12.6962,-61.3393,302,VC
CAK,Chekka,VOR-DME,34.299,35.6997,116200,LB
CAL,Calamarca,VOR-DME,-16.8792,-68.0803,114100,BO
CAL,Calabar,VOR-DME,4.92187,8.32004,114100,NG
CAM,Cameri,TACAN,45.5702,8.65753,115000,IT
CAM,Cambridge,VOR-DME,42.9943,-73.344,115000,US
CAM,Camiri,NDB,-20.0064,-63.5259,290,BO
CAM,Cameri,NDB,45.4286,8.70078,323,IT
CAM,Cambridge,NDB,52.2108,0.18279,333,GB
CAN,Caen,VOR,49.17319,-0.45528,114450,FR
CAN,Carney,NDB,47.4106,-122.839,274,US
CAO,Clayton,NDB,36.444,-103.149,332,US
CAR,Carnarvon,VOR-DME,-24.8819,113.673,113000,AU
CAR,Concepcion,VOR-DME,-36.7555,-73.0531,114300,CL
CAR,Carbonara,VOR-DME,39.1114,9.50806,115100,IT
CAR,Carnarvon,NDB,-24.8867,113.669,323,AU
CAR,Carnane,NDB,54.1411,-4.49167,367,IM
CAR,Carbonara,NDB,39.1117,9.50917,402,IT
CAR,Carrasco,NDB,-34.7684,-56.0261,380,UY
CAS,Caselle,TACAN,45.1938,7.65281,109500,IT
CAS,Cascais,VOR-DME,38.7483,-9.36194,114300,PT
CAS,Caselle,NDB,45.1235,7.64533,357,IT
CAT,Catamarca,VOR-DME,-28.5836,-65.7467,114300,AR
CAT,El Salvador,VOR-DME,13.4414,-89.0478,117500,SV
CAT,Catania,VOR-DME,37.4562,14.9693,112100,IT
CAT,Catamarca,NDB,-28.5958,-65.7561,235,AR
CAT,St Catherine,NDB,28.6844,34.0599,262,EG
CAT,Catania,NDB,37.4569,14.9657,345,IT
CAT,Chatham,NDB,40.7409,-74.4298,254,US
CAV,Vatry,VOR-DME,48.7811,4.14694,111650,FR
CAV,Cascavel,NDB,-25.003,-53.5032,220,BR
CAV,Clarion,NDB,42.7458,-93.7588,387,US
CAX,Caxias,VOR-DME,-22.7763,-43.3332,113000,BR
CAX,Caxias,NDB,-22.7633,-43.3375,400,BR
CAY,Cayes,NDB,18.2673,-73.783,350,HT
CAY,Caycuma,NDB-DME,41.51483,32.04167,292,TR
CB,Canberra,VOR-DME,-35.2814,149.196,116700,AU
CB,Canberra,NDB,-35.2956,149.207,263,AU
CB,Coxs Bazar,NDB,21.4529,91.9658,396,BD
CB,Cambridge Bay,NDB,69.1136,-105.015,245,CA
CB,Pondok Cabe,NDB,-6.34982,106.768,225,ID
CB,Coimbatore,NDB,11.0238,77.0472,354,IN
CB,Coimbra,NDB,40.1606,-8.47194,426,PT
CB,Cape Town,NDB,-33.8761,18.5733,463,ZA
CBA,Cordoba,VOR-DME,-31.3133,-64.2036,114500,AR
CBA,Cochabamba,VOR-DME,-17.4213,-66.179,112100,BO
CBA,Casablanca,VOR-DME,33.5215,-7.67719,116900,MA
CBA,Cordoba,NDB,-31.3097,-64.2189,350,AR
CBA,Cobar,NDB,-31.54,145.799,395,AU
CBB,Coonabarabran,NDB,-31.33,149.271,200,AU
CBB,Cochabamba,NDB,-17.4136,-66.1771,320,BO
CBC,Cabo Codera,VOR-DME,10.577,-66.0484,113500,VE
CBC,Cayman Brac,NDB,19.69,-79.8568,415,KY
CBE,Chubu,VOR-DME,34.858,136.80299,117800,JP
CBE,Cumberland,NDB,39.6482,-78.7473,317,US
CBF,Cabo Frio,NDB,-22.926,-42.0785,515,BR
CBG,Cambridge,NDB,45.5575,-93.2622,350,US
CBH,Chah Bahar,VORTAC,25.4454,60.4213,116900,IR
CBL,Ciudad Bolivar,VOR-DME,8.12419,-63.5314,115100,VE
CBL,Campbeltown,NDB,55.4356,-5.68807,380,GB
CBL,Ciudad Bolivar,NDB,8.11725,-63.5339,278,VE
CBM,Caledonia,VORTAC,33.6415,-88.4385,115200,US
CBN,Cap Bon,VOR,36.8956,11.0883,112700,TN
CBN,Cumbernauld,NDB-DME,55.9756,-3.97472,374,GB
CBP,Coober Pedy,NDB,-29.0319,134.724,341,AU
CBU,Columbia,TACAN,45.5886,-122.611,109200,US
CBY,Chambery,VOR-DME,45.8819,5.75731,115400,FR
CC,Cocos (Keeling) Island,VOR-DME,-12.2006,96.8409,114100,CC
CC,Charleroi Lctr,NDB,50.4689,4.48472,389,BE
CC,Cocos (Keeling) Island,NDB,-12.1449,96.8198,305,CC
CC,Cochin,NDB,9.96385,76.282,325,IN
CC,Cape Campbell,NDB,-41.734,174.272,286,NZ
CC,Cherkasy,NDB,49.3731,32.0333,345,UA
CC,Kanan,NDB,38.0464,-122.033,335,US
CCB,Coimbatore,VOR-DME,11.0338,77.0481,112900,IN
CCC,Calverton,VOR-DME,40.9296,-72.7989,117200,US
CCH,Calamocha,NDB,40.9024,-1.29831,375,ES
CCI,Cucui,NDB,1.183,-66.8338,345,BR
CCJ,Clark Co,NDB,39.8736,-83.7791,341,US
CCK,Ching Chuan Kang,TACAN,24.2626,120.618,111300,TW
CCK,Church Creek,NDB,-35.4642,149.19501,248,AU
CCN,Cochin,VOR-DME,9.94468,76.2729,114600,IN
CCR,Concord,VOR-DME,38.0449,-122.045,117000,US
CCS,Caceres,VOR-DME,39.5245,-6.43474,114200,ES
CCT,Central City,VORTAC,37.3824,-87.2637,109800,US
CCV,Cape Charles,VORTAC,37.3475,-75.9977,112200,US
CCY,Cloncurry,NDB,-20.6656,140.50101,264,AU
CD,Qingbaikou,NDB,40.0083,115.8,422,CN
CD,Elfee,NDB,55.2961,-162.789,341,US
CD,Dawes,NDB,42.7545,-103.175,362,US
CDA,Codan,VOR-DME,55.0015,12.3792,114900,DK
CDB,Cold Bay,VORTAC,55.2674,-162.774,112600,US
CDB,Cordoba,VOR-DME,37.8459,-4.84498,112400,ES
CDC,Caraffa,VORTAC,38.7559,16.3691,117300,IT
CDC,Cedar City,VOR-DME,37.7873,-113.068,117300,US
CDD,Drewitz,DME,51.887,14.532,112050,DE
CDE,Ciudad Del Este,NDB,-25.4792,-54.8658,200,PY
CDH,Camden,NDB,33.6135,-92.7675,335,US
CDN,Châteaudun,NDB,48.0624,1.36364,360,FR
CDN,Camden,NDB,34.2835,-80.5615,263,US
CDO,Punta Caucedo,VOR-DME,18.4329,-69.6673,114700,DO
CDO,Caicara Del Orinoco,VOR-DME,7.62833,-66.1578,112300,VE
CDO,Condobolin,NDB,-33.0703,147.216,401,AU
CDO,Caicara Del Orinoco,NDB,7.63083,-66.1695,341,VE
CDP,Capdepera,VOR-DME,39.6977,3.43437,112900,ES
CDR,Concepcion,VOR-DME,24.1597,-101.488,117100,MX
CDR,Chadron,VOR-DME,42.5588,-103.312,113400,US
CDS,Childress,VORTAC,34.3691,-100.289,117600,US
CDT,Condoto,NDB,5.07389,-76.6761,391,CO
CDU,Ceduna,NDB,-32.1267,133.72701,293,AU
CDX,Cumberland River,NDB,36.9962,-84.6813,388,US
CE,Concepcion,NDB,-36.8575,-73.1139,254,CL
CE,Cepin,NDB,45.5284,18.56,372,HR
CE,Caledonian,NDB,3.29508,101.452,205,MY
CE,Maksimkin Yar,NDB,58.6333,86.7333,510,RU
CE,Kobra,NDB,30.8529,-86.5366,201,US
CEA,Kolkata,VOR-DME,22.6452,88.4529,112500,IN
CEC,Crescent City,VORTAC,41.7796,-124.241,109000,US
CEF,Westover,VORTAC,42.1975,-72.5263,114000,US
CEK,Cekmece,NDB,41.0058,28.5281,328,TR
CEK,Crete,NDB,40.6241,-96.9276,420,US
CEL,Celle,NDB,52.5897,10.0295,311,DE
CEN,Cencun,VOR-DME,23.15,113.417,114600,CN
CEN,Obregon,VOR-DME,27.3948,-109.837,115100,MX
CEP,Capitan,NDB,33.4899,-105.404,278,US
CEU,Clemson,NDB,34.6738,-82.8868,257,US
CEU,Ceuta,NDB-DME,35.8926,-5.30544,300,ES
CEV,Cervia,TACAN,44.2065,12.3572,113600,IT
CEV,Cervia,NDB,44.2677,12.1801,387,IT
CEV,Connersville,NDB,39.6976,-85.1344,275,US
CEW,Crestview,VORTAC,30.8262,-86.6791,115900,US
CEZ,Cortez,VOR-DME,37.3898,-108.562,108400,US
CF,Makoua,VOR,-0.0215,15.5792,112500,CG
CF,Cafunfo,NDB,-8.76667,18.0,275,AO
CF,Caslav,NDB,49.904,15.4329,346,CZ
CFA,Clermont,VOR-DME,45.7875,3.19219,114350,FR
CFB,Binghamton,VORTAC,42.1575,-76.1365,112200,US
CFD,Cranfield,VOR,52.0742,-0.61079,116500,GB
CFJ,Crawfordsville,NDB,39.981,-86.9157,388,US
CFL,Calama,NDB,-22.4936,-68.9031,215,CL
CFM,Capitan Fuentes Martinez,NDB,-53.2467,-70.3522,340,CL
CFN,Donegal,NDB,55.044,-8.33928,361,IE
CFV,Coffeyville,NDB,37.0933,-95.5713,212,US
CFX,Cadiz,NDB,40.2367,-81.0132,239,US
CFY,Evans,NDB,33.856,-79.7659,420,US
CG,Coolangatta,VOR-DME,-28.1689,153.504,112300,AU
CG,Coolangatta,NDB,-28.1649,153.50101,278,AU
CG,Castlegar,NDB,49.4472,-117.575,227,CA
CG,Tianjin,NDB,39.0733,117.378,339,CN
CG,Chandigarh,NDB,30.6665,76.7988,228,IN
CG,Arlanda,NDB,59.5389,17.9209,352,SE
CG,Kulyab,NDB,37.9417,69.79,298,TJ
CG,Dutch,NDB,37.2534,-89.7006,248,US
CGC,Cognac,TACAN,45.6615,-0.30786,116200,FR
CGC,Cognac,NDB,45.6693,-0.30619,354,FR
CGE,Cambridge,NDB,38.5382,-76.0319,355,US
CGG,Grayling,VOR,44.6816,-84.7289,109800,US
CGI,Cape Girardeau,VOR-DME,37.2275,-89.5724,112900,US
CGL,Coghlan Island,NDB,58.3593,-134.7,212,US
CGM,Chiang Mai,NDB,18.7598,98.9672,255,TH
CGN,Charles de Gaulle,VOR-DME,49.0199,2.50011,115350,FR
CGO,Congonhas,VOR-DME,-23.6275,-46.6547,116900,BR
CGO,Zhengzhou,VOR-DME,34.515,113.843,114500,CN
CGO,Cagayan De Oro,VOR-DME,8.41569,124.609,113300,PH
CGQ,Powell,NDB,32.064,-96.428,344,US
CGR,Campo Grande,VOR-DME,-20.4688,-54.6703,115700,BR
CGR,Campo Grande,NDB,-20.5307,-54.7327,270,BR
CGS,Cagnes Sur Mer,VOR-DME,43.6452,7.14592,109200,FR
CGT,Chicago Heights,VORTAC,41.51,-87.5715,114200,US
CGY,Coningsby,TACAN,53.091,-0.16897,111100,GB
CH,Coffs Harbour,VOR-DME,-30.3192,153.116,117000,AU
CH,Cheung Chau,VOR-DME,22.2195,114.03,112300,HK
CH,Christchurch,VOR-DME,-43.5041,172.515,115300,NZ
CH,Chitato,NDB,-7.4,20.8167,350,AO
CH,Coffs Harbour,NDB,-30.3122,153.117,311,AU
CH,Cocho,NDB,-15.8608,-47.8853,240,BR
CH,Christianshaab,NDB,68.825,-51.2083,265,GL
CH,Chitose,NDB,42.6688,141.67999,347,JP
CH,Chimoio,NDB,-19.1044,33.4334,282,MZ
CH,Schiphol,NDB,52.2206,4.5576,389,NL
CH,Vladikavkaz,NDB,43.215,44.5383,105,RU
CH,Cookhouse,NDB,-32.7556,25.7819,403,ZA
CH,Cherniakhiv,NDB,50.4564,28.6915,525,UA
CH,Ashly,NDB,32.9763,-80.0975,329,US
CHA,Charlie,VOR,49.9211,9.03981,115500,DE
CHB,China Bay,NDB,8.53356,81.1853,280,LK
CHC,Grens,NDB,40.0101,-83.029,272,US
CHD,Chandler,NDB,33.2665,-111.808,407,US
CHE,Chitose,VOR-DME,42.6999,141.686,116900,JP
CHE,Hayden,VOR-DME,40.5201,-107.305,115600,US
CHE,Cherchell,NDB,36.6014,2.19333,397,DZ
CHE,Chena,NDB,-33.5853,-70.7737,323,CL
CHE,Alonso Valderrama,NDB,7.98352,-80.41,440,PA
CHG,Chaoyang,VOR-DME,41.5367,120.433,114500,CN
CHG,Chandigarh,VOR-DME,30.6676,76.8057,116500,IN
CHI,Chiayi,TACAN,23.4649,120.391,111800,TW
CHI,Chillan,VOR-DME,-36.5831,-72.0358,115900,CL
CHI,Chillerki,VOR-DME,28.3476,76.666,116800,IN
CHI,Chioggia,VOR-DME,45.0712,12.2814,114100,IT
CHI,Chillan,NDB,-36.5889,-72.0292,411,CL
CHI,Los Chiles,NDB,11.0383,-84.71,221,CR
CHI,Chioggia,NDB,45.0718,12.2814,408,IT
CHJ,Cheongju,TACAN,36.7093,127.497,110500,KR
CHM,Chiang Mai,TACAN,18.7712,98.9668,116200,TH
CHN,Chisinau,VOR-DME,46.9264,28.8992,113700,MD
CHN,Wauchula,NDB,27.51,-81.8833,261,US
CHO,Cheongju,VOR-DME,36.7178,127.494,109000,KR
CHO,Chociwel,NDB,53.4753,15.333,375,PL
CHP,San Martin De Los Andes,VOR-DME,-40.0489,-71.0953,117000,AR
CHP,San Martin De Los Andes,NDB,-40.0817,-71.1472,265,AR
CHQ,Charleston,NDB,36.8451,-89.3567,208,US
CHS,Charleston,VORTAC,32.8943,-80.0378,113500,US
CHT,Chiltern,NDB,51.6231,-0.51833,277,GB
CHT,Chillicothe,NDB,39.7771,-93.4942,375,US
CHU,Caledonia,NDB,43.5869,-91.4904,209,US
CHW,Jiayuguan,VOR-DME,39.85,98.35,114500,CN
CHW,Chartres,VOR-DME,48.48,0.98706,115200,FR
CHX,Choix,NDB,26.7164,-108.33,214,MX
CI,Cochin Intl,NDB,10.1494,76.4842,217,IN
CI,Chichijima,NDB,27.0892,142.214,257,JP
CI,Chatham Islands,NDB,-43.957,-176.56599,322,NZ
CI,Koloe,NDB,46.3325,-84.5423,400,US
CI,Cindy,NDB,41.8857,-91.8024,326,US
CIA,Cuiaba,VOR-DME,-15.6562,-56.112,113700,BR
CIA,Cochin Intl,VOR-DME,10.1505,76.3726,113500,IN
CIA,Clark,VOR-DME,15.1869,120.561,113100,PH
CIA,Cuiaba,NDB,-15.655,-56.1202,380,BR
CIA,Ciampino,NDB,41.8649,12.5608,412,IT
CIA,Clark,NDB,15.2094,120.571,362,PH
CIB,Cochin Intl,VOR-DME,10.1153,76.6817,117300,IN
CIC,Chico,VOR-DME,39.7898,-121.847,109800,US
CID,Cedar Rapids,VOR-DME,41.8875,-91.7857,114100,US
CIE,Cochise,VORTAC,32.0334,-109.758,115800,US
CIG,Cigli,TACAN,38.4949,27.0091,113600,TR
CIG,Cigli,NDB,38.5308,27.0172,363,TR
CII,Choteau,NDB,47.8225,-112.171,269,US
CIJ,Cobija,NDB,-11.0412,-68.7816,230,BO
CIL,Cocos (Keeling) Island,NDB,-12.1707,96.8212,388,CC
CIM,Cimarron,VORTAC,36.4914,-104.872,116400,US
CIN,Curtin,VOR-DME,-17.5886,123.852,114300,AU
CIN,Curtin,NDB,-17.5742,123.831,350,AU
CIN,Carroll,NDB,42.045,-94.7852,397,US
CIP,Clarion,VOR-DME,41.1463,-79.458,112900,US
CIR,Cairo,NDB,37.0617,-89.2234,397,US
CIV,Chièvres,VOR,50.5739,3.83278,113200,BE
CIV,Chièvres,TACAN,50.5723,3.82183,113200,BE
CJ,Jianqiao,NDB,30.3017,120.163,324,CN
CJ,Calde,NDB,39.7971,-89.592,240,US
CJJ,Cresco,NDB,43.366,-92.131,293,US
CJN,Cerrejon,VOR-DME,11.2312,-72.4929,113400,CO
CJN,Castejon,VOR-DME,40.372,-2.54461,115600,ES
CJN,Cerrejon,NDB,11.2325,-72.5068,415,CO
CJS,Juarez,VOR-DME,31.6362,-106.427,116700,MX
CJU,Jeju,VORTAC,33.3847,126.624,116100,KR
CJY,Clay,NDB,43.0528,-75.2643,275,US
CK,Prerov,NDB,49.4071,17.3392,441,CZ
CK,Cherkasy,NDB,49.4564,31.9599,345,UA
CK,Snuff,NDB,36.5271,-87.3865,335,US
CKB,Clarksburg,VOR-DME,39.2532,-80.2679,112600,US
CKC,Cook County,NDB,47.8401,-90.3856,358,US
CKG,Chongqing,VOR-DME,29.7217,106.643,116100,CN
CKG,Cengkareng,VOR-DME,-6.18789,106.53,113600,ID
CKH,Koko Head,VORTAC,21.2652,-157.703,113900,US
CKI,Kingstree,NDB,33.7178,-79.855,404,US
CKL,Clackline,NDB,-31.6842,116.562,200,AU
CKM,Clarksdale,NDB,34.293,-90.5157,341,US
CKN,Cooktown,NDB,-15.4817,145.248,260,AU
CKN,Crookston,NDB,47.8394,-96.6159,400,US
CKP,Pilot Rock,NDB,42.7322,-95.5531,423,US
CKV,Clarksville,VOR-DME,36.622,-87.4126,110600,US
CKW,Cherokee,VOR-DME,41.7557,-107.582,115000,US
CKZ,Pennridge,VOR-DME,40.3909,-75.2888,108850,US
CL,Charlo,NDB,48.0089,-66.4369,207,CA
CL,Calicut,NDB,11.1427,75.9478,303,IN
CL,Chileka,NDB,-15.6819,34.9581,253,MW
CL,Carolina,NDB,-26.0919,30.0964,275,ZA
CL,Harri,NDB,41.3386,-81.9644,344,US
CL,Rowdy,NDB,30.4937,-96.3377,260,US
CL,Elwha,NDB,48.1424,-123.67,515,US
CL,Tryon,NDB,35.1578,-81.0203,242,US
CL,Camly,NDB,11.9467,108.414,350,VN
CLA,Chiclayo,VOR-DME,-6.71722,-79.8192,114900,PE
CLB,Carolina Beach,NDB,34.1063,-77.9617,216,US
CLC,Calicut,VOR-DME,11.1351,75.9548,116500,IN
CLD,Caldera,NDB,-27.0769,-70.8186,227,CL
CLE,Calella,VOR-DME,41.64,2.63467,115350,ES
CLI,Clintonville,NDB,44.6188,-88.7332,209,US
CLJ,Cluj,VOR-DME,46.8001,23.7873,111200,RO
CLK,Clinton,NDB,35.5392,-98.9351,320,US
CLL,College Station,VORTAC,30.605,-96.4207,113300,US
CLM,Coulommiers,VOR-DME,48.8446,3.01386,112900,FR
CLN,Clacton,VOR-DME,51.8484,1.14761,114550,GB
CLO,Cali,VOR-DME,3.40194,-76.4056,115500,CO
CLO,Cali,NDB,3.40194,-76.4056,210,CO
CLP,Cilacap,VOR-DME,-7.64753,109.036,114900,ID
CLR,Colmar,TACAN,47.9293,7.39997,110000,FR
CLS,Calles,VOR-DME,39.7072,-0.98632,117550,ES
CLT,Charlotte,VOR-DME,35.1903,-80.9517,115000,US
CLU,Corlu,TACAN,41.1319,27.9017,115900,TR
CM,Comilla,NDB,23.4362,91.1877,330,BD
CM,Caumont,NDB,43.9083,4.90536,369,FR
CM,Galey,NDB,47.1157,-88.4012,275,US
CM,Sumie,NDB,39.9862,-82.7545,391,US
CM,Veals,NDB,39.9662,-88.1824,407,US
CMA,Calamocha,VOR-DME,40.8673,-1.29805,116000,ES
CMA,Chiang Mai,VOR-DME,18.7661,98.9613,116900,TH
CMA,Camarillo,VOR-DME,34.2125,-119.094,115800,US
CMA,Canaima,VOR-DME,6.19972,-62.8503,117500,VE
CMB,Cambrai,VORTAC,50.2281,3.1515,112600,FR
CME,Chisum,VORTAC,33.3375,-104.621,116100,US
CME,Carmen,VOR-DME,18.6537,-91.8051,113000,MX
CMI,Champaign,VORTAC,40.0345,-88.2761,110000,US
CMJ,Clam Cove,NDB,55.3454,-131.696,396,US
CMK,Carmel,VOR-DME,41.2801,-73.5814,116600,US
CML,Comilla,VOR,23.4338,91.1901,115500,BD
CML,Clonmel,NDB,52.4538,-7.48007,387,IE
CMO,Camogli,NDB,44.3458,9.17111,389,IT
CMP,Campagnano,VOR-DME,42.1238,12.3815,111400,IT
CMP,Chum Phae,VOR-DME,16.6365,101.985,112900,TH
CMP,Campagnano,NDB,42.125,12.3804,302,IT
CMQ,Campbell Lake,NDB,61.171,-150.048,338,US
CMT,Comitan,VOR-DME,16.1781,-92.0575,114700,MX
CMT,Clermont,NDB,-22.7731,147.625,209,AU
CMU,Cunnamulla,VOR,-28.0388,145.62399,115500,AU
CMU,Cunnamulla,NDB,-28.0348,145.62399,218,AU
CMW,Camooweal,NDB,-19.9147,138.117,254,AU
CMX,Houghton,VOR-DME,47.1703,-88.4854,112800,US
CMY,Mc Coy,NDB,43.9378,-90.6419,412,US
CN,Camden,NDB,-34.0386,150.692,281,AU
CN,Canivete,NDB,0.50917,-50.4148,310,BR
CN,Carnicobar,NDB,9.15206,92.8323,355,IN
CN,Piestany,NDB,48.5708,17.8084,453,SK
CN,Irkutsk,NDB,52.285,104.327,514,RU
CN,Chernivtsi,NDB,48.298,25.9483,805,UA
CN,Leroi,NDB,31.7409,-97.0782,378,US
CNA,Carolina,VOR,-7.31873,-47.4548,115300,BR
CNA,Cognac,VOR-DME,45.6596,-0.31164,114650,FR
CNA,Carolina,NDB,-7.323,-47.46,330,BR
CNB,Cana Brava,NDB,-13.5437,-48.1948,305,BR
CNC,Chariton,NDB,41.0168,-93.362,335,US
CND,Constanta,VOR-DME,44.2945,28.4795,112700,RO
CNE,Constantine,NDB,36.1903,6.72718,397,DZ
CNE,Caen,NDB,49.1157,-0.32125,404,FR
CNF,Confins,VOR-DME,-19.5582,-44.0485,114400,BR
CNG,Cunningham,VORTAC,37.0086,-88.8369,113100,US
CNH,Claremont,NDB,43.3693,-72.3711,233,US
CNK,Canakkale,VOR-DME,40.1408,26.4325,111200,TR
CNK,Canakkale,NDB,40.1408,26.4325,422,TR
CNK,Concordia,NDB,39.5533,-97.6512,335,US
CNL,Bandaranaike,NDB,7.26859,79.9509,315,LK
CNL,Kenitra,NDB,34.2872,-6.62056,380,MA
CNM,Cannes,VOR,43.5604,6.87094,111400,FR
CNM,Carlsbad,VORTAC,32.2566,-104.226,116300,US
CNM,Coonamble,NDB,-30.9744,148.38,206,AU
CNP,Chappell,NDB,41.0767,-102.459,383,US
CNQ,Callahan,NDB,37.2614,-80.1581,379,US
CNR,Colmenar,VOR-DME,40.646,-3.73584,117300,ES
CNU,Chanute,VOR-DME,37.6261,-95.5935,109200,US
CNU,Oujda,NDB,34.7997,-1.89972,371,MA
CNX,Corona,VORTAC,34.367,-105.678,115500,US
CNY,Century Mine,NDB,-18.7539,138.703,293,AU
CNZ,Marrakech,NDB,31.6006,-7.96444,267,MA
CO,Cotonou,NDB,6.37081,2.4025,284,BJ
CO,Mogilev,NDB,53.9267,30.145,485,BY
CO,Cooch Behar,NDB,26.3304,89.4824,337,IN
CO,Turkmenbashi,NDB,40.1086,52.9936,350,TM
CO,Petey,NDB,38.6943,-104.716,407,US
CO,Epsom,NDB,43.1188,-71.4524,216,US
CO,Colfa,NDB,39.6569,-86.1855,232,US
CO,Leeny,NDB,47.7428,-116.961,347,US
CO,Zodia,NDB,38.7167,-92.2685,407,US
COA,Costa,VOR-DME,51.3481,3.35528,110050,BE
COA,Canoas,VOR-DME,-29.9503,-51.1458,113600,BR
COA,La Coruna,NDB,43.3654,-8.32826,401,ES
COC,Coca,NDB,-0.4475,-76.9944,322,EC
COD,Cody,VOR-DME,44.6204,-108.965,111800,US
COD,Codogno,NDB,45.2263,9.54117,401,IT
COE,Coeur D Alene,VOR-DME,47.7737,-116.821,108800,US
COE,Coen,NDB,-13.7661,143.117,404,AU
COE,Coetivy,NDB,-7.14611,56.2783,335,SC
COF,Patrick,TACAN,28.2377,-80.6118,115000,US
COI,Merritt Island,NDB,28.3408,-80.6884,247,US
COL,Cola,VORTAC,50.7835,7.59419,108800,DE
COL,Colima,VOR-DME,19.2751,-103.579,117700,MX
COL,Colts Neck,VOR-DME,40.3117,-74.1598,115400,US
COL,Barra Del Colorado,NDB,10.7533,-83.5833,380,CR
COL,Colonia,NDB,-34.4539,-57.7701,203,UY
COM,Comandatuba,NDB,-15.3608,-39.0013,335,BR
COM,Compt0n Abbas,NDB,50.9662,-2.15517,350,GB
COM,Coleman,NDB,31.8413,-99.4062,385,US
COM,Cooma,NDB-DME,-36.3538,148.95799,293,AU
CON,Concord,VORTAC,43.2198,-71.5755,112900,US
CON,Conghua,VOR-DME,23.5883,113.585,113000,CN
CON,Connaught,VOR-DME,53.908,-8.8201,117400,IE
CON,Concepcion,NDB,-23.4384,-57.4306,405,PY
COO,Covington,NDB,35.5897,-89.5873,326,US
COP,Coposa,NDB,-20.7439,-68.6894,278,CL
COQ,Cloquet,NDB,46.6972,-92.5032,335,US
COR,Carora,VOR-DME,10.1792,-70.0654,112700,VE
COR,Corowa,NDB,-35.9875,146.35699,380,AU
COR,Cordoba,NDB,37.8427,-4.84681,366,ES
COR,Corner,NDB,59.2614,17.4841,388,SE
COR,Carora,NDB,10.1803,-70.065,358,VE
COT,Cotulla,VORTAC,28.462,-99.1185,115800,US
COT,Cotabato,VOR-DME,7.16548,124.21,113700,PH
COT,Coto 47,NDB,8.60278,-82.9681,201,CR
COU,Columbia,VOR-DME,38.8108,-92.2183,110200,US
COV,Covilha,NDB,40.2992,-7.42583,360,PT
COY,St Croix,VOR-DME,17.7344,-64.7007,108200,VI
CP,Brest,NDB,52.1267,23.83,985,BY
CP,Camopi,NDB,3.17125,-52.3345,208,GF
CP,Constable Pynt,NDB,70.7403,-22.6208,386,GL
CP,Parduc,NDB,47.3202,17.5253,481,HU
CP,Cilacap,NDB,-7.64242,109.035,235,ID
CP,Caparica,NDB,38.6423,-9.22152,389,PT
CP,Magnitogorsk,NDB,53.44,58.78,480,RU
CP,Chumphon,NDB,10.7178,99.3661,279,TH
CP,Johno,NDB,42.9072,-106.57,375,US
CP,Acore,NDB,38.5198,-90.0595,350,US
CP,Chipata,NDB,-13.5648,32.5833,218,ZM
CP,Charles Prince,NDB,-17.7514,30.9266,414,ZW
CPC,Camp,NDB,34.2718,-78.7139,227,US
CPE,Compiègne,VOR-DME,49.4328,2.79936,109650,FR
CPE,Campeche,VOR-DME,19.8308,-90.5039,116200,MX
CPG,Campina Grande,NDB,-7.26601,-35.8927,230,BR
CPM,Compton,NDB,33.8889,-118.247,378,US
CPN,Campinas,VOR-DME,-23.0087,-47.129,112000,BR
CPN,Chumphon,VOR-DME,10.7112,99.3656,110000,TH
CPN,Coppertown,VOR-DME,46.032,-112.748,111600,US
CPO,Campos,NDB,-21.6973,-41.3067,225,BR
CPP,Cole Spring,NDB,34.3679,-86.8239,230,US
CPT,Compton,VOR-DME,51.4917,-1.21972,114350,GB
CPZ,Chaparrosa Ranch,NDB,28.91,-100.006,385,US
CQ,Chu Lai,NDB,15.4123,108.704,300,VN
CQA,Lakefield,NDB,40.482,-84.5644,205,US
CQB,Tilghman,NDB,35.7223,-96.8186,396,US
CQD,Cascade,NDB,42.1192,-80.1046,372,US
CQJ,City Lake,NDB,35.7162,-79.8653,266,US
CQL,Carbondale,NDB,39.4117,-107.159,344,US
CQM,Cook,NDB,47.8211,-92.6913,233,US
CQN,Daisy,NDB,35.1665,-85.1574,341,US
CQR,Chandalar Lake,NDB,67.5024,-148.46899,263,US
CQW,Cheraw,NDB,34.7418,-79.8656,409,US
CQX,Nauset,NDB,41.6918,-69.9898,279,US
CQY,Cedar Creek,VORTAC,32.1857,-96.2181,114800,US
CR,Uiju,NDB,40.2074,124.553,350,KP
CR,Calabar,NDB,4.96792,8.3473,317,NG
CR,Cheboksary,NDB,56.105,47.4283,510,RU
CR,Rusumo,NDB,-2.26908,30.7174,300,RW
CR,Chernivtsi,NDB,48.213,26.0149,805,UA
CR,Conor,NDB,27.8345,-97.5765,382,US
CR,Calab,NDB,33.8852,-78.6299,267,US
CR,Cam Ranh,NDB,12.0002,109.216,414,VN
CRA,Cam Ranh,VOR-DME,11.9944,109.22,116500,VN
CRC,Coroico,NDB,-16.1952,-67.721,305,BO
CRD,Cardak,TACAN,37.7792,29.6922,133300,TR
CRD,Cardak,VOR-DME,37.7897,29.7042,112000,TR
CRD,Cardak,NDB,37.7897,29.7042,433,TR
CRD,Conrad,NDB,48.1856,-111.914,293,US
CRE,Grand Strand,VORTAC,33.8138,-78.7245,117600,US
CRE,Cres,NDB,44.9029,14.4165,433,HR
CRG,Craig,VORTAC,30.3389,-81.5099,114500,US
CRG,Corryong,NDB,-36.1485,147.862,386,AU
CRG,Carimauga,NDB,4.57111,-71.3361,260,CO
CRI,Canarsie,VOR-DME,40.6125,-73.8944,112300,US
CRJ,Carajas,VOR-DME,-6.11933,-50.0022,112400,BR
CRJ,Carajas,NDB,-6.11133,-50.004,170,BR
CRK,Cork,VOR-DME,51.8406,-8.49427,114600,IE
CRL,Creil,VORTAC,49.2553,2.51478,109200,FR
CRL,Carleton,VORTAC,42.0481,-83.4576,115700,US
CRL,Corlu,VOR-DME,41.1522,27.9383,114800,TR
CRL,Corlu,NDB,41.1522,27.9383,426,TR
CRM,Carsamba,VOR-DME,41.2655,36.5489,112800,TR
CRM,Carsamba,NDB,41.2655,36.549,325,TR
CRN,Crotone,VOR-DME,38.9961,17.0831,117100,IT
CRN,Galway,NDB,53.2994,-8.94088,342,IE
CRN,Cairn Mountain,NDB,61.1011,-155.569,281,US
CRO,Coro,VOR-DME,11.4142,-69.6923,117300,VE
CRP,Corpus Christi,VORTAC,27.9038,-97.4449,115500,US
CRR,Corrientes,VOR-DME,-27.4372,-58.7617,115400,AR
CRR,Carrasco,VOR-DME,-34.8327,-56.0251,116900,UY
CRS,Caransebes,NDB,45.4429,22.1633,330,RO
CRS,Corsicana,NDB,32.0277,-96.3953,396,US
CRT,Curitiba,NDB,-25.5232,-49.1715,390,BR
CRV,Comodoro Rivadavia,VOR-DME,-45.7733,-67.3717,117500,AR
CRV,Craiova,VOR-DME,44.3186,23.9228,110200,RO
CRY,Criciuma,NDB,-28.7213,-49.4221,405,BR
CRZ,Corning,NDB,40.9964,-94.7569,278,US
CS,Cairns,VOR-DME,-16.85,145.744,113000,AU
CS,Cairns,NDB,-16.8469,145.73599,364,AU
CS,Osa,NDB,53.3833,103.867,420,RU
CS,Fenix,NDB,32.452,-85.0419,355,US
CS,Conson,NDB,8.72972,106.632,333,VN
CSB,Harry Strunk,NDB,40.3043,-100.158,389,US
CSD,Daouarat,NDB,32.9336,-8.065,345,MA
CSG,Columbus,VORTAC,32.6153,-85.0176,117100,US
CSI,Center Point,VORTAC,29.9223,-99.2145,117500,US
CSL,Caselle,VOR-DME,45.2197,7.64957,116750,IT
CSM,Castelsarrasin Moissac,NDB,44.0871,1.13078,327,FR
CSN,Casanova,VORTAC,38.6412,-77.8655,116300,US
CSO,Constantine,VOR-DME,36.2926,6.60555,115500,DZ
CSS,Court House,NDB,39.6009,-83.3916,414,US
CST,Costix,NDB,39.6414,2.91562,351,ES
CSV,Collinsville,VOR,-20.5914,147.785,112200,AU
CSX,Changsha,VOR-DME,28.2033,113.217,113300,CN
CSX,Cardinal,VOR-DME,38.7527,-90.3609,116450,US
CT,Cartagena,NDB,10.3967,-75.5308,255,CO
CT,Caticlan,NDB,11.925,121.958,379,PH
CT,Chiang Rai,NDB,19.9597,99.8831,277,TH
CT,Can Tho,NDB,10.0914,105.73,420,VN
CTB,Cut Bank,VORTAC,48.5649,-112.343,114400,US
CTB,Curitiba,VOR-DME,-25.532,-49.1677,116500,BR
CTE,Castejon,NDB,40.3839,-2.5228,362,ES
CTF,Catania Fontanarossa,VOR-DME,37.4644,15.0625,116250,IT
CTF,Chesterfield,VOR-DME,34.6505,-80.2749,108200,US
CTF,Catania Fontanarossa,NDB,37.4636,15.0626,407,IT
CTG,Chittagong,VOR-DME,22.2577,91.8275,113400,BD
CTG,Cartagena,VOR-DME,10.2092,-75.5067,112300,CO
CTK,Canton,NDB,40.5659,-90.0771,236,US
CTL,Châtillon-sur-Marne,VOR-DME,49.1377,3.57769,117600,FR
CTL,Punta Castilla,NDB,16.0072,-85.9739,289,HN
CTM,Cottesmore,TACAN,52.7354,-0.65077,112300,GB
CTM,Chetumal,VOR-DME,18.5093,-88.3337,116300,MX
CTM,Cootamundra,NDB,-34.6274,148.03101,404,AU
CTN,El Canton,VOR-DME,7.51667,-71.4459,116000,VE
CTN,Constitucion,NDB,-35.3056,-72.3794,340,CL
CTR,Chiang Rai,VOR-DME,19.9482,99.8834,116500,TH
CTR,Chester,VOR-DME,42.2913,-72.9494,115100,US
CTU,Shuangliu,VOR-DME,30.575,103.943,115700,CN
CTV,Cape Town,VORTAC,-33.9695,18.605,115700,ZA
CTW,Newcomerstown,VOR-DME,40.2292,-81.4765,111800,US
CTX,Châteauroux,NDB,46.9366,1.80114,428,FR
CTY,Cross City,VORTAC,29.599,-83.0487,112000,US
CTZ,Clinton,NDB,34.9754,-78.3631,412,US
CU,Shahe,NDB,40.125,116.37,555,CN
CU,Cucuta,NDB,8.03694,-72.5797,395,CO
CU,Cepu,NDB,-7.19451,111.548,210,ID
CU,Otsu,NDB,35.0503,135.871,368,JP
CUA,Cuautla,VOR-DME,18.7853,-98.9008,116300,MX
CUA,Cudal,NDB,-33.2761,148.767,275,AU
CUA,Carauari,NDB,-4.87067,-66.8872,285,BR
CUB,Corumba,NDB,-19.0167,-57.6633,375,BR
CUC,Cucuta,VOR-DME,7.93346,-72.5135,113300,CO
CUE,Otsu,VOR-DME,35.017,135.826,117100,JP
CUH,Cushing,NDB,35.8944,-96.7811,242,US
CUL,Culiacan,VOR-DME,24.7644,-107.477,112200,MX
CUL,Carmi,NDB,38.0935,-88.1196,332,US
CUM,Cumana,VOR-DME,10.4473,-64.1381,113300,VE
CUN,Yecheon,VOR-DME,36.632,128.325,114800,KR
CUN,Cancun,VOR-DME,21.0251,-86.8587,113600,MX
CUN,Cunderdin,NDB,-31.625,117.224,293,AU
CUN,Chena,NDB,64.8386,-147.495,257,US
CUP,Carupano,NDB,10.6603,-63.2576,270,VE
CUR,Cuenca,NDB,-2.8625,-78.9486,221,EC
CUS,Columbus,VOR-DME,31.8191,-107.574,111200,US
CUU,Chihuahua,VOR-DME,28.799,-105.952,114100,MX
CUV,Cuenca,VOR-DME,-2.835,-78.9169,114500,EC
CUW,Chihuahua,NDB,28.5835,-105.993,222,MX
CUY,Cauayan,VOR-DME,16.9316,121.748,116500,PH
CUZ,Custer County,VOR-DME,41.484,-99.6891,108200,US
CV,Charleville,VOR,-26.4211,146.26601,114300,AU
CV,Cuito Cuanavale,NDB,-15.1667,19.15,387,AO
CV,Charleville,NDB,-26.42,146.24899,269,AU
CV,Calvi,NDB,42.577,8.80658,375,FR
CV,Dubrovnik,NDB,42.5852,18.2126,397,HR
CV,Abeta,NDB,40.9645,-124.099,233,US
CV,Carlz,NDB,32.2668,-104.339,402,US
CV,Hisan,NDB,34.3507,-103.174,335,US
CV,Syrdarya,NDB,40.8167,68.6833,535,UZ
CVA,Davenport,VORTAC,41.7085,-90.4833,113800,US
CVA,Corvatsch,DME,46.4181,9.82167,112050,CH
CVB,Castroville,NDB,29.3461,-98.8492,338,US
CVC,Choshi,VORTAC,35.7265,140.799,113600,JP
CVE,Cowboy,VOR-DME,32.8903,-96.904,116200,US
CVG,Cincinnati,VORTAC,39.016,-84.7033,117300,US
CVI,Cofield,VORTAC,36.3729,-76.8716,114600,US
CVJ,Cuernavaca,VOR-DME,18.825,-99.27,113900,MX
CVL,Caravelas,VOR,-17.6485,-39.2557,116000,BR
CVL,Caravelas,NDB,-17.6542,-39.2498,365,BR
CVM,Victoria,VOR-DME,23.7055,-98.959,113700,MX
CVM,Caversham,NDB,-31.8783,115.981,329,AU
CVM,Civic Mem,NDB,38.8923,-90.0563,263,US
CVO,Cairo,VOR-DME,30.0923,31.3884,115200,EG
CVO,Corvallis,VOR-DME,44.4996,-123.294,115400,US
CVP,Capitol,NDB,46.6067,-111.937,335,US
CVS,Cannon,TACAN,34.3806,-103.322,111600,US
CVS,Sal,VOR-DME,16.7368,-22.951,115300,CV
CVT,Cuatro Vientos,NDB,40.3678,-3.77341,285,ES
CVV,Penn Cove,VOR-DME,48.2447,-122.724,117200,US
CVX,Charlevoix,NDB,45.3018,-85.27,392,US
CVY,Cavalry,NDB,39.026,-96.7945,314,US
CW,St Laurent Du Maroni,NDB,5.46794,-54.0315,359,GF
CW,Seongmu,NDB,36.5649,127.497,351,KR
CW,Krasnaya Gorbatka,NDB,55.8667,41.7667,485,RU
CW,Clanwilliam,NDB,-32.1831,18.8886,373,ZA
CW,Mossy,NDB,30.3067,-93.1962,418,US
CW,Danci,NDB,44.7605,-89.7893,275,US
CWH,Capshaw,NDB,34.7737,-86.779,350,US
CWI,Clinton,NDB,41.8288,-90.3276,377,US
CWK,Centex,VORTAC,30.3785,-97.5298,112800,US
CWL,Cranwell,NDB,53.0263,-0.48898,423,GB
CWR,Cowra,VOR,-33.8479,148.646,112400,AU
CWR,Cowra,NDB,-33.8449,148.653,299,AU
CWS,Cowes,VOR,-38.5078,145.214,117600,AU
CWS,Cowes,NDB,-38.517,145.22099,275,AU
CWS,Conway,NDB,35.084,-92.4268,302,US
CWV,Claxton,NDB,32.1969,-81.8806,395,US
CWZ,Cranwell,TACAN,53.0286,-0.4855,117400,GB
CX,Alibi,NDB,30.432,-95.4762,281,US
CX,Latle,NDB,40.1782,-77.0056,219,US
CXB,Cachimbo,VOR-DME,-9.33515,-54.9678,115100,BR
CXB,Cachimbo,NDB,-9.33956,-54.9659,215,BR
CXK,Clam Lake,NDB,44.8994,-85.2397,251,US
CXM,Coxim,NDB,-18.5038,-54.7505,205,BR
CXR,Chardon,VOR-DME,41.5169,-81.1632,112700,US
CXS,Do Sul,VOR-DME,-29.198,-51.1887,112300,BR
CXS,Do Sul,NDB,-29.144,-51.2342,169,BR
CXU,Camilla,NDB,31.2146,-84.2368,369,US
CY,Conakry,NDB,9.58952,-13.5967,395,GN
CY,Chervonyi,NDB,50.0681,31.3899,960,UA
CY,Horse,NDB,41.1467,-104.679,353,US
CYE,Crystal Lake,NDB,41.2104,-75.8318,410,US
CYN,Coyle,VORTAC,39.8173,-74.4316,113400,US
CYO,Circleville,NDB,39.5231,-82.9797,366,US
CYR,Cayenne,VOR-DME,4.81364,-52.3684,115950,GF
CYR,Caidy,NDB,30.8882,-84.1593,338,US
CYS,Cheyenne,VORTAC,41.211,-104.773,113100,US
CYT,Yakataga,NDB,60.0862,-142.489,209,US
CYW,Clay Center,NDB,39.3807,-97.1612,362,US
CYY,Cypress,VOR-DME,26.1534,-81.7781,108600,US
CZ,Tonglu,NDB,29.8,119.667,364,CN
CZ,Vilyuysk,NDB,63.7433,121.783,408,RU
CZ,Buffalo Range,NDB,-20.9639,31.522,250,ZW
CZA,Kaua,VOR-DME,20.6431,-88.4482,116500,MX
CZB,Casey,NDB,39.3052,-88.002,359,US
CZE,Czempin,VOR-DME,52.1306,16.7271,114500,PL
CZE,Czempin,NDB,52.1364,16.7288,409,PL
CZE,Clarksville,NDB,35.4692,-93.4235,201,US
CZF,Cape Romanzof,NDB,61.7907,-165.97,275,US
CZF,Cape Romanzof,DME,61.7803,-166.039,116750,US
CZH,Chongzhou,VOR-DME,30.6483,103.687,114500,CN
CZI,Crazy Woman,VOR-DME,43.9997,-106.436,117300,US
CZJ,Amason,NDB,31.8329,-94.1538,341,US
CZM,Cozumel,VOR-DME,20.5221,-86.9293,112600,MX
CZM,Cozumel,NDB,20.5219,-86.9339,330,MX
CZO,Calabozo,VOR-DME,8.92669,-67.4092,116300,VE
CZO,Calabozo,NDB,8.93003,-67.4148,215,VE
CZQ,Clovis,VORTAC,36.8843,-119.815,112900,US
CZS,Cruzeiro Do Sul,VOR-DME,-7.60683,-72.7735,112000,BR
CZS,Cruzeiro Do Sul,NDB,-7.59455,-72.7714,260,BR
CZX,Crosbyton,NDB,33.6241,-101.239,332,US
D,Santiago Del Estero,NDB,-27.785,-64.3217,330,AR
D,Comodoro Pierrestegui,NDB,-31.2817,-57.9883,280,AR
D,Tandil,NDB,-37.2083,-59.2267,255,AR
D,El Plumerillo,NDB,-32.8549,-68.7926,395,AR
D,Gerona,NDB,21.8217,-82.7993,278,CU
D,Inner Beacon,NDB,30.8983,29.7125,273,EG
D,Dejvice,NDB,50.0853,14.2924,429,CZ
D,Line,NDB,49.6831,13.2942,398,CZ
D,Tokol,NDB,47.3295,19.0011,300,HU
D,David,NDB,48.1864,17.2362,429,SK
D,Deveselu,NDB,44.0847,24.3861,432,RO
D,Odesa,NDB,46.4469,30.6675,715,UA
D,Danang,NDB,16.0171,108.204,234,VN
D1,Great Bear Lake,NDB,66.7089,-119.672,367,CA
D3,Ponoka Indus,NDB,52.6833,-113.606,363,CA
D4,Rocanville,NDB,50.465,-101.552,304,CA
D5,Melfort,NDB,52.8714,-104.806,391,CA
D5,Mcarthur River,NDB,57.7692,-105.02,405,CA
D6,Fairmont Hot Springs,NDB-DME,50.3269,-115.877,261,CA
D7,Kincardine,NDB,44.2034,-81.6032,350,CA
D8,Dolbeau,NDB,48.7837,-72.4679,386,CA
DA,Calcanhar,NDB,-5.16117,-35.4865,305,BR
DA,Dawson City,NDB,64.0289,-139.168,214,CA
DA,Hebaohu,NDB,30.6983,113.973,274,CN
DA,Ales,NDB,44.0664,4.14231,402,FR
DA,Gali,NDB,42.6,41.7833,525,GE
DA,Kulusuk,NDB,65.5706,-37.2069,377,GL
DA,Dalatangi,NDB,65.27,-13.5761,306,IS
DA,Daloa,NDB,6.88347,-6.4664,316,CI
DA,Zhalal Abad,NDB,40.9433,72.9817,600,KG
DA,Ulaanbaatar,NDB,47.879,106.719,315,MN
DA,Dalen,NDB,59.2619,10.257,404,NO
DA,Deveselu West,NDB,44.09,24.3494,214,RO
DA,Tomok,NDB,29.1441,-81.1477,263,US
DA,Davee,NDB,38.6633,-77.1097,223,US
DAC,Dhaka,VOR-DME,23.8247,90.4126,112700,BD
DAD,Diadema,NDB,-23.7057,-46.6013,200,BR
DAF,Necedah,NDB,44.0341,-90.0826,233,US
DAG,Daggett,VORTAC,34.9625,-116.578,113200,US
DAK,Dakovica,TACAN,42.43,20.4317,109700,RS
DAK,Drake,VOR-DME,36.0429,-94.1976,108800,US
DAK,Dakovica,NDB,45.4208,20.4275,412,RS
DAL,Dalaman,TACAN,36.7128,28.7889,115300,TR
DAL,Dalaman,VOR-DME,36.6896,28.7819,114700,TR
DAL,Otaebe,NDB,33.4875,36.6017,342,SY
DAL,Dalaman,NDB,36.6896,28.7819,346,TR
DAM,Damascus,VOR-DME,33.3649,36.4686,116000,SY
DAN,Danville,VOR,36.5689,-79.3367,113100,US
DAN,Incirlik,TACAN,37.0156,35.448,108400,TR
DAN,Danang,VOR-DME,16.0528,108.198,114400,VN
DAN,Podgorica,NDB,42.545,19.1235,312,RS
DAO,Davao,VOR-DME,7.13124,125.654,112100,PH
DAO,Davao,NDB,7.13715,125.65,364,PH
DAO,Dragoo,NDB,31.5857,-110.344,410,US
DAP,Dublin,VOR-DME,53.4236,-6.30278,111200,IE
DAR,Darwin,TACAN,-12.4136,130.883,113700,AU
DAR,Darband,VOR-DME,31.7832,56.9946,113700,IR
DAR,Darlowo,VOR-DME,54.4102,16.3881,114200,PL
DAS,Daisetta,VORTAC,30.1897,-94.645,116900,US
DAT,Atacama,VOR-DME,-27.2794,-70.7761,117100,CL
DAU,Daru,NDB-DME,-9.07502,143.213,290,PG
DAV,David,VOR-DME,8.38696,-82.4376,114300,PA
DAV,David,NDB,8.391,-82.428,350,PA
DAW,Al Dawadmi,VOR-DME,24.4489,44.1192,116100,SA
DB,Dalbandin,NDB,28.8735,64.4011,287,PK
DB,Pochinok,NDB,57.7167,34.9667,375,RU
DB,Zilom,NDB,42.323,-90.5989,341,US
DB,Creke,NDB,32.4838,-83.0109,251,US
DB,Dien Bien,NDB,21.3967,103.011,380,VN
DBA,El Daba,VOR-DME,31.0114,28.4669,115700,EG
DBK,Dubrovnik,VOR-DME,42.5538,18.2774,115400,HR
DBL,Red Table,VOR-DME,39.4393,-106.895,113000,US
DBN,Dublin,VORTAC,32.5607,-82.8332,113100,US
DBQ,Dubuque,VORTAC,42.4015,-90.7091,115800,US
DBR,Helmholtz,NDB,52.4683,13.2953,347,DE
DBR,Dibrugarh,NDB,27.4655,95.0186,265,IN
DBS,Dubois,VORTAC,44.0889,-112.209,116900,US
DBV,Dubove,NDB,48.8581,18.7994,310,SK
DBX,Morrison,NDB,39.7617,-97.0423,212,US
DBY,Derby,NDB,-17.3569,123.667,332,AU
DC,Princeton,NDB,49.4694,-120.517,326,CA
DC,Debrecen,NDB,47.4567,21.563,295,HU
DC,Oxonn,NDB,38.7661,-77.0266,332,US
DC,Buffs,NDB,40.3347,-104.626,332,US
DCA,Washington,VOR-DME,38.8595,-77.0364,111000,US
DCF,Canefield,NDB,15.3325,-61.4013,260,DM
DCM,Chester,NDB,34.7868,-81.2011,220,US
DCN,Dhaka,NDB,23.8429,90.4177,298,BD
DCR,Cabo Rojo,VOR-DME,17.9316,-71.6483,114300,DO
DCS,Dean Cross,VOR-DME,54.7219,-3.34056,115200,GB
DCU,Decatur,VOR-DME,34.6483,-86.9395,112800,US
DCY,Washington,NDB,38.6962,-87.1325,212,US
DD,Oostende,NDB,51.1939,2.835,353,BE
DD,Cobbs,NDB,39.7429,-83.0202,253,US
DD,Dori,NDB,14.034,-0.03347,270,BF
DDA,Commerce,NDB,34.0622,-83.5209,244,US
DDC,Dodge City,VORTAC,37.8506,-100.006,108200,US
DDD,Port City,VOR-DME,41.3664,-91.1491,116500,US
DDG,Dandong,VOR-DME,40.26,124.288,113900,CN
DDL,Sheldon,VOR-DME,43.2121,-95.8339,108600,US
DDM,Didimon,VOR-DME,37.4777,23.2172,117200,GR
DDP,Dorado,NDB,18.4683,-66.4124,391,PR
DDY,Muddy Mountain,VORTAC,43.0909,-106.277,116200,US
DE,Edea,NDB,3.79078,10.1381,362,CM
DE,Rionegro,NDB,6.13988,-75.4228,264,CO
DE,Yedinka,NDB,47.2,138.7,310,RU
DE,Domodedovo,NDB,55.3667,37.9783,437,RU
DE,Madds,NDB,42.4949,-83.0935,338,US
DE,Elwin,NDB,39.7905,-88.9538,275,US
DEC,Decimomannu,TACAN,39.3811,8.96556,108200,IT
DEC,Decimomannu,NDB,39.3636,8.97417,331,IT
DEF,Slidell,NDB,30.2968,-89.8341,256,US
DEH,Decorah,NDB,43.2757,-91.7365,236,US
DEK,Dekelia,NDB,38.1033,23.7722,388,GR
DEL,Delicias,VOR-DME,28.2141,-105.448,113500,MX
DEM,Mirny,VOR-DME,62.54,114.02,113800,RU
DEN,Denver,VOR-DME,39.8125,-104.661,117900,US
DEQ,De Queen,NDB,34.0459,-94.3994,281,US
DER,Derventa,VOR-DME,44.9841,17.9694,112400,BA
DER,Alexander City,NDB,32.8793,-85.9613,382,US
DET,Detling,VOR-DME,51.3039,0.59722,117300,GB
DF,Mukhrani,NDB,41.9167,44.5656,520,GE
DF,Kasiguncu,NDB,-1.42004,120.659,310,ID
DF,Zama,NDB,35.5798,139.37601,401,JP
DFI,Defiance,NDB,41.3345,-84.4269,246,US
DFN,Dafinah,VOR-DME,23.2828,41.7194,117500,SA
DG,Dumaguete,VOR,9.33366,123.306,114100,PH
DG,Dundigul,NDB,17.6677,78.4153,327,IN
DG,Dera Ghazi Khan,NDB,29.9622,70.4903,322,PK
DG,Chita,NDB,52.0167,113.378,518,RU
DGC,Fukuoka,VORTAC,33.6762,130.39,114500,JP
DGD,Dogwood,VORTAC,37.0235,-92.8769,109400,US
DGG,Red Dog,NDB-DME,68.0324,-162.90401,429,US
DGN,Digne,VOR,43.9914,6.10083,113850,FR
DGO,Durango,VOR-DME,24.138,-104.516,112900,MX
DGO,Domingo,VOR-DME,42.4533,-2.88071,112600,ES
DGP,Daugavpils,VOR-DME,55.9473,26.6755,114100,LV
DH,Delhi,NDB,28.5645,77.2023,202,IN
DH,Durnacol,NDB,-28.1167,29.9667,358,ZA
DHA,Dhahran,VORTAC,26.2608,50.1402,117200,SA
DHE,Helgoland,VOR-DME,54.1857,7.9107,116300,DE
DHI,Dhangadhi,NDB,28.7525,80.5822,253,NP
DHK,Randolph,TACAN,29.5369,-98.2678,109900,US
DHN,Dahushan,VOR-DME,41.6417,122.117,116500,CN
DHN,Dehnamak,VOR-DME,35.254,52.7203,114500,IR
DHP,Dolphin,VORTAC,25.8,-80.349,113900,US
DHR,Dahra,VOR-DME,29.4674,17.9316,116100,LY
DHR,Dahra,NDB,29.4683,17.9383,374,LY
DHT,Dalhart,VORTAC,36.0915,-102.545,112000,US
DI,D I Khan,VOR,31.9126,70.8857,113100,PK
DI,D I Khan,NDB,31.9087,70.8885,286,PK
DI,Dipolog,NDB,8.60056,123.343,389,PH
DI,Noson,NDB,46.6878,-102.712,353,US
DIA,Concordia,NDB,-31.3017,-58.0042,335,AR
DIB,Dien Bien,VOR-DME,21.3961,103.004,113600,VN
DIJ,Dijon,TACAN,47.2719,5.09153,113500,FR
DIK,Dickinson,VORTAC,46.86,-102.774,112900,US
DIK,Diekirch,VOR-DME,49.8614,6.12972,114400,LU
DIK,Diekirch,NDB,49.8614,6.12972,307,LU
DIL,Tandil,VOR-DME,-37.225,-59.2294,115900,AR
DIL,Dili,VOR-DME,-8.54398,125.528,113400,TL
DIN,Dinard,VOR-DME,48.5861,-2.08233,114300,FR
DIP,Planter,NDB,52.4729,13.4683,327,DE
DIR,Dirkou,VOR,18.9815,12.8805,113900,NE
DIW,Dixon,NDB-DME,34.5685,-77.453,198,US
DIY,Diyarbakir,TACAN,37.903,40.1923,110000,TR
DJ,Djibouti/Ambouli,NDB,11.5473,43.1796,386,DJ
DJ,Borg El Arab,NDB,30.8767,29.7317,563,EG
DJ,Kazan,NDB,55.5783,49.3583,292,RU
DJ,Danang,NDB,15.9776,108.207,212,VN
DJA,Djanet,VOR-DME,24.2878,9.45333,114100,DZ
DJA,Djanet,NDB,24.2867,9.45491,274,DZ
DJB,Dryer,VOR-DME,41.3581,-82.162,113600,US
DJC,Wangjiachuan,VOR-DME,36.77028,103.44306,115200,CN
DJD,Canton,NDB,34.2524,-84.4876,415,US
DJL,Dijon,VOR-DME,47.2708,5.09733,111450,FR
DJN,Delta Junction,NDB,64.0235,-145.687,347,US
DK,Glotayevo,NDB,55.1617,37.8017,102,RU
DK,Saratov,NDB,51.5433,46.0983,427,RU
DK,Dokuchaievs K,NDB,47.7932,37.6301,120,UA
DKA,Dhekelia,NDB,34.9822,33.7328,343,CY
DKA,Kenan,NDB,35.0723,-77.9189,332,US
DKA,Dakhla,NDB,23.7047,-15.9328,221,EH
DKB,Dinkelsbuhl,VORTAC,49.1428,10.2383,117800,DE
DKB,De Kalb,NDB,41.934,-88.7073,209,US
DKG,Don Scott,NDB,40.0804,-83.0788,348,US
DKH,Dakhla,VOR-DME,23.7398,-15.9263,115800,EH
DKI,Jakarta,VOR-DME,-5.96119,107.036,114600,ID
DKK,Dunkirk,DME,42.4904,-79.2741,116200,US
DKO,Dengkou,VOR-DME,40.315,107.0,113500,CN
DKR,Dunker,VOR,59.2072,17.0121,116800,SE
DL,Arlanda,NDB,59.7086,17.9807,360,SE
DL,Pykla,NDB,46.8457,-92.355,379,US
DL,Dalat,NDB,11.75,108.325,330,VN
DLA,Douala,VOR-DME,3.99392,9.74347,112900,CM
DLC,Dalian,VOR-DME,38.96,121.513,112300,CN
DLC,Dillon,NDB,34.4501,-79.3688,274,US
DLE,Leine,VOR-DME,52.2503,9.8835,115200,DE
DLF,Laughlin,VORTAC,29.3609,-100.772,114400,US
DLG,Dillingham,VOR-DME,58.9942,-158.552,116400,US
DLH,Duluth,VORTAC,46.8022,-92.2029,112600,US
DLL,Dells,VORTAC,43.5509,-89.7636,117000,US
DLN,Deelen,TACAN,52.0572,5.87278,112200,NL
DLN,Dillon,VOR-DME,45.2486,-112.547,113000,US
DLQ,Deniliquin,NDB,-35.552,144.952,392,AU
DLS,Lubars,NDB,52.6139,13.3636,414,DE
DLZ,Delaware,NDB,40.277,-83.1033,215,US
DM,Zedang,NDB,29.2583,91.765,435,CN
DM,Debre Marcos,NDB,10.25,37.6667,235,ET
DM,Dumai,NDB,1.64389,101.457,343,ID
DM,Domodedovo,NDB,55.4517,37.8383,659,RU
DM,Salekhard,NDB,66.6117,66.705,315,RU
DM,Dar Es Salaam,NDB,-6.82269,39.2582,273,TZ
DM,Dmytrivka,NDB,45.4781,35.0534,690,UA
DM,Spenc,NDB,42.22,-83.2033,223,US
DMA,Davis Monthan,TACAN,32.1599,-110.881,117600,US
DMD,Dimmit County,NDB,28.5224,-99.8273,343,US
DMN,Deming,VORTAC,32.2756,-107.605,108600,US
DMN,Munchen,DME,48.3669,11.794,116000,DE
DMO,Sedalia,NDB,38.7044,-93.1766,281,US
DMR,Dimapur,VOR-DME,25.8808,93.7816,114500,IN
DMS,Munchen,DME,48.3407,11.7782,108600,DE
DMZ,Damazin,NDB,11.7909,34.3401,343,SD
DMZ,Dickson,NDB,36.1274,-87.4324,203,US
DN,Darwin,VOR-DME,-12.4231,130.90601,112600,AU
DN,Darwin,NDB,-12.4314,130.961,344,AU
DN,Dauphin,NDB,51.0981,-100.062,224,CA
DN,Sainshand,NDB,44.9041,110.126,380,MN
DN,Durban,NDB,-29.9108,31.0003,210,ZA
DN,Donetsk,NDB,48.0734,37.6664,390,UA
DN,Julip,NDB,40.2895,-87.5297,332,US
DNB,Dushanbe,VOR-DME,38.5417,68.8117,113600,TJ
DNC,Mostar,NDB,43.1375,17.8474,425,BA
DNC,Lanzhou,VOR-DME,36.515,103.625,114300,CN
DND,Dundee,NDB,56.4551,-3.11492,394,GB
DND,Dresden,DME,51.1295,13.7576,115400,DE
DNG,Dang,NDB,28.1117,82.2917,363,NP
DNI,Denison,NDB,33.824,-96.6697,341,US
DNJ,Donnelly,VORTAC,44.7671,-116.206,116200,US
DNO,Orcadas Del Sur,NDB,-60.7172,-44.7669,295,AQ
DNP,Dnipropetrovsk,VOR-DME,48.3595,35.1025,112500,UA
DNS,Denison,NDB,41.984,-95.3794,350,US
DNT,Nally Dunston,NDB,35.995,-89.4058,343,US
DNV,Durban,VORTAC,-29.9722,30.9512,112500,ZA
DNV,Danville,VORTAC,40.2938,-87.5572,111000,US
DNW,Dunoir,VOR-DME,43.8283,-110.335,117200,US
DNY,De Lancey,VOR-DME,42.1783,-74.9569,112100,US
DNZ,Dasht-E-Naz,VOR-DME,36.6446,53.1904,113100,IR
DNZ,Dasht-E-Naz,NDB,36.6701,53.1777,362,IR
DO,Kirundo,NDB,-2.54577,30.1042,295,BI
DO,Zhoukou,NDB,33.6167,114.65,409,CN
DO,Qingzhou,NDB,26.545,117.987,331,CN
DO,Djupivogur,NDB,64.6525,-14.2769,320,IS
DO,Dobo,NDB,-5.76655,134.198,305,ID
DO,Arrachart,NDB,-12.3463,49.2894,390,MG
DO,Dondo,NDB,-19.6238,34.7484,387,MZ
DO,Domodedovo,NDB,55.365,37.9417,659,RU
DO,Dodoma,NDB,-6.16884,35.7455,373,TZ
DO,Dobrushyn,NDB,45.3764,33.3601,118,UA
DO,Donetsk,NDB,48.0734,37.8084,390,UA
DO,Dotte,NDB,39.2209,-94.7499,359,US
DO,Dougy,NDB,45.8345,-89.7304,236,US
DO,Durazno,NDB,-33.3597,-56.5498,245,UY
DOB,Dobbins,TACAN,33.9146,-84.5073,113000,US
DOC,Donchon,VOR-DME,35.904,128.642,116500,KR
DOG,Dongola,VOR-DME,19.1826,30.4273,112300,SD
DOH,Doha,VOR-DME,25.2336,51.5772,112400,QA
DOL,Dolsko,VOR-DME,46.0841,14.7786,112700,SI
DOM,Dortmund,VOR-DME,51.7095,7.58713,112700,DE
DOM,Melville Hall,NDB,15.5509,-61.2956,273,DM
DON,Donetsk,VOR-DME,48.0718,37.7359,115000,UA
DON,Donna,NDB,55.4746,5.13306,355,DK
DON,Donaueschingen,DME,47.9607,8.52255,110550,DE
DOR,Wickede,VOR-DME,51.5253,7.63106,108650,DE
DOU,Doura,NDB,-22.1973,-54.9283,285,BR
DOV,Dover,TACAN,39.1323,-75.4673,110000,US
DOZ,Mendoza,VOR-DME,-32.8319,-68.7908,114900,AR
DP,Diepholz,NDB,52.5917,8.45342,325,DE
DP,Delhi,NDB,28.5834,76.9987,274,IN
DP,Khurba,NDB,50.4083,136.933,440,RU
DP,Dnipropetrovsk,NDB,48.357,35.0245,335,UA
DPA,Du Page,VOR-DME,41.8904,-88.3502,108400,US
DPE,Dieppe,VOR,49.9254,1.17064,115800,FR
DPG,Dugway,NDB,40.1824,-112.937,284,US
DPK,Deer Park,VOR-DME,40.7918,-73.3037,117700,US
DPN,Delhi,VOR-DME,28.5667,77.0949,116100,IN
DPO,Devonport,VOR-DME,-41.17,146.43401,116300,AU
DPO,Devonport,NDB,-41.1739,146.429,281,AU
DPR,Dupree,VORTAC,45.0781,-101.715,116800,US
DPY,Deer Park,NDB,47.9677,-117.426,216,US
DQN,Dayton,VOR-DME,40.0164,-84.3969,114500,US
DQO,Dupont,VORTAC,39.6781,-75.6071,114000,US
DQU,De Quincy,NDB,30.4355,-93.4668,410,US
DR,Delta Romeo,NDB,4.71913,-74.1597,264,CO
DR,Skurygino,NDB,55.2167,37.3667,415,RU
DR,Dar Es Salaam,NDB,-6.88528,39.2053,361,TZ
DR,Dnipropetrovsk,NDB,48.357,35.1731,335,UA
DR,Idder,NDB,30.7521,-93.3347,385,US
DR,Kotti,NDB,29.4427,-100.992,335,US
DRA,Drammen,VOR-DME,59.7333,10.1125,114800,NO
DRE,Drezdenko,VOR-DME,52.8168,15.8325,115300,PL
DRE,Drezdenko,NDB,52.8363,15.8414,440,PL
DRG,Dibrugarh,VOR-DME,27.4871,95.0211,117300,IN
DRK,Drake,VORTAC,34.7026,-112.48,114100,US
DRM,Drummond Island,NDB,46.0072,-83.7422,218,US
DRN,Dresden,VOR-DME,51.0155,13.5989,114350,DE
DRO,Durango,VOR-DME,37.1533,-107.75,108200,US
DRU,Drummond,VOR,46.6361,-113.187,117100,US
DRW,Drewitz,NDB,51.8967,14.5625,355,DE
DRZ,Deir Zzor,VOR-DME,35.2919,40.1538,117000,SY
DRZ,Deir Zzor,NDB,35.2892,40.1874,295,SY
DS,Heliushui,NDB,30.2,106.845,250,CN
DS,Dar Es Salaam,NDB,-6.92739,39.1536,283,TZ
DS,Forem,NDB,41.4822,-93.5806,344,US
DS,Urgut,NDB,39.4283,67.2433,635,UZ
DSD,Deschutes,VORTAC,44.2528,-121.304,117600,US
DSH,Dangshan,VOR-DME,30.1483,120.498,117300,CN
DSM,Des Moines,VORTAC,41.437,-93.6487,117500,US
DT,Daet,NDB,14.1335,122.983,215,PH
DT,Dyurtyuli,NDB,55.4758,54.8936,380,RU
DT,Revup,NDB,42.1201,-83.4317,388,US
DTA,Delta,VORTAC,39.3023,-112.506,116100,US
DTE,Mark Anton,NDB,35.482,-84.9309,394,US
DTI,Djibouti/Ambouli,VOR-DME,11.5488,43.0931,113900,DJ
DTI,Doti,NDB,29.2622,80.9367,393,NP
DTL,Detroit Lakes,VOR-DME,46.8255,-95.8874,111200,US
DTN,Downtown,VOR,32.5399,-93.7413,108600,US
DTS,Destin,NDB,30.4049,-86.4738,254,US
DTY,Daventry,VOR-DME,52.1803,-1.11389,116400,GB
DU,Dubbo,VOR-DME,-32.2195,148.578,114400,AU
DU,Dubbo,NDB,-32.2175,148.55901,251,AU
DU,Tokol,NDB,47.3091,19.0243,510,HU
DU,Kolkata,NDB,22.7402,88.4576,385,IN
DU,Durban,NDB,-30.0256,30.9058,393,ZA
DUA,Durant,NDB,33.9423,-96.3986,359,US
DUB,Dubai,VOR-DME,25.2545,55.3657,115700,AE
DUB,Dublin,VOR-DME,53.4994,-6.30711,114900,IE
DUC,Duncan,VOR-DME,34.3845,-97.9168,111000,US
DUG,Douglas,VORTAC,31.4727,-109.602,108800,US
DUR,Durazno,VOR-DME,-33.3563,-56.4961,117500,UY
DUS,Dusseldorf,VOR-DME,51.2832,6.75373,115150,DE
DUT,Dutch Harbor,NDB-DME,53.9052,-166.549,283,US
DV,Dar Es Salaam,VOR-DME,-6.88865,39.1927,112700,TZ
DV,Dzhubga,NDB,44.3167,38.7,420,RU
DV,Auney,NDB,41.6948,-90.6558,353,US
DVA,Deva,VOR-DME,45.828,22.9689,109800,RO
DVC,Dove Creek,VORTAC,37.8088,-108.931,114600,US
DVI,Donaueschingen,NDB,47.9607,8.52271,490,DE
DVK,Goodall,NDB,37.5764,-84.764,311,US
DVL,Deauville,VOR,49.3107,0.31272,110200,FR
DVL,Lilongwe,VOR-DME,-13.8126,33.8078,114900,MW
DVL,Devils Lake,VOR-DME,48.1152,-98.9125,111000,US
DVN,Drvenik,NDB,43.4467,16.1436,418,HR
DVR,Dover,VOR-DME,51.1625,1.35917,114950,GB
DVV,Mile High,VORTAC,39.8947,-104.624,114700,US
DVZ,Davie,NDB,35.9135,-80.4562,354,US
DW,Chaldovar,NDB,42.8167,73.55,768,KG
DW,Szczytno,NDB,53.4371,20.9123,288,PL
DW,Domodedovo,NDB,55.4533,37.875,437,RU
DW,Vorkuta,NDB,67.4883,63.9917,522,RU
DW,Nikolskoye,NDB,54.0333,49.1833,995,RU
DW,Davydo-Mykilske,NDB,48.5015,39.8401,111,UA
DW,Owaso,NDB,36.3074,-95.8753,375,US
DW,Kariba,NDB,-16.5145,28.8858,300,ZW
DWA,Dire Dawa,VOR-DME,9.63779,41.8489,117700,ET
DWG,Warrington,TACAN,30.4782,-86.5209,134500,US
DWH,David Hooks,NDB,30.1255,-95.5659,521,US
DWI,Dawei,VOR-DME,14.0982,98.1997,112000,MM
DWI,Dawei,NDB,14.1154,98.203,310,MM
DWI,Dortmund,NDB,51.5261,7.63439,357,DE
DWL,Willow,NDB,40.8728,-100.073,353,US
DWN,Darwin,VORTAC,45.0875,-94.4538,109000,US
DWN,Devnya,NDB,43.25,27.6542,350,BG
DX,Maksim Gorky,NDB,54.3,56.7833,126,RU
DXO,Detroit,VOR-DME,42.2131,-83.3667,113400,US
DXT,Dalton,NDB,42.4709,-73.1702,370,US
DXX,Dawson-Madison,NDB,44.9841,-96.1792,341,US
DY,Yabrai,NDB,39.4033,102.813,363,CN
DY,Lexey,NDB,39.3896,-94.6784,275,US
DY,Nagornaya,NDB,39.75,66.4,598,UZ
DYB,Diyarbakir,VOR-DME,37.8708,40.2086,109400,TR
DYB,Diyarbakir,NDB,37.8708,40.2086,330,TR
DYB,Dorchester Co,NDB,33.0613,-80.2773,365,US
DYL,Doylestown,NDB,40.3357,-75.1221,237,US
DYO,Smuto,NDB,43.7063,-72.9572,221,US
DYQ,Dulaney,NDB,36.1359,-82.8904,263,US
DYR,Dyersburg,VORTAC,36.0186,-89.3176,116800,US
DYS,Dyess,TACAN,32.4185,-99.8571,133600,US
DYS,Dysart,NDB,-22.5975,148.351,227,AU
DZ,Osh,NDB,40.5803,72.8447,780,KG
DZF,Dezful,TACAN,32.4163,48.4169,112500,IR
DZF,Dezful,NDB,32.438,48.3783,293,IR
DZG,Zhezkazgan,VOR-DME,47.7194,67.7592,113300,KZ
DZH,Zhonghe,VOR,36.235,103.8,116000,CN
DZM,Dumas,NDB,33.8844,-91.5315,305,US
DZP,Dzaoudzi Pamandzi,VOR-DME,-12.811,45.2809,113500,YT
E,Shymkent,NDB,42.3702,69.4516,733,KZ
E,Domodedovo,NDB,55.3883,37.9517,887,RU
E,Boryspil,NDB,50.3117,30.8785,405,UA
E,Odesa,NDB,46.4058,30.685,715,UA
E2,Tisdale,NDB,52.7981,-104.039,295,CA
E3,Wabasca,NDB-DME,55.9636,-113.824,361,CA
EA,Eastleigh,NDB,-1.26505,36.8679,256,KE
EA,Craiova,NDB,44.3195,23.9922,417,RO
EA,Anoke,NDB,40.6261,-99.0257,422,US
EA,Maggs,NDB,44.9447,-91.3737,239,US
EAD,Nevada,NDB,37.8589,-94.3027,209,US
EAG,Logrono,NDB,42.4513,-2.31474,399,ES
EAG,Eagle Grove,NDB,42.7086,-93.9106,302,US
EAL,Almagro,NDB,38.9522,-3.757,332,ES
EAR,Kearney,VOR,40.7256,-99.0051,111200,US
EAS,Southampton,NDB,50.955,-1.35612,392,GB
EAT,Wenatchee,VOR-DME,47.3997,-120.211,111000,US
EAU,Eau Claire,VORTAC,44.8977,-91.4785,112900,US
EAV,Evansville,NDB,66.8932,-151.564,391,US
EB,Matveyevsky,NDB,54.9333,83.0833,117,RU
EBA,El Borma,VOR,31.7059,9.25467,113800,TN
EBS,Webster City,NDB,42.4413,-93.8692,323,US
EBT,Valencia,NDB,39.623,-0.47208,386,ES
EC,Iquitos,NDB,-3.79616,-73.3261,335,PE
EC,Meggi,NDB,37.7912,-113.021,217,US
ECA,Manteca,VORTAC,37.8336,-121.171,116000,US
ECA,El Calafate,VOR-DME,-50.2783,-72.0456,114700,AR
ECA,El Calafate,NDB,-50.2847,-72.05,385,AR
ECB,Newcombe,VORTAC,38.1584,-82.9101,110400,US
ECB,El Cabo,NDB,12.1911,-72.1458,410,CO
ECG,Elizabeth City,VOR-DME,36.2576,-76.1756,112500,US
ECH,Echuca,NDB,-36.1654,144.765,341,AU
ECK,Peck,VORTAC,43.2559,-82.7179,114000,US
ECS,Newcastle,VOR,43.8812,-104.308,108200,US
ECV,Colmenar,NDB,40.6994,-3.76272,319,ES
ECY,Eunice,NDB,30.5598,-92.4481,263,US
ED,Yevlakh,NDB,40.6067,47.1833,409,AZ
ED,Echo Delta,NDB,4.76508,-74.2205,244,CO
ED,Ende,NDB,-8.84777,121.665,350,ID
ED,Koltsovo,NDB,56.7367,60.91,786,RU
EDE,Edenton,NDB,36.0254,-76.5665,265,US
EDF,Elmendorf,TACAN,61.255,-149.769,113400,US
EDJ,Bellefontaine,NDB,40.371,-83.8136,242,US
EDN,Enterprise,VOR,31.296,-85.9033,116600,US
EDN,Edinburgh,TACAN,-34.7047,138.61301,114700,AU
EDN,Edinburgh,NDB,-34.7069,138.632,311,AU
EDN,Edinburgh,NDB,55.9784,-3.28412,341,GB
EDR,Edremit,VOR-DME,39.5536,27.0083,109400,TR
EDR,Edremit,NDB,39.5536,27.0083,368,TR
EDS,Edisto,VOR-DME,33.4557,-80.8584,111400,US
EDW,Edwards,VORTAC,34.9824,-117.733,116400,US
EE,Tamie,NDB,45.7917,-95.3055,374,US
EEC,El Copero,NDB,37.3154,-6.00131,327,ES
EED,Needles,VORTAC,34.766,-114.474,115200,US
EEF,Elephant,NDB,58.171,-135.258,391,US
EEL,Eelde,VOR-DME,53.1639,6.66668,112400,NL
EEN,Keene,VORTAC,42.7943,-72.2918,109400,US
EEX,Emanuel Co,NDB,32.6665,-82.4527,309,US
EF,Champion,NDB,49.2561,-117.635,206,CA
EFC,Belle Fourche,NDB,44.7366,-103.859,269,US
EFD,Ellington,TACAN,29.606,-95.1597,109400,US
EFD,Erfurt,DME,50.9826,10.9577,112050,DE
EFK,Newport,NDB,44.9528,-72.1773,242,US
EFW,Jefferson,NDB,42.0136,-94.3427,391,US
EG,Chittagong,NDB,22.2513,91.8179,287,BD
EGE,Eagle,NDB,39.6466,-106.914,357,US
EGG,Eggenfelden,NDB,48.397,12.7498,393,DE
EGN,Aigina,NDB,37.7643,23.4238,382,GR
EGQ,Emmetsburg,NDB,43.1011,-94.7072,410,US
EGT,Wellington,NDB,37.3237,-97.3902,414,US
EGV,Eagle River,NDB,45.9327,-89.2632,341,US
EGY,English Bay,NDB,57.124,-170.272,374,US
EH,Egelsbach,NDB,49.9601,8.64263,386,DE
EHA,Elkhart,NDB,37.0011,-101.885,377,US
EHF,Shafter,VORTAC,35.4846,-119.097,115400,US
EHM,Cape Newenham,NDB-DME,58.6559,-162.076,385,US
EHV,Eindhoven,TACAN,51.4481,5.375,117200,NL
EI,Garfy,NDB,36.275,-97.7907,341,US
EIC,Belcher,VORTAC,32.7714,-93.8099,117400,US
EIL,Eielson,TACAN,64.6538,-147.09399,115100,US
EJA,Barrancabermeja,VOR-DME,7.02852,-73.8055,115900,CO
EJK,Greensboro,NDB,33.5949,-83.1407,397,US
EK,Gozzr,NDB,42.2593,-71.7361,417,US
EKI,Tekirdag,VOR-DME,40.9519,27.4267,116300,TR
EKN,Elkins,VORTAC,38.9144,-80.0993,114200,US
EKN,Enniskillen,NDB,54.3942,-7.64337,358,GB
EKN,Enniskillen,DME,54.3986,-7.65361,116750,GB
EKQ,Elk Spring,NDB,36.8562,-84.8529,290,US
EKR,Meeker,VOR-DME,40.0675,-107.925,115200,US
EKS,Ennis,NDB,45.2658,-111.651,286,US
EL,El,NDB,19.6246,96.1975,390,MM
EL,Ellidavatn,NDB,64.0811,-21.7708,335,IS
EL,Shalkar,NDB,47.8336,59.5197,440,KZ
EL,Koltsovo,NDB,56.745,60.7183,786,RU
EL,Valtr,NDB,31.8603,-106.318,242,US
EL,Halos,NDB,42.1101,-77.9151,269,US
ELA,Eagle Lake,VOR-DME,29.6625,-96.3172,116400,US
ELB,Elba,VORTAC,42.7307,10.3957,114700,IT
ELB,El Banco,VOR-DME,9.04528,-73.9672,114300,CO
ELB,El Toro,VOR-DME,33.676,-117.731,117200,US
ELB,Elba,NDB,42.7325,10.3939,360,IT
ELD,El Dorado,VORTAC,33.2562,-92.7439,115500,US
ELD,Eldoret,VOR-DME,0.4064,35.2311,114700,KE
ELF,Elefsis,TACAN,38.0651,23.5588,108200,GR
ELF,Elefsis,NDB,38.0656,23.56,418,GR
ELI,St Elie,NDB,4.82183,-53.2842,283,GF
ELI,Eldoret,NDB,0.39931,35.2127,373,KE
ELN,Ellensburg,VORTAC,47.0243,-120.458,117900,US
ELO,El Oued,VOR-DME,33.5106,6.78056,117600,DZ
ELO,Ely,VOR-DME,47.8219,-91.8301,109600,US
ELO,El Oued,NDB,33.5063,6.78777,358,DZ
ELO,El Dorado,NDB,6.73306,-61.5837,325,VE
ELP,El Paso,VORTAC,31.8159,-106.282,115200,US
ELQ,Emporia,NDB,36.618,-77.4255,261,US
ELU,Luxembourg,NDB,49.6797,6.35528,369,LU
ELV,East London,VORTAC,-33.037,27.823,114500,ZA
ELW,Eildon Weir,VOR,-37.2063,145.83501,112300,AU
ELW,Electric City,VORTAC,34.4192,-82.7847,108600,US
ELX,Keeler,VOR-DME,42.1444,-86.1226,116600,US
ELY,Ely,VOR-DME,39.2981,-114.848,110600,US
ELZ,Wellsville,VORTAC,42.0896,-77.9995,111400,US
EM,Egedesminde,NDB,68.71,-52.8433,215,GL
EM,Entebbe,NDB,0.13859,32.4247,355,UG
EMB,Embuguacu,NDB,-23.8507,-46.8163,525,BR
EMD,Emden,NDB,53.3939,7.24169,345,DE
EMG,Elm Grove,VORTAC,32.4002,-93.5951,111200,US
EMI,Westminster,VORTAC,39.495,-76.9786,117900,US
EML,Emerald,NDB,-23.5675,148.17101,324,AU
EMP,Emporia,VORTAC,38.2911,-96.1381,112800,US
EMR,Emory,NDB,33.4628,-81.9969,385,US
EMT,El Monte,NDB,34.0883,-118.031,359,US
EN,Essendon,NDB,-37.7267,144.911,356,AU
EN,Shymkent,NDB,42.3776,69.4169,360,KZ
EN,Enugu,NDB,6.47878,7.5888,394,NG
EN,Orebro,NDB,59.291,15.0651,400,SE
EN,Menderes,NDB,38.2667,27.1617,315,TR
EN,Rikky,NDB,41.2196,-95.8179,426,US
ENA,Kenai,VOR-DME,60.6147,-151.19501,117600,US
END,Vance,VORTAC,36.345,-97.9183,115400,US
END,Eggenfelden,DME,48.3944,12.7254,115400,DE
ENE,Kennebunk,VORTAC,43.4257,-70.6135,117100,US
ENG,Enugu,VOR-DME,6.46855,7.60122,115700,NG
ENH,Enshi,VOR-DME,30.2917,109.598,114700,CN
ENI,Mendocino,VORTAC,39.0532,-123.274,112300,US
ENL,Centralia,VORTAC,38.42,-89.159,115000,US
ENM,Emmonak,VOR-DME,62.7846,-164.48801,117800,US
ENN,Nenana,VORTAC,64.59,-149.073,115800,US
ENO,Smyrna,VORTAC,39.2317,-75.5159,111400,US
ENO,Mariano Moreno,VOR-DME,-34.5628,-58.7906,112900,AR
ENO,Enodak,VOR-DME,68.3813,23.4618,117100,FI
ENS,Yeniseysk,VOR-DME,58.4667,92.1183,112300,RU
ENS,Ennis,NDB,52.9052,-8.92777,352,IE
ENS,Ensenada,NDB,31.7959,-116.607,400,MX
ENW,Kenosha,VOR-DME,42.5991,-87.9317,109200,US
ENW,Emden,DME,53.3891,7.22914,115250,DE
ENY,Kennedy,NDB,46.5529,-90.9145,254,US
ENZ,Nogales,NDB,31.4214,-110.846,394,US
EOE,Enoree,NDB,34.3115,-81.636,278,US
EOG,Greensboro,NDB,32.6024,-87.6631,417,US
EOK,Keokuk,NDB,40.4647,-91.4336,366,US
EON,Peotone,VORTAC,41.2696,-87.7911,113200,US
EON,Leon,VOR-DME,42.5938,-5.64614,112000,ES
EOP,Waverly,NDB,39.1669,-82.9322,385,US
EOS,Neosho,VOR-DME,36.8424,-94.4357,117300,US
EPH,Ephrata,VORTAC,47.3779,-119.424,112600,US
EPL,Epinal,VOR,48.3178,6.05942,113000,FR
EPL,El Pinal,NDB,7.51861,-71.9637,237,VE
EPM,Epsom,NDB,51.3194,-0.37194,316,GB
EPM,Eastport,NDB,44.9125,-67.0122,260,US
EPO,Comandante Espora,NDB,-38.7339,-62.1628,370,AR
EPO,El Paso,NDB,4.47278,-75.5567,225,CO
EPP,Epping,NDB,-37.6717,145.026,377,AU
EPR,Epernon,VOR-DME,48.6257,1.65656,115650,FR
EQA,El Dorado,NDB,37.7795,-96.8164,383,US
EQQ,Coweta County,NDB,33.2568,-84.7127,234,US
EQU,Arequipa,VOR-DME,-16.3389,-71.5975,113700,PE
EQZ,Captain,NDB,38.8675,-85.973,308,US
ER,Yerevan,NDB,40.1459,44.4824,496,AM
ER,Yegorlykskaya,NDB,46.5833,40.6667,435,RU
ER,Ellisras,NDB,-23.7486,27.6233,345,ZA
ER,Erzurum,NDB,39.96,41.2947,434,TR
ER,Shein,NDB,29.915,-99.0094,263,US
ER,Esmer,NDB,42.0386,-80.2554,349,US
ERA,Errachidia,VOR-DME,31.9242,-4.36056,117100,MA
ERD,Erding,TACAN,48.3248,11.9528,113600,DE
ERD,Erdemir,NDB,41.2544,31.4183,401,TR
ERE,Ceres,VOR-DME,-29.8644,-61.8722,115500,AR
ERE,Eren,VOR-DME,43.6383,111.953,114900,CN
ERF,Erfurt,VOR-DME,50.9509,11.2367,113850,DE
ERH,Malatya,VOR,38.4633,38.1122,112000,TR
ERH,Erhac,TACAN,38.4416,38.0862,113500,TR
ERH,Erhac,NDB,38.4633,38.1122,421,TR
ERI,Erie,VORTAC,42.0174,-80.2927,109400,US
ERK,Erken,NDB,59.8962,18.3369,383,SE
ERL,Erlangen,VOR-DME,49.6554,11.1508,114900,DE
ERN,Erzincan,VOR-DME,39.7083,39.5292,112700,TR
ERN,Erzincan,NDB,39.7083,39.5292,430,TR
ERO,Quintero,NDB,-32.7389,-71.4967,384,CL
ERP,Eirunepe,NDB,-6.661,-69.8725,265,BR
ERT,Erfurt,NDB,50.9826,10.923,425,DE
ERV,Ellisras,VOR-DME,-23.6252,27.9644,116300,ZA
ERY,Newberry,VOR-DME,46.3128,-85.4643,108200,US
ERZ,Erzurum,TACAN,39.9588,41.1531,111400,TR
ERZ,Erzurum,VOR-DME,39.9575,41.2072,115500,TR
ERZ,Erzurum,NDB,39.9564,41.2069,354,TR
ES,Egilsstadir,NDB,65.2385,-14.452,365,IS
ES,Eshowe,NDB,-28.8883,31.4483,203,ZA
ES,Andra,NDB,31.3921,-92.182,223,US
ES,Pikle,NDB,45.7227,-87.2248,344,US
ESC,Soto Cano,VORTAC,14.3919,-87.6221,114900,HN
ESC,Escanaba,VOR-DME,45.7226,-87.0896,110800,US
ESF,Esler,VORTAC,31.4475,-92.3219,117900,US
ESG,Rollins,NDB,43.2201,-70.8283,260,US
ESH,Shahid Vatan Pour,NDB,32.5665,51.6937,413,IR
ESK,Eskisehir,TACAN,39.7837,30.6063,114400,TR
ESL,East Sale,TACAN,-38.1022,147.15401,113500,AU
ESL,Kessel,VOR-DME,39.2255,-78.9895,110800,US
ESL,East Sale,NDB,-38.1114,147.159,350,AU
ESM,Esmeraldas,NDB,0.97083,-79.6294,215,EC
ESN,Easton,NDB,38.8049,-76.0694,212,US
ESP,Espichel,VORTAC,38.4243,-9.18578,112500,PT
ESP,Esperance,VOR-DME,-33.6806,121.824,114200,AU
ESP,Esperance,NDB,-33.6869,121.827,326,AU
ESP,Espoo,NDB,60.2483,24.7964,381,FI
ESQ,Esquel,VOR-DME,-42.8872,-71.1003,117800,AR
ESR,Eskisehir,VOR-DME,39.8131,30.5097,108200,TR
ESR,Eskisehir,NDB,39.8131,30.5211,372,TR
ESS,Essaouira,VOR-DME,31.4012,-9.68696,112700,MA
ESS,Esse,NDB,63.6368,23.109,398,FI
ESS,Wessels,NDB,59.4266,-146.343,260,US
EST,Estherville,VOR,43.4091,-94.7444,110400,US
ESU,Summerdale,NDB,30.4994,-87.7258,204,US
ESV,Esmeraldas,VOR-DME,0.98908,-79.6267,115700,EC
ET,Bethel,NDB,60.7966,-161.821,344,US
ETC,Tarboro,NDB,35.9354,-77.5464,257,US
ETG,Keating,VORTAC,41.215,-78.1428,116000,US
ETH,Wheaton,NDB,45.7833,-96.5469,326,US
ETI,Etimesgut,TACAN,39.9575,32.6746,116600,TR
ETL,Cones,VOR-DME,38.0403,-108.259,110200,US
ETX,East Texas,VOR-DME,40.581,-75.684,110200,US
EU,Frakk,NDB,44.2128,-123.22,260,US
EUD,York,NDB,39.92,-76.8776,254,US
EUF,Eufaula,VORTAC,31.9502,-85.1305,109200,US
EUG,Eugene,VORTAC,44.1209,-123.223,112900,US
EUR,Eurach,VOR-DME,47.735,11.2494,115200,DE
EUR,Eureka,NDB,48.9639,-115.092,392,US
EUU,Jnall,NDB,35.6068,-78.3544,251,US
EV,Inuvik,NDB,68.3261,-133.593,254,CA
EV,Vicci,NDB,38.1267,-87.4408,219,US
EVD,Evenes,VOR-DME,68.4573,16.6817,117350,NO
EVG,El Vigia,NDB,8.6225,-71.6645,393,VE
EVM,Eveleth,VOR-DME,47.4244,-92.5019,108200,US
EVS,Evenes,TACAN,68.4913,16.6751,134000,NO
EVU,Emville,NDB,40.3483,-94.9155,317,US
EVW,Evanston,VOR-DME,41.2725,-111.047,109600,US
EVX,Evreux,VORTAC,49.0317,1.22086,112400,FR
EVZ,Cartersville,NDB,34.1996,-84.8431,308,US
EW,Katfi,NDB,35.0214,-77.0796,362,US
EW,Nefor,NDB,41.6216,-71.0177,274,US
EW,Chesa,NDB,40.5937,-74.23,241,US
EWA,Kewanee,VORTAC,32.3668,-88.4584,113800,US
EWC,Ellwood City,VORTAC,40.8252,-80.2116,115800,US
EWK,Newton,NDB,38.0641,-97.2735,281,US
EWM,Newman,VORTAC,31.9517,-106.272,112400,US
EWN,New Bern,VOR-DME,35.0731,-77.0451,113600,US
EWO,New Hope,VOR-DME,37.6318,-85.6759,110800,US
EWP,Newport,NDB,35.642,-91.1807,400,US
EX,Rutland,NDB,49.9397,-119.376,374,CA
EY,Kaukey,NDB,45.2667,61.7667,510,KZ
EY,Chesi,NDB,36.5998,-76.3819,233,US
EYA,Eastport,NDB,30.4236,-81.6094,357,US
EYP,El Yopal,VOR-DME,5.27694,-72.4258,115600,CO
EYQ,Weiser,NDB,29.9339,-95.641,286,US
EYW,Key West,VORTAC,24.5859,-81.8005,113500,US
EZ,Lizah,NDB,40.6073,-74.218,373,US
EZA,Elorza,NDB,7.05833,-69.492,240,VE
EZE,Ezeiza,VOR-DME,-34.8242,-58.5353,116500,AR
EZE,Engel,NDB,41.4889,-81.7228,226,US
EZF,Shannon,NDB,38.2664,-77.4508,237,US
EZI,Kewanee,NDB,41.2011,-89.9593,245,US
EZM,Eastman,NDB,32.1342,-83.1539,366,US
EZS,Elazig,VOR-DME,38.7069,39.2244,114700,TR
EZS,Elazig,NDB,38.6065,39.2988,338,TR
EZY,Elk City,NDB,35.4259,-99.3981,241,US
EZZ,Cameron,NDB,39.7292,-94.2722,394,US
F,Formosa,NDB,-26.2324,-58.2384,300,AR
F,Rosario,NDB,-32.8824,-60.7797,305,AR
F,Sofia,NDB,42.6972,23.3761,375,BG
F,Pruszcz Gdanski,NDB,54.2451,18.6993,300,PL
F,Ivano-Frankovsk,NDB,48.8797,24.7149,598,UA
F,Simferopol,NDB,45.0761,33.9818,285,UA
F,Yuzhny,NDB,41.2614,69.3102,588,UZ
F4,Little Cornwallis Island,NDB,75.3941,-96.946,402,CA
F6,Chetwynd,NDB,55.6944,-121.537,210,CA
F7,Georgian Bay,NDB,45.2689,-79.8367,353,CA
F8,Victoriaville,NDB,46.1106,-71.9271,384,CA
F9,Miramichi,NDB,47.01,-65.4675,520,CA
F9,Miramichi,DME,47.0094,-65.4669,110900,CA
FA,Faleolo,VOR-DME,-13.8243,-171.989,113900,WS
FA,Sarh,NDB,9.15111,18.3794,429,TD
FA,Tahiti Faaa,NDB,-17.553,-149.614,305,PF
FA,Fak Fak,NDB,-2.9335,132.248,380,ID
FA,Faisalabad,NDB,31.3703,72.995,212,PK
FA,Wearr,NDB,64.8998,-147.707,510,US
FA,Faleolo,NDB,-13.8228,-172.017,270,WS
FA,Victoria Falls,NDB,-18.0703,25.765,256,ZW
FAF,Felker,NDB,37.1388,-76.6186,226,US
FAG,Antofagasta,VOR-DME,-23.4669,-70.4478,114900,CL
FAH,Falls,VOR-DME,43.7689,-87.8483,110000,US
FAI,Fairbanks,VORTAC,64.8001,-148.01199,108600,US
FAK,Flat Rock,VORTAC,37.5285,-77.8282,113300,US
FAL,Falconara,TACAN,43.5769,13.2995,109800,IT
FAL,Falconara,NDB,43.6282,13.3735,358,IT
FAM,Farmington,VORTAC,37.6734,-90.234,115700,US
FAR,Fargo,VORTAC,46.7534,-96.8513,116200,US
FAR,Faro,NDB,37.0087,-7.92593,332,PT
FAU,Fairview,NDB,36.2852,-98.478,246,US
FAY,Fayetteville,VOR-DME,34.9855,-78.8751,108800,US
FB,Tramandai,NDB,-29.9963,-50.145,300,BR
FB,Kaiyuan,NDB,42.5667,124.017,512,CN
FB,Kolpashevo,NDB,58.37,82.9167,410,RU
FB,Ficksburg,NDB,-28.8275,27.9025,390,ZA
FBC,FLAG CITY,VORTAC,40.9553,-83.756,108200,US
FBR,Fort Bridger,VOR-DME,41.3784,-110.424,108600,US
FBS,Forbes,NDB,-33.3642,147.92799,486,AU
FBU,Bouar,NDB,5.95413,15.6392,388,CF
FBY,Fairbury,NDB,40.1767,-97.1659,293,US
FC,Fredericton,NDB,45.9173,-66.5997,326,CA
FC,Fujiazhuang,NDB,38.8733,121.637,414,CN
FC,Dalverzin,NDB,40.4,69.2833,955,UZ
FCA,Kalispell,VOR-DME,48.2141,-114.176,113200,US
FCH,Chandler,NDB,36.7239,-119.834,344,US
FCM,Flying Cloud,VOR-DME,44.8257,-93.4568,111800,US
FCS,Butts,VOR-DME,38.6807,-104.757,108800,US
FCY,Forrest City,NDB,34.941,-90.7736,332,US
FD,Brantford,NDB,43.0734,-80.4162,207,CA
FD,Earli,NDB,36.6691,-90.3284,278,US
FD,Tashkent,NDB,41.2646,69.3437,285,UZ
FDF,Fayette,NDB,33.7146,-87.8136,204,US
FDK,Frederick,VOR,39.4122,-77.3751,109000,US
FDO,San Fernando,VOR-DME,-34.4514,-58.5842,114400,AR
FDR,Frederick,NDB,34.3538,-98.9865,222,US
FDV,Fort Davis,NDB,64.4946,-165.314,529,US
FDW,Winnsboro,NDB,34.3144,-81.1127,414,US
FE,Forestville,NDB,48.73,-69.1633,239,CA
FE,Fiumicino,NDB,41.8314,12.3511,354,IT
FE,Oktyabrsky,NDB,54.2333,38.9,570,RU
FE,Kukan,NDB,49.2167,133.45,942,RU
FER,Ferrara,NDB,44.8144,11.6164,427,IT
FES,Saiss,VOR-DME,33.9275,-5.01361,115700,MA
FES,Festus,NDB,38.1959,-90.3876,269,US
FEU,Arnold,NDB,38.2147,-84.8198,521,US
FF,Flic -eE --lFc,NDB,-20.2816,57.3717,258,MU
FF,Pecat,NDB,33.3006,-84.4864,316,US
FF,Five Finger,NDB,57.2714,-133.63,295,US
FFA,Fairford,TACAN,51.6817,-1.79761,113400,GB
FFF,Plymouth,NDB,41.8475,-70.8027,257,US
FFL,Fairfield,NDB,41.0111,-91.9885,332,US
FFM,Frankfurt,VORTAC,50.0537,8.63709,114200,DE
FFM,Fergus Falls,VOR-DME,46.2893,-96.1567,110400,US
FFO,Patterson,TACAN,39.819,-84.0555,115200,US
FFT,Frankfort,VOR,38.1824,-84.9086,109400,US
FFU,Fairfield,VORTAC,40.2749,-111.941,116600,US
FFZ,Falcon Fld,NDB,33.4619,-111.733,281,US
FGI,Figari,VOR-DME,41.5022,9.08342,116700,FR
FGN,Fazenda Guanabara,NDB,-14.7773,-57.1935,335,BR
FGP,Fort Bragg,NDB,35.1388,-78.8125,393,US
FGR,Figueiras,NDB,-29.9982,-50.9752,275,BR
FGT,Farmington,VORTAC,44.6309,-93.1821,115700,US
FGX,Flemingsburg,NDB,38.5381,-83.7469,400,US
FH,Frederikshab,NDB,61.9958,-49.6478,331,GL
FH,Faranah,NDB,10.051,-10.7602,350,GN
FHA,Friedrichshafen,NDB,47.6812,9.53778,473,DE
FHD,Fahud,VOR-DME,22.3487,56.4854,112500,OM
FHD,Friedrichshafen,DME,47.6664,9.50886,112600,DE
FHN,Fahud,NDB,22.3453,56.4878,267,OM
FHR,Friday Harbor,NDB,48.5268,-123.028,284,US
FHU,Sierra Vista Muni/Libby Aaf,VOR,31.5897,-110.355,113600,US
FI,Golitsyno,NDB,53.6,44.1167,490,RU
FIL,Filadelfia,NDB,-22.3592,-60.035,345,PY
FIL,Horta,NDB,38.5225,-28.6859,380,PT
FIM,Fillmore,VORTAC,34.3567,-118.881,112500,US
FIN,Finschhafen,NDB-DME,-6.61498,147.858,232,PG
FIO,Fiora,NDB,10.4483,-84.4667,212,CR
FIQ,Fiddlers,NDB,35.7102,-81.6713,391,US
FIS,Fiska,NDB,41.0986,22.9917,314,GR
FIS,Fish Hook,NDB,24.5483,-81.7864,332,US
FIT,Fitchburg,NDB,42.5509,-71.7571,365,US
FJ,Chaoyang,NDB,41.5833,120.433,226,CN
FJ,Fjortoft,NDB,62.6938,6.42721,329,NO
FJ,Luuce,NDB,27.4969,-80.4747,338,US
FJC,Allentown,VORTAC,40.7267,-75.4548,117500,US
FJC,Fujiachang,VOR-DME,29.9283,104.305,113900,CN
FJO,Dzaoudzi Pamandzi,NDB,-12.8019,45.2819,341,YT
FJR,Fujairah,VOR-DME,25.1017,56.3519,114700,AE
FJR,Mediterranee,VOR-DME,43.5784,3.97472,114450,FR
FJS,Fort Jones,VOR-DME,41.4497,-122.806,109600,US
FK,Junction,NDB,49.2631,-57.3081,335,CA
FK,Fukang,NDB,44.1667,87.9833,369,CN
FK,Fakarava,NDB,-16.0556,-145.65401,393,PF
FK,Palangkaraya,NDB,-2.22515,113.946,250,ID
FK,Samara,NDB,53.5267,50.2217,287,RU
FK,Magadan,NDB,59.9133,150.61501,375,RU
FK,Gagarin,NDB,55.55,35.0333,985,RU
FK,Airbe,NDB,36.737,-87.4138,273,US
FKE,Fukushima,VOR-DME,37.2243,140.437,113450,JP
FKG,Fukang,VOR-DME,44.1667,87.9833,116300,CN
FKL,Franklin,VOR,41.4386,-79.8568,109600,US
FKN,Franklin,VORTAC,36.7142,-77.0123,110600,US
FKR,Frankfort,NDB,40.2705,-86.5627,278,US
FKV,Flowery Branch,NDB,34.2034,-83.9063,365,US
FL,Ndjamena,VOR-DME,12.1417,15.0383,115300,TD
FL,Wuji,NDB,38.2467,114.892,272,CN
FL,Jiffy,NDB,32.9958,-97.0296,219,US
FL,Alcot,NDB,34.174,-79.8525,335,US
FLA,Florencia,VOR-DME,1.48585,-75.4891,112400,CO
FLD,Friedland,VOR-DME,53.7627,13.5631,117150,DE
FLD,Fond Du Lac,NDB,43.7695,-88.4846,248,US
FLE,Flesland,TACAN,60.3,5.21359,114500,NO
FLG,Fuling,VOR-DME,29.6967,107.375,114000,CN
FLG,Flagstaff,VOR-DME,35.1472,-111.674,113850,US
FLI,Flinders Island,NDB,-40.0956,148.015,296,AU
FLL,Fort Lauderdale,VOR-DME,26.0747,-80.1525,114400,US
FLM,Falmouth,VOR-DME,38.6495,-84.3106,117000,US
FLN,Florianopolis,NDB,-27.6917,-48.4981,295,BR
FLO,Florence,VORTAC,34.2329,-79.6571,115200,US
FLO,Flora,VOR-DME,50.8767,5.13444,112050,BE
FLO,Floro,VOR-DME,61.5816,5.02018,112300,NO
FLO,Flores,NDB,39.4461,-31.1677,270,PT
FLP,Flippin,VOR-DME,36.2996,-92.4584,112800,US
FLR,Floresti,VOR-DME,44.5008,25.7082,112200,RO
FLR,Flornes,NDB,63.459,11.3407,380,NO
FLS,Flesland,VOR-DME,60.3113,5.21219,115550,NO
FLU,Fluminense,NDB,-22.6489,-40.4286,275,BR
FLU,Faya Largeau,NDB,17.9211,19.113,300,TD
FLV,Fleinvaer,NDB,67.1608,13.7702,374,NO
FLW,Fellows,VORTAC,35.0931,-119.866,117500,US
FLZ,Fortaleza,VOR-DME,-3.77227,-38.5477,114100,BR
FLZ,Fortaleza,NDB,-3.76984,-38.5277,260,BR
FM,Linli,NDB,29.35,111.633,365,CN
FM,Fua Amotu,NDB,-21.2683,-175.144,245,TO
FM,Caloo,NDB,26.5161,-81.9503,341,US
FMD,Fischamend,VOR-DME,48.1051,16.6293,110400,AT
FMG,Mustang,VORTAC,39.5313,-119.656,117900,US
FMH,Otis,TACAN,41.6596,-70.5139,115800,US
FMH,Otis,NDB,41.7326,-70.4409,362,US
FML,Fort Mill,VORTAC,34.9891,-80.9548,112400,US
FMT,Hofu,TACAN,34.0383,131.54601,113000,JP
FMZ,Beklof,NDB,40.59,-97.568,392,US
FN,Fangatau,NDB,-15.8178,-140.883,339,PF
FN,Fiumicino,NDB,41.9107,12.2346,421,IT
FN,Finndal,NDB,59.1577,9.55911,368,NO
FN,Dushanbe,NDB,38.5433,68.755,372,TJ
FN,Colln,NDB,40.3632,-104.971,400,US
FN,Hillz,NDB,41.7517,-90.3905,517,US
FN,Petli,NDB,42.9681,-83.8901,269,US
FN,Futuna,NDB,-14.32,-178.05299,326,WF
FNA,Florenville,NDB,30.4156,-89.8201,371,US
FNB,Brenner,NDB,40.0763,-95.5869,404,US
FNC,Enrique Jimenez,VOR-DME,9.36242,-79.8656,109000,PA
FND,La Tontouta,NDB,-22.0002,166.188,354,NC
FND,Ellicott,NDB,39.2874,-76.777,371,US
FNL,Fenland,NDB,52.7416,-0.02794,401,GB
FNO,Fernando,VOR-DME,-3.8702,-32.4293,113700,BR
FNT,Flint,VORTAC,42.9668,-83.747,116900,US
FNY,Doncaster,NDB,53.4748,-1.00172,338,GB
FNZ,Ferdinand,NDB,38.2487,-86.8379,239,US
FO,Flin Flon,NDB,54.6753,-101.669,250,CA
FO,Baiyun,NDB,23.1383,113.242,411,CN
FO,Fukuoka,NDB,33.6749,130.39101,203,JP
FO,Vanavara,NDB,60.3667,102.3,375,RU
FO,Riply,NDB,38.8849,-95.5815,326,US
FO,Barro,NDB,42.5145,-94.3056,341,US
FO,Squir,NDB,40.9045,-72.5565,400,US
FOA,Elm River,NDB,38.6689,-88.4531,353,US
FOC,Fuzhou,VOR-DME,25.94,119.662,116800,CN
FOD,Fort Dodge,VORTAC,42.6112,-94.2948,113500,US
FOE,Forbes,TACAN,38.9474,-95.6612,111600,US
FOF,Fort De France,VOR-DME,14.5907,-61.0228,113300,MQ
FOF,Fort De France,NDB,14.5891,-61.0013,329,MQ
FOG,Foggia,VOR,41.4295,15.5314,114200,IT
FOG,Foggia,NDB,41.4308,15.5314,340,IT
FOK,Suffolk Co,TACAN,40.8378,-72.6318,111000,US
FOR,Forli,NDB,44.2481,11.9247,423,IT
FOR,Forsol,NDB,70.7204,23.8323,318,NO
FOR,Forsyth,NDB,46.2694,-106.518,236,US
FOS,Fairoaks,NDB,51.3474,-0.56543,348,GB
FOT,Fortuna,VORTAC,40.6713,-124.235,114000,US
FOW,Halfway,VOR-DME,44.2044,-93.3705,111200,US
FOX,Fox,NDB,64.969,-147.58,356,US
FOY,Foynes,NDB,52.5663,-9.19541,395,IE
FOZ,Foz,VOR-DME,-25.5833,-54.5035,112100,BR
FOZ,Foz,NDB,-25.5312,-54.5705,410,BR
FOZ,Bigfork,NDB,47.7835,-93.6539,345,US
FPB,Beira,NDB,-12.431,-64.4255,240,BR
FPN,Fredericks Point,NDB,56.7923,-132.821,372,US
FPR,Fort Pierce,NDB,27.4867,-80.3733,275,US
FPY,Foley,NDB,29.9961,-83.5863,254,US
FQ,Fukui,NDB,36.1754,136.22,400,JP
FQF,Falcon,VORTAC,39.6901,-104.621,116300,US
FQG,Fuqing,VOR-DME,25.74,119.383,117400,CN
FQM,Williamsport,VOR-DME,41.3386,-76.7749,114400,US
FQW,Walter Hill,NDB,35.9611,-86.3711,371,US
FR,Fort Resolution,NDB,61.1542,-113.639,274,CA
FR,Wufengxi,NDB,30.6067,104.477,312,CN
FR,Foxtrot Romero,NDB,61.4185,21.927,375,FI
FR,Frankfurt,NDB,50.0657,8.68349,297,DE
FR,Monrovia Roberts,NDB,6.21621,-10.3833,263,LR
FR,Bir Moghrein,NDB,25.2165,-11.5838,408,MR
FR,Frikk,NDB,40.7765,-73.4824,407,US
FRA,Friant,VORTAC,37.1044,-119.595,115600,US
FRA,Sarajevo,NDB,43.8245,18.334,436,BA
FRA,Fora,NDB,-21.7678,-43.3837,173,BR
FRC,Franca,NDB,-20.5837,-47.3825,405,BR
FRD,Frankfurt,DME,50.0305,8.56705,115900,DE
FRE,Freistadt,VOR-DME,48.4318,14.1298,113500,AT
FRH,Faranah,VOR,10.0509,-10.76,112100,GN
FRI,Fort Riley,VOR,38.9702,-96.861,109400,US
FRI,Fribourg,VOR-DME,46.7776,7.2235,110850,CH
FRK,Fairoaks,DME,51.3474,-0.56543,109850,GB
FRM,Formosa,VOR-DME,-15.5576,-47.3471,114100,BR
FRM,Fairmont,VOR-DME,43.646,-94.4226,110200,US
FRM,Formosa,NDB,-15.5513,-47.3462,210,BR
FRS,Frosinone,VOR-DME,41.6422,13.295,115600,IT
FRS,Flores,VOR-DME,39.4536,-31.2104,113300,PT
FRS,Frosinone,NDB,41.6439,13.2897,371,IT
FRT,Forrest,NDB,-30.855,128.099,268,AU
FRT,Fairmont,NDB,34.9024,-81.9848,248,US
FRT,Haastrecht,DME,52.0043,4.76913,117150,NL
FRT,Lelystad,DME,52.45,5.50772,111400,NL
FRV,Franceville,VOR-DME,-1.65308,13.4439,116100,GA
FRV,Franceville,NDB,-1.60342,13.3993,295,GA
FRZ,Firenze,VORTAC,44.0272,11.0033,115200,IT
FS,Fort Simpson,NDB,61.7858,-121.261,375,CA
FS,Fjellstad,NDB,68.5986,16.6707,396,NO
FS,Ust-Tsilma,NDB,65.4003,52.2,780,RU
FS,Rokky,NDB,43.4942,-96.8288,245,US
FS,Wizer,NDB,35.3542,-94.2171,223,US
FSA,Formosa,VOR-DME,-26.2103,-58.2247,115600,AR
FSA,Fasa,NDB,28.8961,53.7228,216,IR
FSB,Fassberg,NDB,52.9158,10.1881,284,DE
FSD,Sioux Falls,VORTAC,43.6495,-96.7812,115000,US
FSE,Fosston,NDB,47.5897,-95.7698,224,US
FSG,Fursatganj,VOR-DME,26.2508,81.3778,114300,IN
FSK,Fiska,VOR-DME,41.0997,22.9922,116400,GR
FSK,Fauske,NDB,67.2641,15.1404,326,NO
FSK,Fort Scott,NDB,37.7969,-94.7656,379,US
FSM,Fort Smith,VORTAC,35.3884,-94.2715,110400,US
FSR,El Fashir,VOR-DME,13.6105,25.3293,115000,SD
FSR,El Fashir,NDB,13.6243,25.3264,394,SD
FST,Fort Stockton,VORTAC,30.9521,-102.976,116900,US
FT,Fleten,NDB,61.3518,5.55276,345,NO
FT,Pruszcz Gdanski,NDB,54.2405,18.7459,618,PL
FT,Flanc,NDB,33.7624,-84.6389,344,US
FT,Mufin,NDB,32.893,-97.3735,365,US
FT,Skipi,NDB,39.7919,-104.434,321,US
FTI,Fort Union,VORTAC,35.6576,-105.136,117300,US
FTK,Fort Knox,VOR-DME,37.9074,-85.9729,109600,US
FTM,Fatima,VOR-DME,39.6661,-8.49321,113500,PT
FTO,Yukon River,NDB,66.58,-145.213,242,US
FTP,Fort Payne,NDB,34.5211,-85.6733,426,US
FTR,Fronteira,NDB,-20.277,-49.1896,220,BR
FTT,Guthrie,NDB,38.8428,-92.0046,317,US
FTV,Francistown,VOR-DME,-21.1626,27.4739,112400,BW
FTV,Fuerteventura,VOR-DME,28.4308,-13.8645,114100,ES
FTZ,Foristell,VORTAC,38.6945,-90.9713,110800,US
FTZ,Fitzroy Crossing,NDB,-18.1847,125.557,407,AU
FTZ,Fritzlar,NDB,51.0843,9.41524,468,DE
FU,Hamburg West,NDB,53.5755,9.87581,351,DE
FU,Fukue,NDB,32.6708,128.83099,263,JP
FU,Funafuti,NDB-DME,-8.523,179.203,340,TV
FUE,Fukue,VOR-DME,32.6686,128.827,115800,JP
FUJ,Fujairah,NDB,25.1022,56.3506,400,AE
FUL,Fulda,VOR-DME,50.5925,9.57217,112100,DE
FUN,Madeira,VOR-DME,32.747,-16.7057,112200,PT
FUR,Furnas,NDB,-20.704,-46.3378,390,BR
FUZ,Ranger,VORTAC,32.8895,-97.1794,115700,US
FV,Nizhneudinsk,NDB,54.8533,99.125,526,RU
FV,Venev,NDB,54.35,38.2333,335,RU
FV,Larez,NDB,39.7864,-86.1962,349,US
FVE,Frenchville,NDB,47.2681,-68.2567,257,US
FVX,Farmville,NDB,37.3529,-78.438,367,US
FW,Frankfurt,NDB,50.005,8.42955,382,DE
FW,Fiumicino,NDB,41.8809,12.1988,345,IT
FW,Hoagy,NDB,40.9305,-85.1196,251,US
FWA,Fort Wayne,VORTAC,40.9791,-85.1881,117800,US
FWC,Wayne County,NDB,38.38,-88.4098,257,US
FWE,Furstenwalde,VOR-DME,52.4113,14.1306,113300,DE
FX,Praiz,NDB,26.1856,-80.2985,221,US
FXC,Cayenne,NDB,4.82464,-52.3629,327,GF
FXE,Europa,NDB,-22.3341,40.3509,352,FR
FXJ,Juan De Nova,NDB,-17.05,42.75,337,AQ
FXM,Iconi,NDB,-11.6886,43.2465,387,KM
FXR,St Denis Gillot,NDB,-20.8927,55.5262,382,RE
FXT,Tromelin,NDB,-15.8956,54.5108,366,AQ
FXU,Polk,VORTAC,31.1116,-93.2179,108400,US
FXY,Forest City,NDB,43.2353,-93.6211,359,US
FXZ,Grande Glorieuse,NDB,-13.5515,47.2837,335,AQ
FY,Ferry,NDB,-41.3918,175.149,226,NZ
FYE,Somerville,NDB,35.2058,-89.3924,255,US
FYM,Fayoum,VOR-DME,29.3975,30.3931,117300,EG
FYU,Fort Yukon,VORTAC,66.5743,-145.27699,114400,US
FYU,Fuyu,VOR-DME,44.9117,124.805,113700,CN
FZ,Tunli,NDB,37.4517,121.178,247,CN
FZ,Eaves,NDB,38.677,-90.5476,227,US
FZI,Fostoria,NDB,41.1889,-83.3963,379,US
FZK,Wausau,NDB,44.9278,-89.6253,243,US
FZT,Frankston,VOR-DME,32.0746,-95.5308,111400,US
G,Rio Gallegos,NDB,-51.607,-69.2741,255,AR
G,General Pico,NDB,-35.715,-63.7503,307,AR
G,Gorna,NDB,43.1544,25.6858,335,BG
G,Ciego De Avila,NDB,22.0161,-78.8136,360,CU
G,Szeged,NDB,46.2606,20.0907,345,HU
G,Vnukovo,NDB,55.5833,37.2283,595,RU
G,Kryvyi Rih,NDB,48.0631,33.2111,697,UA
G,Luhansk,NDB,48.414,39.4067,617,UA
G6,La Biche River,NDB,60.1286,-124.051,391,CA
GA,Muyinga,NDB,-2.84396,30.3461,345,BI
GA,Gardur,NDB,65.8778,-17.4633,377,IS
GA,Mataram,NDB,-8.56355,116.099,330,ID
GA,Garissa,NDB,-0.41667,39.6833,371,KE
GA,Altai,NDB,46.3644,96.2911,364,MN
GA,Goroka,NDB,-6.07782,145.39,173,PG
GA,Naryan-Mar,NDB,67.64,53.125,680,RU
GAB,Gabes,VOR-DME,33.7322,9.92019,115400,TN
GAB,Gabi,NDB,-26.3727,-48.7243,245,BR
GAC,Gacko,NDB,43.1429,18.5583,370,BA
GAD,Ghadames,VOR-DME,30.165,9.74222,115800,LY
GAD,Gadsden,VOR-DME,33.9764,-86.0836,112300,US
GAF,Gafsa,VOR-DME,34.4206,8.82408,109000,TN
GAG,Gage,VORTAC,36.3437,-99.8801,115600,US
GAI,Gaillac,VOR,43.9541,1.82417,115800,FR
GAI,Gaithersburg,NDB,39.1697,-77.1659,385,US
GAK,Sioux Gateway,NDB,42.4081,-96.386,233,US
GAL,Galena,VORTAC,64.7382,-156.77699,114800,US
GAL,Rio Gallegos,VOR-DME,-51.611,-69.3302,116700,AR
GAL,Rio Gallegos,NDB,-51.625,-69.2844,330,AR
GAL,Giallo,NDB,28.6939,21.4394,273,LY
GAM,Gamston,VOR-DME,53.2814,-0.94722,112800,GB
GAM,Gambell,NDB-DME,63.782,-171.737,369,US
GAN,Gan Island,VOR-DME,-0.69427,73.1555,113400,MV
GAO,Gao,VOR,16.2379,-0.0265,112300,ML
GAO,Nanchong,VOR-DME,30.8067,106.187,117400,CN
GAR,Garitsa,VOR-DME,39.6064,19.9094,108800,GR
GAR,Garissa,VOR-DME,-0.47241,39.6501,115700,KE
GAR,Garristown,NDB,53.5287,-6.44746,407,IE
GAS,Gassim,VORTAC,26.2981,43.7796,117100,SA
GAS,Gallipolis,NDB,38.8334,-82.1615,420,US
GAV,Grasmere,VOR,-26.5148,27.6765,115500,ZA
GAV,Gustavus,NDB,58.4219,-135.705,219,US
GAY,Gayndah,NDB,-25.595,151.673,284,AU
GAZ,Gaziantep,VOR-DME,36.9503,37.4733,116700,TR
GAZ,Gazoldo,NDB,45.2017,10.6041,382,IT
GAZ,Oguzeli,NDB,36.9503,37.4733,432,TR
GB,Gboko,VOR-DME,7.2507,9.00152,115900,NG
GB,Great Barrier,NDB,-36.2441,175.461,274,NZ
GB,Volchanka,NDB,52.5667,49.9833,460,RU
GB,Plazz,NDB,42.8738,-78.8165,204,US
GB,Babsy,NDB,38.2516,-98.8559,419,US
GBA,Gibraltar,NDB,-29.5967,152.17799,245,AU
GBE,General Belgrano,VOR,-35.7511,-58.4639,115600,AR
GBE,Goboh,VOR-DME,33.9101,135.106,116900,JP
GBE,Gaborone,NDB,-24.5179,25.994,311,BW
GBE,Gobe,NDB-DME,-6.89032,143.679,215,PG
GBG,Galesburg,VOR-DME,40.9373,-90.4345,109800,US
GBG,Gleichenberg,NDB,46.887,15.8003,426,AT
GBH,Galbraith Lake,NDB,68.4793,-149.496,417,US
GBI,Golbasi,NDB,39.7125,32.82,315,TR
GBL,Giebelstadt,TACAN,49.6435,9.95017,111000,DE
GBL,Gabarone,NDB,-24.5433,25.9347,323,BW
GBL,Giebelstadt,NDB,49.6481,9.98069,429,DE
GBN,Gila Bend,VORTAC,32.9563,-112.674,116600,US
GBR,Gibraltar,TACAN,36.1429,-5.34272,113600,GI
GBR,Great Barrington,NDB,42.183,-73.404,395,US
GBV,Gaborone,VOR-DME,-24.5977,25.8325,113700,BW
GBY,Grand Bay,VOR-DME,-20.0147,57.6014,114800,MU
GC,Graciosa,NDB,39.0938,-28.0308,428,PT
GC,Grand Central,NDB,-25.9926,28.14,373,ZA
GC,Pieve,NDB,37.829,-100.724,347,US
GC,Deryk,NDB,44.2709,-105.522,380,US
GCC,Gillette,VOR-DME,44.3478,-105.543,114600,US
GCK,Garden City,VORTAC,37.9191,-100.725,113300,US
GCM,Grand Cayman,VOR-DME,19.2894,-81.372,115600,KY
GCN,Grand Canyon,VOR-DME,35.9603,-112.146,113100,US
GCO,Chicago O'Hare,DME,41.994,-87.902,108250,US
GCR,Glacier River,NDB,60.4988,-145.474,404,US
GCT,Guthrie Center,NDB,41.6819,-94.4333,518,US
GCV,Greene County,VORTAC,31.098,-88.4861,115700,US
GD,Goderich,NDB,43.7464,-81.7307,261,CA
GD,Guadalajara,NDB,20.4651,-103.176,395,MX
GD,Gwadar,NDB,25.2278,62.3306,303,PK
GD,Maloye Skuratovo,NDB,53.5667,37.05,975,RU
GDA,Granada,VOR-DME,37.1832,-3.99091,113400,ES
GDA,Alexandria,NDB,40.6447,22.4892,394,GR
GDA,Gdansk,NDB,54.3452,18.5961,322,PL
GDA,Al Ghaidah,NDB,16.1881,52.1619,354,YE
GDE,Goodhue,NDB,30.0697,-94.2024,368,US
GDH,Gunnedah,NDB,-30.9542,150.248,407,AU
GDI,Goondiwindi,NDB,-28.5225,150.326,398,AU
GDL,Guadalajara,VOR-DME,20.5234,-103.312,117300,MX
GDM,Gardner,VORTAC,42.546,-72.0582,110600,US
GDP,Guadalupe,NDB,-6.78017,-43.5852,400,BR
GDS,Ghadames,NDB,30.13,9.50167,347,LY
GDV,Gran Canaria,VOR-DME,28.0771,-15.429,112900,ES
GDV,Glendive,NDB,47.1334,-104.805,410,US
GDW,Wiggins,NDB,43.97,-84.475,209,US
GDY,Godby,NDB,60.1868,19.9545,392,FI
GE,Khabarovsk,NDB,48.5667,135.237,528,RU
GE,Kursk,NDB,51.7767,36.2333,742,RU
GE,Greyton,NDB,-34.0573,19.6033,270,ZA
GE,Getafe,NDB,40.1998,-3.84427,421,ES
GE,Gatwick,NDB,51.1644,-0.06913,338,GB
GE,Helmiaziv,NDB,49.8264,31.8516,910,UA
GE,Phort,NDB,47.6769,-117.45,388,US
GED,Gedern,VORTAC,50.4119,9.24916,110800,DE
GEE,Geneseo,VOR-DME,42.8344,-77.7327,108200,US
GEF,Greenville,VORTAC,30.5513,-83.7831,109000,US
GEG,Spokane,VORTAC,47.5649,-117.627,115500,US
GEL,Geraldton,VOR-DME,-28.7903,114.706,113900,AU
GEL,Geraldton,NDB,-28.7983,114.702,359,AU
GEM,Gemerek,VOR-DME,39.1553,36.0292,115100,TR
GEM,Gemena,NDB,3.23041,19.7663,270,CD
GEN,Genova,VOR-DME,44.4244,9.08208,112800,IT
GEN,Genova,NDB,44.4238,9.08334,318,IT
GEO,Georgetown,NDB,38.882,-83.8852,219,US
GEP,Gopher,VORTAC,45.1457,-93.3732,117300,US
GES,Villa Gesell,NDB,-37.2347,-57.0239,242,AR
GEY,Antalya,NDB,36.8762,30.4552,413,TR
GEY,Greybull,NDB,44.5115,-108.083,275,US
GF,Aylesford,NDB,45.0239,-64.8103,341,CA
GF,Grof,NDB,64.1494,-21.9417,319,IS
GF,Hogaf,NDB,41.5741,-81.4712,521,US
GF,Ganse,NDB,43.2551,-73.6058,209,US
GF,Hiser,NDB,47.8463,-97.1814,345,US
GF,Birdy,NDB,30.2876,-97.6818,232,US
GF,Grootfontein,NDB,-19.6008,18.1272,215,NA
GFA,Malmstrom,TACAN,47.5041,-111.182,115800,US
GFC,Gullfaks,NDB-DME,61.215,2.27361,333,NO
GFK,Grand Forks,VOR-DME,47.9548,-97.1854,114300,US
GFL,Glens Falls,VORTAC,43.3417,-73.6118,110200,US
GFN,Grafton,NDB,-29.7597,153.02699,389,AU
GFS,Goffs,VORTAC,35.1311,-115.176,114400,US
GFT,Gifu,TACAN,35.3914,136.85899,112250,JP
GFV,Grootfontein,VOR-DME,-19.6028,18.1214,115700,NA
GFZ,Greenfield,NDB,41.3256,-94.4444,338,US
GG,Ngong,NDB,-1.39038,36.6379,315,KE
GG,Bucha,NDB,39.5967,126.345,211,KP
GG,Vnukovo,NDB,55.575,37.1867,290,RU
GG,Bratsk,NDB,56.3917,101.613,374,RU
GG,George,NDB,-34.002,22.4856,260,ZA
GG,Veels,NDB,32.4556,-94.7976,410,US
GGA,Gagnoa,NDB,6.50018,-5.97472,370,CI
GGB,Gulbarga,VOR-DME,17.3136,76.8031,116000,IN
GGC,Gaya,VOR-DME,24.7419,84.9439,115000,IN
GGE,Georgetown,NDB,33.3154,-79.3245,242,US
GGF,Grant,NDB,40.8709,-101.73,359,US
GGG,Gregg Co,VORTAC,32.4178,-94.7532,112300,US
GGI,Grinnell,NDB,41.7097,-92.7296,248,US
GGK,Mayfield,NDB,36.6909,-88.5924,401,US
GGL,Geiger Lake,NDB,28.5931,-80.8164,375,US
GGN,Gorgan,VOR-DME,36.9247,54.3816,117600,IR
GGN,Gorgan,NDB,36.9004,54.4076,310,IR
GGO,Goa,VOR-DME,15.3798,73.8126,113600,IN
GGP,Logansport,NDB,40.7092,-86.3736,263,US
GGT,Georgetown,VORTAC,42.789,-75.8267,117800,US
GGT,Guwahati,VOR-DME,26.1019,91.5857,117600,IN
GGT,Guaratingueta,NDB,-22.788,-45.2153,275,BR
GGU,Prague,NDB,35.5167,-96.7186,314,US
GGV,George,VOR-DME,-34.0073,22.3776,112500,ZA
GGW,Glasgow,VOR-DME,48.2153,-106.625,113900,US
GGY,Gragg-Wade,NDB,32.8532,-86.6111,338,US
GH,Minsk-2,NDB,53.8433,28.0917,635,BY
GH,Fort Good Hope,NDB,66.2625,-128.621,266,CA
GH,Godthab/Nuuk,NDB,64.1796,-51.7496,314,GL
GH,Gorakhpur,NDB,26.7336,83.4456,278,IN
GH,Ashgabat,NDB,38.0033,58.335,320,TM
GHA,Ghardaia,VOR-DME,32.3933,3.77778,114900,DZ
GHA,Ghardaia,NDB,32.3747,3.79417,340,DZ
GHE,Ghedi,TACAN,45.4403,10.2767,110900,IT
GHJ,Stonia,NDB,35.1912,-81.1572,260,US
GHM,Graham,VORTAC,35.8341,-87.4518,111600,US
GHT,Ghat,VOR-DME,25.1468,10.1389,114800,LY
GHT,Ghat,NDB,25.1886,10.1378,386,LY
GHW,Glenwood,NDB,45.6443,-95.3185,346,US
GHX,Graham,NDB,33.1659,-98.4966,371,US
GI,Gitega,NDB,-3.41962,29.9147,360,BI
GI,Nias,NDB,1.16417,97.7058,244,ID
GI,Giyani,NDB,-23.3261,30.6806,430,ZA
GI,Lyudao,NDB,22.6761,121.483,300,TW
GIA,Conakry,VOR-DME,9.56798,-13.6197,114900,GN
GIB,Gibb River,NDB,-16.4294,126.431,392,AU
GID,Lyudao,VORTAC,22.6728,121.486,116900,TW
GIG,Gingin,NDB,-31.4597,115.866,372,AU
GIG,Gering,NDB,41.9444,-103.683,341,US
GIJ,Gipper,VORTAC,41.7686,-86.3184,115400,US
GIN,Giessen,NDB,50.6356,8.81932,314,DE
GIO,Gioia Del Colle,TACAN,40.8013,16.9013,117800,IT
GIO,Gioia Del Colle,NDB,40.8002,16.9013,328,IT
GIR,Girardot,VOR-DME,4.19167,-74.8658,117300,CO
GIR,Gerona,VOR-DME,41.9312,2.77197,114100,ES
GIW,Coronaca,NDB,34.2537,-82.0862,239,US
GIX,Geilenkirchen,TACAN,50.9633,6.0452,108100,DE
GIZ,Jazan,VORTAC,16.9077,42.5776,117700,SA
GJ,Laoliangcang,NDB,28.0833,112.217,245,CN
GJ,Gjogur,NDB,65.9947,-21.33,340,IS
GJ,Gwalior,NDB,26.2836,78.2319,390,IN
GJM,Guajara,NDB,-10.7843,-65.2811,400,BR
GK,Pyongyang,VOR-DME,39.2339,125.673,111400,KP
GK,Minsk-1,NDB,53.8933,27.4733,321,BY
GK,Gbenko,NDB,9.24596,-9.29492,286,GN
GK,Gong Kedak,NDB,5.79806,102.49,520,MY
GK,Surgut,NDB,61.3433,73.3,325,RU
GK,Jembo,NDB,35.3227,-94.4742,311,US
GKB,Norge,NDB,39.0612,-94.6557,517,US
GKE,Ishigaki,VOR-DME,24.341,124.186,117700,JP
GKN,Gulkana,VOR-DME,62.1524,-145.45,115600,US
GL,La Grande Riviere,NDB,53.6304,-77.7039,201,CA
GL,Aalborg,NDB,57.0838,9.68009,398,DK
GL,Nantes,NDB,47.0528,-1.68783,369,FR
GL,Tegel East,NDB,52.5723,13.4262,321,DE
GL,Galela,NDB,1.83806,127.786,201,ID
GL,Nizhnyaya Pesha,NDB,66.75,47.7667,599,RU
GL,Shugr,NDB,39.2938,-101.6,414,US
GLA,Gladstone,VOR,-23.8653,151.20399,116300,AU
GLA,Gladstone,NDB,-23.8719,151.226,236,AU
GLA,Gland,NDB,46.4087,6.24425,375,CH
GLA,Glennallen,NDB,62.1954,-145.468,248,US
GLB,Goulburn,NDB,-34.8072,149.737,407,AU
GLD,Goodland,VORTAC,39.3879,-101.692,115100,US
GLE,Gainesville,NDB,33.7187,-97.1987,330,US
GLF,Glenfield,NDB,-33.9867,150.976,428,AU
GLH,Greenville,VOR-DME,33.5235,-90.9829,110200,US
GLI,Glen Innes,NDB,-29.6722,151.69501,212,AU
GLJ,Guadalupe,VOR,34.9524,-120.521,111000,US
GLL,Gill,VORTAC,40.5039,-104.553,114200,US
GLM,Goulimine,VOR,29.0144,-10.065,114300,MA
GLN,Guanlan,VOR-DME,22.71,114.035,112000,CN
GLR,Gaylord,VOR-DME,45.0125,-84.7043,109200,US
GLS,Giles,NDB,-25.0386,128.29601,317,AU
GLS,Galapagos,NDB,-0.43222,-90.2831,272,EC
GLS,Galveston,NDB,29.334,-94.7562,206,US
GLT,Galati,VOR-DME,45.4163,27.9277,108200,RO
GLV,Galapagos,VOR-DME,-0.46111,-90.2586,112300,EC
GLW,Glasgow,NDB,55.8698,-4.43363,331,GB
GLY,Golden Valley,NDB,38.3587,-93.6847,388,US
GLZ,Gualaquiza,NDB,-3.42,-78.5356,275,EC
GM,Gyumri,NDB,40.7288,43.8469,325,AM
GM,Gomel,NDB,52.545,30.9467,247,BY
GM,Fengning,NDB,41.2367,116.627,374,CN
GM,Gambella,NDB,8.135,34.5733,300,ET
GM,Goundam,NDB,16.3505,-3.60024,258,ML
GM,Malaga,NDB,36.7265,-4.57145,350,ES
GM,Judky,NDB,34.7801,-82.3498,521,US
GM,Teels,NDB,42.909,-88.041,242,US
GMA,Gengma,VOR-DME,23.5317,99.4117,114700,CN
GMA,Mahn,NDB,44.3623,-71.686,386,US
GMH,Germinghausen,VOR-DME,51.1705,7.89204,115400,DE
GML,Kiyikislacik,VOR-DME,37.2761,27.5511,113900,TR
GMN,Gorman,VORTAC,34.804,-118.861,116100,US
GMN,Gormanston,NDB-DME,53.6481,-6.22667,334,IE
GMZ,Grindstone Mountain,NDB,33.6054,-97.7734,356,US
GN,Gunung Sekip,NDB,2.83583,117.374,319,ID
GN,Zhezkazgan,NDB,47.7371,67.7926,435,KZ
GN,Gan Island,NDB,-0.69766,73.164,317,MV
GN,Wynds,NDB,29.67,-82.1721,269,US
GN,Bridl,NDB,38.1246,-84.507,340,US
GN,Tansonnhat,NDB,10.8269,106.678,343,VN
GN,Godthaab,DME,64.1876,-51.6783,110300,GL
GNA,Guayana,VORTAC,8.29614,-62.7517,114700,VE
GNA,Geneina,NDB,13.4833,22.4636,261,SD
GNA,Guayana,NDB,8.29975,-62.7337,317,VE
GNC,Gaines County,NDB,32.6717,-102.646,344,US
GND,Point Salines,VOR-DME,12.0013,-61.7854,117100,GD
GND,Point Salines,NDB,12.0093,-61.781,362,GD
GNI,Grand Isle,NDB,29.1919,-90.0751,236,US
GNL,Groesbeck,VOR-DME,31.5815,-96.5491,108800,US
GNP,Glenpool,VOR-DME,35.9209,-95.9687,110600,US
GNR,General Roca,NDB,-38.9831,-67.6011,275,AR
GNV,Gators,VORTAC,29.6921,-82.273,116200,US
GNY,Gurney,VOR-DME,-10.3158,150.362,115600,PG
GNY,Gurney,NDB,-10.3175,150.366,162,PG
GO,Gorna,NDB,43.1411,25.8131,305,BG
GO,Goa,NDB,15.392,73.8904,274,IN
GO,Daigo,NDB,36.764,140.35899,221,JP
GO,Gorevoye,NDB,56.65,92.65,106,RU
GO,Antonov,NDB,50.5578,30.2232,590,UA
GOC,Daigo,VORTAC,36.7444,140.35001,115300,JP
GOI,Goiania,VOR-DME,-16.6324,-49.2154,112700,BR
GOI,Goiania,NDB,-16.6372,-49.2244,370,BR
GOI,Godman,NDB,37.9587,-85.9766,396,US
GOJ,Gosnell,VOR,35.951,-89.9411,111800,US
GOL,Gomel,VOR-DME,52.52,31.0517,113100,BY
GOL,Golyama,VOR-DME,43.095,24.2206,114100,BG
GOM,Goma,VOR-DME,-1.68585,29.2333,116500,CD
GON,Groton,VOR-DME,41.3304,-72.052,110850,US
GOS,Gloucestershire,DME,51.8922,-2.16793,115550,GB
GOT,Gotem,VOR-DME,51.3431,11.5975,115250,DE
GOW,Glasgow,VOR-DME,55.8705,-4.44572,115400,GB
GP,Grodno,NDB,53.65,24.0517,452,BY
GP,Gaspe,NDB,48.7681,-64.3852,232,CA
GP,Lajes,NDB,38.7832,-27.1131,341,PT
GP,Bayou,NDB,30.4855,-89.1622,360,US
GP,Galex,NDB,47.1303,-93.4815,272,US
GPH,Mosby,NDB,39.3461,-94.3075,284,US
GPI,General Pico,VOR,-35.6928,-63.7508,112200,AR
GPI,General Pico,NDB,-35.6875,-63.7581,286,AR
GPI,Guapi,NDB,2.57326,-77.8945,309,CO
GPQ,Carrollton,NDB,33.5658,-85.1309,278,US
GPT,Gulfport,VORTAC,30.4068,-89.0768,109000,US
GPZ,Grand Rapids,VOR-DME,47.1636,-93.4885,111400,US
GQE,Gilmore,VOR-DME,35.347,-90.4782,113000,US
GQO,Choo Choo,VORTAC,34.9613,-85.1534,115800,US
GR,Grindstone,NDB,47.375,-61.9072,370,CA
GR,Dubrovnik,NDB,42.5406,18.3208,414,HR
GR,Grimsey,NDB,66.5283,-17.9831,308,IS
GR,Khorinsk,NDB,52.1667,109.783,320,RU
GR,Gorka,NDB,59.8167,32.35,434,RU
GR,Sumy,NDB,54.8167,80.4667,875,RU
GR,Krasnohrad,NDB,49.3882,35.4467,778,UA
GR,Starn,NDB,31.1678,-97.8782,323,US
GR,Graye,NDB,47.1502,-122.605,216,US
GR,Sancy,NDB,40.8729,-98.3147,380,US
GR,Doone,NDB,34.9124,-78.9397,367,US
GR,Famis,NDB,44.4405,-88.2396,356,US
GR,Knobs,NDB,42.8957,-85.3785,263,US
GR,Guzar,NDB,38.6183,66.2383,592,UZ
GR,Mutare Grand Reef,NDB,-18.9717,32.45,379,ZW
GRA,Grazzanise,TACAN,41.06,14.0887,117500,IT
GRA,Rio Grande,VOR-DME,-53.7753,-67.7458,117300,AR
GRA,Rio Grande,NDB,-53.785,-67.7608,365,AR
GRA,Grazzanise,NDB,41.0572,14.0835,343,IT
GRA,Granada,NDB,37.1894,-3.67771,412,ES
GRB,Green Bay,VORTAC,44.5552,-88.1949,115500,US
GRB,Guernsey,NDB,49.4345,-2.63951,361,GG
GRD,Greenwood,VORTAC,34.2516,-82.1542,115500,US
GRE,Gobernador Gregores,NDB,-48.7831,-70.1614,360,AR
GRE,Greenville,NDB,38.8342,-89.3723,233,US
GRE,Guanare,NDB,9.03392,-69.7526,318,VE
GRF,Grafenwohr,TACAN,49.6913,11.9383,111800,DE
GRI,Grand Island,VORTAC,40.984,-98.3148,112000,US
GRI,Tocomita,NDB,7.75086,-63.0856,255,VE
GRK,Gray,VOR-DME,31.0329,-97.8138,111800,US
GRK,Grakallen,NDB,63.419,10.2689,358,NO
GRM,Gyumri,VOR-DME,40.7294,43.8472,113400,AM
GRM,Gardermoen,VOR-DME,60.1918,11.0744,115950,NO
GRN,Gorna Oryahovitsa,VOR-DME,43.1539,25.7108,113600,BG
GRN,Gorna,NDB,43.1617,25.6128,284,BG
GRN,Negro,NDB,28.0269,-114.022,382,MX
GRN,Gerona,NDB,42.025,2.80721,412,ES
GRN,Gordon,NDB,42.8011,-102.179,414,US
GRO,Grosseto,TACAN,42.7603,11.0774,109100,IT
GRO,Garoua,NDB,9.33094,13.2909,263,CM
GRO,Rota,NDB,14.1717,145.24001,332,MP
GRO,Grosseto,NDB,42.7053,11.0253,406,IT
GRP,Granite Point,NDB,60.9614,-151.334,356,US
GRS,Ghriss,VOR,35.2094,0.14891,113100,DZ
GRS,Ghriss,NDB,35.2083,0.16,424,DZ
GRT,Grottaglie,NDB,40.446,17.4221,331,IT
GRT,Gheriat,NDB,30.3947,13.5858,337,LY
GRU,Grudziadz,VOR-DME,53.5212,18.7813,114600,PL
GRU,Guarapuava,NDB,-25.3867,-51.5227,230,BR
GRV,Grantsville,VOR-DME,39.635,-79.0505,112300,US
GRW,Grafenwohr,NDB,49.6946,11.9417,405,DE
GRY,Guriat,VORTAC,31.4126,37.2866,114700,SA
GRZ,Graz,VOR-DME,46.9554,15.4494,116200,AT
GRZ,Graz,NDB,46.9207,15.459,290,AT
GS,Gisborne,VOR-DME,-38.6605,177.978,114200,NZ
GS,Goma,NDB,-1.68585,29.2166,336,CD
GS,Lishui,NDB,31.6367,119.043,297,CN
GS,Sarir,NDB,27.65,22.5,305,LY
GS,Greer,NDB,34.8155,-82.2801,287,US
GS,Marky,NDB,36.167,-80.0356,254,US
GSA,Tambler,VOR-DME,6.07567,125.092,114500,PH
GSB,Seymour Johnson,TACAN,35.335,-77.9716,116500,US
GSH,Goshen,VORTAC,41.5252,-86.028,113700,US
GSN,Gachsaran,NDB,30.3123,50.8704,245,IR
GSO,Greensboro,VORTAC,36.0457,-79.9764,116200,US
GST,Gloucestershire,NDB,51.892,-2.1679,331,GB
GSY,Gosly,VOR-DME,50.4539,4.44139,115700,BE
GT,Qunli,NDB,31.7833,119.052,276,CN
GT,Otrokovice,NDB,49.1931,17.5178,574,CZ
GT,Hamburg North,NDB,53.7142,9.9243,323,DE
GT,Guwahati,NDB,26.1088,91.6027,360,IN
GT,Niigata,NDB,37.9509,139.11,253,JP
GT,Gilgit,NDB,35.9203,74.3351,324,PK
GT,Greytown,NDB,-29.1297,30.5783,282,ZA
GT,Grand Turk,NDB,21.4372,-71.146,232,TC
GTB,Drum,NDB,44.0685,-75.736,257,US
GTC,Niigata,VORTAC,37.9583,139.11501,115500,JP
GTC,Guyandot,NDB,37.7821,-81.9087,293,US
GTE,Groote Eylandt,NDB-DME,-13.975,136.45599,407,AU
GTF,Great Falls,VORTAC,47.45,-111.412,115100,US
GTH,Guthrie,VORTAC,33.7783,-100.336,114500,US
GTH,Griffith,VOR-DME,-34.2494,146.065,114800,AU
GTH,Griffith,NDB,-34.2772,146.05701,305,AU
GTK,Grand Turk,VORTAC,21.4407,-71.1344,114200,TC
GTL,Gorontalo,VOR-DME,0.64463,122.848,113500,ID
GTN,Georgetown,NDB,-18.2944,143.549,401,AU
GTN,Georgetown,NDB,38.9299,-77.1242,323,US
GTO,Guasdualito,NDB,7.23306,-70.8004,250,VE
GTP,Patten,NDB,30.9576,-83.8267,245,US
GTQ,Grostenquin,VOR-DME,48.9864,6.71622,111250,FR
GU,Guipavas,NDB,48.4777,-4.2855,338,FR
GU,Magdagachi,NDB,53.47,125.812,344,RU
GUA,Gualeguaychu,VOR-DME,-33.0097,-58.6142,113200,AR
GUA,Guatemala City,NDB,14.5858,-90.5311,375,GT
GUA,Girua,NDB-DME,-8.73611,148.254,224,PG
GUI,Guidonia,NDB,41.9997,12.7389,388,IT
GUI,Guiria,NDB,10.5712,-62.3109,370,VE
GUL,Gull,NDB,50.8073,5.89546,384,NL
GUO,Georgetown,NDB,30.6844,-97.6799,332,US
GUP,Gallup,VORTAC,35.476,-108.873,115100,US
GUR,Guernsey,VOR-DME,49.4371,-2.60206,109400,GG
GUS,Grissom,VORTAC,40.6449,-86.1517,108450,US
GUV,Gator,NDB,31.0282,-93.1849,359,US
GUY,Guernsey,NDB,49.4365,-2.60178,361,GG
GUY,Guymon,NDB,36.7054,-101.505,275,US
GV,Gove,VOR-DME,-12.265,136.81599,114100,AU
GV,Ngong,VOR-DME,-1.39659,36.6379,115900,KE
GV,Gove,NDB,-12.2703,136.82401,380,AU
GV,Kolyvan,NDB,55.3167,82.7167,660,RU
GV,Astrakhan,NDB,46.2883,47.94,650,RU
GV,Major,NDB,33.1563,-96.0636,201,US
GV,Tansonnhat,NDB,10.8281,106.672,375,VN
GVA,Geneva Cointrin,VOR-DME,46.2539,6.13222,115750,CH
GVA,Geneva,NDB,37.8031,-87.7708,224,US
GVE,Gordonsville,VORTAC,38.0136,-78.1529,115600,US
GVO,Gaviota,VORTAC,34.5313,-120.091,113800,US
GW,Gwasero,VOR-DME,9.48021,3.51059,114300,NG
GW,Jarpik,NDB,55.2846,-77.7514,371,CA
GW,Al Hamada,NDB,29.5333,12.8333,415,LY
GW,Teock,NDB,33.5919,-90.0844,349,US
GWA,Gwalior,VOR-DME,26.2853,78.2183,112800,IN
GWC,Goodwood,VOR-DME,50.8553,-0.75667,114750,GB
GWF,Gen William J Fox,NDB,34.7387,-118.217,282,US
GWN,Greytown,NDB,-29.1054,30.6034,253,ZA
GWR,Gwinner,NDB,46.2233,-97.6434,278,US
GWV,Greefswald,VOR,-22.2456,29.4103,117900,ZA
GWZ,Gawasa,VOR-DME,9.1062,38.7699,115900,ET
GX,Gillam,DME,56.3575,-94.7039,114400,CA
GXD,Nacogdoches,NDB,31.6485,-94.7055,391,US
GXU,Mc Guire,VORTAC,40.0095,-74.5963,110600,US
GY,Gisenyi,NDB,-1.67669,29.2603,310,RW
GY,Gatwick,NDB,51.1307,-0.31596,365,GB
GY,Dyana,NDB,34.691,-82.4436,338,US
GY,Garie,NDB,41.5724,-87.327,236,US
GYA,Gaoyao,VOR-DME,23.07,112.487,116500,CN
GYA,Guayaramerin,NDB,-10.8255,-65.3437,250,BO
GYB,Lee County,NDB,30.1695,-96.9787,385,US
GYD,Baku,VOR-DME,40.4724,50.0507,114100,AZ
GYG,Grayling,NDB,44.7499,-84.8283,359,US
GYL,Glencoe,NDB,44.7609,-94.0858,407,US
GYM,Guaymas,NDB,27.9558,-110.929,368,MX
GYR,Gyor,VOR-DME,47.6591,17.7244,115100,HU
GYR,Gyor,NDB,47.66,17.7179,354,HU
GYV,Greytown,VOR,-29.1235,30.5862,115500,ZA
GYV,Guayaquil,VOR-DME,-2.12833,-79.8669,115900,EC
GYZ,Camp Guernsey,NDB,42.24,-104.714,280,US
GZ,Ghanzi,NDB,-21.6992,21.6548,387,BW
GZ,Kakaydy,NDB,37.5733,67.495,205,UZ
GZA,Gaza,VOR-DME,31.2456,34.2713,113350,PS
GZG,Glade Spring,VOR-DME,36.8251,-82.079,110200,US
GZO,Gozo,VOR-DME,36.0372,14.2053,115700,MT
GZO,Gozo,NDB,36.0383,14.2086,320,MT
GZR,Gilze Rijen,TACAN,51.5661,4.93361,116400,NL
GZV,Brazos River,NDB,32.9515,-98.4131,280,US
H,Cordoba,NDB,-31.2861,-64.2074,262,AR
H,Hotel,NDB,60.3374,24.9925,403,FI
H,Wroclaw,NDB,51.0952,16.9103,255,PL
H7,Manitoulin,NDB,45.8414,-81.8528,388,CA
HA,Prince Said Abrahim,NDB,-11.6008,43.2609,317,KM
HA,Hannover,NDB,52.4641,9.80508,320,DE
HA,Budapest,NDB,47.4908,19.1494,329,HU
HA,Hofsa,NDB,65.6297,-15.0414,348,IS
HA,Hanimaadhoo,NDB,6.74391,73.1665,267,MV
HA,Hoedspruit,NDB,-24.3385,31.0345,265,ZA
HA,Haapai,NDB,-19.778,-174.341,380,TO
HA,Kharkiv,NDB,49.9246,36.3594,330,UA
HA,Sherabad,NDB,37.6833,67.0333,340,UZ
HAA,Hamar,NDB,60.8175,11.0702,371,NO
HAB,Hamadan Mil,VORTAC,35.1806,48.7081,115400,IR
HAB,Hamilton,VORTAC,34.1951,-88.0125,110400,US
HAB,Khabarovsk,VOR-DME,48.5444,135.209,112300,RU
HAB,Hammelburg,NDB,50.0931,9.78154,403,DE
HAB,Hamadan Mil,NDB,35.2,48.6667,329,IR
HAD,Hannover,DME,52.4688,9.69481,113950,DE
HAE,Hannover,NDB,52.4576,9.56732,332,DE
HAE,Hannibal,NDB,39.7272,-91.4485,411,US
HAH,Natchez-Adams Co,NDB,31.6902,-91.2933,388,US
HAI,Prince Said Ibrahim,VOR-DME,-11.515,43.2767,114700,KM
HAI,Haima,VOR-DME,19.9703,56.2808,113300,OM
HAI,Three Rivers,NDB,41.9584,-85.5917,407,US
HAL,Halli,VOR-DME,61.8547,24.8026,115200,FI
HAM,Hamburg,VORTAC,53.6856,10.205,113100,DE
HAM,Hamadan,VOR-DME,34.8668,48.5506,117900,IR
HAM,Hamadan,NDB,34.8659,48.5407,317,IR
HAN,Hahn,NDB,49.9649,7.28088,376,DE
HAO,Hao,VOR-DME,-18.0819,-140.94099,113800,PF
HAO,Hamilton,NDB,39.3729,-84.5721,260,US
HAR,Harry,VOR,57.825,12.6936,117500,SE
HAR,Harrisburg,VORTAC,40.3022,-77.0696,112500,US
HAR,Harad,NDB,24.1333,49.0667,322,SA
HAS,Hassakeh,NDB,36.4829,40.7546,365,SY
HAU,Hauser,NDB,46.5689,-111.758,386,US
HAV,Haverfordwest,NDB,51.8319,-4.96809,328,GB
HAW,Hawtah,NDB,22.9487,46.9112,405,SA
HAY,Hay,NDB,-34.5422,144.83299,215,AU
HAY,Haymana,NDB-DME,39.4375,32.5097,350,TR
HB,Hobart,VOR-DME,-42.8471,147.52699,112700,AU
HB,Hobart,NDB,-42.8123,147.479,362,AU
HB,Holsteinsborg,NDB,66.9358,-53.6992,328,GL
HB,Hubli,NDB,15.3584,75.0835,402,IN
HB,Zemetchino,NDB,53.5167,42.6167,978,RU
HB,Himun,NDB,35.9782,-79.5847,361,US
HBA,Hervey Bay,NDB,-25.3242,152.883,200,AU
HBD,Hubbard,NDB,41.1529,-80.5314,408,US
HBD,Hannover,DME,52.4553,9.65937,116900,DE
HBK,Holbrook,NDB,-35.6251,147.467,323,AU
HBR,Hobart,VORTAC,34.8666,-99.0634,111800,US
HBT,Borland,NDB-DME,55.3156,-160.51801,390,US
HBU,Blue Mesa,VOR-DME,38.4522,-107.04,114900,US
HBV,Hartebeespoortdam,VOR,-25.67581,27.83257,112100,ZA
HBV,Hebbronville,NDB,27.3539,-98.7441,266,US
HBW,Kickapoo,NDB,43.6552,-90.3331,251,US
HBZ,Heber Springs,NDB,35.5143,-92.0111,256,US
HC,Heringsdorf,NDB,53.8741,14.1821,330,DE
HC,Hachijojima,NDB,33.1133,139.791,340,JP
HC,Makhachkala,NDB,42.855,47.62,365,RU
HC,Taipei/Sungshan,DME,25.0653,121.632,108300,TW
HCD,Hutchinson,NDB,44.8569,-94.3833,209,US
HCE,Hachijojima,VOR-DME,33.1143,139.78799,116650,JP
HCH,Hinch Mountain,VORTAC,35.781,-84.9785,117600,US
HCH,Huangcheng,VOR-DME,37.655,120.545,116100,CN
HCM,Harcum,VORTAC,37.4487,-76.7114,108800,US
HCN,Cap Haitien,VOR,19.7283,-72.1967,113900,HT
HCN,Hengchun,VORTAC,21.9281,120.844,113700,TW
HCT,Hayes Center,VORTAC,40.4541,-100.924,117700,US
HCY,Cowley,NDB,44.914,-108.443,257,US
HD,Tumurtai,NDB,41.8667,113.15,365,CN
HD,Hestad,NDB,66.0604,12.5503,414,NO
HD,Whitford,NDB,-36.9481,175.015,334,NZ
HD,Khudzhand,NDB,40.2083,69.6367,655,TJ
HD,Hodeidah,NDB,14.7602,42.9732,368,YE
HDE,Holdrege,NDB,40.4482,-99.3408,396,US
HDF,Homeland,VOR,33.7763,-117.185,113400,US
HDG,Steelhead,NDB,42.9162,-114.674,211,US
HDH,Hodeidah,VOR-DME,14.7736,42.9881,114200,YE
HDI,Hardwick,NDB,35.1537,-84.9058,369,US
HDL,Heidelberg,NDB,49.386,8.59676,417,DE
HDL,Holdenville,NDB,35.0854,-96.4133,411,US
HDM,Coleman,VOR,49.5656,8.46381,109000,DE
HDM,Coleman,NDB,49.5345,8.3905,334,DE
HDO,Hermsdorf,VOR-DME,50.9282,14.3688,115000,DE
HDO,Hondo,VOR-DME,29.3491,-99.1779,109400,US
HDR,Den Helder,VOR-DME,52.9069,4.76583,115550,NL
HDW,Haverfordwest,DME,51.832,-4.97012,116750,GB
HE,Hope,NDB,49.3864,-121.424,245,CA
HE,Hegranes,NDB,65.7508,-19.5192,362,IS
HE,Heddal,NDB,59.6088,9.00413,324,NO
HE,Hendrina,NDB,-26.0183,29.6325,400,ZA
HE,Shebb,NDB,43.8485,-87.7745,338,US
HEC,Hector,VORTAC,34.797,-116.463,112700,US
HEE,Thompson Robbins,NDB,34.5712,-90.6759,251,US
HEH,Newark,NDB,40.0259,-82.4635,524,US
HEI,Heidrun,NDB-DME,65.3256,7.31583,340,NO
HEK,Heka,NDB,60.2549,25.4912,344,FI
HEK,Stuckey,NDB,33.7285,-79.5251,236,US
HEL,Helsinki,VOR-DME,60.3378,24.9537,114200,FI
HEM,Huchn,NDB,35.9967,-85.5881,233,US
HEN,Henton,NDB,51.7597,-0.79028,434,GB
HEQ,Heginbotham,NDB,40.5814,-102.281,404,US
HER,Herrera,NDB,18.4676,-69.9702,410,DO
HER,Iraklion,NDB,35.3342,25.1781,431,GR
HET,Hetta,NDB,68.4223,23.5367,375,FI
HET,Henryetta,NDB,35.4045,-96.0139,267,US
HEU,Hunter,NDB,42.853,-73.9343,356,US
HEY,Hanchey,VOR,31.3741,-85.6528,110600,US
HEZ,Natchez,VOR-DME,31.6182,-91.2996,110000,US
HF,Lomis,NDB,41.6355,-72.6256,244,US
HFA,Haifa,NDB,32.8156,35.0636,323,IL
HFD,Hartford,VOR-DME,41.6411,-72.5474,114900,US
HFE,Hefei,VOR-DME,31.78,117.302,116700,CN
HFF,Mackall,NDB,35.0279,-79.4856,278,US
HFR,Hafr Al-Batin,VORTAC,28.3305,46.1295,113100,SA
HFX,Hohenfels,NDB,49.2183,11.8594,286,DE
HFY,Greenwood,NDB,39.6327,-86.0907,398,US
HG,Tianhe,NDB,30.925,114.353,254,CN
HG,Hengshui,NDB,37.7233,115.71,350,CN
HG,Holguin,NDB,20.7705,-76.3318,220,CU
HG,Hegra,NDB,63.4589,11.0755,317,NO
HG,Wroclaw,NDB,51.0825,16.9516,525,PL
HGD,Hurghada,VOR-DME,27.1778,33.7964,116500,EG
HGE,Hongo,VOR-DME,34.4338,132.924,117900,JP
HGH,Hangzhou,VOR-DME,30.24,120.458,113000,CN
HGO,Hugo,VORTAC,38.8175,-103.621,112100,US
HGR,Hagerstown,VOR,39.6977,-77.8557,109800,US
HGR,Higuero,VOR-DME,18.5717,-69.9841,115800,DO
HGS,Wonju,VOR-DME,37.4758,127.975,110200,KR
HGT,Hunter Liggett,NDB,35.9611,-121.189,209,US
HGU,Hlegu,VOR-DME,17.0846,96.2482,112300,MM
HGV,Heidelberg,VOR,-26.69691,28.28314,116700,ZA
HH,Huahine,NDB,-16.6911,-151.03,345,PF
HHG,Huntington,NDB,40.8557,-85.4643,417,US
HHH,Devine,NDB,29.1383,-98.9393,359,US
HHI,Wheeler,NDB,21.4779,-158.034,373,US
HHM,Hotham,NDB,66.9013,-162.564,356,US
HHN,Huahine,VOR-DME,-16.6854,-151.00999,112700,PF
HHN,Hua Hin,VOR-DME,12.6345,99.9512,113300,TH
HHO,Heho,NDB,20.7427,96.793,360,MM
HHP,Port Au Prince,NDB,18.5773,-72.2866,270,HT
HHW,Hugo,NDB,34.0397,-95.5394,323,US
HHY,Hyderabad,VOR-DME,17.4544,78.4575,114700,IN
HHY,Pinhook,NDB,35.254,-88.2042,346,US
HI,Holman,NDB,70.7622,-117.79,361,CA
HI,Khabarovsk,NDB,48.5683,135.245,469,RU
HIA,Whitehall,VORTAC,45.8618,-112.17,113700,US
HIB,Hibbing,VOR-DME,47.3015,-92.7041,110800,US
HIC,White Cloud,VOR-DME,43.5749,-85.7162,117600,US
HIC,Chiclayo,NDB,-6.77935,-79.8297,305,PE
HID,Horn Island,NDB,-10.5919,142.29201,356,AU
HIE,Hierro,NDB,27.8162,-17.8864,376,ES
HIF,Hill,TACAN,41.1205,-111.964,111200,US
HIG,San Sebastian,NDB-DME,43.3863,-1.79589,328,ES
HIJ,Hinojosa,VOR-DME,38.5081,-5.09968,114700,ES
HIJ,San Isidro,NDB,18.5142,-69.7658,220,DO
HIL,Hail,VORTAC,27.4251,41.6828,113500,SA
HIL,Hilyn,NDB,38.3591,-98.903,338,US
HIN,Whitney,NDB,42.8288,-103.094,275,US
HIO,Chios,NDB,38.3397,26.1419,299,GR
HIT,Kaolin,NDB,33.0169,-82.9394,360,US
HIX,Honey Grove,NDB,36.8783,-87.3348,356,US
HJ,Hjalteyri,NDB,65.8517,-18.1917,319,IS
HJ,Mamadysh,NDB,55.7333,51.4,425,RU
HJH,Hebron,NDB,40.1504,-97.5878,323,US
HK,Holmavik,NDB,65.6436,-21.4736,366,IS
HK,Kagoshima,NDB,31.6447,130.56599,390,JP
HK,Hasvik,NDB,70.4898,22.1325,386,NO
HK,Ermin,NDB,41.719,-87.8364,332,US
HK,Tawba,NDB,35.7866,-81.3056,332,US
HK,Nurata,NDB,40.5667,65.7,470,UZ
HK,Hokitika,NDB-DME,-42.7293,170.95599,310,NZ
HKC,Kagoshima,VORTAC,31.6972,130.58299,113300,JP
HKE,Hokuso,VOR-DME,35.809,140.375,117300,JP
HKF,Hook,NDB,39.4988,-84.4475,239,US
HKG,Cape D Aguilar,NDB,22.2147,114.25,338,HK
HKI,Hassi Khebi,NDB,29.1833,-5.26667,261,DZ
HKN,Hoskins,NDB-DME,-5.45903,150.414,251,PG
HL,Hommalinn,NDB,24.8947,94.9133,255,MM
HL,Dongshan,NDB,49.2117,119.795,347,CN
HL,Helgafell,NDB,63.4242,-20.2819,345,IS
HL,Helle,NDB,68.2375,14.6637,259,NO
HL,Ust-Tsilma,NDB,65.4,52.2,780,RU
HL,Hluhluwe,NDB,-28.0267,32.2733,375,ZA
HL,Houlung,NDB,24.6464,120.774,362,TW
HL,Dorch,NDB,40.1096,-80.6887,212,US
HL,Nam Dinh,NDB,20.3883,106.121,304,VN
HL,Henley,NDB-DME,-45.9459,170.162,378,NZ
HL,Helgafell,DME,63.4203,-20.2722,110700,IS
HLC,Hill City,VORTAC,39.2587,-100.226,113700,US
HLC,Halls Creek,NDB,-18.23,127.666,266,AU
HLD,Hailar,VOR-DME,49.2017,119.823,115100,CN
HLE,Hailey,NDB-DME,43.3291,-114.243,220,US
HLF,Halaifa,VOR-DME,26.4342,39.2692,116700,SA
HLG,Houlung,VORTAC,24.64,120.783,114900,TW
HLG,Wheeling,VOR-DME,40.2599,-80.5686,112200,US
HLI,Holly Springs,VORTAC,34.7703,-89.4965,112400,US
HLM,Halim Perdanakusuma,VOR-DME,-6.27194,106.887,113300,ID
HLM,Holland,NDB,42.7965,-86.1575,233,US
HLN,Helena,VORTAC,46.6068,-111.953,117700,US
HLN,Hualien,TACAN,24.0286,121.617,108600,TW
HLN,Hualien,VOR-DME,24.0185,121.64,114100,TW
HLN,Helnes,NDB,71.0074,25.9959,309,NO
HLR,Hood,NDB,31.1291,-97.7114,347,US
HLV,Hallsville,VORTAC,39.1135,-92.1282,114200,US
HLV,Holesov,NDB,49.3229,17.5284,448,CZ
HLX,Hillsville,NDB,36.7622,-80.822,269,US
HLZ,Hehlingen,VOR-DME,52.3634,10.7952,117300,DE
HM,Hamilton Island,VOR-DME,-20.3511,148.95599,114400,AU
HM,Hamilton Island,NDB,-20.3569,148.94901,383,AU
HM,Hamilton,NDB,43.1212,-80.0068,221,CA
HM,Budapest,NDB,47.4054,19.2906,420,HU
HM,Haneda,NDB,35.5588,139.755,337,JP
HMA,Hondo,NDB,29.3734,-99.172,329,US
HMB,Hammam Bou Hadjar,NDB,35.3631,-0.96889,432,DZ
HMD,Hassi Messaoud,NDB,31.6488,6.13829,390,DZ
HME,Hassi Messaoud,VOR-DME,31.6643,6.13618,114700,DZ
HME,Haneda,VOR-DME,35.5623,139.761,112200,JP
HMF,Hammerfest,VOR-DME,70.7042,23.6907,112400,NO
HMI,Hami,VOR-DME,42.8333,93.65,115100,CN
HML,Humboldt,VORTAC,48.8692,-97.1179,112400,US
HML,Hamilton,NDB,-37.6492,142.058,203,AU
HMM,Hamm,VOR-DME,51.8569,7.70829,115650,DE
HMN,Holloman,TACAN,32.8621,-106.109,114500,US
HMO,Hermosillo,VOR-DME,29.0955,-111.052,112800,MX
HMQ,Homer,NDB,32.7901,-93.0007,212,US
HMR,Hammar,VOR-DME,60.2793,18.3916,112600,SE
HMU,Hammond,VOR,30.5194,-90.4175,109600,US
HMV,Holston Mountain,VORTAC,36.4371,-82.1296,114600,US
HMY,Muldrow,NDB,35.029,-97.2305,512,US
HN,Honiara,VOR-DME,-9.43667,160.017,112600,SB
HN,Hamilton,VOR-DME,-37.8493,175.339,114000,NZ
HN,Honiara,NDB,-9.41833,160.05299,348,SB
HN,Hohn,NDB,54.3263,9.67033,344,DE
HN,Hornafjordur,NDB,64.2692,-15.2133,330,IS
HN,Hovden,NDB,62.1633,6.02169,389,NO
HN,Hamilton,NDB,-37.8606,175.33099,390,NZ
HN,Hua Hin,NDB,12.6432,99.9496,213,TH
HN,Ewabe,NDB,21.3249,-158.049,242,US
HN,Suybe,NDB,35.4499,-96.943,264,US
HNB,Huntingburg,VOR-DME,38.2503,-86.9564,109200,US
HND,Hahn,DME,49.9456,7.26767,116950,DE
HNK,Hancock,VOR-DME,42.0631,-75.3163,116800,US
HNL,Honolulu,VORTAC,21.3083,-157.92999,114800,US
HNN,Henderson,VORTAC,38.7541,-82.0262,115900,US
HNO,Henderson,NDB,32.1879,-94.861,371,US
HNR,Harlan,NDB,41.5791,-95.3406,272,US
HNS,Hoynes,NDB,61.9107,5.71068,384,NO
HNS,Hinojosa,NDB,38.5103,-5.11106,346,ES
HNS,Haines,NDB,59.2121,-135.431,245,US
HNT,Hohn,TACAN,54.3108,9.53867,115300,DE
HNU,Hanau,NDB,50.1625,9.15417,432,DE
HNW,Hangtown,VOR-DME,38.7247,-120.749,115500,US
HO,Changwu,NDB,35.2017,107.773,375,CN
HO,Hossy,NDB,34.4227,-93.1896,385,US
HO,Beady,NDB,44.4439,-98.3368,302,US
HO,Wallis,NDB,-13.2406,-176.19701,315,WF
HOB,Hobbs,VORTAC,32.6382,-103.269,111000,US
HOC,Hochwald,VOR-DME,47.4666,7.66544,113200,CH
HOC,Hillsboro,NDB,39.1847,-83.543,278,US
HOD,Hof,DME,50.2898,11.8552,110700,DE
HOE,Homerville,NDB,31.0555,-82.7721,209,US
HOF,Hof,NDB,50.2846,11.7614,484,DE
HOI,Wallis,VOR-DME,-13.2396,-176.202,113000,WF
HOL,Villacoublay,NDB,48.7306,1.8205,315,FR
HOM,Homer,VOR-DME,59.7094,-151.457,114600,US
HON,Huron,VORTAC,44.4401,-98.3111,117600,US
HON,Honiley,VOR-DME,52.3567,-1.66361,113650,GB
HON,Hon,NDB,29.1333,15.95,397,LY
HOO,Hooker Creek,NDB,-18.3308,130.63699,398,AU
HOR,Horcones,NDB,9.96053,-84.2935,260,CR
HOS,Chios,VOR-DME,38.3494,26.1428,110800,GR
HOS,Hamburg,NDB,53.677,10.0832,339,DE
HOT,Hot Springs,VOR-DME,34.4786,-93.0906,110000,US
HOT,Higuerote,NDB,10.4667,-66.0956,353,VE
HOZ,Holzdorf,TACAN,51.7667,13.199,117250,DE
HOZ,Holzdorf,NDB,51.7698,13.0975,406,DE
HP,Esbjerg,NDB,55.5114,8.41272,376,DK
HP,Anger,NDB,30.6063,-90.4212,212,US
HP,Hestr,NDB,41.1453,-73.7664,281,US
HPB,Hooper Bay,VOR-DME,61.5144,-166.134,115200,US
HPC,Hope,NDB,33.7178,-93.6488,362,US
HPE,Hanamaki,VOR-DME,39.4334,141.133,112800,JP
HPL,Hopkins,NDB,38.2428,-108.567,375,US
HPT,Hampton,NDB,42.7255,-93.2249,230,US
HPW,Hopewell,VORTAC,37.3289,-77.1159,112000,US
HQ,Qijiang,NDB,29.0467,106.66,642,CN
HQ,Abern,NDB,46.9877,-123.798,236,US
HQG,Hugoton,NDB,37.1636,-101.375,365,US
HQM,Hoquiam,VORTAC,46.947,-124.149,117700,US
HQT,Harnett,NDB,35.4332,-78.6749,417,US
HQU,Thomson mMduffie,NDB,33.5274,-82.5156,333,US
HR,Hericourt,NDB,47.5617,6.73225,289,FR
HR,Hateruma,NDB,24.0607,123.803,332,JP
HR,Kharkiv,NDB,49.9246,36.2216,330,UA
HR,Sebas,NDB,26.3052,-97.6578,338,US
HR,Bakky,NDB,36.1911,-93.1602,395,US
HR,Hierro,DME,27.8161,-17.8864,113200,ES
HRA,Zanesville,NDB,39.9063,-81.9193,204,US
HRB,Harbin,VOR-DME,45.6233,126.26,112500,CN
HRK,Horlick,VOR-DME,42.7619,-87.8144,117700,US
HRL,Harlingen,VOR-DME,26.2292,-97.6519,109200,US
HRM,Hassi R Mel/Tilrempt,VOR-DME,32.9372,3.35667,115400,DZ
HRM,Hassi R Mel/Tilrempt,NDB,32.9289,3.27056,331,DZ
HRO,Harrison,VOR-DME,36.3183,-93.2133,112500,US
HRS,Harris,VORTAC,34.943,-83.9157,109800,US
HRT,Hurlburt,TACAN,30.428,-86.6903,110800,US
HRU,Herington,NDB,38.6928,-96.8111,407,US
HRV,Harvey,VORTAC,29.8502,-90.003,114100,US
HRX,Hereford,NDB,34.8569,-102.324,341,US
HRZ,Herzlia,NDB,32.1789,34.8269,273,IL
HS,Harrismith,NDB,-28.2372,29.1061,483,ZA
HS,Duran,NDB,37.9865,-79.7595,400,US
HS,Hanco,NDB,30.451,-89.4553,221,US
HSA,Al Ahsa,VORTAC,25.2791,49.484,116600,SA
HSA,Hesa,NDB-DME,32.9326,51.5601,230,IR
HSB,Harrisburg-Raleigh,NDB,37.8116,-88.5453,230,US
HSD,Haamstede,VOR,51.7227,3.85818,114150,NL
HSH,Hengsha,VOR-DME,31.3683,121.843,114400,CN
HSI,Hastings,VOR-DME,40.6045,-98.4296,108800,US
HSL,Huslia,VOR-DME,65.7079,-156.36301,117400,US
HSM,Horsham,NDB,-36.6719,142.168,401,AU
HSN,Zhoushan,VOR-DME,29.9317,122.362,112300,CN
HST,Homestead,TACAN,25.4895,-80.3794,108200,US
HSU,Hsinchu,TACAN,24.8217,120.938,116300,TW
HSV,Hoedspruit,VORTAC,-24.3472,31.0476,114000,ZA
HT,Horta,NDB,38.5199,-28.6295,360,PT
HT,Huntt,NDB,38.3989,-82.6553,226,US
HTK,Hestvik,NDB,69.9264,21.003,378,NO
HTL,Houghton Lake,VOR-DME,44.3589,-84.6657,111600,US
HTN,Hotan,VOR-DME,37.0367,79.8717,113100,CN
HTN,Cap Haitien,NDB,19.7317,-72.1936,288,HT
HTN,Horton,NDB,46.4121,-105.938,320,US
HTO,Hampton,VORTAC,40.919,-72.3167,113600,US
HTO,Hato,TACAN,12.19,-68.955,134100,BQ
HTY,Hat Yai,TACAN,6.93022,100.392,115700,TH
HTY,Hat Yai,VOR-DME,6.9341,100.388,115300,TH
HU,Huambo,NDB,-12.8,15.7113,285,AO
HU,Khujirt,NDB,46.92,102.76,390,MN
HU,Dangara,NDB,38.0833,69.3333,100,TJ
HU,Yinno,NDB,39.3879,-87.3977,245,US
HU,Saltt,NDB,38.1237,-97.927,404,US
HU,Lanee,NDB,38.617,-121.603,400,US
HU,Houma,NDB,29.6643,-90.6617,219,US
HUA,Redstone,NDB,34.6985,-86.688,287,US
HUB,Hobby,VOR-DME,29.6556,-95.2766,117100,US
HUE,Phubai,VOR-DME,16.4011,107.703,115800,VN
HUG,Hughenden,VOR,-20.8142,144.22301,112400,AU
HUG,Hughenden,NDB,-20.8206,144.229,371,AU
HUH,Whatcom,VORTAC,48.9453,-122.579,113000,US
HUL,Huldenberg,VOR-DME,50.7494,4.64167,117550,BE
HUL,Houlton,VOR-DME,46.0395,-67.8342,116100,US
HUM,Hummelfjell,TACAN,62.4326,11.2683,111000,NO
HUM,Hum,NDB,43.2872,16.6784,412,HR
HUO,Huguenot,VOR-DME,41.4097,-74.5916,116100,US
HUP,Hudspeth,VORTAC,31.5687,-105.376,115000,US
HUR,Huairou,VOR-DME,40.33,116.748,113600,CN
HUR,Person,NDB,36.2333,-79.0659,220,US
HUT,Hyakuri,TACAN,36.1883,140.41499,113300,JP
HUT,Hutchinson,VOR-DME,37.9969,-97.9342,116800,US
HUW,Hutton,VOR-DME,36.8714,-91.9,111600,US
HUX,Huatulco,VOR-DME,15.7778,-96.2614,113200,MX
HUY,Huayuan,VOR-DME,28.5767,109.448,112000,CN
HV,Hiva Oa,NDB,-9.77139,-139.01601,383,PF
HV,Hvammur,NDB,65.6356,-18.0678,357,IS
HV,Khudzhand,NDB,40.2217,69.7583,655,TJ
HVE,Hanksville,VORTAC,38.4168,-110.7,115900,US
HVN,New Haven,VOR-DME,41.2623,-72.8852,109800,US
HVQ,Charleston,VORTAC,38.3497,-81.7699,117400,US
HVR,Havre,VOR-DME,48.5405,-109.77,111800,US
HVS,Hartsville,NDB,34.4071,-80.1153,341,US
HVT,Hachinohe,TACAN,40.5558,141.47,108600,JP
HW,Hannover,NDB,52.4685,9.54644,358,DE
HW,Pantnagar,NDB,29.0311,79.4737,400,IN
HW,Hakodate,NDB,41.7754,140.819,388,JP
HW,Hualien,NDB,24.0061,121.607,280,TW
HW,Cubla,NDB,39.3535,-83.8758,299,US
HWB,Shaw,NDB,40.265,-96.7571,263,US
HWE,Hakodate,VOR-DME,41.774,140.832,112300,JP
HWS,Howard Springs,NDB,-12.4689,131.043,257,AU
HWS,Central Wisconsin,NDB,44.7769,-89.6789,377,US
HX,Weining,NDB,26.86,104.282,285,CN
HXF,Hartford,NDB,43.3481,-88.3965,200,US
HXK,Hornebrook,NDB,44.5769,-71.1791,281,US
HXO,Huntsboro,NDB,36.3004,-78.6186,271,US
HXW,Screaming Eagle,TACAN,36.6764,-87.4919,114900,US
HY,Huayuan,NDB,28.5833,109.45,241,CN
HY,Khalaktyrka,NDB,53.0017,158.79201,685,RU
HY,Hat Yai,NDB,6.93639,100.389,328,TH
HY,Bogey,NDB,41.7159,-70.2028,342,US
HYE,Hyeres,TACAN,43.1008,6.1475,109000,FR
HYE,Yokosuka,VOR-DME,35.2558,139.588,116200,JP
HYE,Hanchey,NDB,31.3668,-85.65,221,US
HYK,Lexington,VORTAC,37.9664,-84.4725,112600,US
HYP,El Nido,VOR-DME,37.2194,-120.4,114200,US
HYR,Hayward,VOR-DME,46.019,-91.4464,113400,US
HYS,Hays,VORTAC,38.8476,-99.2768,110400,US
HYW,Horry,NDB,33.8233,-79.1282,370,US
HYX,Browne,NDB,43.4315,-83.8581,385,US
HZ,Tianmen,NDB,30.6517,113.152,314,CN
HZ,Hotazel,NDB,-27.225,22.95,258,ZA
HZ,Hazer,NDB,30.6331,-91.4894,356,US
HZD,Huntingdon,NDB,36.0885,-88.4669,217,US
HZL,Hazleton,VOR,40.9751,-76.1258,109400,US
HZN,Hazen,VORTAC,39.5164,-118.998,114100,US
HZP,Zionsville,NDB,39.9398,-86.2496,248,US
I,Baku,NDB,40.4883,50.03,733,AZ
I,Tallinn Ulemiste Lmm India,NDB,59.4134,24.8005,357,EE
I,Shymkent,NDB,42.3583,69.5067,733,KZ
I,Boryspil,NDB,50.3687,30.9068,640,UA
I,Zhuliany,NDB,50.4003,30.4191,733,UA
I,Mykolaiv,NDB,47.0447,31.8964,509,UA
I6R,Bromont,DME,45.2978,-72.7332,110700,CA
IA,Bria,VOR,6.526,21.9892,113500,CF
IA,Pestana,NDB,-29.994,-51.1958,395,BR
IA,Antananarivo Ivato,NDB,-18.7934,47.4549,364,MG
IA,Bodaybo,NDB,57.8667,114.217,405,RU
IA,Tille,NDB,38.8472,-77.4378,346,US
IA,Kathi,NDB,43.109,-78.8384,329,US
IA,Taffs,NDB,41.9843,-87.789,414,US
IA,Indija,NDB,45.0431,20.0731,485,RS
IAB,Mc Connell,TACAN,37.6219,-97.2682,116500,US
IAG,Niagara Falls,TACAN,43.1125,-78.9603,111000,US
IAH,Humble,VORTAC,29.9569,-95.3457,116600,US
IAK,Palatka,NDB,29.6527,-81.8116,243,US
IAS,Iasi,NDB,47.2343,27.5797,391,RO
IB,Bonsucesso,NDB,-23.4077,-46.3872,240,BR
IB,Atikokan,NDB,48.8253,-91.5776,209,CA
IB,Tallinn,NDB,59.4139,24.6068,329,EE
IB,Ibadan,NDB,7.43373,3.91588,400,NG
IBA,Ibadan,VOR-DME,7.34744,3.96572,112100,NG
IBA,Ibiza,VOR-DME,38.8683,1.36591,117800,ES
IBE,Iberia,NDB,-11.4011,-69.4914,202,PE
IBG,Ibague,VOR-DME,4.39647,-75.1073,112000,CO
IBG,Ibague,NDB,4.3975,-75.1058,312,CO
IBL,Isabela,NDB,-0.945,-90.9556,246,EC
IBL,Campbell River,DME,49.9525,-125.276,109100,CA
IBM,Kimball,NDB,41.1914,-103.67,317,US
IBO,Idabel,NDB,33.906,-94.843,271,US
IBX,Lourdes-De-Blanc-Sablon,DME,51.4492,-57.1816,109100,CA
IC,Gisa,NDB,-25.4627,-49.2483,370,BR
IC,Mocambo,NDB,-19.5598,-44.0368,245,BR
IC,Mitzic,NDB,0.78364,11.549,316,GA
IC,Piche,NDB,37.5782,-97.4559,332,US
ICA,Icabaru,NDB,4.33333,-61.7381,318,VE
ICK,Nichols,NDB,55.0709,-131.605,266,US
ICL,Clarinda,NDB,40.7267,-95.0275,353,US
ICN,Icheon,VOR,37.2017,127.483,117200,KR
ICO,Curico,VOR-DME,-34.9678,-71.2158,114700,CL
ICO,Curico,NDB,-34.9811,-71.2556,270,CL
ICT,Wichita,VORTAC,37.7453,-97.5838,113800,US
ICW,Ice Pool,NDB,64.5457,-149.077,525,US
ID,Das Island,NDB,25.1656,52.9003,366,AE
ID,Xiaodanyang,NDB,31.6667,118.715,440,CN
ID,Indore,NDB,22.7297,75.8101,335,IN
ID,Uconn,NDB,43.5978,-111.981,324,US
ID,Inddy,NDB,41.9049,-87.8069,385,US
ID,Jeffe,NDB,37.0657,-95.7777,335,US
ID,Dublin,DME,53.4201,-6.27052,108900,IE
IDA,Idaho Falls,VOR-DME,43.519,-112.064,113850,US
IDC,Fredericton,DME,45.8631,-66.5478,111300,CA
IDL,Indianola,NDB,33.4802,-90.6756,284,US
IDU,Industry,VORTAC,29.9561,-96.5622,110200,US
IE,Valde,NDB,-1.39444,-48.4917,395,BR
IE,Campi,NDB,31.6574,-93.0776,407,US
IEB,Lebanon,NDB,37.5714,-92.6582,414,US
IEV,Inuvik,DME,68.3028,-133.453,110300,CA
IEW,Winters,NDB,31.946,-99.988,396,US
IEY,Wiley,NDB,71.2854,-156.80701,248,US
IF,Fazenda,NDB,-19.6161,-43.985,215,BR
IF,Ivano-Frankovsk,NDB,48.8713,24.7599,290,UA
IFA,Iowa Falls,NDB,42.4766,-93.2655,368,US
IFB,Iqualuit,DME,63.75,-68.5442,109900,CA
IFI,Kingfisher,VORTAC,35.8053,-98.0039,114700,US
IFJ,Winnfield,NDB,31.9629,-92.6571,402,US
IFL,Innisfail,NDB,-17.5617,146.015,212,AU
IFM,Tift Myers,VOR,31.4287,-83.4889,112500,US
IFN,Esfahan,TACAN,32.7464,51.8247,117100,IR
IFN,Esfahan,NDB,32.749,51.8808,337,IR
IFR,Ifrane,NDB,33.5003,-5.16028,409,MA
IG,Tuca,NDB,-23.4622,-46.5733,410,BR
IG,Soja,NDB,-20.4859,-54.6893,395,BR
IG,Lensk,NDB,60.74,114.897,678,RU
IGB,Bigbee,VORTAC,33.4855,-88.5136,116200,US
IGL,Ingolstadt,TACAN,48.7178,11.5698,111400,DE
IGL,Ingolstadt,NDB,48.7378,11.6447,345,DE
IGM,Kingman,VOR-DME,35.2605,-113.934,108800,US
IGN,Kingston,VOR-DME,41.6655,-73.8223,117600,US
IGR,Igarka,VOR-DME,67.43,86.6417,112300,RU
IGU,Cataratas Del Iguazu,VOR-DME,-25.7345,-54.4857,114100,AR
IGV,Havre St Pierre,DME,50.2869,-63.5961,109300,CA
IGZ,In Guezzam,VOR,19.5636,5.73389,113400,DZ
IGZ,In Guezzam,NDB,19.5722,5.7625,435,DZ
IH,Rasa,NDB,-23.0639,-43.1461,315,BR
IHD,Indian Head,VORTAC,39.9742,-79.3584,108200,US
IHD,Dryden Regional,DME,49.835,-92.7497,109700,CA
IHM,Mansfield,NDB,42.0028,-71.1971,220,US
IHR,Chevery,DME,50.4747,-59.6258,109700,CA
IHS,Ironhorse,NDB,38.6783,-104.753,335,US
IHZ,Halifax,DME,44.8928,-63.5131,109100,CA
IIB,Wapsie,NDB,42.4522,-91.951,206,US
IID,Indore,VOR-DME,22.7228,75.8067,116700,IN
IIF,St-Augustin,DME,51.1994,-58.6547,108700,CA
IIK,Kipnuk,VOR-DME,59.9428,-164.034,115900,US
IIM,Imphal,VOR-DME,24.7676,93.9044,115900,IN
IIP,Hipsher,VOR-DME,42.6761,-105.226,108600,US
IIU,Louisville,VORTAC,38.1035,-85.5774,114800,US
IIY,Washington-Wilkes Co,NDB,33.7748,-82.8132,435,US
IJ,Haiqing,NDB,47.8683,134.647,394,CN
IJS,Toronto,DME,43.6631,-79.6186,109100,CA
IJT,Iwo Jima,TACAN,24.7842,141.317,109800,JP
IJX,Jacksonville,VOR-DME,39.7764,-90.2387,108600,US
IJZ,Nicholas,NDB,38.1751,-80.92,272,US
IK,Bento,NDB,-22.9575,-47.2042,370,BR
IK,Ikishima,NDB,33.7523,129.782,355,JP
IKA,Imam Khomeini,VOR-DME,35.4097,51.1785,114300,IR
IKA,Ikaria,NDB,37.6829,26.3456,322,GR
IKE,Iki,VOR-DME,33.7475,129.77699,113200,JP
IKK,Kankakee,VOR-DME,41.0744,-87.8498,111600,US
IKV,Ankeny,NDB,41.6987,-93.5634,275,US
IKY,Springfield,NDB,37.6346,-85.2366,429,US
IKZ,Buttonville,DME,43.8558,-79.3633,111100,CA
IL,Ilorin,VOR-DME,8.38837,4.43088,112300,NG
IL,Cariano,NDB,-27.6615,-48.5592,350,BR
IL,Ilorin,NDB,8.42532,4.4756,371,NG
IL,Ilstad,NDB,67.2744,14.7218,320,NO
IL,Airbo,NDB,39.4919,-83.7367,407,US
IL,Iresh,NDB,31.024,-97.708,278,US
IL,Airli,NDB,34.1913,-77.8663,281,US
IL,Hadin,NDB,39.5813,-75.6139,248,US
IL,J M Nkomo,NDB,-20.0106,28.6025,226,ZW
ILA,Williams,VORTAC,39.0711,-122.027,114400,US
ILB,Bistrica,VOR-DME,45.5656,14.1709,114800,SI
ILB,Bistrica,NDB,45.5645,14.172,414,SI
ILC,Wilson Creek,VORTAC,38.2502,-114.394,116300,US
ILI,Iliamna,NDB-DME,59.7479,-154.91,411,US
ILJ,Willard,NDB,37.2994,-93.4407,254,US
ILL,Willmar,VOR-DME,45.1175,-95.0906,113700,US
ILM,Wilmington,VORTAC,34.3517,-77.8744,117000,US
ILM,Ilam,VOR-DME,33.5784,46.4154,112600,IR
ILM,Quilmes,NDB,-34.7108,-58.2403,210,AR
ILM,Illesheim,NDB,49.4719,10.3879,488,DE
ILM,Ilam,NDB,33.5848,46.4121,311,IR
ILO,Ilo,VOR,-17.6911,-71.3506,112500,PE
ILR,Wildhorse,VOR-DME,43.5931,-118.955,113800,US
ILT,Isleta,NDB,34.987,-106.62,247,US
ILZ,Illizi,VOR,26.7233,8.65444,115600,DZ
IM,Bitam,NDB,2.08352,11.4823,264,GA
IM,Imphal,NDB,24.7582,93.8891,289,IN
IM,Shymkent,NDB,42.3505,69.5425,360,KZ
IM,Keans,NDB,35.5328,-82.5874,357,US
IM,Kords,NDB,45.7274,-88.1326,255,US
IMB,Kimberly,VORTAC,44.6484,-119.712,115600,US
IME,Iwami,VOR-DME,34.6762,131.78,115050,JP
IME,Mount Edgecumbe,NDB,57.0473,-135.366,414,US
IMK,Vancouver,DME,49.1967,-123.2,111100,CA
IML,Imperial,NDB,40.5116,-101.628,283,US
IMN,In Amenas,VOR-DME,28.07,9.66528,112900,DZ
IMR,Izmir,VOR-DME,38.3172,27.0072,113700,TR
IMR,Marshfield,NDB,42.0979,-70.6753,368,US
IMS,Madison,NDB,38.7609,-85.4605,404,US
IMT,Iron Mountain,VOR-DME,45.816,-88.1121,111200,US
IMU,Indramayu,VOR-DME,-6.3042,108.339,116400,ID
IN,Inderborsky,NDB,48.5667,51.75,755,KZ
IN,Inhambane,NDB,-23.8674,35.4001,400,MZ
IN,Zinder,NDB,13.7895,8.99783,264,NE
IN,Ibadan,NDB,7.37802,3.99149,310,NG
IN,Sukhotino,NDB,54.6,37.3333,106,RU
IN,Pully,NDB,39.629,-86.4183,266,US
IN,Raize,NDB,48.4813,-93.2781,353,US
IN,Reeno,NDB,36.0709,-80.1668,317,US
INA,Winnemucca,VOR-DME,40.8993,-117.812,108200,US
INB,Inebolu,VOR-DME,41.9514,33.7061,113300,TR
INE,Konna,NDB,47.0944,-114.397,521,US
ING,Ingo,VOR-DME,63.8031,-16.6381,112400,IS
ING,Saint-Inglevert,NDB,50.8832,1.74181,387,FR
ING,Ambler,NDB,40.1259,-75.2852,275,US
INK,Wink,VORTAC,31.8748,-103.244,112100,US
INL,International Falls,VORTAC,48.5658,-93.4057,111000,US
INN,Innsbruck,NDB,47.23,11.4019,420,AT
INO,Inongo,NDB,-1.95249,18.2746,385,CD
INP,Indiana,NDB,40.6319,-79.0659,242,US
INS,Indian Springs,TACAN,36.585,-115.67,134000,US
INS,Inverness,VOR-DME,57.5426,-4.04154,109200,GB
INV,Toronto,DME,43.6756,-79.5994,109300,CA
INW,Winslow,VORTAC,35.0616,-110.795,112600,US
IO,Antananarivo Ivato,NDB,-18.7841,47.3929,305,MG
IOA,Ioannina,NDB,39.6989,20.8161,340,GR
IOA,Montreal Dorval Intl,DME,45.4592,-73.7375,110500,CA
IOB,Mount Sterling,NDB,38.06,-83.9815,210,US
IOF,Flotta,NDB,58.8299,-3.14506,357,GB
IOG,Ogur,DME,66.0434,-22.6825,110100,IS
IOM,Isle Of Man,VOR-DME,54.0669,-4.76347,112200,IM
IOM,Mc Call,NDB,44.8057,-116.102,363,US
IOO,Iloilo,VOR-DME,10.7095,122.542,116300,PH
IOO,Oshawa,DME,43.9186,-78.8858,111350,CA
IOS,Puerto Barrios,VOR-DME,15.7368,-88.5888,115100,GT
IOW,Iowa City,VORTAC,41.519,-91.6133,116200,US
IOW,Ottawa,DME,45.3138,-75.6668,109500,CA
IP,Guaiba,NDB,-29.993,-51.2817,345,BR
IP,Jardim,NDB,-22.9928,-47.1552,300,BR
IP,Impfondo,NDB,1.61387,18.0663,370,CG
IP,Ile Des Pins,NDB,-22.59,167.451,332,NC
IP,Zakharovka,NDB,54.7333,36.65,688,RU
IPA,Isla De Pascua,VOR-DME,-27.1639,-109.406,117100,CL
IPA,Isla De Pascua,NDB,-27.154,-109.421,280,CL
IPI,Ipiales,VOR-DME,0.8592,-77.6732,113600,CO
IPL,Imperial,VORTAC,32.7489,-115.509,115900,US
IPR,Prince Rupert,DME,54.2906,-130.451,109700,CA
IPT,Isparta,VOR-DME,37.8511,30.3583,117500,TR
IPT,Isparta,NDB,37.8533,30.3583,349,TR
IQH,Watson Lake,DME,60.1192,-128.82899,110300,CA
IQK,Louisa,NDB,38.0204,-77.8592,382,US
IQQ,Iquique,VOR-DME,-20.3747,-70.1725,113300,CL
IQS,Sallisaw,NDB,35.3986,-94.7944,520,US
IQT,Iquitos,VOR-DME,-3.79226,-73.3174,116500,PE
IQX,Gander,DME,48.9506,-54.5603,109500,CA
IR,Trevo,NDB,-15.8642,-47.9373,280,BR
IR,Kisar,NDB,-8.01751,127.2,220,ID
IR,Irisu,NDB,40.9667,73.3667,121,KG
IR,Irkutsk,NDB,52.2483,104.463,514,RU
IR,Iringa,NDB,-7.6762,35.7525,397,TZ
IRA,Iraklion,VOR-DME,35.3408,25.1853,108800,GR
IRC,Isla Robinson Crusoe,NDB,-33.6167,-78.8367,293,CL
IRD,Vancouver,DME,49.202,-123.164,111900,CA
IRJ,Isla Rey Jorge,VOR-DME,-62.1908,-58.9825,113300,AQ
IRJ,Isla Rey Jorge,NDB,-62.1994,-58.9614,360,AQ
IRJ,Roberval,DME,48.5269,-72.2742,110300,CA
IRK,Kirksville,VORTAC,40.135,-92.5917,114600,US
IRK,Irkutsk,VOR-DME,52.27,104.388,112300,RU
IRM,Jerusalem,NDB,31.8634,35.2164,336,PS
IRO,Isiro,NDB,2.83961,27.5713,405,CD
IRQ,Colliers,VORTAC,33.7074,-82.1621,113900,US
IRS,Sturgis,NDB,41.8131,-85.4338,382,US
IRW,Will Rogers,VORTAC,35.3586,-97.6092,114100,US
IS,Ishurdi,NDB,24.1528,89.0448,350,BD
IS,Cimbra,NDB,-12.928,-38.4208,220,BR
IS,Mada,NDB,-23.5448,-46.7117,290,BR
IS,Fonte,NDB,-22.0025,-47.3411,345,BR
IS,Ajaccio/Campo Dell Oro,NDB,41.8988,8.61208,341,FR
IS,Isafjordur,NDB,66.0983,-23.0389,385,IS
IS,Istanbul,NDB,41.0572,28.8064,396,TR
IS,Stals,NDB,35.2439,-77.6982,276,US
IS,Lokks,NDB,40.7289,-73.1902,366,US
ISA,Istrana,TACAN,45.6875,12.1169,111700,IT
ISA,Istrana,NDB,45.6986,12.2283,340,IT
ISB,Sibley,NDB,43.368,-95.7525,269,US
ISD,Winner,VOR,43.4879,-99.7614,112800,US
ISK,Iskenderun,NDB,36.5761,36.16,434,TR
ISM,Kissimmee,NDB,28.2894,-81.4342,329,US
ISN,Williston,VORTAC,48.2533,-103.751,116300,US
ISN,Esfahan,VOR-DME,32.747,51.828,113200,IR
ISO,Kinston,VORTAC,35.371,-77.5583,109600,US
ISQ,Schoolcraft Co,VOR-DME,45.9762,-86.1734,110400,US
ISR,Iran Shahr,VOR-DME,27.2344,60.7223,117000,IR
ISR,Iran Shahr,NDB,27.2328,60.7176,309,IR
ISS,Wiscasset,NDB,43.9826,-69.6403,407,US
IST,Istanbul,VORTAC,40.9625,28.8097,112500,TR
ISV,Stornoway,DME,58.2144,-6.32605,110900,GB
ISW,Wisconsin Rapids,NDB,44.3639,-89.8398,215,US
ISY,Islay,DME,55.683,-6.24941,109950,GB
ISZ,Cincinnati Blue Ash,NDB,39.2488,-84.3896,388,US
IT,Pointe Noire,VOR,-4.82322,11.8874,114100,CG
IT,Meriti,NDB,-22.8295,-43.3623,290,BR
IT,Pena,NDB,-25.5145,-49.1915,325,BR
IT,Vrnah,NDB,42.4301,-76.3679,266,US
ITA,Las Lomitas,VOR,-24.7361,-60.5439,112200,AR
ITA,Latina,NDB,41.5412,12.9196,393,IT
ITF,Alma,DME,48.505,-71.6322,110700,CA
ITH,Ithaca,VOR-DME,42.495,-76.4597,111800,US
ITO,Chilecito,VOR,-29.2111,-67.4425,116500,AR
ITO,Hilo,VORTAC,19.7213,-155.011,116900,US
ITO,Toronto,DME,43.6703,-79.6344,110950,CA
ITR,Istres,TACAN,43.5261,4.92692,115700,FR
ITR,Istres,NDB,43.5262,4.92994,391,FR
ITR,Kit Carson,NDB,39.2462,-102.284,209,US
ITU,Itaipu,NDB,-25.4086,-54.6217,225,PY
ITU,Truly,NDB,47.3659,-111.373,371,US
ITZ,City Centre,DME,43.6272,-79.3994,110150,CA
IUI,Hicks,NDB,35.9377,-89.8338,350,US
IUL,La Porte,NDB,41.4989,-86.7715,356,US
IUL,Montreal,DME,45.4642,-73.7633,109300,CA
IUY,Rouyn,DME,48.2111,-78.8183,109900,CA
IV,Ipitanga,NDB,-12.9132,-38.3457,240,BR
IV,Ivano-Frankovsk,NDB,48.8947,24.6132,290,UA
IV,Island Lake,DME,53.8534,-94.6533,116000,CA
IVF,Ivano Frankivsk,VOR-DME,48.8847,24.6899,114200,UA
IVL,Inverell,NDB,-29.8847,151.14,260,AU
IVR,Inverness,NDB,57.5415,-4.04597,328,GB
IVR,Vancouver,DME,49.1881,-123.202,109500,CA
IVV,White River,NDB,43.5602,-72.4656,379,US
IW,Jaguari,NDB,-23.1645,-45.9315,230,BR
IW,Bembridge,NDB,50.6808,-1.10603,426,GB
IWA,Willie,VORTAC,33.3032,-111.651,113300,US
IWC,Kuga,VORTAC,34.0795,132.147,114300,JP
IWD,Ironwood,VORTAC,46.5323,-90.1258,108800,US
IWH,Wabash,NDB,40.7637,-85.7977,329,US
IWJ,Blaak,NDB,31.4557,-84.8191,344,US
IWW,Wildwood,NDB,60.5987,-151.211,379,US
IWY,Iswahyudi,TACAN,-7.61073,111.437,114800,ID
IX,Dustt,NDB,38.7387,-94.8919,368,US
IXC,Cranbrook,DME,49.6164,-115.783,110300,CA
IXD,Edmonton Muni,DME,53.5689,-113.511,109500,CA
IXE,Iwaki,VOR-DME,37.1489,140.976,117700,JP
IXT,Terrace,DME,54.4608,-128.588,110100,CA
IY,Pira,NDB,-22.0675,-47.3407,215,BR
IY,Chukk,NDB,43.1339,-92.7282,417,US
IYC,Calgary,DME,51.0992,-114.023,111500,CA
IZA,Ibiza,NDB,38.9155,1.47041,394,ES
IZA,Iza,DME,45.7349,16.0534,109500,HR
IZD,Mizda,NDB,31.4461,12.9736,378,LY
IZD,Ohrid,NDB,41.3428,20.8206,432,MK
IZK,Izki,VOR-DME,22.8885,57.7619,113500,OM
IZN,Lincolnton,NDB,35.5376,-81.0865,432,US
IZP,Iztapa,NDB,13.9309,-90.7317,400,GT
IZS,Montezuma,NDB,32.3674,-84.0074,426,US
IZT,Ixtepec,VOR-DME,16.4639,-95.0951,112200,MX
J,San Juan,NDB,-31.5433,-68.4167,305,AR
J,Jujuy,NDB,-24.416,-65.0833,330,AR
J,Tianjin,NDB,39.1462,117.333,517,CN
J7,One Hunderd Eight Mile,NDB-DME,51.7433,-121.337,285,CA
JA,Dexin,NDB,42.87,129.338,332,CN
JA,Jammu,NDB,32.6996,74.849,415,IN
JA,Kanoya,NDB,31.3564,130.849,238,JP
JA,Khovd,NDB,47.9082,91.6553,450,MN
JA,Yahotyn,NDB,50.2648,31.7932,385,UA
JA,Dinns,NDB,30.465,-81.8017,344,US
JA,Allen,NDB,32.4125,-90.1195,365,US
JA,Beograd,NDB,44.7429,20.4753,316,RS
JA,Jacobshavn,DME,69.2403,-51.0608,111950,GL
JAB,Jablonka,VOR-DME,49.4829,19.6786,116400,PL
JAB,Jablonka,NDB,49.4766,19.694,387,PL
JAC,Jacareacanga,VOR-DME,-6.23567,-57.7705,112200,BR
JAC,Jackson,VOR-DME,43.621,-110.732,115400,US
JAC,Jacareacanga,NDB,-6.23867,-57.774,360,BR
JAL,Jalalabad,VOR-DME,27.6943,79.6556,115800,IN
JAM,Jam,VOR-DME,27.8218,52.3429,116800,IR
JAM,Jam,NDB,27.8232,52.3396,385,IR
JAN,Jackson,VORTAC,32.5075,-90.1677,112600,US
JAN,Janovce,VOR-DME,48.1786,17.5447,110800,SK
JAS,Jasper,NDB,30.9546,-94.0335,344,US
JAT,Kanoya,TACAN,31.3628,130.83,113800,JP
JAU,Jacksboro,NDB,36.3379,-84.1609,204,US
JAY,Austin,VOR-DME,43.5763,-92.9197,108200,US
JB,Laberge,NDB,60.9489,-135.138,236,CA
JB,Dongying,NDB,37.59,118.785,345,CN
JB,Zangangzhen,NDB,39.0433,116.198,403,CN
JB,Jabalpur,NDB,23.1859,80.0606,301,IN
JB,Omura,NDB,32.9417,129.92999,343,JP
JB,Jaybee,NDB,1.49994,103.712,400,MY
JB,Jos,NDB,9.63759,8.89385,270,NG
JB,Johannesburg,NDB,-26.045,28.265,202,ZA
JB,Jigel,NDB,34.546,-79.1384,384,US
JBA,Djerba,VOR-DME,33.8772,10.7714,112200,TN
JBL,Jubail,VOR-DME,27.0394,49.4071,112900,SA
JBL,Hodge,NDB,32.2013,-92.726,256,US
JBR,Jonesboro,VOR-DME,35.8749,-90.5885,108600,US
JBR,Jaszbereny,NDB,47.4938,19.8946,517,HU
JBT,Omura,TACAN,32.9258,129.93201,114050,JP
JC,Hachinohe,NDB,40.5503,141.478,381,JP
JCT,Junction,VORTAC,30.598,-99.8175,116000,US
JCW,Jacobs Well,VOR,-27.7614,153.334,116500,AU
JD,Jebel Dhana,NDB,24.1933,52.625,303,AE
JD,Nikko,NDB,36.4898,139.86301,389,JP
JD,Fayzabad,NDB,38.5433,69.3133,475,TJ
JD,Gooey,NDB,38.4779,-89.738,385,US
JDG,Jedong,VOR-DME,33.3974,126.71,117900,KR
JDM,Wheatfield,NDB,39.5103,-101.048,408,US
JDN,Jardin,NDB,5.60417,-75.8111,360,CO
JDT,Utsunomiya,TACAN,36.5169,139.87601,112150,JP
JDW,King Abdulaziz,VORTAC,21.6791,39.1662,115300,SA
JE,Algoa,NDB,38.548,-92.0717,397,US
JEC,Miho,VORTAC,35.5311,133.09399,116700,JP
JED,Jedow,VOR-DME,50.6473,20.2512,115600,PL
JEN,Glen Rose,VORTAC,32.1596,-97.8777,115000,US
JER,Jerez,NDB,36.8345,-6.01622,433,ES
JER,Zarzis,NDB,33.878,10.7726,371,TN
JES,Slover,NDB,31.5524,-81.8873,340,US
JF,Jagersfontein,NDB,-29.7842,25.4306,243,ZA
JFK,Kennedy,VOR-DME,40.6329,-73.7714,115900,US
JFN,Jefferson,VOR-DME,41.7601,-80.7481,115200,US
JG,Xinzheng,NDB,34.7867,113.67,256,CN
JG,Dehradun,NDB,30.1899,78.1744,375,IN
JH,Fuling,NDB,29.7017,107.377,295,CN
JH,Qaqortoq,NDB,60.7233,-46.0294,265,GL
JH,Jharsuguda,NDB,21.8966,84.0387,314,IN
JH,Nizhnevartovsk,NDB,60.9117,76.415,450,RU
JH,Brenz,NDB,32.413,-90.2613,260,US
JHG,Ganlanba,VOR-DME,21.8633,100.932,112500,CN
JHG,Hohenwald,NDB,35.4625,-87.6303,257,US
JHH,Griffin,NDB,33.1843,-84.2275,412,US
JHN,Bear Creek,NDB,37.6356,-101.735,341,US
JHT,Jorhat,VOR-DME,26.7019,94.1487,112100,IN
JHW,Jamestown,VOR-DME,42.1886,-79.1213,114700,US
JI,Jiwani,VOR-DME,25.0639,61.7956,112700,PK
JI,Jiwani,NDB,25.0716,61.7996,330,PK
JIG,Jingning,VOR-DME,35.5283,105.72,113700,CN
JIL,Jijel,VOR-DME,36.7767,5.87722,117900,DZ
JIR,Jiroft,NDB,28.7314,57.6721,276,IR
JJB,Jabalpur,VOR-DME,23.1792,80.0608,113600,IN
JJH,Johnstown,NDB,42.9994,-74.3325,523,US
JJO,Jodhpur,VOR-DME,26.2336,73.0493,112300,IN
JJP,Jaipur,VOR-DME,26.8249,75.8007,112900,IN
JJS,Jamshedpur,VOR-DME,22.8124,86.1676,115400,IN
JJU,Jammu,VOR-DME,32.6916,74.8376,113300,IN
JK,Longli,NDB-DME,26.4583,106.98,311,CN
JKP,Janakpur,NDB,26.7122,85.9217,287,NP
JKS,Jacks Creek,VOR-DME,35.599,-88.3589,109400,US
JL,Jolo,NDB,6.05557,121.018,404,PH
JL,Yalta,NDB,44.4847,34.1351,274,UA
JL,Lunns,NDB,37.2031,-94.5586,344,US
JLA,Jumla,NDB,29.2739,82.1919,242,NP
JLC,Julia Creek,NDB,-20.665,141.724,206,AU
JLI,Julian,VORTAC,33.1405,-116.586,114000,US
JM,Jimma,NDB,7.66871,36.8216,263,ET
JM,Sabon,NDB,46.8627,-98.5807,395,US
JMB,Jambi,VOR-DME,-1.63604,103.645,117500,ID
JMR,Jamnagar,VOR-DME,22.4686,70.1711,115000,IN
JMR,Mora,NDB,45.8903,-93.268,327,US
JMS,Jamestown,VOR-DME,46.9329,-98.6788,114500,US
JMU,Jiamusi,VOR-DME,46.8383,130.46201,113500,CN
JN,Balll,NDB,40.1809,-85.3207,365,US
JN,Jurly,NDB,35.475,-78.4253,263,US
JNB,Jurien Bay,VOR,-30.3133,115.054,112000,AU
JNC,Grand Junction,VORTAC,39.0596,-108.793,112400,US
JNM,Monroe,NDB,33.7376,-83.7268,392,US
JNR,North River,NDB,63.9077,-160.812,382,US
JNS,Josie,VOR-DME,62.6605,29.6105,115700,FI
JNV,Joinville,VOR-DME,-26.2223,-48.798,115100,BR
JO,Jodhpur,NDB,26.2502,73.0327,340,IN
JOA,Palma De Mallorca,VOR-DME,39.5647,2.74663,117700,ES
JOA,San Joaquin,NDB,-13.05,-64.6667,217,BO
JOE,Joensuu,NDB,62.6861,29.4721,325,FI
JOG,Yogyakarta,VOR-DME,-7.80033,110.309,112800,ID
JOH,Johnstone Point,VOR-DME,60.481,-146.599,116700,US
JOM,Jomalig,VOR-DME,14.7049,122.33,116700,PH
JON,Jonkoping,VOR-DME,57.7604,14.0654,115800,SE
JOS,Jos,VOR-DME,9.64219,8.843,113100,NG
JOT,Joliet,VORTAC,41.5464,-88.3184,112300,US
JP,Juliett-Papa,NDB,62.6378,29.7575,401,FI
JP,Gravelotte,NDB,-23.9,30.6833,403,ZA
JPA,Jayapura,VOR-DME,-2.57839,140.51667,116200,ID
JPA,Chandragadhi,NDB,26.57,88.0775,397,NP
JPA,Sanjac,NDB,29.6685,-95.0698,347,US
JPG,Jacarepagua,NDB,-22.9879,-43.3689,205,BR
JPS,Joao Pessoa,NDB,-7.1405,-34.9525,320,BR
JPU,Parkersburg,VORTAC,39.4412,-81.3748,108600,US
JQ,Bomnak,NDB,54.7167,128.85001,225,RU
JR,Jessore,NDB,23.1752,89.1618,280,BD
JR,Liangxiang,NDB,39.7233,116.098,475,CN
JR,Juliett-Romeo,NDB,62.2251,27.7805,370,FI
JR,Johor Bahru,NDB,1.67494,103.66,245,MY
JRM,Jeremie,NDB,18.6649,-74.1427,384,HT
JRM,Jahrom,NDB,28.5854,53.5841,374,IR
JRP,Rio Preto,NDB,-20.8132,-49.406,420,BR
JRV,Morrisville-Stowe,NDB,44.5787,-72.5873,375,US
JRZ,Jerez,VOR-DME,36.8152,-6.02654,113000,ES
JS,Tianjin,NDB,39.1704,117.317,452,CN
JSK,Jask,TACAN,25.6462,57.7839,116300,IR
JSL,Kota Kinabalu,NDB,5.89967,116.028,400,MY
JSM,Jose De San Martin,NDB,-44.0581,-70.4344,250,AR
JSN,Jackson,NDB,-9.37615,147.177,380,PG
JSO,Cherokee Co,NDB,31.8702,-95.2155,263,US
JSR,Jessore,VOR,23.1769,89.1631,113000,BD
JST,Johnstown,VORTAC,40.3167,-78.8342,113000,US
JST,Justic,NDB,43.4246,21.6313,405,RS
JSV,Johannesburg,VOR-DME,-26.1571,28.231,115200,ZA
JSY,Jersey,VOR-DME,49.2211,-2.04611,112200,JE
JT,Jandakot,NDB,-32.1028,115.887,281,AU
JT,Stephenville,NDB,48.5439,-58.7548,390,CA
JT,Jorhat,NDB,26.7172,94.1465,217,IN
JTA,Jingtai,VOR-DME,37.195,104.08,114900,CN
JTG,Jintang,VOR-DME,30.8717,104.393,115400,CN
JTN,Jiuting,VOR-DME,31.125,121.34,109600,CN
JU,Ashee,NDB,36.4339,-81.3219,410,US
JUA,San Juan,VOR-DME,-31.5639,-68.4214,113100,AR
JUB,Juba,VOR-DME,4.88866,31.5815,113300,SS
JUE,Lebanon,NDB,36.1922,-86.3138,414,US
JUG,Jecca,NDB,32.6681,-96.5322,388,US
JUJ,Jujuy,VOR-DME,-24.3936,-65.0928,112900,AR
JUK,Mc Kinnon,NDB,31.1536,-81.3895,353,US
JUL,Juliaca,VOR-DME,-15.4681,-70.1511,115550,PE
JUY,Judd,NDB,31.3051,-86.3909,264,US
JV,Ilulissat,NDB,69.2414,-51.0724,367,GL
JV,Jovellar,NDB,13.0786,123.596,360,PH
JV,Catch,NDB,38.474,-85.7372,331,US
JVL,Janesville,VOR-DME,42.558,-89.1053,114300,US
JVS,Jervois,NDB,-22.9492,136.145,203,AU
JW,Pigeon,NDB,51.045,-114.63,388,CA
JW,Yongfu,NDB,25.0067,110.018,281,CN
JWG,Watonga,NDB,35.862,-98.4253,359,US
JWJ,Elmwood,VOR-DME,42.1114,-92.9089,109400,US
JWN,Jungwon,TACAN,37.0331,127.892,111300,KR
JWN,Jwaneng,NDB,-24.6007,24.6859,278,BW
JX,Weixian,NDB,36.35,114.917,345,CN
JX,Vaxjo,NDB,56.9961,14.7574,349,SE
JX,Jakso,NDB,42.3178,-84.3655,212,US
JXN,Jackson,VOR-DME,42.2592,-84.4585,109600,US
JXT,Jefferson,NDB,36.11,-83.4752,346,US
JYG,St James,NDB,43.9854,-94.5522,260,US
JYL,Sylvania,NDB,32.6492,-81.5943,245,US
JYN,Wayne,NDB,35.5261,-77.9003,208,US
JYO,Amman,NDB,32.0048,36.0656,391,JO
JYR,York,NDB,40.8975,-97.617,257,US
JYT,Qatraneh,NDB,31.2498,36.0471,302,JO
JYU,Junior,VOR-DME,32.3446,-86.9913,113600,US
JZ,Newbn,NDB,38.9138,-95.1539,338,US
JZI,Johns Island,NDB,32.7015,-80.0058,283,US
JZP,Pickens,NDB,34.4569,-84.4605,285,US
JZR,Juazeiro,NDB,-7.21383,-39.2745,205,BR
JZY,Macomb,NDB,40.5184,-90.5604,251,US
K,Gyandzha,NDB,40.7217,46.3383,985,AZ
K,Santiago De Cuba,NDB,19.9688,-75.9353,348,CU
K,Tazar,NDB,46.413,17.9114,459,HU
K,Karaganda,NDB,49.6842,73.368,618,KZ
K,Oksywie,NDB,54.564,18.543,290,PL
K,Cherkasy,NDB,49.4331,31.9799,705,UA
K,Mykolaiv,NDB,47.0706,31.9417,509,UA
K,Ediz Hook,NDB,48.1399,-123.402,317,US
K,Noibai,NDB,21.2279,105.783,230,VN
K2,Olds-Didsbury,NDB,51.7103,-114.109,376,CA
K5,Maple Creek,NDB,49.8969,-109.484,238,CA
K7,Ste-Anne-Des-Monts,NDB,49.1286,-66.55,211,CA
K8,Nemiscau,NDB,51.6889,-76.1342,214,CA
KA,Karratha,VOR-DME,-20.715,116.774,117300,AU
KA,Karratha,NDB,-20.7061,116.784,404,AU
KA,Karup,NDB,56.2985,9.23696,369,DK
KA,Kanpur Chakeri,NDB,26.4169,80.3983,292,IN
KA,Karakol,NDB,42.5183,78.3583,912,KG
KA,Karaganda,NDB,49.6984,73.4037,299,KZ
KA,Karonga,NDB,-9.95157,33.8951,245,MW
KA,Kaadedhdhoo,NDB,0.49578,72.9953,274,MV
KA,Cape Monze,NDB,24.8279,66.6644,244,PK
KA,Olzony,NDB,52.95,105.217,102,RU
KA,Konstantinovsk,NDB,47.6167,41.1167,110,RU
KA,Khurba,NDB,50.4086,136.933,440,RU
KA,Kasese,NDB,0.18834,30.099,273,UG
KA,Dzhizak,NDB,40.2833,67.95,480,UZ
KAD,Kadena,VORTAC,26.3568,127.768,112000,JP
KAD,Khaldeh,VOR-DME,33.8056,35.4847,112600,LB
KAD,Kadifekale,NDB,38.4136,27.1483,330,TR
KAD,Kadis,DME,60.147,25.0811,117500,FI
KAE,Gangwon,VORTAC,37.7006,128.754,115600,KR
KAE,Kaedi,NDB,16.1566,-13.5074,289,MR
KAF,Kandahar,TACAN,31.5057,65.8486,112800,AF
KAI,Kaieteur,NDB,5.21632,-58.2671,342,GY
KAJ,Kajaani,NDB,64.2731,27.5299,337,FI
KAL,Kalotina,VOR-DME,42.9492,22.875,114500,BG
KAL,Kalmar,VOR-DME,56.6854,16.2842,111600,SE
KAL,Kalima,NDB,-2.58577,26.7499,326,CD
KAM,Khamis Mushait,VORTAC,18.2997,42.79,115900,SA
KAM,Kalamata,VOR-DME,37.0664,22.0239,112600,GR
KAM,Kamsar,NDB,10.6625,-14.6067,308,GN
KAM,Kamarang,NDB,5.88333,-60.6167,406,GY
KAM,Kathmandu,NDB,27.6939,85.3536,318,NP
KAM,Dolsko,NDB,46.105,14.6755,328,SI
KAN,Gangneung,TACAN,37.7583,128.952,111900,KR
KAN,Kano,VOR-DME,12.0358,8.49606,112500,NG
KAO,Kassos,NDB,35.4191,26.9132,333,GR
KAR,Karup,TACAN,56.2967,9.0086,110000,DK
KAR,Kars,VOR-DME,40.5675,43.1242,113800,TR
KAR,Kars,NDB,40.5675,43.1242,431,TR
KAS,Kastrup,VOR-DME,55.5905,12.6136,112500,DK
KAS,Kastoria,VOR-DME,40.451,21.2754,114500,GR
KAS,Kasane,NDB,-17.823,25.1565,287,BW
KAT,Bandaranaike,VOR-DME,7.16127,79.8685,112700,LK
KAT,Katoomba,NDB,-33.7108,150.3,233,AU
KAU,Kauhava,VOR-DME,63.1225,23.0559,112400,FI
KAV,Kavieng,VOR-DME,-2.60383,150.83701,116400,PG
KAV,Kavran,NDB,44.8954,14.0082,265,HR
KAV,Kavieng,NDB,-2.58651,150.813,368,PG
KAV,Kavanayen,NDB,5.58722,-61.752,398,VE
KAY,Kayes,VOR-DME,14.4791,-11.4218,116700,ML
KAZ,Kahrizak,NDB,35.5167,51.3669,358,IR
KB,Kribi,NDB,2.85639,9.9696,335,CM
KB,Kembe,NDB,4.61363,21.8664,378,CF
KB,Kota Bharu,NDB,6.175,102.255,240,MY
KB,Anadyr,NDB,64.69,177.71001,790,RU
KB,Kamembe,NDB,-2.46379,28.9082,321,RW
KB,Krabi,NDB,8.10528,98.9745,299,TH
KB,Kilimanjaro,NDB,-3.58162,36.6946,293,TZ
KB,Boryspil,NDB,50.3862,30.8838,825,UA
KB,Kariba,NDB,-16.5272,28.8237,399,ZW
KBA,Karlsruhe Baden Baden,NDB,48.798,8.09755,431,DE
KBD,Karlsruhe Baden Baden,DME,48.7802,8.08849,115800,DE
KBE,Kokubu,VOR-DME,31.6439,130.842,117300,JP
KBG,Karlsborg,NDB,58.4833,14.3806,312,SE
KBI,Krabi,VOR-DME,8.10755,98.9775,111000,TH
KBL,Kabul,VOR-DME,34.5456,69.2904,112000,AF
KBO,Koln/Bonn,VOR-DME,50.8617,7.14552,112150,DE
KBV,Kobbe,NDB,69.5052,18.8217,283,NO
KC,Nouakchott,VOR-DME,18.0916,-15.9483,115600,MR
KC,Karachi,VOR-DME,24.9105,67.1767,112100,PK
KC,Laibin,NDB,23.7433,109.215,393,CN
KC,Kerinci,NDB,-2.09167,101.466,201,ID
KC,Nagoya,NDB,35.2594,136.916,360,JP
KC,Kaduna,NDB,10.6818,7.30249,310,NG
KC,Karachi,NDB,24.9217,67.1589,271,PK
KCA,Kuqa,VOR-DME,41.7167,83.0,114500,CN
KCC,Nagoya,VORTAC,35.2653,136.91499,114200,JP
KCE,Kobe,VOR-DME,34.631,135.228,111250,JP
KCW,Kampong Chhnang,NDB,12.241,104.563,297,KH
KCY,Kilcoy,NDB,-26.9189,152.573,392,AU
KD,Kbely,NDB,50.1526,14.6366,300,CZ
KD,Kandla,NDB,23.1116,70.1075,335,IN
KD,Kurdaysky,NDB,43.3,74.95,925,KZ
KD,Kadhdhoo,NDB,1.85444,73.5208,260,MV
KD,Hyderabad,NDB,25.3229,68.3623,223,PK
KD,Novotyryshkino,NDB,55.2833,82.4,715,RU
KD,Klerksdorp,NDB,-26.8451,26.7106,280,ZA
KD,Kolda,NDB,12.8829,-14.9665,344,SN
KDA,Kaduna,VOR,10.6802,7.30143,115300,NG
KDI,Kendari,VOR-DME,-4.07564,122.453,115000,ID
KDN,Tunis,NDB,36.8249,10.3096,386,TN
KDR,Kadra,NDB,32.3667,13.6167,314,LY
KE,Kitona Base,NDB,-5.90444,12.4597,275,CD
KE,Kosice,NDB,48.5881,21.2151,425,SK
KE,Chor,NDB,25.5201,69.7709,410,PK
KE,Kikerino,NDB,59.45,29.6333,535,RU
KE,Boryspil,NDB,50.2828,30.8763,825,UA
KE,Kasompe,NDB,-12.5683,27.8832,262,ZM
KEA,Kea,VOR-DME,37.5572,24.2978,115000,GR
KEB,Sarajevo,VOR-DME,43.9339,18.4498,116700,BA
KEC,Kushimoto,VORTAC,33.4477,135.79401,112900,JP
KEF,Keflavik,VORTAC,63.9869,-22.6144,112000,IS
KEF,Kefallinia,NDB,38.1157,20.4993,318,GR
KEK,Kerkira,NDB,39.5878,19.9117,403,GR
KEM,Kemi,NDB,65.8465,24.6029,373,FI
KEM,Uonquen,NDB,5.23333,-61.7667,272,VE
KER,Kerman,TACAN,30.2645,56.9584,115000,IR
KER,Kerman,VOR-DME,30.2521,56.9612,114200,IR
KER,Kerry,NDB,52.1822,-9.52449,334,IE
KER,Kerman,NDB,30.2593,56.9647,290,IR
KER,Kerch,DME,45.3709,36.4051,116300,UA
KF,Keflavik,NDB,63.985,-22.7317,392,IS
KF,Kiffa,NDB,16.621,-11.4027,265,MR
KF,Gharo,NDB,24.775,67.5667,296,PK
KF,Tiksi,NDB,71.7367,128.918,320,RU
KFA,Dammam,VORTAC,26.4975,49.7787,112300,SA
KFK,Afyon,TACAN,38.7176,30.6176,115200,TR
KFK,Afyon,VOR-DME,38.8039,30.5469,112200,TR
KFK,Afyon,NDB,38.8039,30.5469,324,TR
KFN,Kefallinia,VOR-DME,38.1131,20.5047,115500,GR
KFR,Wafra,VOR-DME,28.6208,47.9582,112000,KW
KFR,Kufra,VOR-DME,24.1533,23.3083,113200,LY
KFR,Kufra,NDB,24.2358,23.3306,317,LY
KFT,Klagenfurt,VOR-DME,46.5976,14.5623,113100,AT
KFT,Klagenfurt,NDB,46.6251,14.5342,374,AT
KG,Kalgoorlie,VOR-DME,-30.7897,121.453,114100,AU
KG,Kalgoorlie,NDB,-30.7778,121.439,287,AU
KG,Kobiljaca,NDB,43.8814,18.177,358,BA
KG,Kengtung,NDB,21.3027,99.6327,400,MM
KG,Koggala,NDB,5.995,80.3233,395,LK
KG,Longkou,NDB,29.95,113.767,395,CN
KG,Kishanganj,NDB,26.1013,87.9418,263,IN
KG,Lilongwe,NDB,-13.7387,33.717,305,MW
KG,Kjerringnes,NDB,68.6624,15.4743,404,NO
KG,Kogalym,NDB,62.2467,74.555,490,RU
KG,Kigoma,NDB,-4.88837,29.6691,394,TZ
KGE,Kajiki,VOR-DME,31.7975,130.726,115700,JP
KGI,Bangoka,VOR-DME,0.49258,25.3134,114500,CD
KGV,Kang,VOR,-23.6797,22.8199,115100,BW
KH,Katihar,NDB,25.5671,87.5557,242,IN
KH,Korhogo,NDB,9.39683,-5.62986,400,CI
KH,Khuzdar,NDB,27.7976,66.6387,405,PK
KH,Kakhovka,NDB,46.8081,33.495,485,UA
KHA,Khurais,NDB,25.0667,48.195,310,SA
KHD,Adiyaman,VOR-DME,37.7242,38.4592,113600,TR
KHD,Adiyaman,NDB,37.7242,38.4592,381,TR
KHD,Kiel Holtenau,DME,54.3788,10.1454,109500,DE
KHE,Gimhae,TACAN,35.1811,128.95,117000,KR
KHG,Kashi,VOR-DME,39.5467,76.0233,115700,CN
KHG,El Kharga,VOR-DME,25.4484,30.5908,113800,EG
KHG,Khark Island,VOR-DME,29.2646,50.3172,113400,IR
KHG,Khark Island,NDB,29.2607,50.3213,325,IR
KHM,Kahramanmaras,VOR-DME,37.5381,36.9536,113900,TR
KHM,Kahramanmaras,NDB,37.5381,36.9536,374,TR
KHM,Dayrestan,NDB-DME,26.7631,55.9077,233,IR
KHN,Xiangtang,VOR-DME,28.43,115.923,112700,CN
KHR,Kharkiv,VOR-DME,49.9268,36.2853,116500,UA
KHR,Chrisoupolis,NDB,40.9268,24.6327,327,GR
KHY,Khoy,NDB,38.4292,44.9692,288,IR
KHZ,Astypalaia,NDB,36.7454,26.3753,422,GR
KI,Kanti,NDB,25.9873,95.6747,230,MM
KI,Ivenets,NDB,53.8833,26.7333,355,BY
KI,Kikai,NDB,28.3178,129.924,382,JP
KI,Kisumu,NDB,-0.08452,34.7359,347,KE
KI,Kirbaltabay,NDB,43.5903,77.4867,370,KZ
KI,Kaikoura,NDB,-42.4204,173.696,350,NZ
KI,Kirensk,NDB,57.7733,108.143,309,RU
KI,Zhulyany,NDB,50.3989,30.3874,360,UA
KIA,King Khaled,VORTAC,24.8861,46.7594,113300,SA
KIA,Kabul,TACAN,34.5625,69.389,133800,AF
KIH,Kish Island,TACAN,26.5233,54.01,116500,IR
KIH,Kish Island,NDB,26.5276,53.9528,201,IR
KII,King Island,NDB,-39.8891,143.875,332,AU
KIK,Kirkenes,VOR-DME,69.7238,29.8691,112000,NO
KIK,Kikori,NDB,-7.42747,144.25101,308,PG
KIL,Kiel Holtenau,NDB,54.3776,10.12,353,DE
KIN,Kindu,VOR,-2.91908,25.8998,115100,CD
KIN,Kindu,NDB,-2.90167,25.9117,285,CD
KIN,Kingston,NDB,17.9664,-76.875,360,JM
KIP,Gimpo,VOR-DME,37.5575,126.792,113600,KR
KIR,Kirn,VORTAC,49.8502,7.36958,117500,DE
KIS,Kish Island,VOR-DME,26.5258,53.9619,117400,IR
KIS,Bangoka,NDB,0.46397,25.3501,315,CD
KIT,Kitona Base,VOR,-5.93881,12.4262,115300,CD
KIT,Kitona Base,NDB,-5.90556,12.4267,350,CD
KIT,Kittila,NDB,67.6231,24.8975,328,FI
KIT,Kithira,NDB,36.2765,23.0152,372,GR
KIU,Kiunga,NDB-DME,-6.1216,141.287,169,PG
KIV,Kisumu,VOR-DME,-0.09509,34.7119,114100,KE
KJ,Hohhot,NDB,40.87,111.888,434,CN
KJ,Karimunjawa,NDB,-5.80389,110.446,311,ID
KJ,Khajuraho,NDB,24.8204,79.9167,403,IN
KJ,Komatsujima,NDB,33.9769,134.649,352,JP
KJT,Komatsujima,TACAN,34.0041,134.62601,113550,JP
KK,Menongue,NDB,-14.6667,17.7333,293,AO
KK,Koh Kong,NDB,11.6169,102.996,425,KH
KK,Kankesanturai,NDB,9.79611,80.0722,236,LK
KK,Kong Kong,NDB,1.52164,103.99,286,MY
KK,Kapteinskop,NDB,-32.7167,18.5717,267,ZA
KK,Kerikeri,NDB-DME,-35.262,173.911,226,NZ
KKA,Koyuk,NDB-DME,64.932,-161.14799,299,US
KKJ,Khajuraho,VOR-DME,24.8149,79.9187,116400,IN
KKN,Khon Kaen,VOR-DME,16.4708,102.788,114900,TH
KKP,Kancheepuram,VOR-DME,12.7849,79.7131,115400,IN
KKS,Kirkenes,NDB,69.7508,30.1145,326,NO
KKU,Silchar,VOR-DME,24.9137,92.9775,115700,IN
KKW,Kikwit,NDB,-5.03556,18.8163,321,CD
KL,Kala,NDB,40.355,50.2,320,AZ
KL,Kalay,NDB,23.1875,94.0549,225,MM
KL,Schefferville,NDB,54.8494,-66.8622,203,CA
KL,Koulamoutou,NDB,-1.16968,12.4318,386,GA
KL,Kumasi,NDB,6.74785,-1.5839,271,GH
KL,Akola,NDB,20.6941,77.0524,211,IN
KL,Kalinovka,NDB,42.7,75.3667,825,KG
KL,Kayell,NDB,3.01139,101.62,255,MY
KL,Kalibo,NDB,11.6868,122.381,298,PH
KL,Krasny Sulin,NDB,47.8833,40.1,486,RU
KL,Kilimanjaro,NDB,-3.43597,36.9248,283,TZ
KL,Katima Mulilo,NDB,-17.6342,24.1818,332,NA
KLA,Kantola,VOR-DME,65.9917,29.2358,114400,FI
KLA,Klaipeda,VOR-DME,55.7156,21.2438,113900,LT
KLC,Kaklic,TACAN,38.514,26.9738,116800,TR
KLD,Kalhovd,VOR-DME,60.055,8.37347,113700,NO
KLF,Klasdorf,VOR-DME,52.0194,13.5634,115150,DE
KLH,Kalaleh,NDB,37.3883,55.4567,325,IR
KLI,Kasteli,TACAN,35.1961,25.33,111900,GR
KLM,Kalamata,TACAN,37.0767,22.0189,115200,GR
KLO,Kalibo,VOR-DME,11.6836,122.383,113000,PH
KLO,Kloten,VOR-DME,47.4571,8.54558,114850,CH
KLP,Kolocep,NDB,42.6693,18.0209,318,HR
KLY,Killiney,NDB,53.2696,-6.10644,378,IE
KM,Gyandzha,NDB,40.6983,46.38,486,AZ
KM,Dahushan,NDB,41.6383,122.115,276,CN
KM,Huailai,NDB,40.3933,115.492,360,CN
KM,Kalimaru,NDB,2.16061,117.434,232,ID
KM,Kamalpur,NDB,24.1323,91.811,246,IN
KM,Khamampet,NDB,17.2427,80.1401,340,IN
KM,Arkhangelsk,NDB,64.595,40.8367,690,RU
KM,Kamyshin,NDB,50.0667,45.4167,387,RU
KM,Kamenskoe,NDB,62.4167,166.10001,430,RU
KM,Kem,NDB,64.9467,34.4967,445,RU
KM,Kimberley,NDB,-28.7922,24.781,365,ZA
KM,Kapiri Mposhi,NDB,-13.9681,28.6899,312,ZM
KMB,Kamina Base,VOR,-8.62859,25.2479,114700,CD
KMB,Kamina Base,NDB,-8.65336,25.2667,276,CD
KMB,Kemble,NDB,51.66917,-2.06889,349,GB
KMC,Komatsu,VORTAC,36.3964,136.405,112000,JP
KMC,King Khaled Military City,VORTAC,27.8795,45.5568,115900,SA
KMG,Kunming,VOR-DME,25.0167,102.733,112900,CN
KMH,Gimhae,VOR-DME,35.1991,128.936,113800,KR
KMI,Kalemie,VOR,-5.86883,29.2499,116300,CD
KMI,Kmiecin,VOR,54.2013,19.1451,116800,PL
KMI,Kalemie,NDB,-5.91882,29.1833,261,CD
KMI,Indo Muro Kencana,NDB,-0.68917,114.445,276,ID
KML,Kamishly,VOR-DME,37.0167,41.2053,115100,SY
KML,Kamishly,NDB,37.0303,41.2053,313,SY
KMP,Kempsey,NDB,-31.0583,152.78999,230,AU
KMS,Kermanshah,VOR-DME,34.3397,47.1691,114600,IR
KMS,Kermanshah,NDB,34.3272,47.2018,382,IR
KN,Kindu,NDB,-2.95241,25.9165,270,CD
KN,Dongshan,NDB,27.7433,120.65,413,CN
KN,Kankan,NDB,10.376,-9.28347,276,GN
KN,Kangra,NDB,32.1699,76.2637,237,IN
KN,Kansai,NDB,34.4951,135.345,346,JP
KN,Skrova,NDB,68.1528,14.6492,300,NO
KN,Oksywie,NDB,54.5486,18.567,494,PL
KN,Kostino,NDB,56.3,37.7167,642,RU
KN,Kobona,NDB,60.0333,31.55,420,RU
KN,Khon Kaen,NDB,16.4621,102.784,393,TH
KN,Beograd,NDB,44.8946,20.1361,380,RS
KNA,Kaunas,VOR-DME,54.9598,24.0653,114400,LT
KNA,Kenana,VOR-DME,13.0287,32.9072,115400,SD
KNA,Kenana,NDB,13.1674,32.7174,400,SD
KNE,Kansai,VOR-DME,34.4301,135.252,111800,JP
KNE,Kunovice,NDB,49.0465,17.4522,434,CZ
KNG,Kananga,VOR-DME,-5.90215,22.4497,115500,CD
KNG,Kananga,NDB,-5.91132,22.4914,380,CD
KNG,Konig,NDB,49.7622,9.09167,355,DE
KNI,Kainuu,VOR-DME,64.2825,27.6558,114900,FI
KNK,Connaught,NDB,53.8965,-8.937,364,IE
KNM,Kigali,VOR-DME,-1.96921,30.1474,114900,RW
KNO,Kautokeino,TACAN,69.0189,23.023,109600,NO
KNS,Kaunis,VOR-DME,68.454,27.4515,115800,FI
KNY,Konya,VOR-DME,37.9967,32.5644,111200,TR
KNY,Konya,NDB,37.9967,32.5644,390,TR
KO,Koumac,NDB,-20.54175,164.26106,313,NC
KO,Makokou,NDB,0.58077,12.8896,271,GA
KO,Kozala,NDB,45.3346,14.4468,438,HR
KO,Kota,NDB,25.1656,75.8437,284,IN
KO,Kano,NDB,12.0335,8.51649,260,NG
KO,Kotly,NDB,59.6133,28.7733,635,RU
KO,Dili,NDB,-8.55211,125.521,391,TL
KO,Kilimanjaro,NDB,-3.43291,36.9934,298,TZ
KO,Koshany,NDB,50.9465,30.9765,490,UA
KO,Kaoma,NDB,-14.7981,24.7831,349,ZM
KOA,Kona,VORTAC,19.71724,-156.04492,112100,US
KOG,Gangneung,VOR-DME,37.7588,128.95,113500,KR
KOK,Koksy,VORTAC,51.0947,2.65167,114500,BE
KON,Konya,TACAN,37.9989,32.5661,114100,TR
KOR,Korsa,VOR-DME,55.4394,11.6315,112800,DK
KOR,Korso,NDB,60.3721,25.0684,322,FI
KOR,Korinthos,NDB,37.9303,22.9358,392,GR
KOS,Kos,VOR-DME,36.7906,27.0911,109000,GR
KOS,Kos,NDB,36.7953,27.0911,311,GR
KOT,Kotakoli,NDB,4.16886,21.7508,340,CD
KOW,Ganzhou,VOR-DME,25.8217,114.915,112100,CN
KOW,Kowanyama,NDB,-15.4797,141.748,242,AU
KOZ,Kozani,VOR-DME,40.2851,21.8404,109600,GR
KP,Kyaukpyu,NDB,19.4261,93.5351,250,MM
KP,Grama,NDB,-23.0539,-47.0696,395,BR
KP,Ketapang,NDB,-1.75028,109.984,333,ID
KP,Kolhapur,NDB,16.6647,74.2824,260,IN
KP,Anju,NDB,39.6091,125.671,275,KP
KP,Kargopol,NDB,61.5333,38.9667,705,RU
KP,Kamenets,NDB,48.693,26.6049,732,UA
KPE,Kan'On,VOR-DME,34.3593,132.411,109850,JP
KPG,Kupang,VOR-DME,-10.174,123.678,112200,ID
KPL,Kavala,VOR-DME,40.9118,24.6141,108800,GR
KPO,Pohang,VORTAC,35.9775,129.474,112500,KR
KPS,Kamphaeng Saen,TACAN,14.0911,99.9123,115100,TH
KPS,Kamphaeng Saen,VOR-DME,14.1672,99.951,114500,TH
KPS,Kamphaeng Saen,NDB,14.1705,99.9565,251,TH
KPT,Kempten,VOR-DME,47.7458,10.3497,109600,DE
KQ,Kone,NDB,-21.10486,164.87225,305,NC
KQ,Akan,NDB,43.1345,144.144,221,JP
KQ,Koltsovo,NDB,56.745,60.7183,370,RU
KR,Squaw,NDB,54.7987,-66.8048,323,CA
KR,Nanchengzi,NDB,39.145,114.6,314,CN
KR,Conakry,NDB,9.56052,-13.6311,365,GN
KR,Kailashahar,NDB,24.3095,92.0063,310,IN
KR,Kochi,NDB,33.5461,133.67799,399,JP
KR,Taldykorgan,NDB,45.1167,78.45,303,KZ
KR,Krasnoarmeysk,NDB,51.0433,45.6483,932,RU
KR,Kaliningrad,NDB,54.91,20.6717,840,RU
KR,Kirishi,NDB,59.45,32.05,885,RU
KR,Krasnodar,NDB,45.005,39.1333,493,RU
KR,Nakhon Ratchasima,NDB,14.9565,102.315,399,TH
KR,El aAtaya,NDB,34.7433,11.3061,308,TN
KR,Krabor,NDB,50.6064,29.2782,600,UA
KRA,Kiruna,VOR-DME,67.8192,20.3375,115200,SE
KRA,Aden,VOR-DME,12.8312,45.0235,112500,YE
KRC,Karpathos,NDB,35.4197,27.15,314,GR
KRD,Khoram Abad,VOR-DME,33.4351,48.2891,116400,IR
KRD,Khoram Abad,NDB,33.3852,48.4344,350,IR
KRE,Kochi,VOR-DME,33.5418,133.67999,113700,JP
KRG,Korhogo,VOR,9.37247,-5.64431,115200,CI
KRG,Karaganda,VOR-DME,49.6861,73.3633,113400,KZ
KRH,Karlsruhe,VOR-DME,48.9929,8.58424,115950,DE
KRI,Quari,NDB,-29.7897,-51.8308,265,BR
KRK,Kirkuk,TACAN,35.4712,44.3479,113900,IQ
KRK,Kerkira,VOR-DME,39.4439,20.0728,114700,GR
KRM,Karmoy,VOR-DME,59.3465,5.20169,115150,NO
KRM,Kerema,NDB-DME,-7.96262,145.77499,401,PG
KRN,Kotroni,TACAN,38.1386,23.9528,115400,GR
KRN,Karnice,VOR-DME,51.9462,20.4446,117800,PL
KRO,Karistos,VOR-DME,37.9942,24.495,112200,GR
KRP,Kavala,TACAN,40.9157,24.616,114300,GR
KRS,Kuressaare,VOR-DME,58.2283,22.5154,112400,EE
KRS,Krasnoyarsk,VOR-DME,56.17,92.5083,113200,RU
KRS,Turkmenbashi,VOR-DME,40.085,53.0,112300,TM
KRS,Karistos,NDB,37.9942,24.495,285,GR
KRT,Khorat,TACAN,14.935,102.073,117800,TH
KRT,Kartuzy,VOR-DME,54.2997,18.208,113200,PL
KRT,Khorat,VOR-DME,14.9173,102.14,113700,TH
KRU,Kruunu,NDB,63.7918,23.1739,388,FI
KRW,Krakow,NDB,50.0956,19.9128,353,PL
KRY,Kingaroy,NDB,-26.5786,151.84399,209,AU
KS,Kilo-Sierra,NDB,66.0422,29.0927,340,FI
KS,Fiskenaesset,NDB,63.0833,-50.6833,354,GL
KS,Keshod,NDB,21.3185,70.2617,282,IN
KS,Kushiro,NDB,43.036,144.201,194,JP
KS,Opalikha,NDB,55.8333,37.2667,565,RU
KS,Krasny,NDB,47.2,40.35,103,RU
KS,Nizhneye Sancheleevo,NDB,53.6833,49.4333,885,RU
KS,Chelyabinsk,NDB,55.2933,61.5883,412,RU
KS,Kroonstad,NDB,-27.6789,27.2872,228,ZA
KS,Ks,NDB,25.0558,121.217,400,TW
KS,Kisoro,NDB,-1.28544,29.7173,258,UG
KS,Kinloss,NDB,57.6504,-3.58704,370,GB
KS,Kasama,NDB,-10.2168,31.1466,367,ZM
KSA,Ndjili,VOR-DME,-4.40474,15.4182,115000,CD
KSC,Kosice,VOR-DME,48.6831,21.2482,108200,SK
KSC,Kingscote,NDB,-35.7092,137.51401,215,AU
KSD,Karlstad,VOR-DME,59.4424,13.3316,117800,SE
KSE,Kushiro,VOR-DME,43.0338,144.20399,112500,JP
KSH,Kermanshah,TACAN,34.3111,47.0278,115500,IR
KSI,Kumasi,VOR-DME,6.70857,-1.59066,113900,GH
KSL,Kassel,NDB,51.4648,9.4574,349,DE
KSM,Seoul,VOR-DME,37.4352,127.11,113000,KR
KSO,Kastoria,NDB,40.4447,21.2794,372,GR
KSR,Kayseri,TACAN,38.7636,35.4775,116900,TR
KSR,Kayseri,VOR-DME,38.7756,35.5217,116300,TR
KSR,Errachidia,NDB,31.9253,-4.36222,293,MA
KSS,Kinloss,TACAN,57.6593,-3.53511,109800,GB
KSV,Kasane,VOR-DME,-17.8327,25.1699,113300,BW
KSY,Kelly,TACAN,29.3916,-98.581,112000,US
KT,Kawthoung,NDB,10.0518,98.5497,290,MM
KT,Jimma,NDB,7.65541,36.8318,252,ET
KT,Kostanay,NDB,53.25,63.5194,512,KZ
KT,Katsina,NDB,12.9905,7.64329,365,NG
KT,Katnes,NDB,68.419,17.2986,355,NO
KT,Tolmachevo,NDB,55.02,82.7417,310,RU
KT,Stavropol,NDB,45.1217,42.1817,730,RU
KT,Kukushtan,NDB,57.6517,56.51,672,RU
KT,Hengchun,NDB,22.0438,120.731,425,TW
KT,Keetmanshoop,NDB,-26.5662,18.1031,395,NA
KT,Southdowns,NDB,-12.9016,28.1499,394,ZM
KT,Kaitaia,NDB-DME,-35.0286,173.242,238,NZ
KTA,Kalamata,NDB,37.0565,22.0245,348,GR
KTE,Kagawa,VOR-DME,34.2125,134.02299,108400,JP
KTG,Kitzingen,VOR,49.7459,10.2136,111400,DE
KTG,Hengchun,DME,22.0438,120.731,112700,TW
KTH,Kithira,VOR-DME,36.2758,23.0162,113800,GR
KTI,Kuhtai,NDB,47.2155,11.0278,413,AT
KTL,Kotlas,VOR-DME,61.2417,46.7133,117800,RU
KTM,Kathmandu,VOR-DME,27.6747,85.3492,112300,NP
KTM,Khartoum,VOR-DME,15.5661,32.5534,112100,SD
KTN,Kariatain,VOR-DME,34.2133,37.2642,117700,SY
KTN,Kariatain,NDB,34.2272,37.2337,373,SY
KTP,Ketapang,VOR-DME,-1.81649,109.966,116800,ID
KTR,Kithira,TACAN,36.3025,22.9511,109400,GR
KTS,Kutaisi,VOR-DME,42.1735,42.4561,113600,GE
KTV,Keetmanshoop,VOR-DME,-26.5374,18.1136,112900,NA
KU,Kununurra,VOR-DME,-15.7756,128.709,116500,AU
KU,Kaduna,VOR-DME,10.5961,7.44751,114700,NG
KU,Kuito,NDB,-12.4167,16.9333,320,AO
KU,Kununurra,NDB,-15.7839,128.70399,221,AU
KU,Kook Islands,NDB,64.07,-52.0131,298,GL
KU,Kissidougou,NDB,9.16937,-10.1218,387,GN
KU,Kuabang,NDB,1.18714,127.894,382,ID
KU,Silchar,NDB,24.9198,92.9875,351,IN
KU,Kumamoto,NDB,32.8055,130.76801,249,JP
KU,Koltsovo,NDB,56.745,60.8917,370,RU
KU,Migalovo,NDB,56.8367,35.8417,449,RU
KU,Mogocha,NDB,53.7333,119.767,450,RU
KU,Chiayi,NDB,23.5842,120.389,525,TW
KU,Makumbi,NDB,-17.5245,31.2578,363,ZW
KUA,Kuwait,VOR-DME,29.2184,47.9676,115500,KW
KUB,Kubuna,NDB,-8.69305,146.755,166,PG
KUE,Kumamoto,VOR-DME,32.8348,130.842,112800,JP
KUN,Kunovice,NDB,49.1139,17.5014,416,CZ
KUR,Kurki,NDB,62.9225,27.878,310,FI
KUR,Kuruman,NDB,-27.46,23.4145,353,ZA
KUS,Kaunas,NDB,54.9658,24.1219,343,LT
KUT,Kutahya,TACAN,39.4299,30.0129,110900,TR
KUT,Kumul Platform,NDB,-8.06435,144.561,174,PG
KUZ,Kunsan,VORTAC,35.9104,126.611,112800,KR
KV,Kilimanjaro,VOR-DME,-3.42788,37.1066,115300,TZ
KV,Xinzheng,NDB,34.7617,113.775,256,CN
KV,Kvalsund,NDB,69.8116,19.0031,362,NO
KV,Zhulyany,NDB,50.4042,30.5116,360,UA
KVB,Kvernberget,VOR-DME,63.1181,7.81054,113800,NO
KVR,Kavouri,NDB,37.8142,23.7594,357,GR
KVR,Kryvyi Rih,DME,48.0509,33.2117,116000,UA
KVY,Karlovy Vary,VOR-DME,50.2012,12.9259,111550,CZ
KW,Klagenfurt,NDB,46.6675,14.2183,405,AT
KW,Bujumbura,NDB,-3.13217,29.2885,385,BI
KW,Kitona Base,NDB,-5.93167,12.4328,255,CD
KW,Kokshetau,NDB,53.3719,69.6403,975,KZ
KW,Kislovodsk,NDB,43.9417,42.65,995,RU
KW,Knevichi,NDB,43.47,132.323,400,RU
KW,Hengchun,NDB,21.9317,120.839,415,TW
KW,Kirkwall,NDB,58.9596,-2.91158,395,GB
KW,Koviahy,NDB,49.9165,35.5433,735,UA
KW,Noibai,NDB,21.2388,105.746,320,VN
KWA,Gwangju,VOR-DME,35.1262,126.812,114400,KR
KWE,Guiyang,VOR-DME,26.52,106.795,114300,CN
KWE,Kohtoh,VOR-DME,35.609,139.815,115000,JP
KWJ,Gwangju,TACAN,35.1188,126.8,114100,KR
KWL,Guilin,VOR-DME,25.21,110.038,114900,CN
KWL,Kirkwall,VOR-DME,58.9597,-2.89395,108600,GB
KWZ,Kolwezi,NDB,-10.7184,25.4998,264,CD
KX,Kumejima,NDB,26.3624,126.716,295,JP
KXC,Kumejima,VORTAC,26.3719,126.722,116700,JP
KY,Wangbingou,NDB,41.705,123.747,365,CN
KYE,Kamiyaku,VOR-DME,30.3901,130.651,115400,JP
KYU,Kaiyuan,VOR-DME,42.6333,124.008,114900,CN
KYV,Kimberley,VOR-DME,-28.7999,24.7604,113200,ZA
KZ,Buttonville,NDB,43.9337,-79.3292,248,CA
KZ,Kyzyl Kiya,NDB,40.25,72.1,555,KG
KZ,Kyzylorda,NDB,44.7017,65.6,486,KZ
KZ,Kizlyar,NDB,43.8333,46.7167,455,RU
KZ,Severnoye,NDB,56.335,78.36,100,RU
KZ,Kleinsee,NDB,-29.6441,17.0978,213,ZA
KZE,Kisarazu,VOR-DME,35.4024,139.903,114500,JP
KZL,Kyzyl,VOR-DME,51.59,94.2067,112300,RU
KZN,Kazan,VOR-DME,55.605,49.2717,112700,RU
KZN,Kozani,NDB,40.289,21.842,291,GR
KZO,Kyzylorda,VOR-DME,44.7067,65.6,112700,KZ
KZO,Kastelorizo,NDB,36.1422,29.5761,416,GR
L,Salta,NDB,-24.8636,-65.4974,305,AR
L,La Rioja,NDB,-29.3585,-66.7815,307,AR
L,Paso De Los Libres,NDB,-29.6694,-57.1558,325,AR
L,El Palomar,NDB,-34.5883,-58.625,315,AR
L,Esquel,NDB,-42.8929,-71.1126,260,AR
L,Beijing,NDB,40.1118,116.568,287,CN
L,Tallinn,NDB,59.4131,24.8765,418,EE
L,Liboc,NDB,50.1199,14.2866,372,CZ
L,Budapest,NDB,47.4518,19.2473,357,HU
L,Almaty,NDB,43.3349,77.0059,430,KZ
L,Balti,NDB,47.8557,27.7695,389,MD
L,Porsang,NDB,69.8958,25.0081,275,NO
L,Krakow,NDB,50.0819,19.8146,379,PL
L,Getafe,NDB,40.2799,-3.74237,335,ES
L4,Nipawin,NDB,53.3347,-104.009,402,CA
L7,Estevan,NDB,49.21,-102.86,395,CA
LA,Lahore,VOR-DME,31.4997,74.4,112700,PK
LA,Lake Awasa,NDB,7.06784,38.5008,215,ET
LA,Namest,NDB,49.1365,16.1796,563,CZ
LA,Langholt,NDB,65.5767,-19.4883,344,IS
LA,Bula,NDB,-3.11082,130.511,405,ID
LA,Leh,NDB,34.15,77.5833,105,IN
LA,Lagos,NDB,6.60648,3.32793,336,NG
LA,Lahore,NDB,31.5011,74.3833,268,PK
LA,Lavrentiya,NDB,65.5833,-171.013,445,RU
LA,Lazarevskoye,NDB,43.9167,39.3333,307,RU
LA,Cheboksary,NDB,56.0733,47.2617,510,RU
LA,Lanseria,NDB,-26.0103,27.8395,270,ZA
LA,Arlanda,NDB,59.7295,17.9467,404,SE
LA,Lyneham,NDB,51.5083,-2.00587,282,GB
LA,Wirey,NDB,27.9354,-82.0758,227,US
LA,Earle,NDB,40.4265,-87.0518,401,US
LA,Artda,NDB,42.7776,-84.4976,206,US
LAA,Lamar,VORTAC,38.1971,-102.688,116900,US
LAA,Laanila,NDB,64.9663,25.2112,350,FI
LAB,Landsberg,TACAN,48.0653,10.8808,112150,DE
LAB,Labraq,NDB,32.7869,21.9658,392,LY
LAB,Labuan,NDB,5.28472,115.255,260,MY
LAC,Lacomas,NDB,47.008,-122.556,328,US
LAE,Lae,NDB,-6.73727,146.998,388,PG
LAG,Laage,TACAN,53.9198,12.2863,108250,DE
LAG,Lagos,VOR-DME,6.70846,3.32745,113700,NG
LAG,Lago Agrio,NDB,0.06667,-76.9033,353,EC
LAH,Hanover,NDB,43.7023,-72.1775,276,US
LAJ,Lajes,TACAN,38.7133,-27.1154,110800,PT
LAK,Banja Luka,VOR-DME,44.9417,17.2958,115900,BA
LAL,Lakeland,VORTAC,27.9862,-82.0139,116000,US
LAM,Lamerd,VOR-DME,27.3728,53.184,117000,IR
LAM,Lambourne,VOR-DME,51.6461,0.15167,115600,GB
LAM,Lamerd,NDB,27.3671,53.1952,346,IR
LAN,Lansing,VORTAC,42.7174,-84.6977,110800,US
LAN,Amatecampo,NDB,13.4121,-89.1375,331,SV
LAO,Laoag,VOR-DME,18.1788,120.529,112900,PH
LAP,Lapa,VOR-DME,-13.2646,-43.4082,113700,BR
LAP,La Paz,VOR-DME,24.0856,-110.359,112300,MX
LAP,Lapa,NDB,-13.2649,-43.4131,320,BR
LAP,La Paz,NDB,24.0694,-110.366,300,MX
LAP,La Praz,DME,46.6761,6.41333,110650,CH
LAR,La Rioja,VOR,-29.3886,-66.8036,113500,AR
LAR,Laramie,VORTAC,41.3379,-105.721,117600,US
LAR,Larisa,TACAN,39.6546,22.5066,109000,GR
LAR,Lar,VOR-DME,27.6752,54.4152,117900,IR
LAR,La Rioja,NDB,-29.3828,-66.7925,410,AR
LAR,Lago Agrio,NDB,0.08389,-76.8803,412,EC
LAR,Lar,NDB,27.6697,54.3775,224,IR
LAR,Arruda,NDB,38.9943,-9.04039,382,PT
LAS,Las Vegas,VORTAC,36.0797,-115.16,116900,US
LAS,Guerra,NDB,18.5781,-69.7244,200,DO
LAT,Latina,VOR-DME,41.5411,12.9181,111200,IT
LAT,Latina,NDB,41.5244,12.9436,379,IT
LAU,Lichtenau,NDB,51.2043,9.69099,341,DE
LAV,Laravale,VOR,-28.0898,152.925,117800,AU
LAV,Lago Agrio,VOR-DME,0.10222,-76.8564,112300,EC
LAV,Landvetter,VOR-DME,57.6561,12.2899,114600,SE
LAW,Poznan,VOR-DME,52.4224,16.8302,115800,PL
LAW,Lawton,VOR-DME,34.4962,-98.4131,109400,US
LAX,Los Angeles,VORTAC,33.9331,-118.432,113600,US
LAY,Laayoune,VOR-DME,27.1429,-13.218,112100,EH
LAY,Atalaya,NDB,-10.7278,-73.7697,295,PE
LAY,Islay,NDB,55.6829,-6.24948,395,GB
LB,Labasa,VOR-DME,-16.4183,179.315,115100,FJ
LB,Lobito,NDB,-12.3667,13.5333,380,AO
LB,Bahrain,NDB,26.2584,50.6552,395,BH
LB,Lambarene,NDB,-0.71205,10.2309,310,GA
LB,Labe,NDB,11.3261,-12.2868,340,GN
LB,Labuhan Bajo,NDB,-8.48952,119.887,238,ID
LB,Chelyabinsk,NDB,55.3167,61.4217,452,RU
LB,Lop Buri,NDB,14.8863,100.66,280,TH
LB,Liubymivka,NDB,45.6248,34.8968,670,UA
LB,Panck,NDB,36.9646,-100.956,383,US
LB,Panbe,NDB,41.0683,-100.573,416,US
LB,Freep,NDB,29.1944,-95.4633,263,US
LB,Pollo,NDB,33.7379,-101.829,219,US
LBA,Turkmenabat,VOR-DME,39.09,63.6117,109200,TM
LBA,Macae,NDB,-22.1094,-39.9164,210,BR
LBA,Leeds Bradford,NDB,53.865,-1.65289,403,GB
LBB,Lubbock,VORTAC,33.7049,-101.914,109200,US
LBE,Elbe,VOR-DME,53.6542,9.59506,115100,DE
LBF,North Platte,VORTAC,41.0486,-100.747,117400,US
LBG,Lubang,VOR-DME,13.8541,120.107,117500,PH
LBH,Laker,NDB,45.5411,-122.462,332,US
LBL,Liberal,VORTAC,37.0444,-100.971,112300,US
LBN,Laibin,VOR-DME,23.7433,109.212,113700,CN
LBN,Trakshi,VOR-DME,56.7734,26.3521,112900,LV
LBN,Chelyabinsk,VOR-DME,55.3067,61.52,113300,RU
LBR,Lilabari,VOR-DME,27.2919,94.1003,116500,IN
LBR,Labrea,NDB,-7.25037,-64.7839,295,BR
LBT,Lumberton,VOR,34.6107,-79.0548,110000,US
LBU,Luburg,VOR-DME,48.913,9.34023,109200,DE
LBV,La Belle,VORTAC,26.8282,-81.3914,110400,US
LBY,Eaton,VORTAC,31.4187,-89.3376,110600,US
LC,Lam Chau,NDB,22.2953,113.895,390,HK
LC,Balti,NDB,47.8813,27.75,790,MD
LC,Lichinga,NDB,-13.2849,35.2167,345,MZ
LC,Antonov,NDB,50.6503,30.154,534,UA
LC,Keyli,NDB,30.1931,-93.2631,353,US
LC,Pickl,NDB,39.8811,-82.8361,376,US
LC,Blnap,NDB,43.5367,-71.537,328,US
LCA,La Chatre,VOR,46.6914,2.14958,112100,FR
LCA,Larnaca,VOR-DME,34.8733,33.6267,112800,CY
LCA,Larnaca,NDB,34.8217,33.555,432,CY
LCC,Lecce,VORTAC,40.2484,18.1307,112800,IT
LCE,Los Cedros,VOR-DME,7.81799,-76.7219,112600,CO
LCE,La Ceiba,NDB-DME,15.7382,-86.8905,227,HN
LCG,Wayne,NDB,42.2426,-96.9837,389,US
LCH,Lake Charles,VORTAC,30.1415,-93.1056,113400,US
LCH,Lechfeld,TACAN,48.1905,10.859,108800,DE
LCH,Longchang,VOR-DME,40.8617,123.133,117600,CN
LCK,Rickenbacker,TACAN,39.8082,-82.9288,134200,US
LCQ,Lake City,NDB,30.1853,-82.5786,204,US
LCU,Lucin,VORTAC,41.363,-113.841,113600,US
LCY,City,NDB,51.5043,0.0675,322,GB
LCY,Logan County,NDB,35.8456,-97.4158,326,US
LCZ,Murcia/San Javier,NDB,37.6763,-0.93928,381,ES
LD,Ludhiana,NDB,30.8595,75.9647,380,IN
LD,Krasnodar,NDB,45.065,39.2467,493,RU
LD,Lubbi,NDB,33.6626,-101.723,272,US
LDA,Lamidada,NDB,27.2533,86.6708,236,NP
LDK,Crimson,VORTAC,33.2589,-87.5369,117800,US
LDM,Ludington,NDB,43.9632,-86.4095,341,US
LDN,Linden,VORTAC,38.8544,-78.2056,114300,US
LDP,La Divina Pastora,VOR-DME,4.69278,-61.0276,117700,VE
LDP,La Divina Pastora,NDB,4.6975,-61.0278,245,VE
LDR,Villa Dolores,NDB,-31.9528,-65.1425,310,AR
LDS,Curbelo,VOR-DME,-34.8583,-55.0917,117600,UY
LDS,Leeds,NDB,48.5454,-109.69,389,US
LDV,Landivisiau,TACAN,48.5283,-4.15631,115150,FR
LDY,Lydd,DME,50.9592,0.93748,108150,GB
LDZ,Lodz,VOR-DME,51.8001,19.6561,112400,PL
LE,Ndele,VOR,8.39711,20.6859,113100,CF
LE,Lubumbashi,NDB,-11.5947,27.5413,285,CD
LE,Biysk,NDB,52.4667,85.3833,375,RU
LE,Leicester,NDB,52.6064,-1.035,384,GB
LE,Lesnik,NDB,44.8331,34.2484,395,UA
LE,Blayd,NDB,37.987,-84.6605,242,US
LE,Lewie,NDB,43.9623,-70.338,240,US
LE,Leevy,NDB,35.9272,-78.7219,350,US
LE,Lusaka,NDB,-15.338,28.5332,325,ZM
LEA,Luepa,NDB,5.81667,-61.4833,286,VE
LEB,Lebanon,VOR-DME,43.6789,-72.2161,113700,US
LEC,Leigh Creek,VOR,-30.5964,138.429,117800,AU
LEC,Leigh Creek,NDB,-30.5986,138.442,287,AU
LED,Leipzig South,DME,51.4113,12.2238,112150,DE
LEE,Leeming,TACAN,54.2971,-1.53687,112600,GB
LEE,Leesburg,NDB,28.8182,-81.8073,335,US
LEG,Leipzig,VOR-DME,51.436,12.4732,115850,DE
LEH,Leh,VOR-DME,34.7328,77.5664,115700,IN
LEM,Lemmon,VOR,45.9197,-102.104,111400,US
LEN,Bandar Lengeh,VOR-DME,26.5361,54.8512,114800,IR
LEN,Lencois,NDB,-12.4857,-41.2756,235,BR
LEN,Bandar Lengeh,NDB,26.5376,54.8612,408,IR
LEN,Leon,NDB,42.5866,-5.64806,330,ES
LEO,Leonora,NDB,-28.8789,121.32,377,AU
LEQ,Lesquin,VOR-DME,50.5618,3.08917,109000,FR
LET,Leticia,VOR-DME,-4.195,-69.9397,117500,CO
LET,Leticia,NDB,-4.20167,-69.9424,407,CO
LEV,Leeville,VORTAC,29.1752,-90.104,113500,US
LEV,Levaldigi,NDB,44.5442,7.61539,371,IT
LEZ,Nice,NDB,43.7254,7.32664,399,FR
LF,La Salle,NDB,49.6425,-97.3,336,CA
LF,Bazhenovo,NDB,55.6333,73.1,520,RU
LF,Ronneby,NDB,56.1951,15.2472,380,SE
LF,Laffs,NDB,30.2893,-91.9079,375,US
LF,Flufy,NDB,31.2189,-94.8251,350,US
LFA,La Fria,VOR-DME,8.24472,-72.2681,113000,VE
LFA,Merrill,NDB,41.9852,-121.643,347,US
LFB,Lafayette,NDB,36.5151,-86.061,245,US
LFD,Litchfield,VOR-DME,42.0625,-84.7651,111200,US
LFI,Langley,TACAN,37.0856,-76.3594,112300,US
LFK,Lufkin,VORTAC,31.1624,-94.717,112100,US
LFT,Lafayette,VORTAC,30.1938,-91.9926,109800,US
LFU,Lifou,VOR-DME,-20.7742,167.241,113300,NC
LFV,Marconi,VOR-DME,42.0172,-70.0373,114700,US
LG,Liege,NDB,50.6501,5.46677,349,BE
LG,Luhansk,NDB,48.409,39.4465,126,UA
LG,Becca,NDB,33.7567,-118.077,233,US
LG,Peths,NDB,40.7146,-73.9294,332,US
LGA,La Guardia,VOR-DME,40.78372,-73.8686,113100,US
LGC,Lagrange,VORTAC,33.0491,-85.2062,115600,US
LGD,La Grande,NDB,45.3425,-117.963,296,US
LGE,Liege,VOR-DME,50.6539,5.47056,115450,BE
LGI,Freetown Lungi,VOR-DME,8.61718,-13.1914,115500,SL
LGI,Freetown Lungi,NDB,8.65101,-13.1667,339,SL
LGL,L'Aigle,VOR,48.7906,0.53028,115000,FR
LGM,La Gomera,VOR-DME,28.0287,-17.2149,116000,ES
LGU,Logan,VOR-DME,41.8441,-111.865,109800,US
LH,Huguang,NDB,21.1317,110.337,356,CN
LH,Labuha,NDB,-0.63526,127.503,347,ID
LH,Lilongwe,NDB,-13.844,33.8475,378,MW
LH,Caser,NDB,39.7489,-82.5353,338,US
LH,Egrow,NDB,40.5604,-88.8746,334,US
LHC,Loosahatchie,NDB,35.2847,-89.6714,265,US
LHD,Lahad Datu,NDB,5.02475,118.336,334,MY
LHE,Hamamatsu,VOR-DME,34.7479,137.681,110000,JP
LHI,Lord Howe Island,NDB-DME,-31.5212,159.06599,272,AU
LHO,Brigham City,VOR-DME,41.7929,-112.01,112900,US
LHR,Lockhart River,NDB,-12.7883,143.30299,392,AU
LHR,Lahr,NDB,48.3487,7.81116,337,DE
LHR,Kunaye,NDB,-3.04482,152.62601,218,PG
LHS,Lake Hughes,VORTAC,34.683,-118.577,108400,US
LHT,Hamamatsu,TACAN,34.7472,137.71001,114700,JP
LHY,Lake Henry,VORTAC,41.4758,-75.4826,110800,US
LI,Medellin,NDB,6.20727,-75.4219,274,CO
LI,Dusseldorf,NDB,51.347,6.89128,417,DE
LI,Lykhacheve,NDB,49.3682,36.2067,430,UA
LI,Lasky,NDB,34.669,-92.3055,353,US
LI,Hullz,NDB,42.3031,-70.9219,346,US
LIA,Liberator,VOR,42.9827,-115.774,114900,US
LIB,Liberty,VORTAC,35.8116,-79.6126,113000,US
LIB,Liberia,VOR-DME,10.5933,-85.5467,112800,CR
LIB,Paso De Los Libres,NDB,-29.6947,-57.1481,250,AR
LIB,Libenge,NDB,3.63038,18.633,336,CD
LIC,Lichfield,NDB,52.7467,-1.71944,545,GB
LIE,Liepaja,VOR-DME,56.5186,21.092,112300,LV
LIE,Lieto,NDB,60.521,22.4186,361,FI
LIG,Liling,VOR-DME,27.6267,113.527,112400,CN
LIH,Lihue,VORTAC,21.9653,-159.338,113500,US
LIM,Lima,VOR-DME,-12.0086,-77.1228,113800,PE
LIN,Linden,VORTAC,38.0746,-121.004,114800,US
LIN,Linate,VOR-DME,45.4612,9.27532,112250,IT
LIN,Linin,VOR-DME,51.9329,21.1585,113100,PL
LIN,Linate,NDB,45.3443,9.28858,386,IT
LIO,Limon,VOR-DME,9.96333,-83.0267,116300,CR
LIO,Limnos,NDB,39.9234,25.2492,429,GR
LIP,Lipa,VOR,13.9562,121.127,115100,PH
LIP,Lipa,NDB,13.9562,121.127,259,PH
LIQ,Lochridge Ranch,NDB,32.0107,-95.9527,335,US
LIS,Lisboa,VOR-DME,38.8894,-9.16278,114800,PT
LIS,Lismore,NDB,-28.8231,153.258,239,AU
LIS,Lisala,NDB,2.16383,21.4997,324,CD
LIT,Little Rock,VORTAC,34.8101,-92.15207,113900,US
LIU,Littlefield,NDB,33.9192,-102.387,212,US
LIV,Lanseria,VOR-DME,-25.9489,27.9136,117400,ZA
LIV,Lviv,VOR-DME,49.8116,23.951,115500,UA
LJ,Qiqihar,NDB,47.195,123.947,177,CN
LJ,Koln/Bonn,NDB,50.9271,7.06229,365,DE
LJA,Lodja,VOR,-3.41904,23.4498,115500,CD
LJB,Wanchang,VOR-DME,43.7733,125.852,115900,CN
LJG,Lianjiang,VOR-DME,26.22,119.547,117600,CN
LJK,Ashey,NDB,37.7732,-77.4797,280,US
LJS,Lages,NDB,-27.7825,-50.2765,240,BR
LJT,Timmerman,VOR-DME,43.1098,-88.0373,112500,US
LJU,Ljungbyhed,VOR-DME,56.0831,13.2011,113400,SE
LK,Lucapa,NDB,-8.41667,20.7333,350,AO
LK,Loikaw,NDB,19.6928,97.2163,295,MM
LK,Tallinn,NDB,59.413,24.9251,386,EE
LK,Lakeba,NDB,-18.205,-178.813,391,FJ
LK,Bubung,NDB,-1.04331,122.776,250,ID
LK,Langkawi,NDB,6.32056,99.7278,344,MY
LK,Lk,NDB,25.0743,121.424,335,TW
LK,Laang,NDB,38.1449,-85.6333,414,US
LKA,Esdem,VOR-DME,28.1795,74.1092,114000,IN
LKC,Lung Kwu Chau,VOR-DME,22.3789,113.884,113200,HK
LKG,Lindbergh,NDB,32.1745,-84.1082,242,US
LKH,Lakenheath,TACAN,52.4064,0.54796,110200,GB
LKI,Lakeside,TACAN,46.845,-92.1851,135400,US
LKO,Longkou,VOR-DME,29.9167,113.697,115800,CN
LKR,Lancaster,NDB,34.7238,-80.8581,400,US
LKT,Salmon,VOR-DME,45.0213,-114.084,113500,US
LKU,Sungshan,TACAN,25.0761,121.427,114500,TW
LKV,Lakeview,VORTAC,42.4928,-120.507,112000,US
LL,Senipah,NDB,-0.955,117.164,351,ID
LL,Tel Aviv,NDB,32.0626,34.7708,331,IL
LL,Isiolo,NDB,0.41392,37.6675,365,KE
LL,Leirin,NDB,61.0163,9.29655,342,NO
LLA,White Lake,VOR-DME,29.6632,-92.3736,110400,US
LLB,Lalibella,NDB,11.978,38.9835,390,ET
LLC,Lovelock,VORTAC,40.1249,-118.578,116500,US
LLC,Laoliangcang,VOR-DME,28.0683,112.212,116200,CN
LLD,Lanai,NDB,20.7724,-156.97301,353,US
LLE,Kettle Moraine,NDB,43.4251,-88.1272,329,US
LLK,Lucknow,VOR-DME,26.7622,80.8805,113100,IN
LLN,Levelland,NDB,33.5557,-102.375,266,US
LLO,Llano,VORTAC,30.7963,-98.7874,108200,US
LLP,Lengpui,VOR-DME,23.8297,92.6259,114200,IN
LLU,Spring River,NDB,37.487,-94.3102,356,US
LLW,Woodville,NDB,36.263,-76.298,254,US
LLX,Lyndonville,NDB,44.5042,-72.0292,353,US
LM,Lajes,VOR,38.7839,-27.1044,112300,PT
LM,Learmonth,VOR-DME,-22.2347,114.094,112400,AU
LM,Lome,VOR-DME,6.18408,1.26878,115300,TG
LM,Learmonth,NDB,-22.2414,114.096,396,AU
LM,Le Mans,NDB,47.8936,0.17139,326,FR
LM,Delhi,NDB,28.5562,77.1338,320,IN
LM,Almaty,NDB,43.3205,76.977,415,KZ
LM,Sanger,NDB,63.96,127.432,460,RU
LM,Oblio,NDB,38.8003,-90.4747,338,US
LM,Malta,DME,35.8371,14.5028,110500,MT
LMA,Lima,NDB,51.3708,6.395,311,DE
LME,Lome,NDB,6.16519,1.24775,379,TG
LMG,Limoges,VOR-DME,45.8159,1.02558,114500,FR
LMM,Mochis,VOR-DME,25.6826,-109.072,115500,MX
LMN,Lamoni,VORTAC,40.5967,-93.9676,116700,US
LMN,Limnos,TACAN,39.9325,25.2456,114800,GR
LMN,Longmen,VOR-DME,23.65,114.327,116300,CN
LMO,Limnos,VOR-DME,39.9195,25.2372,109200,GR
LMS,La Mesa,VOR-DME,15.4698,-87.9085,113100,HN
LMS,La Mesa,NDB,15.4489,-87.9324,370,HN
LMS,Louisville,NDB,33.1437,-89.0609,212,US
LMT,Klamath Falls,VORTAC,42.1531,-121.728,115900,US
LMT,Lamezia Terme,VOR-DME,38.9028,16.265,112500,IT
LN,Ndjamena,NDB,12.1264,15.0323,370,TD
LN,Libreville,NDB,0.53575,9.37486,305,GA
LN,Long Bawang,NDB,3.875,115.692,356,ID
LN,Larantuka,NDB,-8.27502,122.999,283,ID
LN,Lo-Linua,NDB,-13.325,166.625,334,VU
LN,Potts,NDB,40.7471,-96.7624,385,US
LN,Lusaka,NDB,-14.9814,28.3732,338,ZM
LNA,Manizales,NDB,5.05528,-75.5286,337,CO
LNA,Lena,NDB,59.539,17.3583,330,SE
LNC,Nalinchowk,NDB,27.6503,85.465,252,NP
LNC,Lancaster,NDB,32.5776,-96.7217,239,US
LND,Lands End,VOR-DME,50.1363,-5.63699,114200,GB
LND,Leipzig North,DME,51.4343,12.2257,113500,DE
LNE,Luonet,VOR-DME,62.4208,25.6233,112300,FI
LNH,Millen,NDB,32.9113,-81.9669,205,US
LNK,Lincoln,VORTAC,40.9238,-96.742,116100,US
LNL,Land O Lakes,NDB,46.1497,-89.2105,396,US
LNN,Lost Nation,VOR-DME,41.6844,-81.3895,110200,US
LNO,Olno,VOR-DME,50.5858,5.71028,112800,BE
LNP,Tour Du Pin,VOR,45.4898,5.44,113450,FR
LNR,Lone Rock,VOR-DME,43.2944,-90.1331,112800,US
LNS,Lins,NDB,-21.6635,-49.7337,400,BR
LNS,Longside,NDB,57.5165,-1.86831,339,GB
LNT,Milnot,NDB,45.6486,-68.5503,344,US
LNY,Lanai,VORTAC,20.7645,-156.96899,117700,US
LNZ,Linz,VOR-DME,48.2297,14.1032,116600,AT
LNZ,Linz,NDB,48.2371,14.3218,327,AT
LO,Dolisie,NDB,-4.21285,12.6675,267,CG
LO,Wolong,NDB,37.8767,112.412,210,CN
LO,Billund,NDB,55.7445,9.27967,341,DK
LO,Luxor,NDB,25.7379,32.7376,364,EG
LO,Long Apung,NDB,1.705,114.97,227,ID
LO,Lisboa Lom,NDB,38.8531,-9.0975,401,PT
LO,Klimovsk,NDB,55.35,37.5333,101,RU
LO,Kigali,NDB,-1.99368,30.2822,255,RW
LO,Louis Trichardt,NDB,-23.05,29.8667,458,ZA
LO,Lviv,NDB,49.8485,23.8999,315,UA
LO,Targy,NDB,44.5754,-111.198,415,US
LOA,Leona,VORTAC,31.124,-95.968,110800,US
LOA,Calama,VOR-DME,-22.5003,-68.8769,116300,CL
LOB,Lop Buri,TACAN,14.8806,100.661,116800,TH
LOG,Logotala Hill,NDB,-14.3538,-170.74899,242,AS
LOJ,Loja,NDB,-3.99722,-79.3706,414,EC
LON,Londrina,VOR-DME,-23.3395,-51.1125,112400,BR
LON,London,VOR-DME,51.4872,-0.46667,113600,GB
LON,Londrina,NDB,-23.3277,-51.1358,365,BR
LOO,Linton On Ouse,TACAN,54.0505,-1.24904,109000,GB
LOP,Lampson,NDB,38.9952,-122.884,217,US
LOR,Lorient,TACAN,47.7615,-3.44117,115800,FR
LOR,Lorient,NDB,47.7632,-3.44069,359,FR
LOR,Dahra,NDB,29.4736,17.9742,360,LY
LOR,Lowe,NDB,31.3603,-85.7435,269,US
LOS,Lagos,VOR-DME,6.54278,3.31367,112900,NG
LOS,Losinj,NDB,44.5271,14.4728,429,HR
LOT,Eilot,VOR-DME,29.6078,34.9756,112000,IL
LOV,Lodwar,VOR-DME,3.1075,35.6127,114500,KE
LOY,Loei,VOR-DME,17.4471,101.723,115900,TH
LOZ,London,VORTAC,37.0331,-84.1101,116100,US
LP,Legazpi,VOR-DME,13.1502,123.728,112200,PH
LP,Lengpui,NDB,23.8349,92.6226,344,IN
LP,Limpopo,NDB,-24.584,33.0667,343,MZ
LP,Shafranovo,NDB,53.9667,54.7833,105,RU
LP,Ronneby,NDB,56.3398,15.286,318,SE
LP,Lampang,NDB,18.278,99.5075,395,TH
LPA,Logrono,VOR-DME,42.4605,-2.32691,115450,ES
LPB,Luang Phabang,VOR-DME,19.8994,102.16,116600,LA
LPC,Gran Canaria,VOR-DME,27.8285,-15.4322,115000,ES
LPD,Lampedusa,VOR-DME,35.4997,12.631,108600,IT
LPD,La Pedrera,NDB,-1.3221,-69.5802,315,CO
LPD,Lampedusa,NDB,35.5004,12.6159,373,IT
LPN,Lampang,VOR-DME,18.2769,99.5024,114700,TH
LPZ,La Paz,NDB,-16.5079,-68.1691,350,BO
LPZ,Lincoln Parish,NDB,32.5157,-92.6274,308,US
LQ,Shilong,NDB,23.09,113.853,328,CN
LQ,Landsberg,NDB,48.0948,11.0188,448,DE
LQ,Lyndy,NDB,42.452,-70.9633,382,US
LQ,Licol,NDB,39.912,-89.6031,375,US
LQ,Luqa,DME,35.8544,14.4811,109700,MT
LQA,Luqa,NDB,35.8916,14.5382,416,MT
LQK,Lake Keowee,NDB,34.8112,-82.7035,408,US
LQL,Lakeland,NDB,41.6824,-81.379,263,US
LQR,Larned,NDB,38.2045,-99.0876,296,US
LQV,Long Hollow,NDB,36.707,-83.0741,252,US
LQX,Carbon,NDB,40.812,-75.7591,339,US
LR,Lambarene,VOR,-0.70789,10.2404,112700,GA
LR,Gubeikou,NDB,40.6333,117.083,215,CN
LR,Kunming,NDB,24.8708,102.66,225,CN
LR,Larap,NDB,14.2818,122.635,228,PH
LR,Pekks,NDB,27.6422,-99.4581,405,US
LR,Hawke,NDB,32.219,-106.836,206,US
LRA,La Coruna,VOR-DME,43.3962,-8.30682,115100,ES
LRD,Laredo,VORTAC,27.4787,-99.4177,117400,US
LRD,Lerida,NDB,41.5529,0.64802,404,ES
LRD,Lahr,DME,48.3641,7.82752,108050,DE
LRE,Longreach,VOR,-23.4244,144.282,117900,AU
LRE,Longreach,NDB,-23.4283,144.289,353,AU
LRF,Jacksonville,TACAN,34.9181,-92.1577,109200,US
LRG,Lincoln,NDB,45.3564,-68.537,216,US
LRJ,Le Mars,NDB,42.7744,-96.1925,382,US
LRN,La Romana,VOR-DME,18.454,-68.9118,116200,DO
LRN,La Romana,NDB,18.4509,-68.9212,325,DO
LRP,Lancaster,VORTAC,40.12,-76.2913,117300,US
LRR,Allen Parish,NDB,30.6412,-92.6892,379,US
LRS,Gran Roque,VOR-DME,11.9478,-66.6695,113100,VE
LRT,Lake Albert,NDB,-35.6881,139.34801,227,AU
LRT,Lawrenceburg,NDB,35.2355,-87.2607,269,US
LS,Lhok Sukon,NDB,5.06833,97.2531,222,ID
LS,Langeneset,NDB,61.4113,5.88694,339,NO
LS,Ulyanovsk,NDB,54.2667,48.2333,332,RU
LS,Makhado,NDB,-23.1598,29.7253,485,ZA
LS,Krasnyi Luch,NDB,48.1815,38.9384,116,UA
LS,Mindi,NDB,44.004,-91.2608,272,US
LS,Curbelo,NDB,-34.8622,-55.1003,239,UY
LSA,Larisa,NDB,39.6454,22.4616,362,GR
LSA,Lamesa,NDB,32.7584,-101.916,338,US
LSE,Lyon/Saint Exupery,VOR-DME,45.7455,5.09058,114750,FR
LSE,La Crosse,VOR-DME,43.8761,-91.256,108400,US
LSF,Lawson,VOR-DME,32.3324,-84.9933,111400,US
LSH,Lashenden,NDB-DME,51.1547,0.64806,340,GB
LSO,Lashio,VOR-DME,22.9842,97.7462,116800,MM
LSO,Lashio,NDB,22.9792,97.7545,370,MM
LSO,Kelso,NDB,46.1555,-122.913,256,US
LST,Lista,TACAN,58.1015,6.62581,109300,NO
LST,Leinster,NDB,-27.8406,120.7,230,AU
LST,Lagoa Santa,NDB,-19.6588,-43.897,295,BR
LST,Lista,NDB,58.0716,6.68682,383,NO
LSV,Nellis,TACAN,36.2447,-115.025,135500,US
LSV,Lesvos,VOR-DME,39.2313,26.4253,114200,GR
LT,Launceston,VOR-DME,-41.5439,147.213,112600,AU
LT,Launceston,NDB,-41.5611,147.22501,242,AU
LT,Alert,NDB,82.5258,-62.2114,305,CA
LT,Chokurdakh,NDB,70.6367,148.015,600,RU
LTD,Litchfield,NDB,39.1662,-89.669,371,US
LTE,Lanzarote,VOR-DME,28.9419,-13.6164,113700,ES
LTJ,Klickitat,VOR-DME,45.7136,-121.101,112300,US
LTK,Bassel Al Assad,VOR-DME,35.3994,35.9507,114800,SY
LTK,Bassel Al Assad,NDB,35.4803,35.9423,414,SY
LTN,Laverton,NDB,-28.6122,122.423,407,AU
LTO,Loreto,VOR-DME,25.9807,-111.35,113200,MX
LTO,La Tontouta,VOR-DME,-22.0051,166.21201,112900,NC
LTP,La Tour Du Pin,VOR-DME,45.489,5.43906,115550,FR
LTS,Altus,VORTAC,34.6629,-99.2712,109800,US
LTU,Little Sioux,NDB,43.1271,-95.1327,326,US
LTV,Makhado,VORTAC,-23.1585,29.6864,115000,ZA
LTV,Latacunga,VOR-DME,-0.92419,-78.6175,117100,EC
LTV,Latrobe Valley,NDB,-38.2136,146.47501,486,AU
LTY,Chester,NDB,48.5081,-110.981,323,US
LU,Luanda,NDB,-8.79264,13.3039,258,AO
LU,Banja Luka,NDB,44.9608,17.2958,397,BA
LU,Cultus,NDB,49.0211,-122.05,214,CA
LU,Le Luc,NDB,43.3869,6.52517,378,FR
LU,Batumi,NDB,41.6008,41.6139,430,GE
LU,Lubuk Linggau,NDB,-3.28306,102.917,240,ID
LU,Udaipur,NDB,24.6215,73.9456,384,IN
LU,Lifou,NDB,-20.7759,167.239,264,NC
LU,Makhado,NDB,-23.1603,29.5958,473,ZA
LU,Lu,NDB,25.1394,121.801,357,TW
LU,Luhansk,NDB,48.4249,39.2998,126,UA
LUA,Caverns,NDB,38.6996,-78.4717,245,US
LUB,Lubeck,VOR,53.9407,10.6678,110600,DE
LUB,Lubumbashi,VOR-DME,-11.6039,27.5054,116700,CD
LUB,Lubin,NDB,51.4151,16.2111,351,PL
LUC,Le Luc,VOR-DME,43.3828,6.25592,113000,FR
LUD,Lubeck Blankensee,DME,53.8064,10.7186,115650,DE
LUE,Lunde,NDB,62.8802,17.8267,427,SE
LUF,Luke,TACAN,33.5377,-112.38,113000,US
LUG,Verona,NDB,35.5005,-86.8097,251,US
LUK,Leuchars,TACAN,56.3728,-2.86367,110500,GB
LUK,Cincinnati,NDB,39.1596,-84.3413,335,US
LUL,Luxeuil,VOR,47.6883,6.29558,117100,FR
LUN,Mabor,VOR-DME,28.5703,73.7842,117600,IN
LUP,Laupheim,NDB,48.218,9.91087,407,DE
LUR,Cape Lisburne,NDB-DME,68.8711,-166.076,385,US
LUX,Luanxian,VOR-DME,39.7383,118.728,117100,CN
LUX,Luxembourg,VOR-DME,49.6394,6.24722,112250,LU
LUX,Laurens,NDB,34.5082,-81.9498,307,US
LUZ,Luziania,VOR-DME,-16.2609,-47.971,113100,BR
LUZ,Luziania,NDB,-16.2586,-47.9696,400,BR
LV,Libreville,VOR-DME,0.47983,9.40197,112100,GA
LV,Lastourville,NDB,-0.83288,12.749,350,GA
LV,Koln/Bonn,NDB,50.8042,7.24022,327,DE
LV,Lviv,NDB,49.7794,24.0035,315,UA
LV,Conis,NDB,32.7748,-96.7753,275,US
LV,Reiga,NDB,37.6922,-121.684,374,US
LVA,Lavan Island,VOR-DME,26.8121,53.3559,116850,IR
LVA,Limpopo Vally,NDB,-22.1842,29.1166,254,BW
LVA,Lavan Island,NDB,26.8,53.3863,310,IR
LVD,Level Island,VOR-DME,56.4677,-133.08299,116500,US
LVG,Mount Livingstone,VOR,-37.1411,147.552,117200,AU
LVG,Mount Livingstone,NDB,-37.1447,147.549,227,AU
LVK,Leirvika,NDB,64.4392,11.2896,285,NO
LVL,Lawrenceville,VORTAC,36.818,-77.903,112900,US
LVM,Livingston,VORTAC,45.7025,-110.442,116100,US
LVO,Lesvos,NDB,39.0497,26.6061,397,GR
LVT,Livingston,VORTAC,36.5846,-85.1666,108400,US
LVV,Lake Lawn,NDB,42.6988,-88.5932,404,US
LVZ,Wilkes-Barre,VORTAC,41.2728,-75.6895,111600,US
LW,Kelowna,NDB,50.0608,-119.416,257,CA
LW,Koln/Bonn,NDB,50.8983,7.25285,301,DE
LW,Lawang,NDB,-7.82188,112.691,290,ID
LW,Malikus Saleh,NDB,5.22667,96.9503,335,ID
LW,Lodwar,NDB,3.1076,35.6125,338,KE
LW,Langebaanweg,NDB,-32.9809,18.149,345,ZA
LW,Haget,NDB,42.6441,-71.1971,402,US
LW,Bushi,NDB,37.7822,-80.4684,346,US
LW,Lusaka,NDB,-15.323,28.3699,386,ZM
LWB,Lowenberg,VOR-DME,52.9103,13.1346,114550,DE
LWB,Greenbrier,VOR-DME,37.8638,-80.392,116050,US
LWD,Leeuwarden,TACAN,53.2236,5.75194,114700,NL
LWG,Lewisburg,NDB,44.6136,-123.271,225,US
LWL,Wells,VOR,41.1448,-114.978,114200,US
LWM,Lawrence,VOR-DME,42.7404,-71.0948,112500,US
LWT,Lewistown,VORTAC,47.053,-109.606,112000,US
LWT,Lewistown,NDB,47.0674,-109.535,353,US
LWV,Langebaanweg,VORTAC,-32.9829,18.1639,117000,ZA
LWV,Lawrenceville,VOR-DME,38.7699,-87.6038,108800,US
LX,Alexandra,NDB-DME,-45.1655,169.48,386,NZ
LXA,Lhasa,VOR-DME,29.3017,91.0017,113100,CN
LXI,Luxeuil,TACAN,47.7832,6.35711,108200,FR
LXI,Luxi,VOR-DME,24.5383,103.743,112300,CN
LXI,Luxeuil,NDB,47.7966,6.37519,364,FR
LXL,Little Falls,NDB,45.95,-94.3417,359,US
LXR,Luxor,VOR-DME,25.7494,32.7686,114400,EG
LXT,Lesumit,NDB,38.9607,-94.3717,263,US
LXY,Mexia,NDB,31.6396,-96.5122,329,US
LY,Ladysmith,NDB,-28.5562,29.7609,398,ZA
LY,Loei,NDB,17.4486,101.727,325,TH
LY,Lanyu,NDB,22.0767,121.508,350,TW
LY,Bojar,NDB,37.2625,-79.2433,385,US
LYD,Lydd,VOR-DME,50.9997,0.87861,114050,GB
LYE,Laboulaye,VOR,-34.1411,-63.3625,116300,AR
LYE,Lyneham,TACAN,51.5101,-1.99224,109800,GB
LYE,Lubeck Blankensee,NDB,53.8008,10.6959,394,DE
LYH,Lynchburg,VORTAC,37.2546,-79.2365,109200,US
LYI,Libby,NDB,48.3044,-115.495,414,US
LYL,Lima,NDB,40.7045,-84.0233,362,US
LYO,Lyons,NDB,38.3472,-98.227,386,US
LYS,Olean,NDB,42.2835,-78.3349,360,US
LYV,Ladysmith,VOR,-28.6045,29.6942,116500,ZA
LYX,Lydd,NDB,50.9722,0.95529,397,GB
LYZ,Willis,NDB,30.9727,-84.526,359,US
LZ,Liling,NDB,27.6333,113.533,361,CN
LZ,Ufa,NDB,54.5183,55.9717,212,RU
LZ,Blagoveschensk,NDB,50.375,127.428,350,RU
LZ,Lanzarote,NDB,28.9554,-13.612,310,ES
LZ,Livingstone,NDB,-17.8203,25.8011,308,ZM
LZR,Lanzarote,VOR-DME,29.166,-13.5107,115200,ES
LZZ,Lampasas,VORTAC,31.1855,-98.1419,112500,US
M,Malargue,NDB,-35.5133,-69.5583,320,AR
M,Budapest,NDB,47.424,19.2607,403,HU
M,Bishkek Manas,NDB,43.0567,74.44,481,KG
M,Sheremetyevo,NDB,55.9667,37.3733,338,RU
M,Domodedovo,NDB,55.43,37.865,320,RU
M,Samarkand,NDB,39.7028,66.9558,520,UZ
M3,Kindersley,NDB,51.5171,-109.178,402,CA
M4,Gimli Indus Park,NDB,50.6341,-97.0437,296,CA
M5,Manning,NDB-DME,56.9486,-117.628,307,CA
M9,Kathlyn,NDB,54.8247,-127.18,240,CA
MA,Al Dhafra,VORTAC,24.2468,54.5454,114900,AE
MA,Mount Isa,VOR-DME,-20.6647,139.48599,117500,AU
MA,Malanje,NDB,-9.55,16.3667,293,AO
MA,Mount Isa,NDB,-20.6753,139.487,338,AU
MA,Mayo,NDB,63.6286,-135.89301,365,CA
MA,Lianshengwei,NDB,22.2233,113.467,322,CN
MA,Maupiti,NDB,-16.4278,-152.242,316,PF
MA,Maniitsoq,NDB,65.4067,-52.921,391,GL
MA,Leipzig,NDB,51.3951,12.3432,357,DE
MA,Macenta,NDB,8.48436,-9.53681,395,GN
MA,Masamba,NDB,-2.55804,120.324,244,ID
MA,Chennai,NDB,12.9556,80.0749,228,IN
MA,Mandera,NDB,3.94033,41.8642,400,KE
MA,Maiduguri,NDB,11.8382,13.0629,332,NG
MA,Chaybukha,NDB,61.825,160.513,460,RU
MA,Maykop,NDB,44.6183,40.1483,682,RU
MA,Matam/Ouro Sogui,NDB,15.5867,-13.3129,385,SN
MA,Madrid,NDB,40.4008,-3.49064,390,ES
MA,Farly,NDB,31.988,-102.325,326,US
MA,Mansa,NDB,-11.135,28.8732,316,ZM
MAA,Al Asad,TACAN,33.7836,42.4388,112000,IQ
MAC,Macae,VOR-DME,-22.3449,-41.7689,112700,BR
MAC,Machrihanish,VOR-DME,55.43,-5.65028,116000,GB
MAC,Macae,NDB,-22.3453,-41.7614,240,BR
MAC,Macara,NDB,-4.37833,-79.9417,285,EC
MAD,Los Angeles,VOR,-37.4067,-72.4247,112900,CL
MAD,Madison,VOR-DME,41.3138,-72.6922,110400,US
MAD,Madeira,NDB,32.7481,-16.7065,318,PT
MAE,Marte,NDB,-23.5068,-46.6365,260,BR
MAF,Midland,VORTAC,32.0093,-102.19,114800,US
MAG,Magdeburg,VOR-DME,51.995,11.7943,110450,DE
MAH,Marathon,VOR,41.0151,-83.6647,114900,US
MAH,Maisach,VOR-DME,48.2634,11.3119,115200,DE
MAH,Mahshahr,VOR-DME,30.5563,49.1494,115800,IR
MAI,Marianna,VORTAC,30.7862,-85.1245,114000,US
MAJ,Majuba,NDB,-27.0598,29.7441,513,ZA
MAJ,Majuro,NDB-DME,7.06883,171.282,316,MH
MAK,Marsa Alam,VOR-DME,25.5828,34.5656,115500,EG
MAK,Marrakech,VOR-DME,31.6128,-8.10306,113300,MA
MAK,Mackel,NDB,50.9647,3.49611,361,BE
MAL,Malayer,VOR-DME,34.3419,48.752,112100,IR
MAL,Malpensa,VOR-DME,45.6427,8.73456,111200,IT
MAL,Malpensa,NDB,45.5458,8.75626,364,IT
MAM,Marham,TACAN,52.6473,0.55326,108700,GB
MAM,Matamoros,VOR-DME,25.7708,-97.5239,114300,MX
MAN,Manaus,NDB,-3.04183,-60.052,340,BR
MAO,Marion,NDB,34.1852,-79.3333,388,US
MAP,Maples,VORTAC,37.5908,-91.7886,113400,US
MAR,Maracaibo,VORTAC,10.5842,-71.7129,115700,VE
MAR,Marie,VOR-DME,60.141,19.9144,114700,FI
MAR,Martin,VOR-DME,37.0553,-4.93989,112600,ES
MAR,Houari Boumediene,NDB,36.6852,2.78243,416,DZ
MAR,Marlim,NDB,-22.3572,-40.0906,375,BR
MAR,Marseille/Provence,NDB,43.4898,5.13725,383,FR
MAR,Marmorilik,NDB,71.1281,-51.2225,322,GL
MAR,Cajamarca,NDB,-7.14,-78.4906,300,PE
MAS,Maastricht,VOR-DME,50.9719,5.96043,108600,NL
MAS,Macas,NDB,-2.30342,-78.1208,405,EC
MAT,Al Taqaddum,TACAN,33.3395,43.5939,112300,IQ
MAT,Matecana,NDB,4.80044,-75.7767,244,CO
MAU,Mene Mauroa,VOR-DME,10.6909,-71.0401,117900,VE
MAW,Malden,VORTAC,36.5551,-89.9114,111200,US
MAY,Mayfield,VOR-DME,51.0172,0.11611,117900,GB
MAZ,Mayaguez,VOR-DME,18.2565,-67.151,110600,PR
MB,Moorabbin,NDB,-37.9765,145.09,398,AU
MB,Mill Bay,NDB,48.6717,-123.535,293,CA
MB,Dakhla,NDB,25.4207,29.0014,387,EG
MB,Taraz,NDB,42.8533,71.3033,103,KZ
MB,Marsa Brega,NDB,30.4183,19.5725,403,LY
MB,Chernukha,NDB,55.6,43.7833,430,RU
MB,Mbeya,NDB,-8.91459,33.4582,320,TZ
MB,Olste,NDB,43.4616,-84.1796,257,US
MBA,Mbandaka,VOR-DME,0.04734,18.283,115700,CD
MBA,Smara,VOR-DME,26.7367,-11.6679,117700,EH
MBE,Matsumoto,VOR-DME,36.156,137.92,117600,JP
MBG,Moosburg,VOR-DME,48.5734,12.261,117150,DE
MBI,Marambio,VOR-DME,-64.2347,-56.62,117000,AQ
MBI,Marambio,NDB,-64.2317,-56.6,345,AQ
MBJ,Montego Bay,NDB,18.5036,-77.9184,248,JM
MBL,Manistee,VOR-DME,44.2707,-86.254,111400,US
MBO,Malabo,VOR-DME,3.76822,8.72025,114500,GQ
MBS,Saginaw,VOR-DME,43.5316,-84.0772,112900,US
MBT,Masbate,VOR-DME,12.3692,123.631,115700,PH
MBW,Medicine Bow,VOR-DME,41.8455,-106.004,111600,US
MBY,Moulins/Montbeugny,VOR,46.5413,3.49956,109600,FR
MBY,Mbuji Mayi,VOR-DME,-6.11547,23.5631,112900,CD
MBY,Modbury (DECOMISSIONED),NDB,-34.8322,138.69901,377,AU
MC,Maroochydore,VOR-DME,-26.5978,153.09,114200,AU
MC,Maroochydore,NDB,-26.5922,153.092,380,AU
MC,Montlucon,NDB,46.3726,2.49267,335,FR
MC,Mombasa,NDB,-3.94856,39.6422,394,KE
MC,Malacca,NDB,2.20822,102.222,362,MY
MC,Roodeplaat,NDB,-25.6371,28.3669,357,ZA
MC,Ferni,NDB,31.2545,-90.5104,413,US
MC,Surff,NDB,43.0525,-93.3276,348,US
MC,Sofke,NDB,32.6453,-83.7132,290,US
MC,Mocchau,NDB,20.8281,104.7,514,VN
MCB,Mc Comb,VORTAC,31.3045,-90.2582,116700,US
MCC,Mc Clellan,VOR-DME,38.6674,-121.404,109200,US
MCE,Zumbi,VOR-DME,-9.50989,-35.7869,115100,BR
MCF,Macdill,TACAN,27.8612,-82.5135,111000,US
MCG,Mcgrath,VORTAC,62.951,-155.61099,115500,US
MCH,Mechria,NDB,33.5494,-0.2193,413,DZ
MCH,Manchester,NDB,53.3533,-2.27303,428,GB
MCI,Kansas City,VORTAC,39.2853,-94.7371,113250,US
MCK,Mc Cook,VOR-DME,40.2038,-100.594,115300,US
MCL,Montes Claros,NDB,-16.7035,-43.8192,310,BR
MCL,Mariscal Estigarribia,NDB,-22.0425,-60.6169,381,PY
MCM,Macon,VOR-DME,39.6541,-92.4822,112900,US
MCN,Macon,VORTAC,32.6912,-83.6472,114200,US
MCO,Mallacoota,VOR-DME,-37.5962,149.718,117500,AU
MCO,Mallacoota,NDB,-37.5966,149.729,338,AU
MCO,Maceio,NDB,-9.51167,-35.8045,340,BR
MCP,Macapa,VOR-DME,0.05217,-51.073,112000,BR
MCP,Macapa,NDB,0.0465,-51.0688,215,BR
MCR,Manicore,NDB,-5.80717,-61.282,310,BR
MCS,Monte Caseros,VOR-DME,-30.2667,-57.6383,113900,AR
MCT,Seeb,VOR-DME,23.5911,58.2601,114500,OM
MCT,Mactan,VOR-DME,10.3136,123.988,114300,PH
MCT,Manchester,VOR-DME,53.3569,-2.26222,113550,GB
MCT,Mactan,NDB,10.3092,123.984,331,PH
MCU,Macau,VOR-DME,22.1356,113.598,116400,MO
MCW,Mason City,VORTAC,43.0947,-93.3299,114900,US
MCX,White Co,NDB,40.7103,-86.7622,377,US
MCY,Mercury,NDB,36.6275,-116.028,326,US
MCZ,Williamston,NDB,35.859,-77.1779,336,US
MD,Madang,VOR-DME,-5.21163,145.77699,116300,PG
MD,Mondulkiri,NDB,12.465,107.193,381,KH
MD,Rionegro,NDB,6.05553,-75.4225,244,CO
MD,Manado,NDB,1.48083,124.839,255,ID
MD,Madurai,NDB,9.8422,78.0996,400,IN
MD,Minami Daito,NDB,25.8406,131.246,405,JP
MD,Magenta,NDB,-22.478,166.467,383,NC
MD,Madang,NDB,-5.21285,145.784,362,PG
MD,Mineralnyye Vody,NDB,44.2583,43.0083,583,RU
MD,Bunan,NDB,47.445,-94.835,371,US
MD,Cabbi,NDB,37.8701,-89.2455,388,US
MD,Enola,NDB,40.2463,-76.9006,204,US
MDB,Queen Alia,NDB,31.7093,35.8502,399,JO
MDD,Dourado,NDB,-0.88333,-52.603,305,BR
MDE,Minami Daito,VOR-DME,25.8545,131.26401,117800,JP
MDE,Madeira,NDB,39.2227,-84.3554,379,US
MDF,Milldorf,VOR-DME,48.2347,12.3374,117000,DE
MDG,Mudgee,VOR,-32.5609,149.59399,112200,AU
MDG,Mudgee,NDB,-32.5654,149.616,398,AU
MDI,Madurai,VOR-DME,9.83108,78.089,116100,IN
MDI,Marudi,NDB,4.1775,114.305,404,MY
MDM,Mont De Marsan,TACAN,43.9099,-0.50439,108700,FR
MDN,Medan,VOR-DME,3.50455,98.6077,113000,ID
MDO,Middleton Island,VOR-DME,59.4218,-146.35001,115300,US
MDP,Mar Del Plata,VOR-DME,-37.9297,-57.5764,116200,AR
MDP,Mar Del Plata,NDB,-37.9394,-57.5756,385,AR
MDS,Mingaladon,NDB,16.8746,96.1098,397,MM
MDS,Wentworth,NDB,44.0139,-97.0884,400,US
MDY,Mandalay,VOR-DME,21.9343,96.1298,112800,MM
MDY,Midway,NDB,28.2037,-177.38,400,UM
MDZ,Medford,NDB,45.1054,-90.3087,335,US
ME,Menongue,NDB,-14.6333,17.6833,343,AO
ME,Myeik,NDB,12.45,98.623,300,MM
ME,Matane,NDB,48.8333,-67.5494,216,CA
ME,Mangole,NDB,-1.78194,125.482,240,ID
ME,Berea,NDB,-29.4199,27.5657,255,LS
ME,Nikolayevsk-Na-Amure,NDB,53.15,140.63499,394,RU
ME,Port Sudan,NDB,19.5772,37.2172,346,SD
ME,Menderes,NDB,38.2,27.18,405,TR
ME,Deana,NDB,41.9678,-88.0267,350,US
ME,Savoy,NDB,32.2471,-88.7716,356,US
ME,Elvis,NDB,35.0615,-90.0716,287,US
ME,Maxtn,NDB,34.734,-79.4443,257,US
MEA,El Golea,NDB,30.5636,2.895,375,DZ
MED,Medouneu,NDB,1.00029,10.749,392,GA
MEE,Davis,VOR,35.6632,-95.3677,108600,US
MEF,Medford,NDB,42.3916,-122.879,356,US
MEG,Mengen,NDB,48.0544,9.36755,401,DE
MEI,Meridian,VORTAC,32.3785,-88.8043,117000,US
MEK,Meekatharra,VOR-DME,-26.6069,118.533,112900,AU
MEK,Meekatharra,NDB,-26.6156,118.54,251,AU
MEL,Melilla,VOR-DME,35.2804,-2.95817,114250,ES
MEL,Metlika,NDB,45.6546,15.3182,394,SI
MEM,Memphis,VORTAC,35.0151,-89.9832,117500,US
MEN,Menderes,TACAN,38.2983,27.1581,115100,TR
MEN,Mende,VOR-DME,44.6083,3.16242,115300,FR
MEN,Menderes,VOR-DME,38.2961,27.1592,117900,TR
MER,Mercaderes,VOR-DME,1.78833,-77.1508,116300,CO
MER,Aleppo,NDB,36.1717,37.3046,365,SY
MER,Merimbula,NDB-DME,-36.9143,149.899,395,AU
MES,Mesta,VOR-DME,38.2517,25.9056,117600,GR
MES,Mesnali,VOR-DME,61.0998,10.6428,114400,NO
MET,Metz,TACAN,49.0669,6.12939,108000,FR
MEV,Bronkhorstspruit,VORTAC,-25.7909,28.5613,114300,ZA
MEX,Mexico,VOR-DME,19.4393,-99.0668,115600,MX
MEY,Mapleton,NDB,42.1805,-95.7947,335,US
MEZ,Mezze,NDB,33.4833,36.2333,358,SY
MF,Mamfe,VOR,5.70569,9.30395,115100,CM
MF,Mamfe,NDB,5.70722,9.30044,279,CM
MF,Muzaffarabad,NDB,34.3422,73.5067,207,PK
MF,Yakutsk,NDB,62.1333,129.83501,334,RU
MF,Larionovo,NDB,56.0333,39.6333,478,RU
MF,Mafia,NDB,-7.90201,39.6675,353,TZ
MF,Manns,NDB,40.7661,-82.445,372,US
MF,Missi,NDB,26.2539,-98.3104,388,US
MF,Pumie,NDB,42.4509,-122.913,373,US
MF,Mfuwe,NDB,-13.2704,31.915,401,ZM
MFD,Mansfield,VORTAC,40.8686,-82.591,108800,US
MFD,Mansfield,NDB,-37.0472,146.14,284,AU
MFE,Mc Allen,VOR-DME,26.1739,-98.2408,117200,US
MFI,Marshfield,NDB,44.6409,-90.1877,391,US
MFS,Horseshoe Bay Resort,NDB,30.5232,-98.3578,403,US
MG,Philibert Tsiranana,VOR-DME,-15.6575,46.3407,112100,MG
MG,Totegegie,NDB,-23.0904,-134.875,341,PF
MG,Marie Galante,NDB,15.8698,-61.2709,376,GP
MG,Melangguane,NDB,4.00664,126.677,215,ID
MG,Mandalgobi,NDB,45.7438,106.266,455,MN
MG,Magenta,NDB,-22.2699,166.47301,394,NC
MG,Ljubljana,NDB,46.1732,14.5559,296,SI
MG,Marra,NDB,32.3116,-86.5106,245,US
MG,Otims,NDB,41.4451,-74.291,353,US
MG,Mongu,NDB,-15.218,23.1498,391,ZM
MGA,Ouere,VOR-DME,-22.3154,166.47301,113000,NC
MGA,Managua,VOR-DME,12.1397,-86.1742,112100,NI
MGA,Magala,VOR-DME,26.2889,47.2069,116300,SA
MGA,Malaga,VOR-DME,36.8143,-4.36952,112000,ES
MGB,Monchengladbach,NDB,51.2273,6.50541,377,DE
MGD,Maningrida,NDB,-12.0628,134.23199,401,AU
MGD,Magdalena,NDB,-13.2621,-64.075,365,BO
MGD,Magdeburg,DME,52.0771,11.6309,115450,DE
MGL,Ponta Delgada,NDB,37.7414,-25.5839,371,PT
MGM,Montgomery,VORTAC,32.2223,-86.3197,112100,US
MGN,Magangue,VOR-DME,9.28741,-74.8472,114100,CO
MGR,Magnitogorsk,VOR-DME,53.4033,58.7567,114100,RU
MGR,Moultrie,VOR-DME,31.0823,-83.8042,108800,US
MGR,Megri,NDB,38.9389,46.3472,787,AM
MGR,Megara,NDB,37.9823,23.3573,405,GR
MGV,Mcgovern,NDB,44.8534,18.7505,376,BA
MGW,Morgantown,VORTAC,39.5567,-79.8604,111600,US
MH,Manihiki,NDB,-10.3797,-161.00301,380,CK
MH,Manihi,NDB,-14.4328,-146.062,285,PF
MH,Meulaboh,NDB,4.04631,96.2504,200,ID
MH,Mehamn,NDB,70.0344,27.8298,353,NO
MH,Mikhaylovsk,NDB,56.45,59.1333,825,RU
MH,Mikhaylovsky,NDB,51.85,79.7,105,RU
MH,Mafikeng,NDB,-25.7414,25.575,305,ZA
MH,Mae Hong Son,NDB,19.2988,97.9752,384,TH
MH,Mount Hagen,NDB-DME,-5.83787,144.30901,169,PG
MHA,Manitowish,NDB,46.123,-89.8827,364,US
MHD,Monchengladbach,DME,51.2349,6.49197,112500,DE
MHE,Mitchell,VOR-DME,43.777,-98.0376,109200,US
MHF,Trinity,VOR-DME,29.5463,-94.7475,113600,US
MHI,Masalembo,NDB,-5.58139,114.434,275,ID
MHK,Manhattan,VOR-DME,39.1454,-96.6687,110200,US
MHL,Machala,NDB,-3.26861,-79.9639,250,EC
MHM,Minchumina,NDB,63.8839,-152.317,227,US
MHN,Menorca,VOR-DME,39.8635,4.21719,112600,ES
MHP,Metter,NDB,32.3724,-82.084,432,US
MHS,Mae Hong Son,VOR-DME,19.3196,97.9121,115500,TH
MHT,Manchester,VOR-DME,42.8685,-71.3695,114400,US
MHU,Mcarthur River Mine,NDB,-16.4461,136.078,368,AU
MHV,Monchengladbach,VOR,51.2373,6.49024,109800,DE
MHV,Machala,VOR-DME,-3.295,-79.9442,112100,EC
MI,Momi,NDB,-17.9,177.326,364,FJ
MI,Mali,NDB,-8.13603,124.592,320,ID
MI,Omiya,NDB,35.9184,139.614,228,JP
MI,Mosgiel,NDB,-45.8714,170.32001,358,NZ
MI,Mianwali,NDB,32.5663,71.5662,240,PK
MI,Mikhaylovka,NDB,55.0667,57.0667,770,RU
MI,Maribor,NDB,46.4628,15.7031,355,SI
MI,Keyes,NDB,25.7907,-80.1942,248,US
MIA,Mildura,VOR-DME,-34.2267,142.086,113700,AU
MIA,Mandalay,VOR-DME,21.7109,95.9747,116300,MM
MIA,Manila,VOR-DME,14.508,121.022,113800,PH
MIA,Mildura,NDB,-34.2478,142.07401,272,AU
MIA,Mandalay,NDB,21.6893,95.9831,259,MM
MIA,Melilla,NDB,35.3078,-2.95552,292,ES
MIB,Deering,TACAN,48.4154,-101.366,114900,US
MIC,Michaelsdorf,VOR,54.3055,11.0052,112200,DE
MID,Merida,VOR-DME,20.938,-89.6562,117700,MX
MID,Midhurst,VOR-DME,51.0539,-0.625,114000,GB
MIE,Muncie,VOR-DME,40.2373,-85.394,114400,US
MII,Caddo Mills,NDB,33.0404,-96.2486,316,US
MIJ,Michael,TACAN,40.1916,-112.922,113200,US
MIK,Mikra,TACAN,40.4581,22.9917,117400,GR
MIL,Milos,VOR-DME,36.7475,24.5194,113500,GR
MIN,Minneriya,NDB,8.05026,80.9853,290,LK
MIO,Montijo,NDB,38.7097,-9.04323,322,PT
MIP,Milton,VORTAC,41.0234,-76.6653,109200,US
MIQ,Maiquetia,VOR-DME,10.60947,-66.98967,114800,VE
MIQ,Mike,NDB,48.5702,11.5975,427,DE
MIQ,Maiquetia,NDB,10.6109,-66.9843,292,VE
MIS,Misawa,VORTAC,40.7038,141.381,115400,JP
MIS,Misurata,VOR-DME,32.3167,15.0667,117100,LY
MIS,Masjed Soleiman,NDB,31.9294,49.3272,391,IR
MIS,Misima,NDB,-10.6882,152.83501,218,PG
MIT,Mishima,TACAN,34.7717,131.138,110600,JP
MIU,Maiduguri,VOR-DME,11.8882,13.1167,113700,NG
MIW,Marshalltown,NDB,42.1099,-92.9169,239,US
MJ,Marseille/Provence,NDB,43.4392,5.2175,406,FR
MJ,Mananjary,NDB,-21.2012,48.3665,329,MG
MJ,Moenjodaro,NDB,27.331,68.141,304,PK
MJD,Picayune,NDB,30.4947,-89.6531,276,US
MJE,Miyakejima,VOR-DME,34.119,139.498,109000,JP
MJF,Arvilla,TACAN,33.0663,-96.0614,109600,US
MJL,Mejillones,NDB,-23.1092,-70.4431,240,CL
MJM,Manjimup,NDB,-34.2581,116.121,257,AU
MJQ,Jackson,NDB,43.6472,-94.9861,353,US
MJV,Palma De Mallorca,VOR-DME,39.4352,2.75829,113300,ES
MJZ,Marcos Juarez,VOR,-32.6878,-62.1608,114700,AR
MK,Mackay,VOR-DME,-21.1728,149.187,112700,AU
MK,Mackay,NDB,-21.1622,149.186,308,AU
MK,Myitkyina,NDB,25.3874,97.3562,275,MM
MK,Makabana,NDB,-3.46903,12.6328,276,CG
MK,Mekele,NDB,13.4751,39.5217,256,ET
MK,Makemo,NDB,-16.5903,-143.651,383,PF
MK,Matak,NDB,3.35,106.258,329,ID
MK,Pongtiku,NDB,-3.04437,119.819,401,ID
MK,Khodzhatugay,NDB,42.0333,68.2,605,KZ
MK,Makurdi,NDB,7.71705,8.59929,364,NG
MK,Malka,NDB,53.3167,157.533,345,RU
MK,Kenzy,NDB,39.2208,-94.5643,344,US
MK,Cappy,NDB,42.8397,-87.9128,410,US
MK,Musko,NDB,43.1211,-86.1685,219,US
MK,Mersy,NDB,35.5158,-88.957,394,US
MK,Suzze,NDB,36.9202,-81.2433,335,US
MKA,Mikra,TACAN,40.5175,22.9767,115300,GR
MKA,Myitkyina West,NDB,25.3507,97.2795,410,MM
MKB,Minangkabau,VOR-DME,-0.787,100.278,114700,ID
MKE,Merauke,VOR-DME,-8.52261,140.41701,115800,ID
MKE,Mukawa,VOR-DME,42.555,141.95599,116400,JP
MKG,Muskegon,VORTAC,43.1693,-86.0393,115200,US
MKG,Magong,TACAN,23.5617,119.628,114700,TW
MKG,Magong,VOR-DME,23.5954,119.637,115200,TW
MKK,Molokai,VORTAC,21.1381,-157.16701,116100,US
MKL,Mc Kellar,VOR-DME,35.6036,-88.9104,112000,US
MKN,Mikonos,VOR-DME,37.4403,25.3445,110000,GR
MKO,Mikonos,NDB,37.4369,25.3464,401,GR
MKO,Muskogee,NDB,35.5948,-95.2872,306,US
MKP,Mokpo,VOR-DME,34.7598,126.379,111200,KR
MKP,Mckeesport,NDB,40.3507,-79.7813,287,US
MKR,Mikra,VOR-DME,40.5187,22.9698,110800,GR
MKR,Milk River,NDB,48.2079,-106.626,339,US
MKS,Meknes,VOR,33.8781,-5.51528,116300,MA
MKS,Hasanuddin,VOR-DME,-5.03781,119.526,114700,ID
MKS,Moncks Corner,NDB,33.191,-80.0334,354,US
MKT,Mankato,VOR-DME,44.2199,-93.9124,110800,US
MKT,Meiktila,NDB,20.9343,95.9131,350,MM
MKT,Cairo,NDB,30.0421,31.2754,317,EG
MKV,Marksville,NDB,31.0955,-92.0726,347,US
ML,Melbourne,VOR-DME,-37.66,144.842,114100,AU
ML,Charlevoix,NDB,47.6233,-70.3244,392,CA
ML,Aarhus,NDB,56.3186,10.4593,324,DK
ML,Mouilla,NDB,-1.78126,11.0457,263,GA
ML,Malang,NDB,-7.93402,112.712,342,ID
ML,Mangalore,NDB,12.9632,74.8919,357,IN
ML,Minami Torishima,NDB,24.2908,153.983,343,JP
ML,Malindi,NDB,-3.23113,40.1,309,KE
ML,Male,NDB,4.19047,73.5311,252,MV
ML,Chapaev,NDB,56.25,73.95,740,RU
ML,Wampa,NDB,34.7978,-95.8207,344,US
ML,Sabar,NDB,32.4535,-92.1037,392,US
ML,Molli,NDB,41.4491,-90.6185,215,US
ML,Marseille/Provence,DME,43.4443,5.20217,110300,FR
MLA,Maella,VOR-DME,41.1296,0.16524,112100,ES
MLB,Melbourne,VOR-DME,28.1053,-80.6353,110000,US
MLB,Montelibano,NDB,8.01222,-75.3978,385,CO
MLC,Mc Alester,VORTAC,34.8495,-95.7823,112000,US
MLD,Mildenhall,TACAN,52.3633,0.48827,115900,GB
MLD,Malindi,VOR-DME,-3.23354,40.1026,113300,KE
MLD,Malad City,VOR-DME,42.1999,-112.451,117400,US
MLE,Male,VOR-DME,4.19339,73.5307,114700,MV
MLE,Millard,NDB,41.1949,-96.114,371,US
MLF,Milford,VORTAC,38.3604,-113.013,112100,US
MLG,Malargue,VOR-DME,-35.4861,-69.5786,117200,AR
MLG,Malaga,VOR-DME,36.6787,-4.50667,113550,ES
MLK,Malakal,VOR-DME,9.56317,31.6532,112700,SS
MLK,Malta,NDB,48.36889,-107.91722,272,US
MLL,Melilla,DME,35.3074,-2.95542,117400,ES
MLM,Morelia,VOR-DME,19.8438,-101.037,114600,MX
MLN,Melun,VOR-DME,48.4558,2.81328,113600,FR
MLN,Mitilini,VOR-DME,39.0574,26.6005,109600,GR
MLO,Melo,VOR,-32.3424,-54.222,114300,UY
MLO,Milos,NDB,36.6983,24.4728,378,GR
MLP,Mullan Pass,VOR-DME,47.4569,-115.646,117800,US
MLS,Miles City,VORTAC,46.3822,-105.954,112100,US
MLS,Milos,TACAN,36.7058,24.53,117800,GR
MLT,Minami Torishima,TACAN,24.2953,153.98399,108600,JP
MLT,Dongmulantou,VOR-DME,20.1517,110.673,112700,CN
MLT,Millinocket,VOR-DME,45.5867,-68.5155,117900,US
MLT,Malta,NDB,35.8155,14.5291,395,MT
MLU,Monroe,VORTAC,32.5169,-92.036,117200,US
MLX,Morlaix,NDB,48.6467,-3.76269,371,FR
MLY,Maleny,VOR,-26.7447,152.761,115900,AU
MLY,Manley,VOR-DME,17.9302,-76.7776,115500,JM
MLZ,Merluza,NDB,-25.2668,-45.2527,165,BR
MM,Mawlamyine,NDB,16.4414,97.658,330,MM
MM,Fort Mcmurray,NDB,56.6539,-111.336,388,CA
MM,Montceau-Les-Mines,NDB,46.6014,4.33139,317,FR
MM,Parsabade Moghan,NDB,39.6125,47.8547,338,IR
MM,Minne,NDB,45.2461,-123.03,383,US
MM,Moree,NDB,40.8799,-74.3343,392,US
MMD,Montmedy,VOR,49.3913,5.12442,109400,FR
MMI,Mcminn Co,NDB,35.3946,-84.5616,242,US
MMJ,Montour,VORTAC,40.4882,-80.1939,112000,US
MML,Mangalore,VOR-DME,12.9613,74.9216,114200,IN
MML,Marshall,VOR-DME,44.4484,-95.8248,111000,US
MMM,Mormon Mesa,VORTAC,36.7693,-114.277,114300,US
MMS,Marks,NDB,34.233,-90.2898,391,US
MMT,Mc Entire,VORTAC,33.9241,-80.8024,113200,US
MMT,Mc Entire,NDB,33.9357,-80.799,427,US
MMV,Chennai,VOR-DME,12.9934,80.1707,112500,IN
MMV,Mafikeng,VOR-DME,-25.8259,25.5351,112900,ZA
MMY,Maromamy,NDB,-18.8059,49.0318,267,MG
MMY,Many,NDB,31.5713,-93.5416,272,US
MN,Maun,NDB,-19.9783,23.4291,350,BW
MN,Moundou,NDB,8.61778,16.0725,315,TD
MN,Mbuji Mayi,NDB,-6.10547,23.5648,392,CD
MN,Muna,NDB,-4.76528,122.563,348,ID
MN,Man,NDB,7.26677,-7.58308,366,CI
MN,Bishkek,NDB,43.0517,74.405,975,KG
MN,Manychsky,NDB,47.05,40.3667,705,RU
MN,Mendeleyevo,NDB,58.1667,54.9783,940,RU
MN,Menorca,NDB,39.8365,4.21329,344,ES
MNA,El Golea,VOR-DME,30.5586,2.86167,112100,DZ
MNA,Minna,VOR-DME,9.64317,6.44973,115100,NG
MNC,Mason Co,NDB,47.2481,-123.086,348,US
MND,Mendenhall,NDB,58.3589,-134.633,332,US
MND,Mannheim,DME,49.4706,8.51598,113550,DE
MNE,Mount Keith,NDB,-27.2869,120.549,332,AU
MNE,Munchen,NDB,48.3554,11.676,369,DE
MNE,Minden,NDB,32.6408,-93.3021,201,US
MNF,Moron,NDB,37.2946,-5.56214,428,ES
MNF,Mountain View,NDB,36.9939,-91.7126,365,US
MNG,Mangalore,VOR,-36.8861,145.194,113200,AU
MNG,Mangalore,NDB,-36.8972,145.181,254,AU
MNI,Merzifon,TACAN,40.8356,35.5397,109300,TR
MNI,Manning,NDB,33.5882,-80.2062,381,US
MNL,Amendola,TACAN,41.5379,15.71,115250,IT
MNL,Mineral Creek,NDB,61.1242,-146.35201,524,US
MNM,Menominee,VOR-DME,45.1801,-87.6472,109600,US
MNN,Marion,NDB,40.6172,-83.0701,201,US
MNO,Manado,VOR-DME,1.55518,124.928,114200,ID
MNR,Monor,VOR-DME,47.3347,19.4055,112500,HU
MNR,Monor,NDB,47.3378,19.3998,288,HU
MNS,Manaus,VOR-DME,-3.04001,-60.05479,115800,BR
MNS,Minsk-2,VOR-DME,53.885,28.0217,113600,BY
MNS,Bishkek,VOR-DME,43.0683,74.5217,113400,KG
MNT,Manantali,NDB,13.2507,-10.5171,239,ML
MNV,Maun,VOR-DME,-19.9904,23.3888,112700,BW
MNV,Manta,VOR-DME,-0.93472,-80.6619,113900,EC
MNV,Madisonville,NDB,35.5451,-84.383,361,US
MNW,Munchen,NDB,48.3743,11.9141,338,DE
MNZ,Hamilton,NDB,31.6202,-98.1475,251,US
MO,Khanlar,NDB,40.6167,46.3333,136,AZ
MO,Namibe,NDB,-15.2611,12.1441,358,AO
MO,Moosonee,NDB,51.2823,-80.6279,224,CA
MO,Trapen,NDB,-41.525,-73.0969,325,CL
MO,Moorea,NDB,-17.4783,-149.774,378,PF
MO,Muko Muko,NDB,-2.55019,101.102,249,ID
MO,Mombasa,NDB,-4.03301,39.6152,267,KE
MO,Astana,NDB,50.9842,71.4078,318,KZ
MO,Monrovia Roberts,NDB,6.24287,-10.3533,372,LR
MO,Mopti/Ambodedjo,NDB,14.511,-4.08789,395,ML
MO,Mohyliv Podilskyi,NDB,48.4447,27.8366,406,UA
MO,Wisle,NDB,30.7606,-88.3028,248,US
MO,Wowar,NDB,37.5731,-120.855,367,US
MO,Melo,NDB,-32.3401,-54.2239,274,UY
MO,Manapouri,NDB-DME,-45.4969,167.718,346,NZ
MOB,Taszar,TACAN,46.397,17.9195,114200,HU
MOD,Modesto,VOR-DME,37.6273,-120.958,114600,US
MOD,Munster,DME,52.138,7.68724,114050,DE
MOE,Oyama,VOR-DME,34.071,139.561,108650,JP
MOE,Momote,NDB-DME,-2.06142,147.42599,212,PG
MOF,Maumere,VOR-DME,-8.64569,122.242,114500,ID
MOG,Mount Magnet,NDB,-28.0642,117.844,395,AU
MOG,Montague,NDB,41.7272,-122.482,404,US
MOI,Morichal,NDB,8.82142,-63.092,300,VE
MOJ,Montijo,TACAN,38.7088,-9.03322,110000,PT
MOJ,Mojkovac,NDB,42.9446,19.5755,308,RS
MOK,Bordj Mokhtar,VOR,21.3808,0.95214,113000,DZ
MOK,Bordj Mokhtar,NDB,21.3723,0.91964,304,DZ
MOL,Montebello,VOR-DME,37.9005,-79.1069,115300,US
MON,Puerto Montt,VOR-DME,-41.4292,-73.0919,115700,CL
MON,Monastir,VOR-DME,35.7549,10.7481,113100,TN
MON,Monticello,VOR-DME,33.5621,-91.7157,111600,US
MON,Geralds,NDB,16.7928,-62.1931,215,MS
MOP,Mt Pleasant,VOR-DME,43.6228,-84.7373,110600,US
MOQ,Mcintosh,NDB,31.8305,-81.5098,263,US
MOR,Moree,NDB,-29.4973,149.85201,392,AU
MOR,Moro,NDB-DME,-6.36287,143.254,164,PG
MOS,Mosjoen,TACAN,65.8777,13.3085,113900,NO
MOS,Mostaganem,VOR-DME,35.8986,0.13639,112200,DZ
MOS,Moses Point,VOR-DME,64.6965,-162.071,116300,US
MOS,Mostaganem,NDB,35.9092,0.13722,334,DZ
MOT,Minot,VORTAC,48.2603,-101.287,117100,US
MOT,Montana,VOR-DME,46.3134,7.50333,115850,CH
MOU,Moulins,VOR-DME,46.7068,3.63167,116700,FR
MOU,Moulins,NDB,46.7059,3.63086,324,FR
MOV,Mombasa,VOR-DME,-3.94853,39.6427,112300,KE
MOV,Monclova,VOR-DME,26.9555,-101.471,117900,MX
MOX,Morris,VOR-DME,45.5658,-95.9692,109600,US
MOZ,Moz,NDB,-1.75033,-52.2338,285,BR
MP,Maripasoula,NDB,3.65718,-54.036,385,GF
MP,Mount Pleasant,NDB,-51.8242,-58.4713,380,FK
MP,Sumenep,NDB,-7.0242,113.89,200,ID
MP,Mokpo,NDB,34.7576,126.382,267,KR
MP,Malampaya (Shell Oil Platform),NDB,11.8615,119.314,315,PH
MP,Mariepskop,NDB,-24.5414,30.8694,297,ZA
MP,Mary,NDB,37.5717,61.8997,439,TM
MP,Durazno,NDB,-33.3432,-56.4912,298,UY
MPA,Minnipa,NDB,-32.8433,135.14799,200,AU
MPA,Meridian,NDB,43.6034,-116.539,238,US
MPE,Matsuyama,VOR-DME,33.813,132.718,116300,JP
MPE,Philadelphia,NDB,32.7985,-89.1246,219,US
MPG,Progreso,NDB,21.2734,-89.7136,280,MX
MPJ,Morrilton,NDB,35.1187,-92.9252,410,US
MPK,Bangui M Poko,VOR-DME,4.37614,18.5254,117300,CF
MPR,Mc Pherson,NDB,38.3483,-97.6873,227,US
MPV,Montpelier,VOR-DME,44.0855,-72.4494,110800,US
MPZ,Mt.pPeasant,NDB,40.9428,-91.5093,212,US
MQ,Miyako,NDB,39.8557,141.946,209,JP
MQ,Miquelon,NDB,47.0975,-56.3859,402,PM
MQD,Mount Mcquoid (Closed Nov 2008),VOR,-33.1083,151.13901,-1,AU
MQD,Mount Mcquoid (Closed May 2016),NDB,-33.1122,151.13901,-1,AU
MQD,Mc Dowell Creek,NDB,39.1174,-96.6293,391,US
MQE,Miyako,VOR-DME,39.8656,141.951,116600,JP
MQG,Nez Perce,VOR-DME,46.3816,-116.87,108200,US
MQI,Manteo,NDB,35.9153,-75.6951,370,US
MQO,Morro Bay,VORTAC,35.2523,-120.76,112400,US
MQP,Millsap,VORTAC,32.7262,-97.9974,117700,US
MQU,Mariquita,VOR-DME,5.20722,-74.9242,116100,CO
MQW,Mc Rae,NDB,32.0946,-82.8838,280,US
MR,Sheremetyevo,VOR-DME,55.9617,37.3483,114600,RU
MR,Kaburau,NDB,2.53333,117.4,380,ID
MR,Dimapur,NDB,25.8839,93.7677,422,IN
MR,Marsabit,NDB,2.35264,37.9842,264,KE
MR,Masirah,NDB,20.6774,58.8848,343,OM
MR,Mare,NDB,-21.4816,168.036,388,NC
MR,Myra,NDB,59.2677,9.57381,389,NO
MR,Volochaevka,NDB,48.5667,134.58299,305,RU
MR,Sheremetyevo,NDB,55.96,37.325,700,RU
MR,Ulyanovsk,NDB,54.2667,48.2336,332,RU
MR,Maribor,NDB,46.3715,15.7932,334,SI
MR,Kueijen,NDB,22.9783,120.29,312,TW
MR,Munso,NDB,36.6208,-121.939,385,US
MRA,Mragowo,VOR-DME,53.7849,21.1328,117300,PL
MRA,Marilia,NDB,-22.1948,-49.9293,415,BR
MRB,Martinsburg,VORTAC,39.3856,-77.8484,112100,US
MRB,Maraba,VOR-DME,-5.36817,-49.1352,113700,BR
MRB,Moranbah,NDB,-22.0625,148.075,218,AU
MRB,Maraba,NDB,-5.37129,-49.1347,370,BR
MRB,Marib,NDB,15.4683,45.3283,271,YE
MRC,Marica,VOR-DME,-22.9677,-42.8913,114000,BR
MRD,Mardin,VOR-DME,37.2277,40.6386,116900,TR
MRD,Mardin,NDB,37.2277,40.6386,403,TR
MRE,Aomori,VOR-DME,40.7388,140.705,114100,JP
MRF,Marfa,VOR-DME,30.2984,-103.955,115900,US
MRH,Masirah Island,VORTAC,20.6744,58.8961,113800,OM
MRH,Morehead,NDB,34.7312,-76.6621,269,US
MRJ,Mineral Point,NDB,42.8881,-90.2265,365,US
MRK,Molly Ridge,NDB,32.4114,-91.7767,338,US
MRL,Marmul,VOR-DME,18.1422,55.1779,114300,OM
MRM,Marseille/Provence,VOR-DME,43.3773,5.32644,108800,FR
MRN,Moron,TACAN,37.1732,-5.61964,115300,ES
MRN,Marinilla,VOR-DME,6.17639,-75.3239,113000,CO
MRN,Moron,VOR-DME,37.1751,-5.61892,115500,ES
MRN,Maringa,NDB,-23.4758,-52.006,320,BR
MRP,Mariupol,DME,47.0751,37.4518,116200,UA
MRT,Marysville,NDB,40.2267,-83.3496,403,US
MRW,Merowe,VOR-DME,18.4498,31.8187,116000,SD
MRW,Morawa,NDB,-29.2089,116.024,407,AU
MRY,Moruya,NDB,-35.8984,150.14301,215,AU
MS,Mong Hsat,NDB,20.5344,99.2627,312,MM
MS,Mcinnes Island,NDB,52.2614,-128.72301,388,CA
MS,Matadi,NDB,-5.81882,13.4495,264,CD
MS,Mbandaka,NDB,0.01401,18.283,255,CD
MS,Massawa,NDB,15.6657,39.3158,230,ER
MS,Marseille/Provence,NDB,43.3886,5.28347,343,FR
MS,Plaisance,NDB,-20.4402,57.6908,343,MU
MS,Mae Sot,NDB,16.7019,98.5398,316,TH
MS,Ilan,NDB,24.7319,121.741,225,TW
MS,Narco,NDB,44.8257,-93.0913,266,US
MS,Monah,NDB,43.0627,-89.3459,400,US
MS,Kinte,NDB,30.0252,-90.3999,338,US
MS,Misse,NDB,44.8541,-74.9158,278,US
MS,Monga,NDB,41.7666,-74.8608,359,US
MS,Matsapha,NDB,-26.5105,31.3347,263,SZ
MS,Masvingo,NDB,-20.0102,30.8439,317,ZW
MS,Maniitsoq,DME,65.4116,-52.93,110550,GL
MSA,Mount Pleasant,NDB,33.1285,-94.9741,381,US
MSB,Monarch,NDB,37.7914,-95.415,410,US
MSD,Mashhad,TACAN,36.2331,59.6485,111900,IR
MSD,Mashhad,VOR-DME,36.2312,59.6506,114000,IR
MSD,Mashhad,NDB,36.2286,59.6372,385,IR
MSD,Mansfield,NDB,32.0643,-93.7645,414,US
MSE,Munchen,NDB,48.3334,11.6529,358,DE
MSL,Muscle Shoals,VORTAC,34.7069,-87.4915,116500,US
MSN,Madison,VORTAC,43.1448,-89.3397,108600,US
MSNN,Msnn,DME,24.1944,120.654,111700,TW
MSO,Mount Sandon,VOR,-31.3875,151.411,115300,AU
MSO,Missoula,VOR-DME,46.908,-114.084,112800,US
MSO,Mount Sandon,NDB,-31.3864,151.412,326,AU
MSP,Minneapolis,VOR-DME,44.8965,-93.2365,115300,US
MSQ,Nailr,NDB,38.45433,-77.90529,351,US
MSR,Mostar,VOR-DME,43.2614,17.8557,116900,BA
MSS,Massena,VORTAC,44.9144,-74.7227,114100,US
MSS,Mossoro,VOR-DME,-5.19733,-37.3645,112400,BR
MSS,Mossoro,NDB,-5.1935,-37.3645,275,BR
MST,Mae Sot,VOR-DME,16.6987,98.5421,116700,TH
MST,Greven,NDB,52.1101,7.57171,305,DE
MSV,Macas,VOR-DME,-2.25746,-78.1101,112500,EC
MSW,Munchen,NDB,48.3524,11.9038,400,DE
MT,Toamasina,VOR,-18.1243,49.3942,113100,MG
MT,Multan,VOR,30.194,71.4164,116700,PK
MT,Chiboo,NDB,49.7997,-74.4956,209,CA
MT,Matei,NDB,-16.6883,-179.881,296,FJ
MT,Saint Nazaire/Montoir,NDB,47.3338,-2.0445,398,FR
MT,Multan,NDB,30.1968,71.4239,387,PK
MT,Mtwara,NDB,-10.3324,40.1845,336,TZ
MT,Zebre,NDB,39.4424,-88.1735,347,US
MT,Giles,NDB,10.8959,-64.0472,218,VE
MT,Matetsi,NDB,-18.5089,25.924,260,ZW
MTA,Margarita,VOR-DME,10.9234,-63.9614,114100,VE
MTA,Margarita,NDB,10.9206,-63.9567,206,VE
MTC,Selfridge,TACAN,42.613,-82.8318,133700,US
MTC,Monte Cristi,NDB,19.8636,-71.6465,205,DO
MTD,Montdidier,VOR,49.5526,2.48947,113650,FR
MTG,Mount Gambier,VOR,-37.7514,140.785,117000,AU
MTG,Mitiga,VOR,32.8928,13.2711,113400,LY
MTG,Martigues,VOR-DME,43.3863,5.08683,117300,FR
MTG,Mount Gambier,NDB,-37.7526,140.77901,266,AU
MTH,Marathon,NDB,24.7119,-81.0953,260,US
MTI,Mopti/Ambodedjo,VOR,14.5261,-4.06472,115500,ML
MTI,Mornington Island,NDB,-16.6592,139.17,416,AU
MTI,Matadi,NDB,-5.83549,13.4662,380,CD
MTJ,Montrose,VOR-DME,38.5064,-107.899,117100,US
MTL,Montelimar,VOR-DME,44.5549,4.77986,113650,FR
MTL,Montalvo,NDB,-2.07,-76.9689,331,EC
MTL,Monte Real,NDB,39.9078,-8.88361,336,PT
MTM,Mataram,VOR-DME,-8.56051,116.075,114500,ID
MTN,Martin,TACAN,39.3309,-76.4113,134100,US
MTN,Salamanca,NDB,40.9888,-5.32993,399,ES
MTN,Martin,NDB,39.2997,-76.3801,342,US
MTO,Mattoon,VOR-DME,39.478,-88.2861,109400,US
MTP,Mount Pleasant,VOR,-51.8267,-58.4208,114700,FK
MTP,Mount Pleasant,TACAN,-51.8242,-58.457,111900,FK
MTP,Mount Hope,VOR-DME,-34.135,135.34,117900,AU
MTP,Mount Hope,NDB,-34.1256,135.341,353,AU
MTQ,Metcalf,NDB,33.4253,-90.9821,359,US
MTR,Metro,VOR,50.2763,8.84863,110000,DE
MTR,Monte Real,TACAN,39.8326,-8.89014,109600,PT
MTR,Monteria,VOR-DME,8.81556,-75.8178,114400,CO
MTT,Minatitlan,VOR-DME,18.1029,-94.5823,116400,MX
MTU,Myton,VORTAC,40.1492,-110.128,112700,US
MTU,Mitu,VOR-DME,1.24234,-70.2365,112200,CO
MTU,Mitu,NDB,1.25601,-70.2301,413,CO
MTW,Manitowoc,VOR-DME,44.1285,-87.6799,111000,US
MTY,Monterrey,VOR-DME,25.7729,-100.104,114700,MX
MU,Magdeburg,NDB,52.0741,11.6483,367,DE
MU,Mamuju,NDB,-2.58667,119.03,235,ID
MU,Mejametalana,NDB,-29.3026,27.5056,317,LS
MU,Muren,NDB,49.6529,100.174,570,MN
MU,Musoma,NDB,-1.49954,33.8005,312,TZ
MU,Mutare,NDB,-18.9394,32.6594,405,ZW
MUE,Kamuela,VOR-DME,19.9981,-155.67,113300,US
MUN,Munchen,VOR-DME,48.1803,11.816,112300,DE
MUN,Maturin,VOR-DME,9.74697,-63.1523,115300,VE
MUN,Maturin,NDB,9.75336,-63.1567,230,VE
MUO,Mountain Home,TACAN,43.0405,-115.875,114000,US
MUR,Muri,NDB,46.9461,7.46687,312,CH
MUS,Mus,VOR-DME,38.7481,41.6611,111200,TR
MUS,Nice Cote D Azur,NDB,43.3846,6.60636,428,FR
MUS,Mus,NDB,38.7481,41.6611,319,TR
MUT,Mut,VOR-DME,36.8642,33.2922,112300,TR
MUT,Mut,NDB,36.8639,33.2931,334,TR
MV,Gomel,NDB,52.5117,31.0833,247,BY
MV,Mesters Vig,NDB,72.2333,-23.9167,396,GL
MV,Toamasina,NDB,-18.0914,49.3905,331,MG
MVA,Mina,VORTAC,38.5653,-118.033,115100,US
MVC,Monroeville,VORTAC,31.4604,-87.3528,116800,US
MVE,Monbetsu,VOR-DME,44.3053,143.395,112900,JP
MVE,Montevideo,VOR-DME,44.9727,-95.712,111600,US
MVQ,Malvern,NDB,34.3334,-92.7624,215,US
MVY,Martha'S Vineyard,VOR-DME,41.3962,-70.6127,114500,US
MW,Magway,NDB,20.1661,94.9382,305,MM
MW,Muara Tewe,NDB,-0.94019,114.894,242,ID
MW,Plaza,NDB,19.3937,-99.1495,370,MX
MW,Mineralnyye Vody,NDB,44.195,43.1517,583,RU
MW,Milkovo,NDB,54.7067,158.61,592,RU
MW,Migalovo,NDB,56.8133,35.6783,449,RU
MW,Pelly,NDB,47.1155,-119.275,408,US
MW,Jonny,NDB,37.8391,-88.9707,382,US
MW,Onida,NDB,39.5783,-84.3235,223,US
MWA,Marion,VOR-DME,37.7542,-89.0117,110400,US
MWB,Manado,VOR-DME,1.32325,124.955,114800,ID
MWE,Tohoku,VOR-DME,40.8089,141.157,114900,JP
MWH,Moses Lake,VOR-DME,47.2109,-119.317,115000,US
MWL,Mineral Wells,NDB,32.7851,-98.0573,266,US
MWM,Windom,NDB,43.9094,-95.1092,203,US
MX,Zhigalovo,NDB,54.8,105.15,445,RU
MX,Kedzi,NDB,41.7415,-87.6897,248,US
MX,Zoote,NDB,38.92,-76.8717,232,US
MXE,Modena,VORTAC,39.9181,-75.6708,113200,US
MXF,Maxwell,TACAN,32.3793,-86.3683,115000,US
MXL,Mexicali,VOR-DME,32.6311,-115.238,115000,MX
MXN,Maxaranguape,NDB,-5.38617,-35.531,205,BR
MXO,Monticello,NDB,42.2006,-91.1371,397,US
MXQ,Midwest,VOR-DME,39.4297,-83.8012,112900,US
MXR,Almaza,TACAN,30.0922,31.3573,116300,EG
MXR,Maxwell,NDB,36.7006,-104.54,284,US
MXT,Matsushima,TACAN,38.4039,141.226,114300,JP
MXW,Maxwell,VORTAC,39.3176,-122.222,110000,US
MY,Myggenes,NDB,62.1069,-7.58778,337,FO
MY,Miyako Jima,NDB,24.7881,125.295,340,JP
MY,Moyale,NDB,3.53032,39.0509,288,KE
MY,Maradi,NDB,13.5007,7.109,284,NE
MY,Halow,NDB,39.1694,-121.61,222,US
MY,Deoro,NDB,32.7799,-117.045,210,US
MYB,Maryborough,NDB,-25.5197,152.71001,248,AU
MYC,Miyako Jima,VORTAC,24.786,125.301,117500,JP
MYN,Munster,NDB,52.1593,7.79999,371,DE
MYS,Mystic,VOR,37.8941,-86.2445,108200,US
MYV,Marysville,VOR-DME,39.0986,-121.573,110800,US
MYY,Miri,NDB,4.29958,113.976,209,MY
MYZ,Marysville,NDB,39.8528,-96.6334,341,US
MZ,Mwanza,VOR,-2.43836,32.9223,115700,TZ
MZ,Mezen,NDB,65.8667,44.2,555,RU
MZ,Mwanza,NDB,-2.44219,32.9239,403,TZ
MZ,Samarkand,NDB,39.7067,66.92,355,UZ
MZB,Mission Bay,VORTAC,32.7822,-117.225,117800,US
MZD,Metzada,VOR-DME,31.3306,35.3905,115000,IL
MZE,Miyazaki,VOR-DME,31.8787,131.437,112400,JP
MZH,Moose Lake,NDB,46.4161,-92.8045,362,US
MZT,Maizuru,TACAN,35.5481,135.42599,109650,JP
MZT,Mazatlan,VOR-DME,23.1605,-106.271,114900,MX
MZU,Mulu,NDB,4.03389,114.798,505,MY
MZV,Moline,VORTAC,41.3211,-90.6381,114400,US
MZV,Mazenod,VOR-DME,-29.5004,27.5406,117200,LS
MZZ,Marion,VOR-DME,40.4934,-85.6792,108600,US
N,Baku,NDB,40.4483,50.05,733,AZ
N,Resistencia,NDB,-27.4243,-59.0451,262,AR
N,Catamarca,NDB,-28.6217,-65.765,282,AR
N,Presidente Peron,NDB,-38.95,-68.1871,307,AR
N,Junin,NDB,-34.5283,-60.935,345,AR
N,Aeroparque,NDB,-34.5849,-58.3689,375,AR
N,Tbilisi,NDB,41.6507,44.9744,435,GE
N,Titan,NDB,46.9289,19.7257,440,HU
N,Oksywie,NDB,54.5952,18.4916,290,PL
N,Sheremetyevo,NDB,55.965,37.3733,770,RU
N,Chernivtsi,NDB,48.2763,25.9666,509,UA
N,Donetsk,NDB,48.0734,37.7067,795,UA
N,Simferopol,NDB,45.0278,33.9654,285,UA
N,Termez,NDB,37.2933,67.3367,198,UZ
N4,Swan River,NDB,52.1153,-101.235,350,CA
N9,Tumbler,NDB,55.0261,-120.936,346,CA
NA,Nausori,VOR-DME,-18.0422,178.562,112200,FJ
NA,Banja Luka,NDB,44.9208,17.3058,383,BA
NA,Natash,NDB,50.2222,-61.8417,385,CA
NA,Nausori,NDB,-18.0458,178.562,307,FJ
NA,Tbilisi,NDB,41.6327,44.9971,211,GE
NA,Narsarsuaq,NDB,61.1707,-45.4129,359,GL
NA,Namlea,NDB,-3.23764,127.098,290,ID
NA,Naganuma,NDB,43.0002,141.651,377,JP
NA,Kostanay,NDB,53.1623,63.5826,512,KZ
NA,Nema,NDB,16.6116,-7.26094,305,MR
NA,Salekhard,NDB,66.5667,66.5067,315,RU
NA,Begishevo,NDB,55.5317,52.0367,370,RU
NA,Maagg,NDB,33.6888,-117.86,337,US
NAH,Namha,VOR-DME,20.3872,106.118,115500,VN
NAK,Nakuru,VOR-DME,-0.30475,36.1534,115100,KE
NAK,Nacka,NDB,59.2947,18.1786,335,SE
NAN,Nan,VOR-DME,18.8091,100.783,115700,TH
NAN,Nea Anchialos,NDB,39.2183,22.7994,335,GR
NAR,Narrandera,VOR-DME,-34.7019,146.517,116300,AU
NAR,Narrandera,NDB,-34.7071,146.513,329,AU
NAS,Punta Arenas,VOR-DME,-53.0037,-70.8537,114100,CL
NAS,Punta Arenas,NDB,-53.0102,-70.8639,270,CL
NAT,Natania,VOR-DME,32.332,34.968,112400,IL
NAT,Natta,VOR-DME,66.7465,21.3224,113000,SE
NAU,Nautla,VOR-DME,20.1917,-96.7455,112300,MX
NAU,Nautla,NDB,20.2075,-96.7653,225,MX
NAY,Nancy,TACAN,48.5836,5.95183,116800,FR
NB,Bordeaux,NDB,45.1475,-0.54992,361,FR
NB,Botn,NDB,65.3261,-18.2936,387,IS
NB,Uelkal,NDB,65.5167,-179.283,400,RU
NB,Bromma,NDB,59.4009,17.8139,394,SE
NBC,Beaufort,TACAN,32.479,-80.7173,110500,US
NBR,Nabire,VOR-DME,-3.38196,135.50101,117300,ID
NBR,Narrabri,NDB,-30.3207,149.83099,413,AU
NBS,Barking Sands,TACAN,22.0376,-159.785,112600,US
NBW,Guantanamo Bay Ns,VOR,19.9045,-75.1988,114600,CU
NBW,Guantanamo Bay Ns,TACAN,19.91,-75.2185,114600,CU
NC,Nice/Cote D'Azur,NDB,43.5902,7.12908,338,FR
NC,Chileka,NDB,-15.6741,34.9539,356,MW
NC,Kemerovo,NDB,55.3,86.18,489,RU
NC,Newcastle,NDB,-27.7703,29.9944,415,ZA
NCA,New River,TACAN,34.7071,-77.4403,115400,US
NCH,Changbei,VOR-DME,28.885,115.913,115100,CN
NCL,Sao Nicolau,NDB,16.5627,-24.2832,357,CV
NCN,Incheon,VOR-DME,37.4949,126.43,113800,KR
NCS,Nagycserkesz,NDB,47.9609,21.5303,409,HU
NCZ,Autec,TACAN,24.7033,-77.77,112750,BS
NCZ,Autec,NDB,24.7033,-77.77,245,BS
ND,Banjul,NDB,13.3454,-16.6574,256,GM
ND,Moanda,NDB,-1.53003,13.2671,402,GA
ND,Tanjung Pandan,NDB,-2.75423,107.751,285,ID
ND,Smyshlyayevka,NDB,53.2667,50.4333,190,RU
ND,Bolshevik,NDB,45.7667,40.2333,507,RU
NDG,Qiqihar,VOR-DME,47.2417,123.922,112900,CN
NDG,Nordlingen,NDB,48.8294,10.4187,375,DE
NDG,Diego Garcia,NDB,-7.29267,72.3843,300,IO
NDJ,Bucholz,TACAN,8.7212,167.729,114300,MH
NDJ,Bucholz,NDB,8.72087,167.728,359,MH
NDO,Nordholz,TACAN,53.769,8.6535,117100,DE
NDO,Ndolo,NDB,-4.31895,15.3162,318,CD
NDO,Nordholz,NDB,53.7852,8.80617,372,DE
NE,Minsk-1,NDB,53.8367,27.6067,321,BY
NE,Singkep,NDB,-0.483,104.576,320,ID
NE,Nerl,NDB,57.0333,38.0,900,RU
NE,Norway House,DME,53.972,-97.8417,115100,CA
NEA,Tabanera,VOR-DME,42.0276,-4.10913,116750,ES
NEG,Neubrandenburg,TACAN,53.6047,13.3087,108050,DE
NEJ,Nejran,VORTAC,17.6069,44.4156,116700,SA
NEL,Lakehurst,TACAN,40.037,-74.3531,111800,US
NEL,Lakehurst,NDB,40.0447,-74.3357,396,US
NER,Neratovice,VOR-DME,50.3666,14.6214,108600,CZ
NES,Coposa,NDB,-20.7756,-68.6789,327,CL
NEU,Neuburg,TACAN,48.7125,11.211,108900,DE
NEU,Iwakuni,TACAN,34.1408,132.23199,109800,JP
NEU,Neuquen,VOR-DME,-38.9503,-68.1547,116700,AR
NEV,Nevers,VOR,47.153,2.92936,113400,FR
NEW,Newcastle,VOR-DME,55.0384,-1.69837,114250,GB
NF,Norfolk Island,VOR-DME,-29.0473,167.93201,112400,NF
NF,Nanfeng,NDB,27.2167,116.567,292,CN
NF,Nordfjordur,NDB,65.1347,-13.7364,325,IS
NF,Singkawang,NDB,1.09216,109.693,210,ID
NF,Norfolk Island,NDB,-29.0072,167.92101,260,NF
NFG,Camp Pendleton,TACAN,33.2744,-117.387,111800,US
NFL,Fallon,TACAN,39.4169,-118.705,113500,US
NFO,Futenma,TACAN,26.2671,127.744,110500,JP
NFW,Fort Worth Nas Jrb,TACAN,32.7715,-97.4395,108700,US
NG,Negage,NDB,-7.76667,15.3,220,AO
NG,Nimes/Garons,NDB,43.8572,4.40628,354,FR
NG,Aichi,NDB,35.1423,136.99699,397,JP
NG,Nizhny Novgorod,NDB,56.1767,43.765,245,RU
NG,Tashkent,NDB,41.2517,69.215,285,UZ
NG,Nhatrang,NDB,12.2264,109.201,289,VN
NGA,Naga,VOR-DME,13.5822,123.27,114700,PH
NGB,Ningbo,VOR-DME,29.8267,121.46,116300,CN
NGD,Nurnberg,DME,49.5012,11.0801,113100,DE
NGF,Kaneohe,TACAN,21.4505,-157.76401,114600,US
NGJ,Nepalgunj,VOR-DME,28.1014,81.6508,115100,NP
NGP,Truax,VORTAC,27.6863,-97.2947,114000,US
NGS,Santa Rosa,TACAN,30.6149,-86.9375,133600,US
NGU,Chambers,TACAN,36.94,-76.2773,111100,US
NGU,Ngukurr,NDB,-14.725,134.739,233,AU
NGY,New Galloway,NDB,55.1775,-4.16861,399,GB
NH,Nawabshah,VOR-DME,26.2176,68.3858,112900,PK
NH,Nuku Hiva,NDB,-8.79444,-140.22,353,PF
NH,Nanga Pinoh,NDB,-0.34922,111.748,233,ID
NH,Nouakchott,NDB,18.0793,-15.9632,297,MR
NH,Nawabshah,NDB,26.2172,68.3913,393,PK
NH,Nikolsk,NDB,52.75,104.467,699,RU
NH,Tobolsk,NDB,58.1417,68.2767,372,RU
NHC,Naha,VORTAC,26.2085,127.643,116500,JP
NHK,Patuxent,NDB,38.286,-76.4032,400,US
NHL,Nhill,VOR,-36.3158,141.646,116500,AU
NHL,Nhill,NDB,-36.294,141.64301,326,AU
NHT,Nyutabaru,TACAN,32.0803,131.45399,115000,JP
NHW,Nanhui,VOR-DME,31.0817,121.573,114600,CN
NHZ,Brunswick,TACAN,43.8735,-69.9219,115200,US
NI,Nauru,VOR-DME,-0.54383,166.92101,113000,NR
NI,Assiniboia,NDB,49.7283,-105.949,278,CA
NI,Kendari,NDB,-4.08649,122.411,215,ID
NI,Sado,NDB,38.0658,138.41,370,JP
NI,Nairobi,NDB,-1.33301,36.9086,283,KE
NI,Nauru,NDB,-0.54283,166.918,355,NR
NI,Mykolaiv,NDB,47.0289,31.8678,103,UA
NID,China Lake,TACAN,35.6879,-117.69,111600,US
NID,Niederrhein,DME,51.6,6.14148,115500,DE
NIE,Nienburg,VOR,52.6259,9.37199,116500,DE
NIE,Nile,NDB,-41.6528,147.30299,230,AU
NIK,Nicky,VOR-DME,51.165,4.18389,117400,BE
NIK,Niksic,NDB,42.7764,18.9242,302,RS
NIM,Nimes,TACAN,43.7458,4.41956,111600,FR
NIN,Junin,VOR,-34.5411,-60.9339,116100,AR
NIN,Junin,NDB,-34.5511,-60.9339,220,AR
NIP,Jacksonville,TACAN,30.2349,-81.6751,108200,US
NIR,Nir,NDB,-2.71861,-80.2489,165,EC
NIS,Nias,VOR-DME,1.16866,97.7017,117100,ID
NIS,Nis,VOR-DME,43.3465,21.8271,113900,RS
NIS,Sibu,NDB,2.24814,112.002,203,MY
NIT,Nitra,VOR-DME,48.2904,18.0506,116500,SK
NIT,Nitra,NDB,48.2984,18.0524,398,SK
NIZ,Nice,VOR-DME,43.7706,7.25439,112400,FR
NJA,Atsugi,TACAN,35.4458,139.45399,115100,JP
NJC,Niijima,VORTAC,34.3481,139.271,116500,JP
NJC,Nizhnevartovsk,VOR-DME,60.9433,76.4683,112300,RU
NJK,El Centro,TACAN,32.8318,-115.681,111000,US
NJM,Bogue Mcalf,TACAN,34.6896,-77.0272,134000,US
NJW,Joe Williams,TACAN,32.7951,-88.8353,133450,US
NK,Godthab/Nuuk,NDB,64.6786,-51.3739,273,GL
NK,Narok,NDB,-1.10263,35.8508,368,KE
NK,Novokazalinsk,NDB,45.8308,62.1303,510,KZ
NK,Oksywie,NDB,54.6169,18.4552,494,PL
NK,Nikolskoye,NDB,55.1833,165.983,595,RU
NK,Begishevo,NDB,55.5983,52.1583,370,RU
NK,Ayan,NDB,56.45,138.133,422,RU
NK,Nakhon Si Thammarat,NDB,8.54669,99.9407,289,TH
NK,Nukunonu,NDB,-9.1695,-171.832,394,TK
NK,Nangan,NDB,26.16,119.957,315,TW
NK,Mykolaiv,NDB,47.0872,31.9714,103,UA
NKE,Nanki,VOR-DME,33.6613,135.35899,109050,JP
NKN,Nangan,DME,26.16,119.957,110100,TW
NKP,Nakhon Phanom,VOR-DME,17.3883,104.638,111600,TH
NKR,Nakhon Ratchasima,VOR-DME,14.9466,102.311,110200,TH
NKR,Neckar,NDB,49.3367,8.73291,292,DE
NKS,Nakhon Si Thammarat,VOR-DME,8.54165,99.9469,117400,TH
NKT,Cherry Point,TACAN,34.9022,-76.8748,112800,US
NKW,Diego Garcia,TACAN,-7.31683,72.412,112000,IO
NKX,Miramar,TACAN,32.8697,-117.155,109600,US
NKZ,Novokazalinsk,VOR-DME,45.8308,62.1286,113600,KZ
NL,Nyanza-Lac,NDB,-4.34713,29.597,375,BI
NL,Longzhou,NDB,22.3667,106.867,238,CN
NL,Nolso,NDB,61.9581,-6.60003,404,FO
NL,Newlands,NDB,-41.2288,174.828,358,NZ
NL,Nalchik,NDB,43.5333,43.6933,718,RU
NL,Sheremetyevo,NDB,55.9583,37.3283,380,RU
NL,Olenek,NDB,68.4733,112.472,300,RU
NL,Nyala,NDB,12.0641,24.9339,358,SD
NL,Norwich,NDB,52.6764,1.38471,372,GB
NL,Nikola,NDB,44.9664,33.6184,326,UA
NLC,Lemoore,TACAN,36.3441,-119.966,113300,US
NLD,Nuevo Laredo,VOR-DME,27.4394,-99.5646,112600,MX
NLG,Nanlang,VOR-DME,22.5317,113.563,117700,CN
NLY,Yaounde Nsimalen,VOR-DME,3.72581,11.5565,115700,CM
NM,Nema,VOR,16.6238,-7.261,115300,MR
NM,Matagami,NDB,49.7239,-77.7417,278,CA
NM,Kuala Lumpur,NDB,3.19981,101.508,338,MY
NM,Ufa,NDB,54.5133,55.9083,527,RU
NM,Ust-Ilimsk,NDB,58.15,102.642,431,RU
NM,N Mora,NDB,61.0312,14.4605,403,SE
NM,Nemyriv,NDB,48.9664,28.8483,106,UA
NMA,Bima,VOR-DME,-8.51998,118.689,115100,ID
NMM,Meridian,TACAN,32.5785,-88.5453,111900,US
NMN,Mendig,NDB,50.3678,7.31367,331,DE
NMS,Namsos,NDB,64.495,11.8087,329,NO
NMT,Meyerton,NDB,-26.5572,28.0325,385,ZA
NN,Nadi,VOR-DME,-17.6547,177.396,112500,FJ
NN,Entebbe,VOR-DME,0.053,32.438,117500,UG
NN,Nanortalik,NDB,60.1458,-45.2556,270,GL
NN,Gorontalo,NDB,0.64078,122.851,285,ID
NN,Kozhevnikovo,NDB,56.2333,83.9667,482,RU
NN,Nan,NDB,18.8003,100.783,355,TH
NN,Niamtougou,NDB,9.83461,1.11986,318,TG
NN,Shikang,NDB,23.1247,120.202,375,TW
NN,Northampton,NDB,52.2991,-0.7976,379,GB
NNG,Nanning,VOR-DME,22.625,108.197,114500,CN
NNP,Nagpur,VOR-DME,21.1116,79.0199,112700,IN
NNX,Nanxiong,VOR-DME,25.1,114.272,115600,CN
NO,Nakhchivan,NDB,39.1651,45.4859,493,AZ
NO,Sawani,NDB,-18.0147,178.468,330,FJ
NO,Maumere,NDB,-8.63546,122.236,250,ID
NO,Nairobi,NDB,-1.3659,36.8641,278,KE
NO,Nioro,NDB,15.2339,-9.58373,270,ML
NO,Nadym,NDB,65.48,72.7033,485,RU
NO,Pamplona,NDB,42.75,-1.63167,386,ES
NO,Boryspil,NDB,50.2873,30.9007,310,UA
NO,Termez,NDB,37.3,67.365,398,UZ
NOA,Nova,NDB,-22.7185,-43.4805,215,BR
NOB,Noibai,VOR-DME,21.213,105.835,116100,VN
NOG,Orange Grove,TACAN,27.8953,-98.0426,133600,US
NOL,Nolvik,VOR,57.7733,11.8229,113200,SE
NOL,No Leon,VOR-DME,10.4397,-67.159,116100,VE
NOR,Noronha,NDB,-3.85839,-32.4282,300,BR
NOT,Nottingham,NDB,52.9217,-1.07933,430,GB
NOV,Novara,NDB,45.4241,8.79386,292,IT
NOZ,Alexandria,VOR-DME,31.18767,29.95071,115900,EG
NP,New Plymouth,VOR-DME,-39.0072,174.18401,114400,NZ
NP,Napuka,NDB,-14.1722,-141.265,376,PF
NP,Nagpur,NDB,21.1227,79.0391,372,IN
NP,Nampula,NDB,-15.0682,39.3338,382,MZ
NP,New Plymouth,NDB,-39.0022,174.18201,370,NZ
NP,Pskov,NDB,57.8267,28.4233,300,RU
NP,Nakhon Phanom,NDB,17.3924,104.643,383,TH
NPA,Pensacola,TACAN,30.358,-87.3165,117200,US
NPC,Napoli Capodochino,DME,40.8843,14.2836,110150,IT
NPH,Pohang (Navy),VORTAC,35.9864,129.409,109600,KR
NPJ,Nepalgunj,NDB,28.0981,81.6558,330,NP
NQ,Sumbawa,NDB,-8.47433,117.405,305,ID
NQ,Turkmenabat,NDB,39.14,63.58,326,TM
NQ,Narsarsuaq,DME,61.1604,-45.4071,111850,GL
NQI,Kingsville,TACAN,27.4993,-97.8055,117800,US
NQI,Nuqui,NDB,5.71361,-77.26,461,CO
NQX,Key West,TACAN,24.5801,-81.6823,113100,US
NR,Napier,VOR-DME,-39.4538,176.869,113800,NZ
NR,Moela,NDB,-24.0505,-46.2642,305,BR
NR,Waingapu,NDB,-9.67049,120.299,295,ID
NR,Lilabari,NDB,27.2868,94.0909,381,IN
NR,Napier,NDB,-39.4723,176.87199,354,NZ
NR,Novolokti,NDB,54.3833,82.9333,750,RU
NRB,Mayport,TACAN,30.3886,-81.4231,111400,US
NRB,Narembeen,NDB,-32.0717,118.395,227,AU
NRC,Naracoorte,NDB,-36.9782,140.724,287,AU
NRE,Narita,VOR-DME,35.7823,140.36301,117900,JP
NRG,Chulman,VOR-DME,56.9083,124.877,113800,RU
NRG,Neubrandenburg,NDB,53.6028,13.3383,357,DE
NRM,Narromine,NDB,-32.2231,148.229,215,AU
NRN,Norton,NDB,39.8554,-99.889,230,US
NRR,Roosevelt Roads,TACAN,18.2338,-65.6433,113800,PR
NRS,Imperial Beach,TACAN,32.5642,-117.11,109200,US
NS,Nelson,VOR-DME,-41.30368,173.2163,113100,NZ
NS,Namsang,NDB,20.8861,97.7329,260,MM
NS,Nanxiong,NDB,25.0967,114.275,333,CN
NS,Narsaq,NDB,60.9,-46.0167,404,GL
NS,Naryn-Ges,NDB,41.1667,72.1667,691,KG
NS,Nelspruit,NDB,-25.4907,30.9191,480,ZA
NS,Sturup,NDB,55.6115,13.3607,351,SE
NS,Cha Ian,NDB,8.46167,99.9617,345,TH
NS,Niamtougou,NDB,9.70158,1.06314,260,TG
NS,Mary,NDB,37.5717,61.8981,480,TM
NSA,Nisa,VORTAC,39.5647,-7.91472,115500,PT
NSB,Fascene,VOR-DME,-13.3056,48.3231,117500,MG
NSB,Seeb,NDB,23.5906,58.2541,318,OM
NSD,Beaver,TACAN,32.88,-118.441,113900,US
NSE,Whiting,TACAN,30.724,-87.018,112300,US
NSE,Nanjing,VOR-DME,31.745,118.863,112000,CN
NSE,Nakashibetsu,VOR-DME,43.5774,144.951,111450,JP
NSH,Ningshan,VOR-DME,33.3183,108.312,116300,CN
NSI,San Nicolas Island,TACAN,33.2351,-119.458,110200,US
NSI,San Nicolas,NDB,33.2358,-119.449,203,US
NSK,Novosibirsk,VOR-DME,55.0133,82.64,113300,RU
NSL,In Salah,VOR-DME,27.2367,2.4925,113100,DZ
NSM,Norseman,NDB,-32.1944,121.799,347,AU
NSN,Nonsan,VOR-DME,36.2672,127.119,117500,KR
NSN,Niederstetten,NDB,49.3948,9.965,311,DE
NSR,Noshahr,NDB-DME,36.6533,51.5047,260,IR
NSV,Nelspruit,VOR-DME,-25.4982,30.9157,116200,ZA
NSY,Navy Sigonella,TACAN,37.4003,14.9215,111200,IT
NSY,Navy Sigonella,NDB,37.4001,14.9211,297,IT
NT,Niamtougou,VOR-DME,9.74733,1.08269,113200,TG
NT,Nakhchivan,NDB,39.2259,45.4143,680,AZ
NT,Titan,NDB,46.9428,19.694,313,HU
NT,Tole Bi,NDB,43.6956,73.7489,116,KZ
NT,Antananarivo Ivato,NDB,-18.8156,47.6045,370,MG
NT,Narathiwat,NDB,6.52239,101.749,383,TH
NT,Newcastle,NDB,55.0504,-1.64268,352,GB
NTD,Point Mugu,TACAN,34.1233,-119.122,110600,US
NTD,Notodden,NDB,59.5871,9.14421,400,NO
NTE,Noto,VOR-DME,37.29,136.963,111450,JP
NTG,Nantong,VOR-DME,32.0633,120.978,115600,CN
NTL,Natal,VOR-DME,-5.90832,-35.2486,114300,BR
NTL,Nortel,VOR-DME,59.7498,18.7668,116300,SE
NTL,Natal,NDB,-5.9,-35.2463,400,BR
NTM,Nattenheim,VORTAC,50.0159,6.53179,115300,DE
NTN,Normanton,NDB,-17.6958,141.073,311,AU
NTS,Nantes,VOR-DME,47.1609,-1.61297,115500,FR
NTU,Oceana,TACAN,36.8242,-76.037,116600,US
NTW,Narathiwat,VOR-DME,6.52729,101.745,116300,TH
NU,Nakuru,NDB,-0.30474,36.1553,358,KE
NU,Bryansk,NDB,53.17,34.1883,325,RU
NU,Urgench,NDB,41.5433,60.6883,485,UZ
NU,Niue,NDB-DME,-19.0736,-169.91701,345,NU
NUC,San Clemente,TACAN,33.0269,-118.58,117600,US
NUC,Huanuco,NDB,-9.87889,-76.2075,310,PE
NUD,Adak,TACAN,51.8713,-176.674,113000,US
NUE,Jinhae,TACAN,35.1356,128.698,135500,KR
NUN,Saufley,VOR,30.4722,-87.3358,108800,US
NUQ,Moffett,TACAN,37.4324,-122.058,117600,US
NUW,Whidbey Island,TACAN,48.3549,-122.662,113800,US
NV,Nairobi,VOR-DME,-1.2999,36.9542,113100,KE
NV,Invercargill,VOR-DME,-46.4116,168.31799,116800,NZ
NV,Navua,NDB,-18.2372,178.16901,281,FJ
NV,Schiphol Locator,NDB,52.1514,4.76483,332,NL
NV,Invercargill,NDB,-46.4187,168.33299,214,NZ
NV,Zabaykalsk,NDB,49.65,117.333,684,RU
NV,Vilhelmina,NDB,64.5601,17.0323,406,SE
NVA,Neiva,VOR-DME,3.05917,-75.2531,115800,CO
NVD,Nizhneudinsk,VOR,54.8833,99.0667,112700,RU
NVG,Navegantes,NDB,-26.8757,-48.6528,235,BR
NVS,Navas,VOR-DME,40.3687,-4.24942,114950,ES
NVV,Nieuwoudtville,VOR,-31.38,19.0711,116100,ZA
NW,Pekanbaru,NDB,0.46649,101.453,350,ID
NW,Nusawiru,NDB,-7.72039,108.49,357,ID
NW,La Tontouta,NDB,-21.9378,166.076,326,NC
NW,Maastricht,NDB,51.0194,5.87834,373,NL
NW,Ndola,NDB,-12.9966,28.5866,240,ZM
NWA,Nowra,TACAN,-34.95,150.533,116400,AU
NWA,Nowra,NDB,-34.9512,150.53,359,AU
NWB,Nuweibaa,NDB,29.0322,34.6711,288,EG
NWN,Newman,VOR-DME,-23.4208,119.803,117200,AU
NWN,Newman,NDB,-23.4181,119.797,233,AU
NX,Domel,NDB,-25.4938,-48.3288,320,BR
NX,Jambi,NDB,-1.63098,103.641,365,ID
NXP,Coyote,TACAN,34.2967,-116.157,133600,US
NXX,Willow Grove,TACAN,40.1945,-75.1463,133400,US
NXX,Willow Grove,NDB,40.1893,-75.1461,388,US
NY,Niamey,VOR-DME,13.4833,2.20639,114100,NE
NY,Enderby,NDB,50.65,-118.926,350,CA
NY,Warukin,NDB,-2.22624,115.465,255,ID
NY,Nyeri,NDB,-0.386,37.0008,388,KE
NY,Niamey,NDB,13.481,2.15583,289,NE
NY,Nylstroom,NDB,-24.6917,28.3601,465,ZA
NYA,Natya,VOR,-34.9689,143.233,112800,AU
NYB,Nanyingbindao,VOR-DME,20.0133,110.137,113300,CN
NYK,Nanyuki,NDB,-0.06936,37.0008,306,KE
NYL,Yuma,TACAN,32.6468,-114.613,113700,US
NYL,Nyala,VOR-DME,12.0726,24.9731,116300,SD
NYN,Nyngan,NDB,-31.5522,147.19501,404,AU
NYR,Nyiregyhaza,VOR,47.9912,21.6926,116100,HU
NZ,Nadzab,VOR-DME,-6.56833,146.709,113900,PG
NZ,Nzerekore,NDB,7.81935,-8.70846,382,GN
NZ,Banda Aceh,NDB,5.51232,95.4194,330,ID
NZ,Nadzab,NDB,-6.57,146.70799,162,PG
NZ,Nizhnevartovsk,NDB,60.985,76.5533,450,RU
NZ,Ust-Labinsk,NDB,45.2167,39.6667,330,RU
NZ,Mirny,NDB,62.51,113.955,385,RU
NZ,Nyazepetrovsk,NDB,56.05,59.5833,350,RU
NZ,Achinsk,NDB,56.2717,90.6117,420,RU
NZ,Norton,NDB,-17.8957,30.6819,373,ZW
NZE,Nasu,VOR-DME,36.7827,140.036,114800,JP
NZY,North Island,TACAN,32.7026,-117.216,117000,US
O,Santa Rosa,NDB,-36.5683,-64.27,300,AR
O,Gorna,NDB,43.1477,25.7408,526,BG
O,Tacheng,NDB,46.6583,83.3717,301,CN
O,Hailang,NDB,44.5367,129.577,251,CN
O,Capital,NDB,40.097,116.594,431,CN
O,Zhengdeng,NDB,38.3,114.682,528,CN
O,Opera,NDB,47.1383,20.245,422,HU
O,Domodedovo,NDB,55.3867,37.915,320,RU
O,Vnukovo,NDB,55.6017,37.3067,595,RU
O,Murcia/San Javier,NDB,37.7618,-0.82906,370,ES
O,O,NDB,25.0654,121.632,295,TW
O,Antonov,NDB,50.5809,30.2065,286,UA
O,Kryvyi Rih,NDB,48.0234,33.2056,697,UA
O,Donetsk,NDB,48.0734,37.7717,795,UA
O,Boryspil,NDB,50.3156,30.903,640,UA
O,Lviv,NDB,49.8272,23.9318,650,UA
OA,Ministro Pistarini,NDB,-34.8903,-58.506,270,AR
OA,Rangiroa,NDB,-14.9559,-147.66,358,PF
OA,Opera,NDB,47.1633,20.26,282,HU
OA,Samah,NDB,28.165,19.0958,330,LY
OA,Marmul,NDB,18.1667,55.2333,337,OM
OA,Ouvea,NDB,-20.6421,166.57201,402,NC
OA,Khatanga,NDB,71.95,102.31,332,RU
OA,Ellas,NDB,34.7505,-77.7044,261,US
OA,Ondangwa,NDB,-17.8829,15.9473,382,NA
OAB,Moab,VOR-DME,38.7562,-109.749,109800,US
OAK,Oakland,VORTAC,37.7259,-122.224,116800,US
OAL,Coaldale,VORTAC,38.0033,-117.77,117700,US
OAN,Orléans,TACAN,47.9894,1.75958,116400,FR
OAN,Orléans,NDB,48.0013,1.76872,385,FR
OAS,Canoas,NDB,-29.9447,-51.1373,250,BR
OAS,Andoas,NDB,-2.83028,-76.4553,360,PE
OAX,Oaxaca,VOR-DME,16.9723,-96.7314,112000,MX
OAY,Norton Bay,NDB,64.6961,-162.063,263,US
OB,San Carlos De Bariloche,NDB,-41.1242,-71.2485,330,AR
OB,Brussels,NDB,50.9203,4.61639,293,BE
OB,Huairou,NDB,40.2833,116.533,380,CN
OB,Marseille/Provence,NDB,43.2298,5.66542,395,FR
OB,Obihiro,NDB,42.6561,143.257,326,JP
OB,Stefanik South,NDB,48.1148,17.2984,330,SK
OB,Giallo,NDB,28.6833,21.4167,261,LY
OB,Vnukovo,NDB,55.6117,37.3517,290,RU
OB,Overberg,NDB,-34.5956,20.2848,428,ZA
OBD,El Obeid,VOR-DME,13.1477,30.2334,115800,SD
OBD,El Obeid,NDB,13.1567,30.2388,279,SD
OBE,Obihiro,VOR-DME,42.734,143.22,109650,JP
OBH,Wolbach,VORTAC,41.3757,-98.3536,114800,US
OBI,Pietermaritzburg,NDB,-29.6102,30.395,280,ZA
OBI,Oberpfaffenhofen,NDB-DME,48.0806,11.2854,429,DE
OBK,Northbrook,VOR-DME,42.2215,-87.9518,113000,US
OBN,Obleon,VOR-DME,18.4383,-72.275,113200,HT
OBO,Robore,NDB,-18.3319,-59.7662,325,BO
OBR,Beograd,NDB,44.643,20.1386,355,RS
OBV,Overberg,VORTAC,-34.5561,20.2471,115400,ZA
OC,Ministro Pistarini,NDB,-34.8048,-58.6334,330,AR
OC,Comandante Espora,NDB,-38.6517,-62.1817,260,AR
OC,Comodoro Rivadavia,NDB,-45.7748,-67.3644,260,AR
OC,Xingtang,NDB,38.4517,114.557,235,CN
OC,Semarang,NDB,-6.98217,110.376,350,ID
OC,Ozuki,NDB,34.0475,131.06,253,JP
OC,Legostayevo,NDB,54.6333,83.8167,320,RU
OC,Nados,NDB,31.4856,-94.7202,253,US
OC,Jumpi,NDB,29.0564,-82.2232,423,US
OCC,Ocean Cape,NDB,59.5436,-139.728,385,US
OCF,Ocala,VORTAC,29.1775,-82.2263,113700,US
OCK,Ockham,VOR-DME,51.305,-0.44722,115300,GB
OCN,Oceanside,VORTAC,33.2406,-117.418,115300,US
OCQ,Oconto,NDB,44.8759,-87.9124,388,US
OCS,Rock Springs,VORTAC,41.5902,-109.015,116000,US
OCT,Ozuki,TACAN,34.0442,131.05,112150,JP
OCT,October,NDB,29.8112,30.8303,340,EG
OD,Tandil,NDB,-37.1583,-59.2217,300,AR
OD,Sanyuan,NDB,34.5983,108.917,202,CN
OD,Odienne,NDB,9.54911,-7.54861,265,CI
OD,Woodend,NDB,-43.3424,172.701,262,NZ
OD,Bryansk,NDB,53.26,34.1667,325,RU
OD,Odesa,NDB,46.4736,30.6561,348,UA
ODD,Odden,NDB,68.3983,16.123,365,NO
ODD,Dondo,NDB,47.3641,-122.309,224,US
ODE,Odate Noshiro,VOR-DME,40.1983,140.362,114750,JP
ODF,Foothills,VORTAC,34.6959,-83.2977,113400,US
ODG,Woodring,VOR-DME,36.3738,-97.7881,109000,US
ODH,Odiham,TACAN,51.2328,-0.94849,109600,GB
ODI,Nodine,VORTAC,43.9124,-91.4676,117900,US
ODK,Kodiak,VORTAC,57.775,-152.34,117100,US
ODN,Odin,VOR-DME,55.581,10.653,115500,DK
ODN,Odienne,VOR-DME,9.53008,-7.57375,117200,CI
ODR,Woodrum,VOR,37.3244,-79.979,114900,US
ODR,Odderoy,NDB,58.14,7.99903,372,NO
ODS,Odesa,VOR-DME,46.43,30.6703,113950,UA
ODX,Ord,NDB,41.6238,-98.948,356,US
OE,Oyem,VOR-DME,1.53569,11.5757,113000,GA
OE,Dublin,NDB,53.4302,-6.4288,316,IE
OE,Odesa,NDB,46.38,30.6964,348,UA
OEA,Vincennes,NDB,38.6915,-87.5553,251,US
OED,Rogue Valley,VORTAC,42.4796,-122.913,113600,US
OEG,Golden Eagle,NDB,32.855,-114.442,413,US
OEL,Choele Choel,VOR-DME,-39.2825,-65.61,113400,AR
OEL,Oakley,NDB,39.1125,-100.815,380,US
OEM,Kristianstad,NDB,55.9897,14.1008,363,SE
OEO,Osceola,NDB,45.3104,-92.6881,233,US
OF,Bantaji,NDB,32.66,118.582,340,CN
OF,Yogyakarta,NDB,-7.78432,110.434,270,ID
OF,Filton,NDB,51.5219,-2.59023,325,GB
OF,Carsy,NDB,41.8876,-97.4803,510,US
OFF,Offutt,TACAN,41.1172,-95.9,111700,US
OFK,Norfolk,VOR-DME,41.9879,-97.4346,109600,US
OFZ,Trail,NDB,34.7814,-98.4023,388,US
OG,Ouagadougou,VOR-DME,12.3463,-1.51283,112900,BF
OG,Arvaikheer,NDB,46.2114,102.853,350,MN
OG,Russky Kameshkir,NDB,52.85,46.0833,554,RU
OG,Onega,NDB,63.9167,38.1167,430,RU
OG,Gallivare,NDB,67.1039,20.952,325,SE
OG,Gavle,NDB,60.6637,16.9541,326,SE
OGD,Ogden,VORTAC,41.2241,-112.098,115700,US
OGG,Maui,VORTAC,20.9065,-156.42101,115100,US
OGM,Ontonagon,NDB,46.8503,-89.3651,375,US
OGY,Bridge,NDB,40.5681,-73.883,414,US
OH,Ohakea,VORTAC,-40.2096,175.392,109000,NZ
OH,Ambon,NDB,-3.71409,128.092,340,ID
OH,Tokachi,NDB,42.8997,143.158,239,JP
OH,Ohakea,NDB,-40.2016,175.39301,218,NZ
OH,Saratov,NDB,51.5917,45.985,427,RU
OH,Oudtshoorn,NDB,-33.6017,22.1858,367,ZA
OH,Leama,NDB,42.0692,-87.9909,368,US
OHR,Ohrid,VOR-DME,41.1724,20.7364,112500,MK
OHT,Arlanda,NDB,59.5739,17.8903,370,SE
OHY,Coney,NDB,31.9978,-83.8618,400,US
OI,Ono-I-Lau,NDB,-20.6533,-178.742,350,FJ
OI,Pangkal Pinang,NDB,-2.16166,106.142,260,ID
OI,Tommi,NDB,42.4602,-96.4622,305,US
OIA,Oiapoque,NDB,3.85983,-51.7978,340,BR
OIE,Oki,VOR-DME,36.1767,133.323,109250,JP
OIN,Oberlin,NDB,39.8297,-100.538,341,US
OIP,Old Rip,NDB,32.3985,-98.8103,410,US
OJ,Jujuy,NDB,-24.4608,-65.0554,315,AR
OJ,Okondja,NDB,-0.69955,13.7824,281,GA
OJ,Hasanuddin,NDB,-5.08246,119.519,375,ID
OJ,Essider,NDB,30.6253,18.3514,300,LY
OJA,Weatherford,NDB,35.5301,-98.6706,272,US
OJC,Onjuku,VORTAC,35.1835,140.371,115700,JP
OJC,Johnson Co,VOR-DME,38.8406,-94.7368,113000,US
OJD,Oujda,VOR-DME,34.7733,-1.95028,117500,MA
OK,Oakey,VOR-DME,-27.4,151.73801,112900,AU
OK,Oakey,NDB,-27.4214,151.737,254,AU
OK,Ndjili,NDB,-4.34229,15.5162,340,CD
OK,Connaught,NDB,53.9239,-8.69979,398,IE
OK,Boke,NDB,10.9558,-14.3067,382,GN
OK,Oscar Kilo,NDB,64.0494,-22.605,364,IS
OK,Kupang,NDB,-10.167,123.674,385,ID
OK,Okinawa,NDB,26.1017,127.665,308,JP
OK,Okitipupa,NDB,6.50049,4.83257,345,NG
OK,Lyskovo,NDB,56.0,45.0333,564,RU
OK,Tuloo,NDB,35.4714,-97.6055,406,US
OK,Preso,NDB,35.7553,-95.9487,388,US
OKB,Kabul,TACAN,34.5633,69.216,133800,AF
OKC,Okayama,VORTAC,34.6714,134.015,115900,JP
OKE,Okecie,VOR-DME,52.1698,20.9601,113400,PL
OKF,Desna,VOR-DME,48.9692,15.5456,113150,CZ
OKG,Cheb,VOR-DME,50.0651,12.4057,115700,CZ
OKK,Kokomo,VORTAC,40.5278,-86.058,113500,US
OKL,Praha,VOR-DME,50.0965,14.2628,112600,CZ
OKM,Okmulgee,VOR-DME,35.6931,-95.866,114900,US
OKN,Kandahar,NDB,31.4994,65.8526,172,AF
OKR,Stefanik North,NDB,48.2239,17.2903,391,SK
OKR,Stefanik,DME,48.1766,17.2248,108300,SK
OKS,Oshkosh,NDB,41.4011,-102.351,233,US
OKT,Kortrijk,NDB,50.824,3.22483,371,BE
OKT,Yoakum,NDB,29.312,-97.1386,350,US
OKT,Ok Tedi,NDB-DME,-5.4099,141.319,163,PG
OKW,Brookwood,VORTAC,33.2396,-87.25,111000,US
OKX,Frydlant,VOR-DME,50.9027,15.0319,114850,CZ
OL,Orly,VOR-DME,48.7299,2.38642,111200,FR
OL,Esquel,NDB,-42.8729,-71.0709,275,AR
OL,Salta,NDB,-24.8967,-65.5442,340,AR
OL,Lubumbashi,NDB,-11.635,27.4217,275,CD
OL,Balikpapan,NDB,-1.25206,116.911,365,ID
OL,Akkol,NDB,43.4167,70.75,905,KZ
OL,Ghaba,NDB,21.3,57.0833,326,OM
OL,Szczecin,NDB,53.555,14.9602,397,PL
OL,Ishim,NDB,56.1333,69.4167,615,RU
OL,Kogalym,NDB,62.145,74.5183,490,RU
OL,Harare,NDB,-17.9943,31.0276,346,ZW
OLD,Olinda,NDB,-8.0385,-34.952,380,BR
OLD,Old Town,NDB,45.0067,-68.6333,272,US
OLE,Nagasaki,VOR-DME,32.9052,129.918,116600,JP
OLF,Wolf Point,NDB,48.1045,-105.602,404,US
OLG,Solon Springs,NDB,46.3171,-91.8139,388,US
OLK,Wolf Lake,VOR,41.2469,-85.4974,110400,US
OLM,Olympia,VORTAC,46.9716,-122.902,113400,US
OLM,Olmedo,NDB,0.16333,-78.0606,400,EC
OLS,Nogales,VOR-DME,31.415,-110.849,108200,US
OLT,Soldotna,NDB-DME,60.475,-150.879,346,US
OLU,Columbus,VOR-DME,41.45,-97.3408,111800,US
OLV,Olive Branch,NDB,34.9798,-89.7887,275,US
OLY,Olney,NDB,38.7181,-88.1728,272,US
OLZ,Oelwein,NDB,42.6842,-91.9763,260,US
OM,Pondicherry,NDB,11.9662,79.8098,385,IN
OM,Ominato,NDB,41.2417,141.145,353,JP
OM,Gerfi,NDB,41.3669,-95.9564,320,US
OMA,Omarska,VOR-DME,44.9572,16.8081,117900,BA
OMD,Omidiyeh,VORTAC,30.8519,49.5053,113600,IR
OMD,Omidiyeh,NDB,30.8489,49.5333,348,IR
OME,Nome,VOR-DME,64.4851,-165.25301,115000,US
OMK,Omak,NDB,48.4534,-119.517,219,US
OMN,Ormond Beach,VORTAC,29.3033,-81.1127,112600,US
OMO,Ocamo,NDB,2.78306,-65.2164,360,VE
OMT,Ominato,TACAN,41.2308,141.136,114850,JP
ON,Presidente Peron,NDB,-38.9499,-68.2578,332,AR
ON,El Tepual,NDB,-41.4606,-73.0947,305,CL
ON,Medan,NDB,3.56844,98.673,375,ID
ON,Erabu,NDB,27.43,128.70799,398,JP
ON,Olekminsk,NDB,60.405,120.56,520,RU
ON,Agget,NDB,44.676,-124.065,350,US
ON,Music,NDB,36.449,-86.9937,279,US
ONA,Winona,VOR-DME,44.0762,-91.7057,111400,US
ONC,Erabu,VORTAC,27.4329,128.69901,113100,JP
ONC,Charleroi,NDB,50.4894,4.55528,323,BE
ONH,Noah,NDB,38.6349,-92.2451,515,US
ONL,O'Neill,VORTAC,42.4705,-98.6869,113900,US
ONL,Liege,NDB,50.7011,5.54917,290,BE
ONM,Socorro,VORTAC,34.3389,-106.82,116800,US
ONO,Oostende,NDB,51.2175,2.99639,400,BE
ONO,Ontario,NDB,44.0197,-117.008,305,US
ONP,Newport,VORTAC,44.5754,-124.061,117100,US
ONT,Kleine Brogel,NDB,51.2133,5.5575,431,BE
ONW,Antwerpen,NDB,51.1675,4.56639,355,BE
ONY,Olney,NDB,33.3512,-98.8162,272,US
OO,Oshawa,NDB,43.9209,-78.9003,391,CA
OOA,Oskaloosa,NDB,41.2256,-92.4874,414,US
OOD,Woodstown,VORTAC,39.636,-75.303,112800,US
OOD,Oodnadatta,NDB,-27.5547,135.442,308,AU
OOM,Hoosier,VORTAC,39.1438,-86.613,110200,US
OOM,Moomba,NDB-DME,-28.1044,140.19901,227,AU
OP,Aeroparque Jorge Newbery,NDB,-34.5179,-58.4865,260,AR
OP,General Urquiza,NDB,-31.7233,-60.4617,330,AR
OP,Op,NDB,53.4138,-6.13836,397,IE
OP,Palu,NDB,-0.91747,119.905,270,ID
OP,Stavropol,NDB,45.0983,42.05,730,RU
OP,Kiruna,NDB,67.8875,20.4527,360,SE
OP,Yates,NDB,32.9193,-84.1871,339,US
OP,Opuwa,NDB,-18.0511,13.8431,390,NA
OPA,Oppaker,NDB,60.2043,11.52,334,NO
OPE,Otopeni,NDB,44.5747,26.2113,349,RO
OPL,St Landry,NDB,30.6555,-92.0984,335,US
OPT,Rosiori,VOR-DME,44.5916,26.5595,117100,RO
OPW,Otopeni,NDB,44.5577,25.9846,268,RO
OQ,Padang,NDB,-0.92555,100.357,295,ID
OQ,Brinn,NDB,39.6172,-86.4079,219,US
OQK,Noatak,NDB-DME,67.5719,-162.974,414,US
OQW,Maquoketa,NDB,42.0514,-90.741,386,US
OR,Ohura,VOR-DME,-38.8266,174.80701,113000,NZ
OR,Rio Cuarto,NDB,-33.1483,-64.32,322,AR
OR,Orapa,NDB,-21.2686,25.3013,295,BW
OR,Bali,NDB,-8.74428,115.174,230,ID
OR,Kyzylorda,NDB,44.7014,65.6,486,KZ
OR,Warehouse 59a,NDB,28.2947,19.9367,280,LY
OR,Ormara,NDB,25.2703,64.5892,380,PK
OR,Rzeszow,NDB,50.1104,21.9868,440,PL
OR,Kirov,NDB,58.5,49.35,438,RU
OR,Orsk,NDB,51.0833,58.67,385,RU
OR,Herny,NDB,28.5073,-81.4342,221,US
OR,Chstr,NDB,42.0559,-88.0078,394,US
OR,Ingle,NDB,36.8404,-76.2513,329,US
ORA,Oran,VOR-DME,35.6126,-0.65499,114000,DZ
ORA,Oran,NDB,-23.1494,-64.3242,285,AR
ORA,Oradea,NDB,47.1003,21.9241,418,RO
ORB,Orr,NDB,48.0184,-92.8614,341,US
ORC,Orange City,NDB,42.9914,-96.0606,521,US
ORE,Okushiri,VOR-DME,42.0703,139.44299,109850,JP
ORE,Orange,NDB,42.5686,-72.2861,205,US
ORF,Norfolk,VORTAC,36.8919,-76.2003,116900,US
ORG,Orange,TACAN,44.1393,4.86606,109400,FR
ORG,Orange,NDB,-33.3831,149.12399,424,AU
ORG,Orange,NDB,44.1484,4.85719,328,FR
ORG,Orange,NDB,30.0703,-93.7949,211,US
ORH,Ourinhos,NDB,-22.9735,-49.9123,315,BR
ORI,Orito,NDB,0.66667,-76.8167,164,CO
ORI,Orio Al Serio,NDB,45.6438,9.84167,377,IT
ORI,Pietermaritzburg,NDB,-29.5596,30.4487,443,ZA
ORJ,Corry,NDB,41.9126,-79.6484,258,US
ORL,Orlando,VORTAC,28.5427,-81.335,112200,US
ORL,Orland,TACAN,63.6811,9.62371,111400,NO
ORM,Orimaa,VOR-DME,60.8335,25.7621,117300,FI
ORT,Northway,VORTAC,62.9472,-141.91299,116300,US
ORT,Ortanova,TACAN,41.3997,15.7842,114300,IT
ORU,Oruro,NDB,-17.9538,-67.0916,420,BO
ORW,Norwich,VOR-DME,41.5564,-71.9994,110000,US
ORZ,Ouarzazate,NDB,30.9272,-6.8825,384,MA
OS,Tongjingchang,NDB,29.8483,106.845,241,CN
OS,Osmino,NDB,59.0,29.1167,650,RU
OS,Ossora,NDB,59.2383,163.06799,600,RU
OS,Fuler,NDB,40.0737,-83.1981,515,US
OS,Romen,NDB,33.9643,-118.278,278,US
OS,Pober,NDB,43.8739,-88.5576,395,US
OSA,Santa Rosa,VOR-DME,-36.5837,-64.2728,112500,AR
OSB,Osnabruck,TACAN,52.2017,8.2855,108350,DE
OSE,Mihara,VOR-DME,34.7877,139.36501,109850,JP
OSE,Oscarville,NDB,60.7913,-161.873,251,US
OSH,Oshkosh,VORTAC,43.9904,-88.5559,111800,US
OSI,Woodside,VORTAC,37.3925,-122.281,113900,US
OSJ,Osijek,NDB,45.4554,18.8376,422,HR
OSK,Ornskoldsvik,VOR-DME,63.4061,18.9936,115000,SE
OSN,Osnabruck,VOR,52.2001,8.28552,114300,DE
OSN,Osan,VORTAC,37.0919,127.03,114700,KR
OSO,Osorno,VOR-DME,-40.6158,-73.0561,116500,CL
OSO,Osorno,NDB,-40.6311,-73.0486,225,CL
OSS,Ostersund,VOR-DME,63.1996,14.4876,114650,SE
OST,Ostia,VOR-DME,41.8038,12.2375,114900,IT
OST,Ostia,NDB,41.8052,12.2364,321,IT
OSW,Oswego,VORTAC,37.1575,-95.2036,117600,US
OSX,Kosciusko,NDB,33.0909,-89.5404,269,US
OT,Tarakan,NDB,3.32694,117.571,398,ID
OT,Kokshetau,NDB,53.3167,69.6,975,KZ
OT,Westpoint,NDB,-37.0604,174.61,398,NZ
OT,Emire,NDB,43.3944,-124.31,378,US
OTA,Ostrava,VOR-DME,49.6975,18.1091,117450,CZ
OTB,Tupelo,VOR-DME,34.2239,-88.7973,109800,US
OTG,Worthington,VOR-DME,43.6469,-95.5819,110600,US
OTH,North Bend,VORTAC,43.4155,-124.168,112100,US
OTJ,Mostar,TACAN,43.2747,17.8529,114900,BA
OTK,Valdosta,VOR-DME,30.7804,-83.2797,114800,US
OTL,Otopeni,NDB,44.5703,26.0006,370,RO
OTM,Ottumwa,VOR-DME,41.0291,-92.3259,111600,US
OTO,Otto,VOR,35.0722,-105.936,114000,US
OTR,Ottringham,VOR-DME,53.6983,-0.10361,113900,GB
OTR,Otopeni,NDB,44.588,26.2353,318,RO
OTT,Nottingham,VORTAC,38.7059,-76.7447,113700,US
OTU,Otu,VOR-DME,7.01986,-74.7098,115400,CO
OTU,Otumba,VOR-DME,19.6831,-98.7764,115000,MX
OTZ,Kotzebue,VOR-DME,66.8857,-162.53999,115700,US
OU,Teniente Benjamin Matienzo,NDB,-26.9186,-65.12,322,AR
OU,Ste-Foy,NDB,46.7778,-71.2898,329,CA
OU,Ouesso,NDB,1.60832,16.0579,392,CG
OU,Banjarmasin,NDB,-3.43625,114.754,390,ID
OU,Osh,NDB,40.6367,72.7433,780,KG
OU,Oamaru,NDB,-44.9473,171.132,302,NZ
OU,Bromma,NDB,59.3166,18.0467,322,SE
OUA,Ouagadougou,NDB,12.334,-1.52519,333,BF
OUK,Oulu,VOR-DME,64.9316,25.3593,113300,FI
OUK,Calhoun,NDB,34.4016,-84.9265,323,US
OUN,Norman,NDB,35.2481,-97.47,260,US
OV,Sauce Viejo,NDB,-31.7808,-60.8431,262,AR
OV,Nafoora M4,NDB,29.2333,21.55,390,LY
OVD,Ovda,VOR-DME,29.9667,34.9472,114100,IL
OVD,Ovda,NDB,29.9422,34.9331,353,IL
OVE,Oroville,NDB,39.4947,-121.622,212,US
OVO,North Vernon,NDB,39.0498,-85.6011,374,US
OVR,Omaha,VORTAC,41.1673,-95.7367,116300,US
OVR,Ovar,TACAN,40.887,-8.64335,110600,PT
OW,Ottawa,NDB,45.36,-75.5611,236,CA
OW,Palembang,NDB,-2.91066,104.676,395,ID
OW,Itami,NDB,34.8055,135.40401,211,JP
OW,Owerri,NDB,5.40642,7.21075,391,NG
OW,Stoge,NDB,42.1196,-71.1283,397,US
OW,Higuy,NDB,37.6353,-87.1617,341,US
OW,Otjiwarongo,NDB,-20.4636,16.6417,357,NA
OWB,Owensboro,VOR-DME,37.7436,-87.1659,108600,US
OWC,Coffee County,NDB,31.4048,-82.9238,390,US
OWE,Osaka,VOR-DME,34.776,135.452,113900,JP
OWP,William Pogue,NDB,36.1729,-96.1542,362,US
OWT,Shark El Oweinat,NDB,22.5808,28.7322,301,EG
OWU,West Woodward,NDB,36.4343,-99.5242,329,US
OX,Bose,NDB,23.8983,106.65,358,CN
OX,Morotai,NDB,2.04456,128.32401,295,ID
OX,Iwo Jima,NDB,24.7722,141.30701,360,JP
OX,Oxford,NDB,51.8325,-1.32324,368,GB
OX,Clera,NDB,41.4025,-73.1198,362,US
OX,Landy,NDB,38.3626,-75.1996,407,US
OX,Oxford,DME,51.8324,-1.32282,117700,GB
OXD,Oxford,NDB,39.5075,-84.7806,282,US
OXI,Knox,VOR-DME,41.322,-86.6493,115600,US
OXV,Knoxville,NDB,41.2959,-93.1141,284,US
OXY,Alpha 103,NDB,29.0333,20.7667,334,LY
OY,Oyem,NDB,1.53753,11.5765,353,GA
OY,Bandung,NDB,-6.92342,107.648,300,ID
OY,Sveg,NDB,62.0454,14.3261,368,SE
OY,Aldergrove,NDB,54.6926,-6.08536,332,GB
OYA,Andoya,TACAN,69.2863,16.1444,109100,NO
OYD,Floyd,NDB,34.2988,-85.1641,388,US
OYE,Kibi,VOR-DME,34.7504,133.83501,111000,JP
OYI,Orangeburg,NDB,33.4181,-80.9058,226,US
OYN,Gold,NDB-DME,64.5128,-165.433,208,US
OZ,Mariano Moreno,NDB,-34.4833,-58.8217,295,AR
OZ,Brussels,NDB,50.8269,4.46694,314,BE
OZ,Kardla,NDB,58.9571,22.8722,317,EE
OZ,Gori,NDB,42.0167,44.1322,462,GE
OZ,Ozamis,NDB,8.17374,123.833,267,PH
OZ,Skallen,NDB,61.2272,17.1797,337,SE
OZ,Ruckr,NDB,31.2256,-85.816,212,US
OZ,Kring,NDB,42.5847,-74.9864,279,US
OZB,Cozad,VOR,40.8704,-100.004,109000,US
OZE,Bolzano,VOR-DME,46.4048,11.2926,117050,IT
OZN,St George,VOR-DME,37.0881,-113.592,109800,US
OZN,Prins Christian Sund,NDB,60.0572,-43.1597,372,GL
OZR,Cairns,VOR-DME,31.269,-85.7263,111200,US
OZT,Ouarzazate,VOR-DME,30.94,-6.90444,116700,MA
OZW,Howell,NDB,42.6339,-83.9877,243,US
P,Posadas,NDB,-27.4062,-55.9702,307,AR
P,Aeroparque Jorge Newbery,NDB,-34.5464,-58.4395,280,AR
P,Rio Grande,NDB,-53.7768,-67.7204,265,AR
P,General Urquiza,NDB,-31.7767,-60.4767,250,AR
P,Plovdiv,NDB,42.0547,24.8738,537,BG
P,Lawica,NDB,52.4142,16.862,353,PL
P,Pyrzowice,NDB,50.4735,19.1066,588,PL
P,Zaporizhzhia,NDB,47.8856,35.3264,608,UA
P,Dnipropetrovsk,NDB,48.357,35.0675,687,UA
P2,Wetaskiwin,NDB-DME,52.9669,-113.412,334,CA
PA,Parakou,VOR,9.37011,2.61908,112800,BJ
PA,Porto Amboim,NDB,-10.7167,13.7667,280,AO
PA,Hpa An,NDB,16.893,97.6747,365,MM
PA,Salgado,NDB,-29.9952,-51.1433,315,BR
PA,Prince Albert,NDB,53.2181,-105.795,347,CA
PA,Wutong,NDB,25.405,110.06,286,CN
PA,Malabo,NDB,3.70125,8.91219,342,GQ
PA,Papa-Alfa,NDB,66.4691,25.6488,377,FI
PA,Patreksfjordur,NDB,65.5558,-23.9531,348,IS
PA,Pomala,NDB,-4.18336,121.614,260,ID
PA,Pajuostis,NDB,55.7611,24.4111,515,LT
PA,Pavlovshina,NDB,56.75,93.5667,776,RU
PA,Port Alfred,NDB,-33.5603,26.8781,233,ZA
PA,Palma De Mallorca,NDB,39.5994,2.82118,308,ES
PA,Pemba,NDB,-5.25804,39.8145,345,TZ
PA,Parutyne,NDB,46.6947,31.9034,905,UA
PA,Ritts,NDB,48.0528,-122.289,396,US
PA,Pancevo,NDB,44.8917,20.6411,495,RS
PA1,Akal C,NDB,19.3992,-92.0389,304,MX
PA2,Akal J,NDB,19.4281,-92.0753,255,MX
PAD,Parsabade Moghan,NDB,39.5787,47.9673,413,IR
PAD,Paderborn/Lippstadt,NDB-DME,51.6236,8.63944,354,DE
PAE,Phrae,VOR-DME,18.1341,100.166,111800,TH
PAE,Paine,VOR-DME,47.9198,-122.278,110600,US
PAF,Paulo Afonso,VOR,-9.402,-38.2528,113300,BR
PAF,Paulo Afonso,NDB,-9.39903,-38.2456,325,BR
PAG,Port Augusta,NDB,-32.5264,137.701,212,AU
PAG,Porto Alegre,NDB,-29.9932,-51.1738,330,BR
PAH,Schwerin-Parchim,NDB,53.3942,11.6659,315,DE
PAI,Pirai,VOR-DME,-22.454,-43.8405,115000,BR
PAI,Pirai,NDB,-22.4551,-43.841,355,BR
PAI,Pacoima,NDB,34.2597,-118.413,370,US
PAK,Pakse,VOR-DME,15.1967,105.738,115000,LA
PAK,Preveza,NDB,38.9166,20.7573,353,GR
PAL,El Palomar,VOR-DME,-34.6128,-58.6139,115200,AR
PAL,Palu,VOR-DME,-0.88501,119.895,116200,ID
PAL,Palermo,VOR-DME,38.034,13.1774,112300,IT
PAL,Palma,NDB,-2.025,-79.8089,365,EC
PAL,Palermo,NDB,38.0343,13.1774,356,IT
PAL,Palmyra,NDB,34.5529,38.2983,337,SY
PAM,Tyndall,TACAN,30.074,-85.5724,117700,US
PAM,Pampa,VOR-DME,8.01333,0.5615,115900,GH
PAM,Pampus,VOR-DME,52.3348,5.09216,117800,NL
PAM,Pamplona,NDB,42.7142,-1.63904,422,ES
PAN,Pantelleria,VOR-DME,36.8142,11.9652,116100,IT
PAN,Pantelleria,NDB,36.8114,11.961,335,IT
PAO,Paros,NDB,37.0126,25.1289,386,GR
PAP,Port Au Prince,VOR-DME,18.5765,-72.3042,115300,HT
PAP,Pamplona,VOR-DME,42.6884,-1.66078,113550,ES
PAR,Parana,VOR-DME,-31.8083,-60.4847,116800,AR
PAR,Puerto Aguirre,VOR-DME,-45.1592,-73.5225,114900,CL
PAR,Paradisi,VOR-DME,36.4001,28.0653,108600,GR
PAR,Parrita,NDB,9.5175,-84.3169,395,CR
PAR,Parma,NDB,44.8223,10.2933,306,IT
PAS,Passeiry,VOR-DME,46.1637,5.99992,116600,CH
PAT,Patos De Minas,NDB,-18.6686,-46.4933,385,BR
PAV,Pastaza,VOR-DME,-1.51389,-78.0447,113100,EC
PAY,Puerto Ayacucho,VOR,5.61889,-67.609,112800,VE
PAY,Puerto Ayacucho,NDB,5.62222,-67.6087,375,VE
PAZ,La Paz,VOR-DME,-16.512,-68.2334,115700,BO
PAZ,Poza Rica,VOR-DME,20.6006,-97.4551,115500,MX
PB,Bengkulu,NDB,-3.85993,102.341,210,ID
PB,Pangsuma,NDB,0.83506,112.937,360,ID
PB,Abidjan Felix Houphouet Boigny,NDB,5.25042,-3.95803,294,CI
PB,Pemba,NDB,-12.9515,40.5009,280,MZ
PB,Polokwane,NDB,-23.8663,29.4507,410,ZA
PB,Prachin Buri,NDB,14.12,101.368,201,TH
PB,Port Bell,NDB,0.29577,32.656,270,UG
PB,Rubin,NDB,26.6877,-80.2102,356,US
PB,Phubai,NDB,16.3958,107.772,440,VN
PB1,Bocas,NDB,18.4358,-93.1892,392,MX
PBC,Puebla,VOR-DME,19.1609,-98.3702,115200,MX
PBC,Maury Co,NDB,35.6083,-87.0914,365,US
PBF,Pine Bluff,VOR-DME,34.2468,-91.9262,116000,US
PBH,Phillips,NDB,45.7033,-90.4129,263,US
PBI,Palm Beach,VORTAC,26.6801,-80.0865,115700,US
PBL,Puerto Cabello,VOR-DME,10.487,-68.0765,117700,VE
PBL,Puerto Bolivar,NDB,12.2186,-72.0072,230,CO
PBO,Paraburdoo,VOR-DME,-23.1725,117.737,116900,AU
PBO,Paraburdoo,NDB,-23.1789,117.743,278,AU
PBT,Proberta,NDB,40.1139,-122.237,338,US
PC,Parduc,NDB,47.4073,17.4786,481,HU
PC,Parachinar,NDB,33.9054,70.0724,273,PK
PC,Phucat,NDB,13.8656,109.106,250,VN
PCA,Pachuca,VOR-DME,20.1318,-98.6844,112700,MX
PCA,Phucat,VOR-DME,13.9572,109.043,116300,VN
PCA,Punta Cana,NDB,18.5643,-68.3714,425,DO
PCB,Phetchabun,VOR-DME,16.676,101.197,115400,TH
PCI,Pici,NDB,-3.75167,-38.625,210,BR
PCK,Prachuap,TACAN,11.8035,99.8102,113700,TH
PCK,Point Cook,NDB,-37.9268,144.756,419,AU
PCK,Prachuap,NDB,11.7901,99.8068,320,TH
PCL,Pocos,NDB,-21.8358,-46.5657,415,BR
PCM,Plant City,NDB,28.0025,-82.1567,346,US
PCR,Pari-Cachoeira,NDB,0.26183,-69.7885,325,BR
PCR,Puerto Carreno,NDB,6.18161,-67.4912,353,CO
PCU,Picayune,VOR-DME,30.5612,-89.7305,112200,US
PCW,Port Clinton,NDB,41.5186,-82.8687,423,US
PCX,Porto,VOR-DME,-22.7153,-42.8575,114600,BR
PCZ,Waupaca,NDB,44.332,-89.0162,382,US
PD,Port Hedland,VOR-DME,-20.3783,118.623,114100,AU
PD,Port Hedland,NDB,-20.3892,118.643,260,AU
PD,Pendopo,NDB,-3.28346,103.882,305,ID
PD,Kant,NDB,42.8783,74.7783,568,KG
PD,Ponta Delgada,NDB,37.735,-25.675,351,PT
PD,Foris,NDB,45.6955,-118.731,230,US
PD,Speez,NDB,39.9012,-75.0949,222,US
PD,Bulungur,NDB,39.75,67.2667,405,UZ
PDA,Puerto Inirida,VOR-DME,3.85259,-67.9038,114900,CO
PDG,Padang,VOR-DME,-0.87111,100.353,116400,ID
PDG,Pajar,NDB,36.9136,-121.808,327,US
PDH,Pudahuel,VOR-DME,-33.4147,-70.8014,117200,CL
PDI,Punta Indio,VOR-DME,-35.3461,-57.2756,114100,AR
PDI,Punta Indio,NDB,-35.3528,-57.3072,325,AR
PDK,Peachtree,VOR-DME,33.8756,-84.2988,116600,US
PDL,Liuzao,VOR-DME,31.13,121.77,109400,CN
PDN,Port Heiden,NDB-DME,56.954,-158.649,371,US
PDO,Puerto Maldonado,VOR-DME,-12.6083,-69.2272,116100,PE
PDR,Ottawa,NDB,41.0312,-83.9752,233,US
PDT,Pendleton,VORTAC,45.6984,-118.939,114700,US
PDT,Perales,VOR-DME,40.2529,-3.34803,116950,ES
PDV,Plovdiv,VOR-DME,42.0533,24.8761,114900,BG
PDV,Padova,NDB,45.3601,11.8181,285,IT
PDX,Portland,VOR-DME,45.5937,-122.606,111800,US
PDZ,Paradise,VORTAC,33.9183,-117.53,112200,US
PE,Nouadhibou,VOR-DME,20.9144,-17.035,113500,MR
PE,Ngiva,NDB,-17.0667,15.75,327,AO
PE,Tatry,NDB,49.0627,20.4424,438,SK
PE,Ec,NDB,-3.73139,-73.3325,335,PE
PE,Pechory,NDB,57.8167,27.6,906,RU
PEA,Pearce,TACAN,-31.6739,116.017,112800,AU
PEA,Pearce,NDB,-31.6544,116.019,340,AU
PEA,Pella,NDB,41.4053,-92.9432,257,US
PEC,Jasper-Hinton,DME,53.3211,-117.755,111900,CA
PED,Perdasdefogu,TACAN,39.6692,9.44333,109000,IT
PED,Needmore,NDB,36.5365,-86.9176,221,US
PEE,Peters Creek,NDB,62.3312,-150.09599,305,US
PEH,Pehuajo,NDB,-35.8411,-61.8608,265,AR
PEI,Pereira,VOR-DME,4.78083,-75.8356,116900,CO
PEK,Beijing,VOR-DME,40.05,116.6,114700,CN
PEL,Pelada,NDB,-3.14281,-59.9936,410,BR
PEN,Karpen,NDB,46.1395,-123.587,201,US
PEP,Prilep,NDB-DME,41.3378,21.4486,297,MK
PEQ,Pecos,VOR-DME,31.4693,-103.575,111800,US
PER,Pioneer,VORTAC,36.7465,-97.1601,113200,US
PER,Perus,NDB,-23.4206,-46.7559,220,BR
PES,Pescara,VOR-DME,42.4361,14.1844,115900,IT
PEV,Port Elizabeth,VOR-DME,-33.9925,25.6057,112900,ZA
PEZ,Pleasanton,NDB,28.955,-98.5186,275,US
PF,Parafield,NDB,-34.7997,138.617,416,AU
PF,Bolshoye Goloustnoye,NDB,52.0333,105.417,475,RU
PF,Murmansk,NDB,68.8233,32.6683,635,RU
PF,Ura Tyube,NDB,40.05,68.95,385,TJ
PF,Lynne,NDB,30.3266,-85.7823,278,US
PFD,Passo Fundo,VOR,-28.2383,-52.3265,112700,BR
PFD,Passo Fundo,NDB,-28.2408,-52.3298,370,BR
PFH,Philmont,NDB,42.2531,-73.7234,272,US
PFL,Post,NDB,34.6089,-98.4038,308,US
PFN,Panama City,VORTAC,30.2162,-85.6809,114300,US
PFT,Piney Pinecreek,NDB,48.9923,-95.9792,342,US
PG,Port Gentil,VOR,-0.72878,8.74747,112300,GA
PG,Panjgur,VOR-DME,26.9556,64.1253,114300,PK
PG,Portage,NDB,49.8418,-98.1796,353,CA
PG,Ruzyne Middle,NDB,50.0477,14.3693,307,CZ
PG,Port Gentil,NDB,-0.69383,8.76172,367,GA
PG,Penggung,NDB,-6.7551,108.54,276,ID
PG,Panjgur,NDB,26.9562,64.1383,388,PK
PG,Porto,NDB,41.0781,-8.63667,367,PT
PG,Zayeltsovskiy,NDB,55.0783,82.895,860,RU
PGA,Page,VOR-DME,36.931,-111.447,117600,US
PGD,Punta Gorda,VOR,26.9168,-81.9912,110200,US
PGL,Pongola,NDB,-27.3984,31.6533,383,ZA
PGN,Pagerungan,NDB,-6.95889,115.931,200,ID
PGO,Rich Mountain,VORTAC,34.6805,-94.609,113500,US
PGR,Paragould,NDB,36.0628,-90.511,383,US
PGS,Peach Springs,VORTAC,35.6247,-113.544,112000,US
PGS,Charles de Gaulle,VOR-DME,48.9995,2.62381,117050,FR
PGY,Poggi,VORTAC,32.6103,-116.979,109800,US
PH,Perth,VOR-DME,-31.945,115.959,113700,AU
PH,Perth,NDB,-31.9375,115.95,272,AU
PH,Inukjuak,NDB,58.4678,-78.0733,396,CA
PH,Zhuliao,NDB,23.3633,113.372,228,CN
PH,Port Harcourt,NDB,4.83398,7.01594,370,NG
PH,Eindhoven,NDB,51.5628,5.50556,316,NL
PH,Phetchabun,NDB,16.6609,101.19,283,TH
PH,Bayye,NDB,44.6769,-89.6486,351,US
PHA,Pafos,TACAN,34.7351,32.4842,113200,CY
PHA,Pafos,VOR-DME,34.7117,32.5067,117900,CY
PHA,Pafos,NDB,34.7183,32.4783,328,CY
PHG,Phillipsburg,NDB,39.7061,-99.2884,368,US
PHH,Andrews,NDB,33.4515,-79.5272,255,US
PHK,Pahokee,VORTAC,26.7827,-80.6914,115400,US
PHO,Point Hope,NDB,68.3448,-166.797,221,US
PHP,Philip,VOR-DME,44.0582,-101.664,108400,US
PHR,Pokhara,NDB-DME,28.2006,83.9844,336,NP
PHT,Phanthiet,VOR-DME,10.9278,108.07,114100,VN
PHV,Phalaborwa,VOR,-23.9008,31.152,115300,ZA
PI,Poitiers,NDB,46.7039,0.40697,363,FR
PI,Schwerin-Parchim,NDB,53.4613,11.9072,333,DE
PI,Pasni,NDB,25.2881,63.3489,400,PK
PI,Pico,NDB,38.5582,-28.4032,420,PT
PI,Khomutovo,NDB,46.9367,142.717,505,RU
PI,Pietersburg,NDB,-23.9336,29.4686,425,ZA
PI,Pii,NDB,49.8731,31.1233,425,UA
PI,Tungg,NDB,40.6057,-89.5931,356,US
PI,Capok,NDB,27.9951,-82.7039,360,US
PI,Tyhee,NDB,42.9665,-112.519,383,US
PI1,Ixtoc,NDB,19.4147,-92.2086,354,MX
PIA,Peoria,VORTAC,40.6801,-89.7928,115200,US
PIA,Piacenza,TACAN,44.9172,9.72056,117400,IT
PIA,Piacenza,NDB,44.8717,9.82667,440,IT
PIC,Picacho,NDB,14.15,-87.206,334,HN
PIE,St Petersburg,VORTAC,27.9078,-82.6843,116400,US
PIE,Piedecuesta,NDB,6.87755,-73.0898,400,CO
PIH,Pocatello,VORTAC,42.8704,-112.652,112600,US
PIJ,Los Pijiguaos,NDB,6.56861,-66.8028,310,VE
PIK,Prestwick,NDB,55.5061,-4.57725,355,GB
PIL,Melipilla,NDB,-33.6775,-71.2231,317,CL
PIM,Payam,VOR-DME,35.762,50.8516,117500,IR
PIM,Payam,NDB,35.7618,50.8494,306,IR
PIM,Pine Mountain,NDB,32.8429,-84.8724,272,US
PIN,Pisa,TACAN,43.7203,10.4323,108300,IT
PIN,Pamalican,NDB,11.3554,120.725,373,PH
PIO,Pinon,VOR-DME,32.5292,-105.305,110400,US
PIR,Pierre,VORTAC,44.3945,-100.163,112500,US
PIR,Pirkka,VOR-DME,61.4099,23.5777,116200,FI
PIS,Pisa,VOR-DME,43.6772,10.3906,112100,IT
PIS,Pisarovina,NDB,45.605,15.844,424,HR
PIS,Pisa,NDB,43.5892,10.2971,379,IT
PIT,Pingtung South,TACAN,22.6707,120.46,109600,TW
PIX,Pixian,VOR-DME,34.315,117.98,117800,CN
PIX,Picture Rocks,NDB,41.2768,-76.7101,344,US
PIY,Pingelly,NDB,-32.5392,117.074,233,AU
PIZ,Point Lay,NDB,69.7344,-163.013,362,US
PJ,Robinson,NDB,60.4394,-134.86099,329,CA
PJ,Port St Johns,NDB,-31.6356,29.5503,315,ZA
PJB,Bonaire,NDB,12.1328,-68.281,321,BQ
PJC,Pedro Juan Caballero,NDB,-22.6419,-55.8333,353,PY
PJD,St.mMarten,NDB,18.0385,-63.1172,284,BQ
PJE,St.eEstatius,NDB,17.4871,-62.9917,235,BQ
PJG,Curacao,VOR-DME,12.2012,-69.0095,116700,BQ
PJM,St.mMarten,VOR-DME,18.0381,-63.1183,113000,BQ
PJN,Plantation,NDB,26.1323,-80.2189,242,US
PJS,Henry,NDB,37.1328,-76.4932,375,US
PK,Eren,NDB,43.6333,112.0,411,CN
PK,Nanxiang,NDB,31.2867,121.33,369,CN
PK,Bangui M Poko,NDB,4.32433,18.5391,305,CF
PK,Pardubice,NDB,50.0111,15.813,432,CZ
PK,Pathankot,NDB,32.2405,75.6331,393,IN
PK,Pekan,NDB,3.38306,103.423,282,MY
PK,Pulkovo,NDB,59.81,30.15,342,RU
PK,Pskov,NDB,57.7383,28.37,300,RU
PK,Pevek,NDB,69.8217,170.56799,272,RU
PK,Kruger Mpumalanga,NDB,-25.3836,31.1091,405,ZA
PK,Beigan,NDB,26.2244,120.0,325,TW
PK,Spida,NDB,46.8341,-94.9752,269,US
PK,Versi,NDB,39.2541,-81.4849,388,US
PK,Pleiku,NDB,14.0067,108.009,282,VN
PK1,Ku 22,NDB,19.5197,-92.1878,359,MX
PK2,Ku 407,NDB,19.5864,-92.2006,362,MX
PK3,Ku 482,NDB,19.5636,-92.2144,368,MX
PKD,Park Rapids,VOR-DME,46.8982,-95.0709,110600,US
PKE,Parker,VORTAC,34.102,-114.682,117900,US
PKF,Park Falls,NDB,45.9531,-90.4261,371,US
PKN,Pangkalan Bun,VOR-DME,-2.72648,111.696,117400,ID
PKN,Beigan,DME,26.2244,120.0,109700,TW
PKP,Pangkal Pinang,VOR-DME,-2.15681,106.14,114200,ID
PKS,Parkes,VOR-DME,-33.1311,148.237,112000,AU
PKS,Parkes,NDB,-33.1453,148.25301,242,AU
PKT,Paracatu,NDB,-17.2172,-46.9338,300,BR
PKU,Pekanbaru,VOR-DME,0.42559,101.441,112100,ID
PKV,Port Lavaca,NDB,28.6509,-96.6815,515,US
PKY,Tjilik Riwut,VOR-DME,-2.2435,113.95,114300,ID
PKZ,Pickens,NDB,30.4371,-87.1784,326,US
PL,Palma,NDB,3.59988,-76.3713,274,CO
PL,Delhi,NDB,28.5423,77.1973,303,IN
PL,Plaridel,NDB,14.8818,120.851,295,PH
PL,Pulkovo,NDB,59.7917,30.3733,525,RU
PL,Phitsanulok,NDB,16.796,100.276,263,TH
PL,Palee,NDB,30.3914,-84.2357,332,US
PL,Pickle Lake,DME,51.4431,-90.2236,113700,CA
PLA,Paya Lebar,TACAN,1.37337,103.912,116300,SG
PLA,Pula,NDB,44.8892,13.7535,352,HR
PLB,Plattsburgh,VORTAC,44.6849,-73.5227,116900,US
PLB,Palembang,VOR-DME,-2.87859,104.653,115500,ID
PLB,Pilanesberg,NDB,-25.3678,27.1974,215,ZA
PLC,Port Lincoln,NDB,-34.6044,135.873,389,AU
PLD,Portland,NDB,40.4537,-84.9836,257,US
PLE,Plenty,NDB,-37.7203,145.11099,218,AU
PLG,Puerto Leguizamo,VOR-DME,-0.17893,-74.7754,112800,CO
PLG,Pilanesberg,NDB,-25.3956,27.1218,480,ZA
PLH,Paleochora,VOR-DME,35.2276,23.6808,114600,GR
PLK,Point Lookout,NDB,36.6276,-93.2299,204,US
PLL,Polo,VOR-DME,41.9656,-89.5242,111200,US
PLN,Pellston,VORTAC,45.6306,-84.6641,111800,US
PLO,Point Lookout,VOR,-30.4925,152.35899,116200,AU
PLO,Point Lookout,NDB,-30.4821,152.397,296,AU
PLP,Puerto Lempira,NDB,15.2594,-83.7786,320,HN
PLS,Plaisance,VOR-DME,-20.42,57.6623,113700,MU
PLT,Platte Center,NDB,41.4966,-97.3818,407,US
PLV,Prahl,NDB,45.2834,-122.77,366,US
PLX,Palestine,NDB,39.0134,-87.6409,391,US
PM,Palmerston North,VOR-DME,-40.3185,175.638,113400,NZ
PM,Potou,NDB,38.0833,116.55,370,CN
PM,Palmerston North,NDB,-40.3243,175.621,258,NZ
PM,Pechora,NDB,65.1217,57.13,330,RU
PM,Pietermaritzburg,NDB,-29.6478,30.4004,363,ZA
PM1,Abkatum 1a,NDB,19.2153,-92.17,341,MX
PM2,Abkatum 5,NDB,19.2733,-92.155,350,MX
PMA,Pattimura,VOR-DME,-3.71483,128.08701,113600,ID
PMA,Prince Mohammad Bin Abdulaziz,VOR-DME,24.5476,39.7052,114100,SA
PMD,Palmdale,VORTAC,34.6314,-118.064,114500,US
PMD,Schwerin-Parchim,DME,53.425,11.785,117500,DE
PMH,Portsmouth,NDB,38.7817,-82.8449,373,US
PML,La Palma,VOR,8.40738,-78.1384,113100,PA
PMM,Pullman,VOR-DME,42.4655,-86.1058,112100,US
PMQ,Port Macquarie,NDB,-31.4356,152.867,395,AU
PMS,Palmas,VOR-DME,-10.2879,-48.3584,112200,BR
PMS,Palmas,NDB,-10.2907,-48.3659,255,BR
PMV,Pietermaritzburg,VOR-DME,-29.6478,30.4004,117900,ZA
PMV,Plattsmouth,NDB,40.9438,-95.9125,329,US
PMZ,Plymouth,NDB,35.8099,-76.7627,221,US
PN,Proserpine,VOR-DME,-20.4967,148.55299,113700,AU
PN,Proserpine,NDB,-20.4892,148.55901,245,AU
PN,Port Menier,NDB,49.8376,-64.3863,360,CA
PN,Pangkalan Bun,NDB,-2.70623,111.667,238,ID
PN,Manado,NDB,1.49362,124.909,290,ID
PN,Palanga,NDB,55.9564,21.0871,407,LT
PN,Pagadian,NDB,7.8271,123.48,242,PH
PN,Ponca,NDB,36.825,-97.1005,515,US
PN,Paysandu,NDB,-32.3627,-58.0694,360,UY
PN1,Nohoch A,NDB,19.3683,-92.0039,318,MX
PNA,Punta Cana,VOR-DME,18.5673,-68.3833,112700,DO
PNA,Wenz,NDB,42.7971,-109.803,392,US
PNB,Parnaiba,NDB,-2.8975,-41.7288,365,BR
PNC,Porto Nacional,VOR-DME,-10.7207,-48.4026,113000,BR
PNC,Porto Nacional,NDB,-10.7128,-48.4022,395,BR
PND,Valencia,NDB,39.4374,-0.34646,340,ES
PND,Banks,NDB,45.6303,-123.046,356,US
PNE,North Philadelphia,VOR,40.0821,-75.0095,112000,US
PNG,Piedras,VOR-DME,28.6318,-100.538,113600,MX
PNG,Paranagua,NDB,-25.5347,-48.5308,340,BR
PNG,Penang,NDB,5.32631,100.302,406,MY
PNH,Panhandle,VORTAC,35.2351,-101.699,116600,US
PNH,Phnom Penh,VOR-DME,11.5467,104.842,114300,KH
PNH,Pinhais,NDB,-25.606,-49.0897,255,BR
PNI,Pohnpei,NDB-DME,6.97198,158.185,366,FM
PNJ,Paterson,NDB,40.9465,-74.1509,347,US
PNK,Pinsk,VOR-DME,52.1533,26.1317,113400,BY
PNK,Pontianak,VOR-DME,-0.07915,109.375,113200,ID
PNM,Princeton,NDB,45.5647,-93.6076,368,US
PNN,Princeton,VOR-DME,45.3292,-67.7042,114300,US
PNO,Piaseczno,NDB,52.0535,21.0627,330,PL
PNP,Phnom Penh,NDB,11.585,104.888,376,KH
PNQ,Quinze,NDB,-22.6774,-40.606,166,BR
PNT,Puerto Natales,VOR-DME,-51.735,-72.4481,115900,CL
PNT,Pontiac,VOR-DME,40.8212,-88.7335,109600,US
PNV,Pilanesberg,VOR-DME,-25.3958,27.1227,112600,ZA
PNY,Centr,NDB,48.6081,17.8223,297,SK
PNZ,Ponza,VORTAC,40.9119,12.9575,114600,IT
PNZ,Ponza,NDB,40.9111,12.9561,368,IT
PO,Potiskum,VOR-DME,11.705,11.0377,112100,NG
PO,Bima,NDB,-8.54073,118.692,223,ID
PO,Pune,NDB,18.5843,73.9159,381,IN
PO,Pretoria,NDB,52.25,54.3167,730,RU
PO,Pulkovo,NDB,59.7817,30.35,277,RU
PO,Meier,NDB,41.5751,-73.9648,403,US
PO,Hwange National Park,NDB,-18.6651,26.9291,377,ZW
PO1,Neptuno,NDB,19.4333,-92.0333,371,MX
POA,Pahoa,NDB,19.5433,-154.97501,332,US
POB,Pope,TACAN,35.1685,-79.0197,113800,US
POB,Pope,NDB,35.2268,-78.9544,338,US
POD,Podgorica,VOR-DME,42.3862,19.2546,113000,RS
POD,Portland,NDB,-38.3144,141.47301,212,AU
POD,Podgorica,NDB,42.3886,19.2549,335,RS
POH,Pocahontas,NDB,42.7469,-94.648,428,US
POI,Poitiers,VOR,46.581,0.29819,113300,FR
POI,Potosi,NDB,-19.5485,-65.7299,400,BO
POL,Pole Hill,VOR-DME,53.7439,-2.10333,112100,GB
POM,Pomona,VORTAC,34.0784,-117.787,110400,US
POM,Pomigliano,VOR-DME,40.9282,14.3836,117850,IT
POM,Pomigliano,NDB,40.9286,14.3831,351,IT
PON,Pontoise,VOR,49.0961,2.03589,111600,FR
POP,Poptun,NDB,16.325,-89.4217,363,GT
POR,Porto Alegre,VOR-DME,-29.996,-51.1652,114000,BR
POR,Pori,NDB,61.5066,21.6695,341,FI
POR,Porto,NDB,41.3481,-8.70806,327,PT
POS,Posadas,VOR-DME,-27.3856,-55.9692,114900,AR
POS,Pollensa,VOR-DME,39.9274,3.11458,116400,ES
POS,Piarco,VOR-DME,10.4662,-61.3919,116900,TT
POT,Port Harcourt,VOR-DME,5.03533,6.96018,113500,NG
POU,Pingzhou,VOR-DME,23.02,113.19,114100,CN
POY,Chachapoyas,VOR-DME,-6.20028,-77.86,115100,PE
POY,Powell,NDB,44.8668,-108.786,344,US
POZ,Poznan,NDB,52.3981,16.9446,429,PL
POZ,Pozarevac,NDB,44.6208,21.1477,416,RS
PP,Hpapun,NDB,18.0679,97.4463,280,MM
PP,Maraca,NDB,-20.4088,-54.6303,215,BR
PP,Metro,NDB,-23.6438,-46.6443,330,BR
PP,Guaruja,NDB,-23.3278,-51.1495,305,BR
PP,Pororoca,NDB,-16.1438,-48.8938,325,BR
PP,Paiol,NDB,-22.8702,-43.1652,415,BR
PP,Pecs-Pogany,NDB,46.0058,18.2328,412,HU
PP,Pasir Pangarayan,NDB,0.8328,100.369,238,ID
PP,Flick,NDB,41.4017,-95.8933,513,US
PP,Paraparaumu,NDB-DME,-40.903,174.983,242,NZ
PPA,Puerto Plata,NDB,19.7524,-70.5703,450,DO
PPA,Pampa,NDB,35.6127,-100.992,368,US
PPB,Port Blair,VOR-DME,11.6497,92.7472,115700,IN
PPC,Prospect Creek,NDB,66.8176,-150.634,340,US
PPD,Tatry,VOR-DME,49.0648,20.35,112100,SK
PPD,Tatry,NDB,49.0682,20.3535,317,SK
PPE,Penasco,VOR-DME,31.36739,-113.30233,112100,MX
PPF,Parsons,NDB,37.3381,-95.5087,258,US
PPG,Perpignan,VOR-DME,42.7505,2.86714,116250,FR
PPI,Hopey,NDB,44.8731,-92.9423,400,US
PPM,Phillips,VOR-DME,39.4667,-76.171,108400,US
PPN,Pamplona,VOR-DME,42.7337,-1.702,112300,ES
PPN,Popayan,NDB,2.44972,-76.6142,255,CO
PPQ,Pittsfield,NDB,39.6403,-90.7828,344,US
PPR,Pointe A Pitre,VOR-DME,16.2652,-61.5401,112900,GP
PPT,Patna,VOR-DME,25.5904,85.0899,112100,IN
PPV,Polokwane,VOR-DME,-23.8398,29.4606,114500,ZA
PQ,Tateyama,NDB,34.9939,139.875,373,JP
PQ,Ashgabat,NDB,37.9583,58.4133,295,TM
PQ,Excal,NDB,46.6102,-68.0187,278,US
PQ,Tlott,NDB,30.5482,-88.5532,209,US
PQ,Phuquoc,NDB,10.2236,103.962,278,VN
PQE,Tateyama,VOR-DME,34.9464,139.896,112500,JP
PQF,Mesquite,NDB,32.8094,-96.5291,248,US
PQI,Presque Isle,VOR-DME,46.7742,-68.0945,116400,US
PQN,Pipestone,NDB-DME,43.9861,-96.2964,284,US
PR,Puerto Princesa,VOR-DME,9.74133,118.753,115900,PH
PR,Paro,NDB,27.4003,89.4154,410,BT
PR,Prince Rupert,NDB,54.2633,-130.424,218,CA
PR,Ruzyne North,NDB,50.1442,14.3672,356,CZ
PR,Porbandar,NDB,21.6412,69.6626,344,IN
PR,Parit Buntar,NDB,4.96333,100.618,270,MY
PR,Puerto Princesa,NDB,9.73708,118.754,292,PH
PR,Peredovaya,NDB,44.1167,41.4667,121,RU
PR,Petropavlovsk-Kamchatsky,NDB,53.1133,158.49001,535,RU
PR,Phrae,NDB,18.1295,100.161,340,TH
PR,Oktyabrsky,NDB,38.5333,68.4017,310,TJ
PR,Principe,NDB,1.666,7.41236,311,ST
PRA,Pratapgarh,VOR-DME,24.03715,74.74391,114900,IN
PRA,Praslin,VOR-DME,-4.30737,55.7071,115700,SC
PRA,El Prat,VOR-DME,41.2831,2.08186,114300,ES
PRA,Praia,NDB,14.9226,-23.4962,349,CV
PRA,Pratica Di Mare,NDB,41.6797,12.4528,339,IT
PRB,Paso Robles,VORTAC,35.6724,-120.627,114300,US
PRB,Sabah 74,NDB,28.2167,18.1167,245,LY
PRC,Zella 74,NDB,28.5833,17.3167,270,LY
PRE,Parer,NDB,-9.32667,147.14,395,PG
PRF,St Pierre Pierrefonds,VOR-DME,-21.3164,55.4172,115900,RE
PRF,Piet Retief,NDB,-26.9399,30.7701,525,ZA
PRG,Paraguana,VOR-DME,11.7834,-70.1334,113600,VE
PRG,Persian Gulf,NDB,27.3932,52.725,457,IR
PRG,Paris,NDB,39.6984,-87.6742,341,US
PRG,Paraguana,NDB,11.7769,-70.1392,385,VE
PRI,Parintins,VOR-DME,-2.66728,-56.7731,114100,BR
PRI,Previk,VOR-DME,61.4646,21.7959,113200,FI
PRI,Perrine,NDB,37.7651,-90.4293,367,US
PRI,Pristina,NDB,42.7286,21.0182,364,RS
PRL,Parkerville,NDB,-31.8594,116.118,352,AU
PRM,Paramillo,NDB,7.80306,-72.1998,310,VE
PRN,Parnu,VOR-DME,58.4166,24.466,115900,EE
PRO,Paro,VOR,27.3,89.5,108400,BT
PRO,Perry,NDB,41.8306,-94.1605,251,US
PRR,Prudente,VOR-DME,-22.1727,-51.4257,113500,BR
PRR,Prudente,NDB,-22.1833,-51.3752,225,BR
PRS,Raisi,VOR-DME,38.1721,13.08,113000,IT
PRS,Raisi,NDB,38.1894,13.1091,329,IT
PRT,Peretola,VOR-DME,43.8104,11.2015,112500,IT
PRT,Porto,VOR-DME,41.2731,-8.68778,114100,PT
PRT,Pristina,VOR-DME,42.5725,21.0314,113300,RS
PRU,Perugia,VOR-DME,43.1017,12.5119,109400,IT
PRX,Paris,VOR-DME,33.5424,-95.4483,113600,US
PRZ,Portales,NDB,34.1512,-103.406,407,US
PS,Peshawar,VOR-DME,33.9754,71.5172,114300,PK
PS,Pakse,NDB,15.1306,105.784,220,LA
PS,Rotterdam Locator,NDB,51.8643,4.21049,369,NL
PS,Asuncion,NDB,-25.2161,-57.5133,320,PY
PS,Peshawar,NDB,33.9958,71.5044,308,PK
PS,Kyzyl,NDB,51.7,94.4617,490,RU
PS,Krasitsky,NDB,47.6333,134.883,457,RU
PS,Kazan,NDB,55.635,49.2067,292,RU
PS,Dunez,NDB,46.3381,-119.013,331,US
PS,Ports,NDB,40.9857,-78.1446,275,US
PS0,Pump Station 10,NDB,24.1,41.0367,382,SA
PS3,Pump Station 3,NDB,25.1683,47.4965,315,SA
PS6,Pump Station 6,NDB,24.7,44.9683,370,SA
PS9,Pump Station 9,NDB,24.25,42.1333,607,SA
PSA,Prince Sultan,VORTAC,24.0739,47.5833,115400,SA
PSA,Spessart,NDB,49.8622,9.34832,370,DE
PSB,Philipsburg,VORTAC,40.9163,-77.9927,115500,US
PSC,Pasco,VOR-DME,46.263,-119.116,108400,US
PSD,Port Said,VOR-DME,31.2788,32.2378,112700,EG
PSD,Port Sudan,VOR-DME,19.4012,37.2417,113100,SD
PSD,Port Sudan,NDB,19.4225,37.2421,339,SD
PSE,Ponce,VOR-DME,17.9925,-66.5192,109000,PR
PSH,Parshall,NDB,47.9361,-102.137,379,US
PSI,Pontiac,VORTAC,42.7009,-83.5328,111000,US
PSJ,Seinajoki,NDB,62.6421,22.9361,352,FI
PSK,Pulaski,VORTAC,37.0877,-80.7129,116800,US
PSK,Pisek,DME,49.7975,14.0347,117600,CZ
PSL,Phitsanulok,TACAN,16.7914,100.275,115200,TH
PSL,Phitsanulok,VOR-DME,16.7704,100.291,114100,TH
PSM,Pease,VORTAC,43.0845,-70.832,116500,US
PSN,Busan,VORTAC,35.1234,129.0,114000,KR
PSN,Piracununga,VOR-DME,-21.9845,-47.3442,113300,BR
PSN,Piracununga,NDB,-21.986,-47.3375,310,BR
PSN,Palestine,NDB,31.7802,-95.7011,375,US
PSO,Pasto,VOR-DME,1.39799,-77.2899,113400,CO
PSO,Pasto,NDB,1.39493,-77.2892,264,CO
PSP,Palm Springs,VORTAC,33.87,-116.43,115500,US
PSP,Presidencia Roque Saenz Pena,NDB,-26.7472,-60.4861,205,AR
PSS,Prosser,NDB,40.6863,-98.4775,338,US
PST,Porto Santo,NDB,33.0686,-16.3583,338,PT
PSV,Potchefstroom,VOR-DME,-26.6733,27.0933,115800,ZA
PSX,Palacios,VORTAC,28.7644,-96.3062,117300,US
PSZ,Puerto Suarez,NDB,-18.9819,-57.8184,290,BO
PT,Putao,NDB,27.3206,97.4378,340,MM
PT,Jingtai,NDB,37.1933,104.068,475,CN
PT,Petropavlovsk,NDB,54.7925,69.2536,360,KZ
PT,Skopje,NDB,41.9142,21.6381,295,MK
PT,Katowice,NDB,50.4741,19.1503,285,PL
PT,Ufa,NDB,54.6,55.8233,527,RU
PT,Dalna,NDB,61.895,34.0867,101,RU
PT,Pattani,NDB,6.78846,101.148,201,TH
PTA,La Plata,VOR,-34.9758,-57.8983,113700,AR
PTA,Puerto Plata,VOR-DME,19.7593,-70.5704,115100,DO
PTA,La Plata,NDB,-34.9667,-57.8978,250,AR
PTB,Pusztaszabolcs,VOR-DME,47.1522,18.7423,117100,HU
PTB,Pusztaszabolcs,NDB,47.1525,18.7428,386,HU
PTB,Petersburg,NDB,37.1301,-77.5747,284,US
PTC,Puerto Carreno,VOR-DME,6.18169,-67.496,112900,CO
PTC,Porto Colom,NDB,39.4273,3.25672,401,ES
PTD,Potsdam,NDB,44.7234,-74.8827,400,US
PTE,Portete,NDB,12.2231,-71.9711,420,CO
PTG,Podkamennaya Tunguska,VOR-DME,61.5983,89.99,113400,RU
PTH,Perth,VOR,56.4425,-3.36861,110400,GB
PTJ,Pasteje,VOR-DME,19.6457,-99.798,114500,MX
PTK,Pyeongtaek,VOR-DME,36.9678,127.021,108200,KR
PTL,Petrolina,VOR-DME,-9.36317,-40.5613,112100,BR
PTL,Petrolina,NDB,-9.36767,-40.5675,345,BR
PTM,Perito Moreno,NDB,-46.5364,-70.9861,335,AR
PTN,Pathein,VOR-DME,16.8146,94.7767,115600,MM
PTN,Pathein,NDB,16.8013,94.78,415,MM
PTN,Portoviejo,NDB,-1.04611,-80.4683,390,EC
PTN,Patterson,NDB,29.7146,-91.3367,245,US
PTP,Ponta Pora,NDB,-22.5502,-55.7072,340,BR
PTP,Pointe A Pitre,NDB,16.2836,-61.6309,385,GP
PTS,Pelotas,VOR,-31.7192,-52.3273,113300,BR
PTS,Pelotas,NDB,-31.7135,-52.3307,340,BR
PTS,Pittsburg,NDB,37.4425,-94.7266,365,US
PTT,Trombetas,NDB,-1.48633,-56.3978,205,BR
PTT,Pratt,NDB,37.7239,-98.747,356,US
PTV,Pithiviers,VOR,48.1556,2.26478,116500,FR
PTW,Pottstown,VORTAC,40.2223,-75.5603,116500,US
PTZ,Pastaza,NDB,-1.51623,-78.0433,340,EC
PU,Papa Uniform,VOR-DME,1.42333,103.933,115100,SG
PU,Dongyangjiao,NDB,41.5067,123.293,296,CN
PU,Pulkovo,NDB,59.8217,30.175,303,RU
PU,Pietermaritzburg,NDB,-29.6613,30.4098,407,ZA
PU,Phuket,NDB,8.10166,98.3062,360,TH
PU,Mertz,NDB,38.2839,-104.647,302,US
PUB,Pueblo,VORTAC,38.2943,-104.429,116700,US
PUC,Carbon,VOR-DME,39.6032,-110.754,115500,US
PUD,Pudong,VOR-DME,31.1683,121.78,116900,CN
PUF,Puff,NDB,43.3511,-94.7378,345,US
PUL,Pula,VOR-DME,44.8924,13.9181,111250,HR
PUL,Pucallpa,VOR-DME,-8.37583,-74.5722,116700,PE
PUN,Pune,VOR-DME,18.5797,73.9142,113900,IN
PUR,Marshall,NDB,39.042,-93.1957,371,US
PUT,Phuket,VOR-DME,8.11523,98.3063,116900,TH
PUT,Putnam,VOR-DME,41.9555,-71.8441,117400,US
PUU,Pulliam,NDB,35.1419,-111.671,379,US
PUW,Pullman,VOR-DME,46.6743,-117.224,109000,US
PV,Providenciales,NDB,21.7777,-72.2606,387,TC
PV,Rench,NDB,41.6418,-71.4947,335,US
PV,Naada,NDB,39.4981,-74.6725,336,US
PVB,Platteville,NDB,42.688,-90.4365,203,US
PVC,Provincetown,NDB,42.0689,-70.2236,389,US
PVD,Providence,VORTAC,41.7243,-71.4296,115600,US
PVG,Portsmouth,NDB,36.7801,-76.4455,241,US
PVH,Porto Velho,VOR-DME,-8.714,-63.9033,112700,BR
PVH,Porto Velho,NDB,-8.70767,-63.8983,385,BR
PVJ,Pauls Valley,NDB,34.7154,-97.2289,384,US
PVN,Providenciales,VOR-DME,21.7722,-72.266,115600,TC
PVO,Porvoo,VOR-DME,60.2944,25.5885,112800,FI
PVQ,Put River,NDB,70.2227,-148.416,376,US
PVR,Vallarta,VOR-DME,20.6731,-105.257,116600,MX
PVR,El Porvenir,NDB,-20.7535,-63.2017,430,BO
PVU,Provo,VOR-DME,40.2149,-111.721,108400,US
PVW,Plainview,VOR-DME,34.0862,-101.79,112900,US
PW,Purwakarta,NDB,-6.56667,107.45,250,ID
PW,Pavlodar,NDB,52.2279,77.1237,440,KZ
PW,Tatry,NDB,49.0801,20.0725,418,SK
PW,Sokol,NDB,47.2667,142.767,260,RU
PW,Syktyvkar,NDB,61.605,50.8083,345,RU
PW,Phalaborwa,NDB,-23.9174,31.1539,272,ZA
PW,Prestwick,NDB,55.5444,-4.68155,426,GB
PW,Pavlivka,NDB,47.7482,37.2234,815,UA
PW,Orham,NDB,43.6524,-70.441,394,US
PWA,Wiley Post,VOR-DME,35.5329,-97.6472,113400,US
PWC,Pine River,NDB,46.7271,-94.3845,330,US
PWD,Plentywood,NDB,48.79,-104.527,251,US
PWE,Pawnee City,VORTAC,40.2004,-96.2063,112400,US
PWF,Sportys,NDB,39.0767,-84.2154,245,US
PWL,Puerto Williams,VOR-DME,-54.9292,-67.62,114900,CL
PWL,Pawling,VOR-DME,41.7698,-73.6005,114300,US
PWT,Kitsap,NDB,47.4923,-122.757,206,US
PX,Perm,NDB,57.95,56.09,705,RU
PXM,Escondido,VOR-DME,15.8751,-97.0817,112500,MX
PXN,Panoche,VORTAC,36.7155,-120.779,112600,US
PXR,Phoenix,VORTAC,33.433,-111.97,115600,US
PXT,Patuxent,VORTAC,38.2878,-76.4002,117600,US
PXV,Pocket City,VORTAC,37.9283,-87.7624,113300,US
PY,Port Moresby,VOR-DME,-9.45296,147.215,117000,PG
PY,Fort Chipewyan,NDB,58.7617,-111.109,207,CA
PY,Apiay,NDB,4.07464,-73.542,250,CO
PY,Penrhyn,NDB,-8.99417,-158.04401,400,CK
PY,Port Moresby,NDB,-9.46105,147.233,368,PG
PY,Plettenberg Bay,NDB,-34.0905,23.326,278,ZA
PY,Plymouth,NDB,50.4244,-4.11233,397,GB
PYA,Penn Yan,NDB,42.644,-77.0561,260,US
PYC,Pitsand,NDB,70.328,-149.63499,290,US
PYE,Point Reyes,VORTAC,38.0798,-122.868,113700,US
PYG,Pageland,NDB,34.745,-80.3381,270,US
PYX,Perryton,NDB,36.4123,-100.748,266,US
PZ,Nadym,NDB,65.4803,72.7033,485,RU
PZ,Pietermaritzburg,NDB,-29.7056,30.4495,257,ZA
PZ,Portoroz,NDB,45.4775,13.6149,388,SI
PZA,Puerto Esperanza,VOR,-9.76908,-70.7051,113900,PE
PZA,Puerto Cabezas,VOR-DME,14.0452,-83.3883,112900,NI
PZA,Puerto Esperanza,NDB,-9.755,-70.7383,300,PE
PZD,Pecan,VORTAC,31.6552,-84.2931,116100,US
PZQ,Rogers City,NDB,45.4047,-83.8203,215,US
Q1,Tadoule Lake,NDB,58.7098,-98.505,389,CA
Q5,Grande Cache,NDB,53.9181,-118.868,300,CA
Q5,Grande Cache,DME,53.9175,-118.881,110800,CA
QA,Queen Alia,NDB,31.7305,36.0946,410,JO
QA,Ekimchan,NDB,53.1333,132.817,680,RU
QA,Uummannaq,DME,70.7325,-52.6962,110150,GL
QAA,Queen Alia,VOR-DME,31.7409,36.1581,115200,JO
QB,Quebec,NDB,46.7498,-71.4626,230,CA
QB,Hunshuitang,NDB,25.1083,102.933,443,CN
QD,The Pas,NDB,53.9786,-101.081,284,CA
QD,Heihe,NDB,50.1,127.335,578,CN
QD,Knevichi,NDB,43.3667,132.06799,400,RU
QD,Petrozavodsk,NDB,61.94,34.2067,340,RU
QD,Orel,NDB,52.9833,36.1,605,RU
QDI,Quirindi,NDB,-31.4928,150.524,386,AU
QET,Queretaro,VOR-DME,20.6175,-100.194,113000,MX
QF,Tyumen,NDB,57.2133,65.3683,315,RU
QG,Windsor,NDB,42.3128,-82.8685,353,CA
QH,Watson Lake,NDB,60.1769,-128.84599,248,CA
QH,Pechora,NDB,65.1217,57.13,330,RU
QHA,Mekele,VOR-DME,13.4728,39.5247,116600,ET
QI,Yarmouth,NDB,43.7934,-66.1261,206,CA
QI,Jingning,NDB,35.5233,105.71,162,CN
QI,Troitskoye,NDB,49.45,136.567,335,RU
QIT,Condorcocha,VOR-DME,-0.03861,-78.5114,115300,EC
QJ,Shenzhen,NDB,22.795,113.73,253,CN
QJG,Qijiang,VOR-DME,29.0467,106.653,112700,CN
QK,Kaukey,VOR,45.2667,61.7667,113600,KZ
QK,Gengma,NDB,23.5333,99.4,322,CN
QL,Lethbridge,NDB,49.6053,-112.894,248,CA
QL,Queen Alia (Locator),NDB,31.7353,36.0269,307,JO
QL,Quelimane,NDB,-17.8212,36.8668,267,MZ
QL,Algasovo,NDB,53.6833,41.6833,694,RU
QL,Camau,NDB,9.17611,105.177,305,VN
QM,Machulishchi,NDB,53.82,27.5533,458,BY
QM,Moncton,NDB,46.11,-64.5818,224,CA
QM,Yanbu,NDB,23.1033,113.147,423,CN
QM,Shumerlya,NDB,55.5167,46.45,215,RU
QMS,Monjas Sur,VOR-DME,-0.23556,-78.4778,114800,EC
QN,Nakina,NDB,50.1801,-86.6292,233,CA
QN,Qaanaaq,DME,77.4874,-69.373,108350,GL
QNX,Qianxi,VOR-DME,27.0417,106.03,113100,CN
QO,Aksinyino,NDB,55.15,38.29,732,RU
QP,Ertang,NDB,24.6567,110.793,213,CN
QPR,Quimper,VOR-DME,47.9573,-4.18472,117800,FR
QQ,Iguacu,NDB,-25.5842,-54.5025,395,BR
QQ,Cruz,NDB,-22.8251,-43.6674,245,BR
QQ,Comox,NDB,49.7539,-124.958,400,CA
QQ,Qaanaaq,NDB,77.4791,-69.3259,336,GL
QQZ,Vadodara,VOR-DME,22.3328,73.2251,117300,IN
QR,Regina,NDB,50.3697,-104.573,290,CA
QT,Quetta,VOR-DME,30.297,66.8892,114700,PK
QT,Thunder Bay,NDB,48.3467,-89.4337,332,CA
QT,Godthab/Nuuk,NDB,64.3444,-51.5819,258,GL
QT,Quetta,NDB,30.25,66.9333,348,PK
QT,Belokholunitsky,NDB,58.8833,50.8667,630,RU
QTR,Qatraneh,VOR-DME,31.2484,36.0595,112900,JO
QU,Grande Prairie,NDB,55.1378,-118.814,221,CA
QUN,Qunfidah,VOR-DME,19.3697,41.0747,113300,SA
QW,North Battleford,NDB,52.8039,-108.335,302,CA
QX,Gander,NDB,48.9644,-54.6682,280,CA
QY,Sydney,NDB,46.2115,-59.9756,263,CA
QYW,Qayyarah West,TACAN,35.7672,43.1252,112500,IQ
QZ,Vadodara,NDB,22.3348,73.2093,304,IN
R,Rio Cuarto,NDB,-33.1117,-64.275,305,AR
R,La Paz,NDB,-16.5118,-68.22,330,BO
R,Cochabamba,NDB,-17.3994,-66.2646,402,BO
R,Varna,NDB,43.2293,27.8566,375,BG
R,Diego Aracena,NDB,-20.513,-70.1801,298,CL
R,Arica,NDB,-18.3717,-70.3472,305,CL
R,Antofagasta,NDB,-23.4702,-70.4485,305,CL
R,Romeo,NDB,4.67611,-74.1025,274,CO
R,Guayaquil,NDB,-2.13278,-79.8689,315,EC
R,Parnu,NDB,58.4358,24.4959,376,EE
R,Ceske Budejovice,NDB,48.9463,14.4582,830,CZ
R,Budapest,NDB,47.4169,19.3036,381,HU
R,Karaganda,NDB,49.6579,73.3023,618,KZ
R,Chernivtsi,NDB,48.2413,26.0149,509,UA
R,Kharkiv,NDB,49.9246,36.263,678,UA
R,Dnipropetrovsk,NDB,48.357,35.1317,687,UA
R1,Thetford Mines,NDB,46.0456,-71.2679,275,CA
R5,Pukatawagan,NDB,55.7492,-101.261,367,CA
RA,Ceske Budejovice,NDB,48.9463,14.5153,402,CZ
RA,Raufarhofn,NDB,66.4503,-15.9544,410,IS
RA,Manyani,NDB,-3.10244,38.5009,398,KE
RA,Rene Mouawad,NDB,34.599,36.083,450,LB
RA,Rand,NDB,-26.424,28.2638,338,ZA
RA,Lungtang,NDB,24.8617,121.253,202,TW
RA,Ranch,NDB,43.9648,-102.999,254,US
RA,Paser,NDB,42.6825,-87.8995,206,US
RAB,Rabinal,VOR-DME,15.0086,-90.4703,116100,GT
RAF,Rafha,VOR-DME,29.6202,43.498,116800,SA
RAF,Rafsanjan,NDB-DME,30.3027,56.0556,260,IR
RAJ,Rajshahi,VOR,24.44,88.615,114600,BD
RAK,Rakovnik,NDB,50.0971,13.6907,386,CZ
RAL,Riverside,VOR,33.952,-117.449,112400,US
RAM,Ramme,VOR-DME,56.4784,8.18736,111850,DK
RAN,Rangiroa,VOR-DME,-14.9504,-147.674,112300,PF
RAN,Ranong,VOR-DME,9.77866,98.5839,113400,TH
RAN,Ranta,NDB,61.0185,28.0157,392,FI
RAP,Rapid City,VORTAC,43.976,-103.012,112300,US
RAS,Ras Mishab,VORTAC,28.0779,48.6147,116400,SA
RAV,Ravine,VORTAC,40.5534,-76.5994,114600,US
RAV,Ras Al Khaimah,VOR-DME,25.5883,55.9464,113600,AE
RAV,Rand,VOR-DME,-26.2454,28.1545,117700,ZA
RB,Resolute Bay,NDB,74.7469,-94.995,350,CA
RB,Eda,NDB,35.5597,139.541,357,JP
RB,Richards Bay,NDB,-28.7602,32.0773,337,ZA
RB,Orebro,NDB,59.134,15.003,375,SE
RBA,Robinson,VOR-DME,39.8508,-95.4231,108200,US
RBC,Branco,VOR-DME,-9.87183,-67.8953,114200,BR
RBC,Branco,NDB,-9.86311,-67.8971,355,BR
RBD,Redbird,NDB,32.6769,-96.8711,287,US
RBE,Rebun,VOR-DME,45.4511,141.039,116200,JP
RBE,Rock Co,NDB,42.5736,-99.5778,341,US
RBG,Rabigh,VOR-DME,22.7919,39.0972,116800,SA
RBG,Roseburg,VOR-DME,43.1824,-123.352,108200,US
RBJ,Rajbiraj,NDB,26.52,86.7381,306,NP
RBJ,Robles,NDB,32.074,-111.36,220,US
RBL,Red Bluff,VORTAC,40.0989,-122.236,115700,US
RBN,Rabinal,NDB,15.0114,-90.4693,313,GT
RBO,Robledillo,VOR-DME,40.8539,-3.24663,113950,ES
RBQ,Rurrenabaque,NDB,-14.5043,-67.4599,330,BO
RBS,Roberts,VOR-DME,40.5817,-88.1643,116800,US
RBT,Riberalta,VOR,-11.0207,-66.1015,113700,BO
RBT,Rambouillet,VOR-DME,48.6539,1.99422,114700,FR
RBT,Rabat,VOR-DME,34.05,-6.74639,116500,MA
RBU,Rambu,NDB,62.5061,11.5569,352,NO
RBV,Robbinsville,VORTAC,40.2024,-74.495,113800,US
RBV,Richards Bay,VOR-DME,-28.7407,32.0935,113000,ZA
RBW,Walterboro,NDB,32.9258,-80.6402,221,US
RBX,Wright Brothers,VOR-DME,35.9205,-75.6969,111600,US
RC,Parnu,NDB,58.4908,24.5716,425,EE
RC,Ranchi,NDB,23.317,85.3218,285,IN
RC,Makhtaly,NDB,40.9833,68.2333,193,KZ
RC,Ruacana,NDB,-17.418,14.3731,345,NA
RC,Kwekwe,NDB,-18.9352,29.8047,385,ZW
RCA,Ellsworth,TACAN,44.139,-103.102,108800,US
RCA,Reggio Calabria,VOR-DME,38.0758,15.6455,111000,IT
RCA,Reggio Calabria,NDB,38.0129,15.6503,325,IT
RCH,Ronchi,VOR-DME,45.8298,13.4803,114200,IT
RCH,Rochester,NDB,51.3538,0.50367,369,GB
RCL,Rio Claro,NDB,-22.43087,-47.56554,280,BR
RCX,Rusk County,NDB,45.5018,-91.0011,356,US
RCZ,Roscoe,NDB,34.8527,-79.6937,375,US
RD,Miranda,NDB,-37.1938,175.299,314,NZ
RD,Bazarnye Mataki,NDB,54.8833,49.9167,445,RU
RD,Murmansk,NDB,68.7433,32.8183,635,RU
RD,Yeniseysk,NDB,58.4667,92.1183,253,RU
RD,Rand,NDB,-26.3141,28.0898,308,ZA
RD,Rivne,NDB,50.6164,26.1315,330,UA
RD,Bodey,NDB,44.308,-121.019,411,US
RD,Lassn,NDB,40.3928,-122.295,367,US
RD,Greon,NDB,35.7969,-78.8827,382,US
RD,Shapp,NDB,40.3065,-75.9496,356,US
RD,Rangiroa,DME,-14.9504,-147.674,115300,PF
RDD,Redding,VOR-DME,40.5046,-122.292,108400,US
RDE,Rede,VOR-DME,-23.891,-46.5282,116700,BR
RDG,Roding,VOR-DME,49.0403,12.5265,114700,DE
RDK,Red Oak,NDB,41.0161,-95.2533,230,US
RDL,Redhill,NDB,51.2161,-0.14038,343,GB
RDR,Red River,TACAN,47.9572,-97.4058,116400,US
RDS,Rodos,VOR-DME,36.3411,28.0825,115800,GR
RDU,Raleigh-Durham,VORTAC,35.8725,-78.7833,117200,US
RDW,Rand,NDB,-26.2674,28.1627,288,ZA
RDY,Sardy,TACAN,39.2133,-106.858,114300,US
RE,Reao,NDB,-18.4667,-136.433,328,PF
RE,Reykjanesskoli,NDB,65.9264,-22.4317,316,IS
RE,Namrole,NDB,-3.85006,126.699,236,ID
RE,Pyeongtaek,NDB,36.9615,127.03,381,KR
RE,Roi Et,NDB,16.1107,103.778,319,TH
REA,Riberalta,NDB,-11.00806,-66.07389,370,BO
REC,Recife,VOR-DME,-8.13659,-34.944,116900,BR
REC,Revloc,VOR-DME,40.5465,-78.747,110600,US
REK,Reksten,NDB,61.5629,4.84932,379,NO
REM,Reims,VORTAC,49.3116,4.04536,112300,FR
REN,Rennes,VOR-DME,48.0692,-1.74167,109250,FR
REN,Renmark,NDB,-34.1922,140.67599,200,AU
REN,Warren,NDB,33.5471,-92.096,226,US
REO,Rome,VORTAC,42.5905,-117.868,112500,US
RES,Reus,VOR-DME,41.1497,1.17112,114200,ES
REU,Retalhuleu,NDB,14.5217,-91.6967,340,GT
REX,Reynosa,VOR-DME,26.0106,-98.2319,112400,MX
REY,Reyes,NDB,-14.3268,-67.3935,290,BO
RF,Rif,NDB,64.9128,-23.82,330,IS
RF,Ladozhskaya,NDB,45.2833,39.9167,324,RU
RF,Magnitogorsk,NDB,53.345,58.7333,480,RU
RF,Gilmy,NDB,42.1145,-89.0986,275,US
RFD,Rockford,VOR-DME,42.2256,-89.1993,110800,US
RFE,Rutherford,NDB,35.349,-81.9529,344,US
RFH,Gaza,NDB,31.2923,34.2847,380,PS
RG,Rarotonga,VOR-DME,-21.2017,-159.815,113500,CK
RG,Ufa,VOR-DME,54.54,55.8867,112300,RU
RG,Canal,NDB,-32.1493,-52.1037,290,BR
RG,Rwegura,NDB,-2.91651,29.5187,305,BI
RG,Changdu,NDB,31.1517,97.1767,247,CN
RG,Rarotonga,NDB,-21.2083,-159.82201,352,CK
RG,Ruteng,NDB,-8.60478,120.47,210,ID
RG,Karaganda,NDB,49.6445,73.2688,299,KZ
RG,Tune,NDB,59.3246,11.0052,381,NO
RG,Ufa,NDB,54.6,55.845,212,RU
RG,Tunoshna,NDB,57.5817,40.2383,315,RU
RG,Rustenburg,NDB,-25.65,27.2833,453,ZA
RG,Kryvyi Rih,NDB,48.0898,33.2147,340,UA
RG,Gally,NDB,35.2951,-97.5887,350,US
RG,Urgench,NDB,41.62,60.6017,983,UZ
RG,Rachgia,NDB,9.94972,105.134,335,VN
RGB,Raghba,VOR-DME,23.9268,44.5965,115500,SA
RGK,Red Wing,NDB,44.5889,-92.4921,394,US
RGN,Reggan,NDB,26.6839,0.2825,310,DZ
RH,Reykholt,NDB,64.6642,-21.2864,325,IS
RH,Ruhengeri,NDB,-1.50244,29.634,391,RW
RH,Arsha,NDB,45.6281,-89.6189,272,US
RHC,Riohacha,VOR-DME,11.5275,-72.9175,117100,CO
RHI,Rhinelander,VORTAC,45.6338,-89.4578,109200,US
RHZ,Zephyrhills,NDB,28.2271,-82.1571,253,US
RI,Riviere Du Loup,NDB,47.7637,-69.5781,201,CA
RI,Rijeka,NDB,45.1375,14.6529,289,HR
RI,Boguchany,NDB,58.375,97.37,410,RU
RI,Richards Bay,NDB,-28.6848,32.1359,465,ZA
RIA,Riga,VOR-DME,56.9209,23.9652,112050,LV
RIB,Ribas,NDB,-20.4672,-53.7505,245,BR
RIC,Richmond,VORTAC,37.5023,-77.3203,114100,US
RIC,Richmond,TACAN,-33.6074,150.799,110700,AU
RIC,Richmond,NDB,-33.5969,150.776,347,AU
RID,Richmond,VORTAC,39.7551,-84.8388,110600,US
RID,Ried,VOR-DME,49.7817,8.54149,112200,DE
RIE,Rice Lake,NDB,45.4796,-91.7207,407,US
RIL,Rifle,VOR-DME,39.5281,-107.716,110600,US
RIM,Rimini,VORTAC,44.0152,12.6166,116200,IT
RIM,Rimini,NDB,44.079,12.506,335,IT
RIN,Riyan,VOR-DME,14.6709,49.3915,116000,YE
RIO,Riobamba,NDB,-1.65528,-78.6558,212,EC
RIO,Rioja,NDB,-6.03003,-77.1693,201,PE
RIS,Riverside,VOR-DME,39.1204,-94.5966,111400,US
RIV,Rivolto,TACAN,45.9957,13.0884,110000,IT
RIV,March,TACAN,33.9065,-117.275,113000,US
RIV,Robben Island,VOR-DME,-33.7996,18.3645,117600,ZA
RIV,Rivolto,NDB,45.9353,12.9419,371,IT
RIW,Riverton,VOR-DME,43.0657,-108.456,108800,US
RIX,Riga,VOR-DME,56.8974,23.967,113700,LV
RIY,Riyadh,VORTAC,24.7176,46.7207,114500,SA
RJ,Rajshahi,NDB,24.4425,88.6137,228,BD
RJ,Roberval,NDB,48.5448,-72.2946,378,CA
RJ,Serdar,NDB,39.0,56.3,445,TM
RJK,Rijeka,VOR-DME,45.2241,14.567,117800,HR
RK,Rockhampton,VOR-DME,-23.3828,150.472,116900,AU
RK,Rahim Yar Khan,VOR-DME,28.3656,70.2732,113700,PK
RK,Rockhampton,NDB,-23.3708,150.47501,257,AU
RK,Roskilde,NDB,55.6231,11.9972,368,DK
RK,Reykjavik,NDB,64.1514,-22.0289,355,IS
RK,Rajkot,NDB,22.3109,70.7863,329,IN
RK,Osaka,NDB,34.6865,135.55099,340,JP
RK,Rahim Yar Khan,NDB,28.4113,70.3035,290,PK
RK,Naryan-Mar,NDB,67.64,53.125,680,RU
RK,Waley,NDB,36.5993,-76.6491,249,US
RKA,Rockdale,VOR-DME,42.4663,-75.2392,112600,US
RKL,Iraklion,TACAN,35.3298,25.2228,108300,GR
RKM,Chaurijhari,NDB,28.6269,82.1931,234,NP
RKN,Rekken,VOR-DME,52.1332,6.76388,116800,NL
RKP,Rockport,NDB,28.0905,-97.0466,391,US
RKT,Rajkot,VOR-DME,22.3131,70.7783,115400,IN
RL,Red Lake,NDB,51.0608,-93.7849,218,CA
RL,Hami,NDB,42.85,93.6333,315,CN
RL,Zhiguli,NDB,53.35,49.3,111,RU
RL,Bracy,NDB,44.4602,-69.7349,399,US
RL,Riboo,NDB,46.3705,-119.259,260,US
RLG,Kremmling,VOR-DME,40.0026,-106.442,113800,US
RLP,Rolampont,VOR-DME,47.9063,5.24917,117300,FR
RLY,Worland,VOR-DME,43.9641,-107.951,114800,US
RM,Colombo/Ratmalana,NDB,6.83368,79.8854,350,LK
RM,Rotuma,NDB,-12.4817,177.07201,277,FJ
RM,Omsk,NDB,54.9567,73.23,332,RU
RM,Mama,NDB,58.3167,112.883,420,RU
RM,Noxks,NDB,44.0935,-69.219,334,US
RMA,Malaga,NDB,36.6589,-4.47674,330,ES
RMD,Richmond,NDB,-20.6978,143.11,215,AU
RME,Tarama,VOR-DME,24.6507,124.674,110650,JP
RMG,Rome,VORTAC,34.1626,-85.1194,115400,US
RMG,Romagnano,NDB,45.6283,8.40658,337,IT
RMS,Ramstein,TACAN,49.4347,7.58565,113400,DE
RMY,Rio Mayo,NDB,-45.7047,-70.2628,290,AR
RN,Islamabad,VOR-DME,33.6059,73.1259,112100,PK
RN,Ranai,NDB,3.90542,108.392,373,ID
RN,Islamabad,NDB,33.6133,73.0817,344,PK
RN,Raduzhny,NDB,62.1083,77.3117,433,RU
RN,Penza,NDB,53.11,45.0233,591,RU
RN,Rostov-Na-Donu,NDB,47.225,39.77,320,RU
RN,Tyumen,NDB,57.1467,65.235,315,RU
RN,Ranong,NDB,9.78331,98.591,375,TH
RN,Warri,NDB,35.7525,-85.7641,209,US
RN,Huggy,NDB,39.302,-94.8511,416,US
RNB,Rainbow,NDB,39.4183,-75.1352,363,US
RND,Randolph,VORTAC,29.5192,-98.2852,112300,US
RND,Rio Grande,NDB,-32.083,-52.1633,270,BR
RNG,Rionegro,VOR-DME,5.98056,-75.4183,115100,CO
RNH,New Richmond,NDB,45.1473,-92.5334,257,US
RNL,Rainelle,VOR,37.9753,-80.8065,116600,US
RNT,Renton,NDB,47.4954,-122.215,353,US
RNV,Renova,NDB,33.8071,-90.7626,272,US
RNW,Chocowinity,NDB,35.5096,-77.1066,388,US
RNZ,Arzanah,NDB,24.8,52.5583,327,AE
RO,Rotorua,VOR-DME,-38.1081,176.314,112100,NZ
RO,Sanjiang,NDB,25.7683,109.607,249,CN
RO,Romeo-Oscar,NDB,63.0234,23.0638,361,FI
RO,Rothenburg,NDB,51.3436,14.952,432,DE
RO,Tolmachevo,NDB,55.0033,82.5633,310,RU
RO,Aginskoye,NDB,55.2667,94.8167,921,RU
RO,Kryvyi Rih,NDB,47.9923,33.2011,340,UA
RO,Roeby,NDB,33.6076,-86.6788,394,US
RO,Breit,NDB,43.1265,-77.5538,400,US
RO,Rogrs,NDB,36.4612,-94.0695,263,US
RO,Topan,NDB,33.3653,-104.442,305,US
ROA,Roanne,VOR,46.0592,3.99928,109200,FR
ROA,Roanoke,VORTAC,37.3434,-80.0704,109400,US
ROA,Roatan,VOR-DME,16.3166,-86.5218,113800,HN
ROA,Roatan,NDB,16.3158,-86.5294,301,HN
ROB,Monrovia Roberts,VOR-DME,6.23954,-10.3583,113800,LR
ROB,Robinson,NDB,31.5038,-97.0696,400,US
ROC,Rochester,VORTAC,43.1207,-77.6736,110000,US
ROC,Rockdale,NDB,-37.5847,144.81799,338,AU
ROD,Rosewood,VORTAC,40.2878,-84.0431,117500,US
ROD,Rodos,TACAN,36.3411,28.0825,117400,GR
ROE,Ronne,TACAN,55.0619,14.7559,112000,DK
ROE,Ronne,VOR-DME,55.0656,14.7587,112000,DK
ROI,Roi Namur,TACAN,9.39541,167.474,111400,MH
ROI,Rovani,VOR-DME,66.5625,25.8204,117700,FI
ROM,Priest,VOR,36.1404,-120.665,110000,US
ROM,Roma,VOR-DME,41.8046,12.5881,110800,IT
ROM,Roma,NDB,-26.5431,148.782,377,AU
RON,Rondonia,NDB,-10.888,-61.9122,255,BR
RON,Ronchi,NDB,45.8282,13.3607,396,IT
ROP,Rosh Pina,VOR-DME,32.9826,35.5727,115300,IL
ROQ,Ruston,NDB,32.6086,-92.5883,368,US
ROR,Koror,NDB-DME,7.36877,134.55,371,PW
ROS,Rosario,VOR-DME,-32.905,-60.7814,117300,AR
ROS,Rodos,NDB,36.4183,28.1181,339,GR
ROS,Rush City,NDB,45.6968,-92.9557,282,US
ROT,Roi Et,VOR-DME,16.1168,103.772,111200,TH
ROT,Rotterdam,NDB,51.8976,4.55435,351,NL
ROU,Rouen,VOR,49.4656,1.28064,116800,FR
ROX,Roxas,VOR-DME,11.5969,122.755,112900,PH
ROX,Roseau,VOR-DME,48.8547,-95.695,108800,US
RP,Lijia,NDB,28.6217,115.708,210,CN
RP,Petropavlovsk,NDB,54.7833,69.1833,360,KZ
RP,Malacky,NDB,48.4744,17.1525,477,SK
RP,Sosnovskoye,NDB,55.8,43.1667,960,RU
RP,Dashoguz,NDB,41.7617,59.765,322,TM
RPA,Karpathos,TACAN,35.4212,27.1653,109600,GR
RPB,Republican,NDB,39.8132,-97.6582,414,US
RPD,Rice Lake,VOR-DME,45.4152,-91.778,110000,US
RPF,Carthage,NDB,32.1802,-94.2963,332,US
RPN,Rosh Pina,NDB,32.9669,35.5567,243,IL
RPR,Ribeirao,NDB,-21.1427,-47.776,330,BR
RPY,Ripley (Decommissioned),NDB,-37.8925,144.492,224,AU
RQ,Ningshan,NDB,33.32,108.31,402,CN
RQ,Quimper,NDB,47.9683,-3.99844,380,FR
RQ,Chulman,NDB,56.8933,124.815,458,RU
RQM,Rangeley,NDB,44.9346,-70.7511,221,US
RQO,El Reno,NDB,35.4787,-98.0089,335,US
RQR,Reserve,VOR-DME,30.0875,-90.5886,110800,US
RQY,Randolph Co,NDB,38.894,-79.8594,284,US
RQZ,Rocket,VORTAC,34.7971,-86.6339,112200,US
RR,Vicente,NDB,-23.9475,-46.287,360,BR
RR,Rotterdam Locator,NDB,52.0044,4.76905,405,NL
RR,Uyar,NDB,55.8167,94.3,300,RU
RRC,Ranchi,VOR-DME,23.3087,85.3266,116900,IN
RRJ,Oranj,NDB,38.5278,-86.5278,368,US
RRL,Merrill,NDB,45.1986,-89.7043,257,US
RRP,Raipur,VOR-DME,21.1803,81.7456,116100,IN
RRS,Wiregrass,VORTAC,31.2844,-85.4312,111600,US
RRX,Darr,NDB,40.8445,-99.8562,326,US
RS,Roest,VOR-DME,67.5276,12.1005,113500,NO
RS,Rodrigues,NDB,-19.7599,63.3604,302,MU
RS,Roros,NDB,62.5798,11.3349,336,NO
RS,Rosario,NDB,14.4048,120.865,285,PH
RS,Barajas,NDB,40.3894,-3.56226,326,ES
RS,Rashivka,NDB,50.2132,33.8833,672,UA
RS,Mingo,NDB,43.8544,-92.4117,329,US
RS,Muffe,NDB,26.4843,-81.8346,336,US
RS,Dunca,NDB,42.2744,-72.0199,279,US
RSE,Rishiri,VOR-DME,45.2457,141.187,114600,JP
RSG,Rocksprings,VORTAC,30.0146,-100.3,111200,US
RSH,Rush,NDB,53.5119,-6.11053,326,IE
RSK,Rattlesnake,VORTAC,36.7484,-108.099,115300,US
RSR,Ramsar,NDB-DME,36.9035,50.6804,332,IR
RST,Rasht,VOR-DME,37.3264,49.6158,112600,IR
RST,Rochester,VOR-DME,43.7829,-92.5969,112000,US
RST,Rasht,NDB,37.3208,49.6162,393,IR
RSV,Robinson,VOR-DME,39.0181,-87.6486,108400,US
RSW,Lee Co,VORTAC,26.5299,-81.7758,111800,US
RSY,Rennesoy,NDB,59.1332,5.6419,378,NO
RSY,Robeson,NDB,34.6135,-79.0598,359,US
RT,Rankin Inlet,NDB,62.8253,-92.1094,284,CA
RT,Ratanakiri,NDB,13.73,106.987,348,KH
RT,Rurutu,NDB,-22.4333,-151.367,283,PF
RT,Rawalakot,NDB,33.8477,73.7992,295,PK
RT,Kyakhta,NDB,50.35,106.467,695,RU
RT,Ras Tanura,NDB,26.7167,50.0,286,SA
RTA,Reconquista,VOR-DME,-29.2086,-59.6825,117100,AR
RTB,Rothenbach,NDB,49.4827,11.2529,415,DE
RTI,Rottnest Island,NDB,-32.0042,115.545,317,AU
RTM,Rotterdam,VOR-DME,51.9737,4.48097,110400,NL
RTN,Romorantin,NDB,47.3198,1.68803,301,FR
RTT,Rattenberg,NDB,47.4309,11.9401,303,AT
RU,Cape Martyr,NDB,74.6753,-94.9303,391,CA
RU,Raiatea,NDB,-16.7214,-151.467,372,PF
RU,Garys,NDB,29.9588,-97.949,272,US
RU,Rovdy,NDB,35.7331,-80.4896,275,US
RUB,Rubelsanto,NDB,15.992,-90.4489,260,GT
RUD,Skupowo,VOR-DME,52.8305,23.7071,115100,PL
RUE,Russellville,NDB,35.2571,-93.0946,379,US
RUG,Rugby,NDB,-34.3868,148.97501,257,AU
RUG,Rugby,NDB,48.3879,-100.027,212,US
RUS,Rusko,VOR-DME,60.5152,22.2565,115500,FI
RUS,Ruse,NDB,43.65,25.9833,415,BG
RUS,Rudeshur,NDB,35.4451,50.9013,275,IR
RUS,Reus,NDB,41.1478,1.14614,424,ES
RUT,Rutland,VOR-DME,43.5266,-72.9507,111000,US
RUV,Rushsylvania,NDB,40.4589,-83.668,326,US
RV,Stroh,NDB,40.6147,-77.7179,407,US
RV,Rivera,NDB,-30.9873,-55.4894,260,UY
RVA,Rivera,NDB,-31.0103,-55.5133,305,UY
RVB,Riverbend,NDB,45.55,-100.41,407,US
RVJ,Prison,NDB,32.0577,-82.1524,424,US
RVK,Roervik,VOR-DME,64.8375,11.1468,112700,NO
RVN,Rogersville,NDB,36.4559,-82.8844,329,US
RW,Tegel West,NDB,52.5451,13.151,392,DE
RW,Rostov-Na-Donu,NDB,47.2917,39.8667,320,RU
RW,Maryino,NDB,55.7,38.2167,493,RU
RW,Rivne,NDB,50.628,26.0815,330,UA
RW,Jambe,NDB,35.7677,-77.9646,235,US
RW,Kirbe,NDB,38.7008,-76.8702,360,US
RWF,Redwood Falls,VOR-DME,44.4672,-95.1283,113300,US
RWL,Rawlins,VOR-DME,41.8048,-107.204,109400,US
RWO,Woody Island,NDB,57.7745,-152.323,394,US
RWY,Isle Of Man,NDB,54.0811,-4.62289,359,GB
RY,Mount Mary,VOR-DME,-44.1351,170.28101,112500,NZ
RY,Rajahmundry,NDB,17.1097,81.8199,366,IN
RYB,Raymond,NDB,32.3015,-90.4115,375,US
RYD,Villa Reynolds,VOR-DME,-33.7286,-65.3811,115700,AR
RYD,Villa Reynolds,NDB,-33.7244,-65.3858,335,AR
RYG,Rygge,TACAN,59.3792,10.7796,113500,NO
RYM,Camp Ripley,TACAN,46.091,-94.355,111100,US
RYN,Rayong,VOR-DME,12.7801,101.678,112500,TH
RYN,Ryan,NDB,32.1384,-111.162,338,US
RYS,Grosse Ile,NDB,42.1012,-83.153,419,US
RYV,Rock River,NDB,43.1737,-88.7253,371,US
RZ,Rzeszow,NDB,50.1087,22.134,474,PL
RZ,Sharanga,NDB,57.1833,46.5167,643,RU
RZC,Razorback,VORTAC,36.2464,-94.1214,116400,US
RZE,Rzeszow,VOR-DME,50.1099,22.0989,116200,PL
RZL,Rensselaer,NDB,40.947,-87.1836,362,US
RZN,Siren,VOR-DME,45.8204,-92.3745,109400,US
RZO,Marengo,NDB,32.4143,-88.0153,391,US
RZS,San Marcus,VORTAC,34.5095,-119.771,114900,US
RZT,Ross Co,NDB,39.4382,-83.0288,236,US
RZZ,Rapids,NDB,36.4409,-77.7083,407,US
S,Stepanavan,NDB,41.0361,44.3562,602,AM
S,Sofia,NDB,42.6944,23.4356,335,BG
S,Ust Kamenogorsk,NDB,50.0221,82.5195,708,KZ
S,Semipalatinsk,NDB,50.3541,80.2736,850,KZ
S,Uralsk,NDB,51.1397,51.5203,214,KZ
S,Bydgoszcz,NDB,53.0997,18.0125,109,PL
S,Gdansk,NDB,54.3677,18.5059,383,PL
S,Shenkursk,NDB,62.1167,42.9,312,RU
S7,Hanover,NDB,44.1623,-81.0604,268,CA
SA,Saurimo,NDB,-9.66227,20.3996,367,AO
SA,Stanley,NDB,-51.6879,-57.7739,305,FK
SA,Skagi,NDB,64.3056,-21.9714,379,IS
SA,Soroako,NDB,-2.53194,121.358,205,ID
SA,Sangata,NDB,0.38389,117.543,330,ID
SA,Sambava,NDB,-14.2787,50.1772,376,MG
SA,Sorreisa,NDB,69.1027,18.1945,338,NO
SA,Mielec,NDB,50.3222,21.5011,296,PL
SA,Elista,NDB,46.38,44.27,311,RU
SA,Saratov,NDB,51.5767,46.025,479,RU
SA,Santander,NDB,43.435,-3.8499,416,ES
SA,Execc,NDB,38.4497,-121.546,356,US
SA,Mavis,NDB,32.1299,-81.3315,368,US
SA,Bluie,NDB,29.4746,-98.5186,219,US
SA,Namangan,NDB,40.9833,71.6,329,UZ
SA,Sanaa,NDB,15.4533,44.22,375,YE
SAA,Sanaa,VOR-DME,15.5,44.2206,116100,YE
SAA,Saratoga,NDB,41.445,-106.832,266,US
SAB,St.aAbs,VOR-DME,55.9075,-2.20639,112500,GB
SAB,Sabiha Gokcen,NDB,40.8994,29.3203,347,TR
SAC,Sacramento,VORTAC,38.4436,-121.552,115200,US
SAC,Sacheon,VOR-DME,35.098,128.077,115100,KR
SAD,Sandsund,NDB,68.0876,13.637,348,NO
SAD,Saarbrucken,DME,49.2125,7.11607,116750,DE
SAE,Searle,VOR-DME,41.1191,-101.776,110200,US
SAF,Santa Fe,VORTAC,35.5405,-106.065,110600,US
SAG,Sajohidveg,VOR-DME,48.008,20.9963,114400,HU
SAG,Sajohidveg,NDB,47.9972,20.9877,390,HU
SAH,In Salah,NDB,27.2553,2.51275,373,DZ
SAH,Sanaa,NDB,15.3927,44.2187,395,YE
SAI,Sri Sathya Sai,NDB,14.1499,77.7846,241,IN
SAJ,San Jose,VOR-DME,12.3603,121.043,117100,PH
SAK,Smith Lake,NDB,48.1083,-114.461,515,US
SAL,Salon,TACAN,43.6118,5.10281,115150,FR
SAL,Salta,VOR-DME,-24.8523,-65.4839,116700,AR
SAL,Salinas,NDB,-32.9857,-71.5339,390,CL
SAL,Sal,NDB,16.7018,-22.9487,274,CV
SAL,Salon,NDB,43.6106,5.10111,334,FR
SAL,Sali,NDB,43.9379,15.1681,421,HR
SAM,Samos,VOR-DME,37.6866,26.9071,111600,GR
SAM,Sampla,VOR-DME,28.8225,76.8238,117000,IN
SAM,Southampton,VOR-DME,50.9553,-1.345,113350,GB
SAM,Samsville,VOR-DME,38.4852,-88.0858,116600,US
SAN,San Fernando,VOR,16.7284,120.358,114500,PH
SAN,Santorini,TACAN,36.3975,25.4819,116400,GR
SAN,Seosan,TACAN,36.7101,126.482,111500,KR
SAN,San Antonio Oeste,NDB,-40.7647,-65.0342,220,AR
SAN,Santo Angelo,NDB,-28.2793,-54.1719,280,BR
SAN,Salalah,NDB,17.0285,54.0858,310,OM
SAP,San Pedro,NDB,4.77,-6.64944,330,CI
SAR,Sarajevo,VORTAC,43.8248,18.3341,108850,BA
SAR,Sparta,NDB,38.1453,-89.7023,239,US
SAT,San Antonio,VORTAC,29.644,-98.4613,116800,US
SAT,St Athan,TACAN,51.4064,-3.43497,114800,GB
SAT,Eleftherios Venizelos,VOR-DME,37.9167,23.9142,109600,GR
SAT,Satu Mare,VOR-DME,47.7274,22.8939,108400,RO
SAT,Santos,NDB,-23.9833,-46.2633,375,BR
SAT,Satu Mare,NDB,47.7236,22.8925,365,RO
SAU,Sauveterre,VOR,44.6768,-0.15292,116800,FR
SAU,Sausalito,VORTAC,37.8553,-122.523,116200,US
SAU,Siauliai,VOR-DME,55.879,23.4164,115200,LT
SAV,Savannah,VORTAC,32.1463,-81.1991,115950,US
SAV,Salinas,VOR-DME,-2.21972,-80.9733,114100,EC
SAV,Saverne,VOR-DME,48.7962,7.44798,110450,FR
SAV,Savannakhet,VOR-DME,16.5617,104.766,113500,LA
SAV,Savannakhet,NDB,16.5531,104.76,290,LA
SAV,Saveh,NDB-DME,35.0186,50.3714,408,IR
SAW,Sawyer,VOR-DME,46.3589,-87.3972,117100,US
SAX,Sparta,VORTAC,41.0675,-74.5383,115700,US
SAY,Stornoway,NDB-DME,58.2155,-6.32908,431,GB
SAZ,Sarzana,TACAN,44.0756,9.93889,111100,IT
SAZ,Staples,NDB,46.3823,-94.8049,257,US
SB,Sudbury,NDB,46.6481,-80.9228,362,CA
SB,Hexi,NDB,27.7367,102.163,319,CN
SB,Luogang,NDB,31.84,117.233,232,CN
SB,Assab,NDB,13.0659,42.6454,345,ER
SB,Sambailo,NDB,12.5727,-13.3585,395,GN
SB,Selardalur,NDB,65.7886,-23.9908,310,IS
SB,Surabaya,NDB,-7.38623,112.78,325,ID
SB,Baruun-Urt,NDB,46.6719,113.285,330,MN
SB,Sibi,NDB,29.5695,67.8471,208,PK
SB,Sambek,NDB,47.75,39.8,414,RU
SB,Petis,NDB,34.0565,-117.366,397,US
SB,Misha,NDB,41.7057,-86.219,341,US
SB,Colbe,NDB,38.2787,-75.4058,278,US
SBA,Subic Bay,VOR-DME,14.7696,120.225,113500,PH
SBB,Santa Barbara De Barinas,NDB,7.80781,-71.1651,336,VE
SBD,Sabadell,NDB,41.5194,2.10305,367,ES
SBG,Salzburg,VOR-DME,48.0026,12.8928,113800,AT
SBG,Strathbogie,NDB,-36.8528,145.73801,413,AU
SBG,Salzburg,NDB,47.9675,12.8941,382,AT
SBG,Santa Barbara,NDB,-16.5805,-49.6982,230,BR
SBH,Sabiha Gokcen,VOR-DME,40.8997,29.3204,108800,TR
SBH,Sumburgh,NDB,59.8824,-1.29483,351,GB
SBI,Sabine Pass,VOR-DME,29.6867,-94.038,115400,US
SBI,Rabat,NDB,34.1764,-6.66428,332,MA
SBJ,Solberg,VOR-DME,40.583,-74.7417,112900,US
SBN,Saarbrucken,NDB,49.2189,7.11834,343,DE
SBQ,Scobey,NDB,33.8912,-89.8745,245,US
SBR,Surabaya,VOR-DME,-7.37394,112.771,113400,ID
SBS,Steamboat Springs,NDB,40.4702,-106.83,245,US
SBU,Blue Earth,NDB,43.597,-94.0968,332,US
SBV,South Boston,VORTAC,36.675,-79.0145,110400,US
SBX,Shelby,NDB,48.541,-111.862,347,US
SBY,Salisbury,VORTAC,38.345,-75.5106,111200,US
SBY,Strubby,NDB,53.31,0.17617,330,GB
SBZ,Sabzevar,VOR-DME,36.1698,57.571,117000,IR
SBZ,Sabzevar,NDB,36.1718,57.5934,255,IR
SC,Shache,NDB,38.4333,77.2667,569,CN
SC,Secunda,NDB,-26.5225,29.2122,407,ZA
SC,South Caicos,NDB,21.5125,-71.5375,260,TC
SC,Jotly,NDB,37.8317,-121.135,271,US
SCA,Salamanca,NDB,40.9272,-5.61659,423,ES
SCB,Sorocaba,VOR-DME,-23.507,-47.3782,115200,BR
SCB,Scribner,VOR-DME,41.6053,-96.6286,111000,US
SCB,Sorocaba,NDB,-23.4832,-47.4847,350,BR
SCC,Deadhorse,VOR-DME,70.1992,-148.416,113900,US
SCD,Sylacauga,NDB,33.1742,-86.3182,284,US
SCH,Shache,VOR-DME,38.4283,77.24,113300,CN
SCH,Sokcho,VOR-DME,38.1478,128.601,111000,KR
SCL,Saint Christol,NDB,44.0507,5.50347,348,FR
SCN,Sacheon,TACAN,35.0976,128.078,110000,KR
SCO,Pisco,VOR-DME,-13.7389,-76.2131,114100,PE
SCO,Scone,NDB,-32.0347,150.83099,209,AU
SCO,Pisco,NDB,-13.7367,-76.2189,355,PE
SCO,Scobey,NDB,48.8086,-105.436,283,US
SCP,Sao Jose,VOR-DME,-23.2463,-45.8542,112800,BR
SCR,Santa Cruz,VOR-DME,-22.9496,-43.7277,113600,BR
SCR,Southern Cross,NDB,-31.2322,119.356,221,AU
SCR,Santa Cruz,NDB,-22.9438,-43.7172,255,BR
SCR,San Cristobal,NDB,-0.90944,-89.6161,300,EC
SCT,Socotra,NDB,12.6302,53.908,280,YE
SCV,San Cristobal,VOR-DME,-0.90611,-89.6192,113100,EC
SCV,Suceava,VOR-DME,47.6723,26.3608,112300,RO
SCZ,Santa Cruz,NDB,-50.0217,-68.5794,245,AR
SD,Saidpur,NDB,25.7645,88.9097,268,BD
SD,Sandane,NDB,61.8458,6.03491,408,NO
SD,Skardu,NDB,35.3491,75.5314,247,PK
SD,Nizhnaya Tavda,NDB,57.6667,66.2,305,RU
SDA,Seida,VOR-DME,70.2343,28.0702,113600,NO
SDA,Shenandoah,NDB,40.7517,-95.4075,411,US
SDD,Schonefeld,DME,52.3745,13.5037,114400,DE
SDE,Santiago Del Estero,VOR,-27.7794,-64.3181,114800,AR
SDE,Sendai,VOR-DME,38.1386,140.92101,116300,JP
SDG,St Denis Gillot,VOR-DME,-20.8848,55.5098,112900,RE
SDI,Saint-Dizier,TACAN,48.637,4.88919,114000,FR
SDI,Saint-Dizier,NDB,48.629,4.91067,373,FR
SDL,Scottsdale,NDB,33.6291,-111.908,224,US
SDM,Alger,VOR,36.6307,2.97427,113900,DZ
SDM,Sydenham,NDB,-33.9153,151.16701,266,AU
SDO,Sod House,VORTAC,41.4071,-118.035,114300,US
SDP,Saidpur,VOR,25.7545,88.9099,115800,BD
SDR,Snyder,NDB,32.7014,-100.946,359,US
SDS,Dakar,NDB,14.7167,-17.4833,323,SN
SDY,Sidney,NDB,47.7114,-104.182,359,US
SDZ,Sandhills,VORTAC,35.2154,-79.588,111800,US
SE,Selfoss,NDB,63.9289,-21.0342,397,IS
SE,Serov,NDB,59.55,60.5667,490,RU
SE,Pollk,NDB,32.2698,-86.9276,344,US
SEA,Seattle,VORTAC,47.4354,-122.31,116800,US
SEB,Sebha,VOR-DME,26.9696,14.4936,114700,LY
SEB,Sebha,NDB,27.0145,14.4988,283,LY
SEG,Selinsgrove,VORTAC,40.7908,-76.884,110400,US
SEL,Anyang,VORTAC,37.4139,126.929,115500,KR
SEL,Seletar,NDB,1.41653,103.865,220,SG
SEL,Efes,NDB,37.9494,27.3392,424,TR
SEO,Seo De Urgel,NDB,42.2322,1.40352,340,ES
SEP,Seppi,NDB,63.1273,21.7107,357,FI
SER,La Serena,VOR-DME,-29.9155,-71.197,116500,CL
SER,La Serena,NDB,-29.9089,-71.217,305,CL
SES,Genova Sestri,VOR-DME,44.4172,8.82361,108600,IT
SEY,Shenyang,VOR-DME,41.6383,123.48,114100,CN
SEY,Seychelles,VOR-DME,-4.6769,55.5331,113100,SC
SEY,Sandy Point,VOR-DME,41.1674,-71.5761,117800,US
SEY,Seychelles,NDB,-4.61759,55.4395,373,SC
SF,Sofia,NDB,42.6981,23.3056,529,BG
SF,Sondre Stromfjord,NDB,66.9675,-50.9417,382,GL
SF,Seven Forks,NDB,-0.83603,37.7731,304,KE
SF,Sandefjord,NDB,59.1051,10.2593,283,NO
SF,Springfield,NDB,-35.8855,174.35699,366,NZ
SF,Cherusti,NDB,55.55,40.0,410,RU
SF,Orsk,NDB,51.06,58.5183,385,RU
SF,Simferopol,NDB,45.1042,33.9915,588,UA
SF,Brijj,NDB,37.5722,-122.26,379,US
SF,Yuson,NDB,48.1233,-103.511,275,US
SFB,Sanford,NDB,28.7849,-81.2433,408,US
SFC,Saint Flour/Coltines,VOR,45.0665,2.99075,109800,FR
SFD,Seaford,VOR-DME,50.7606,0.12194,117000,GB
SFD,San Fernando De Apure,VOR-DME,7.88556,-67.4373,112100,VE
SFD,San Fernando De Apure,NDB,7.88389,-67.4431,333,VE
SFF,Felts,NDB,47.6862,-117.312,365,US
SFH,Sheffield City,DME,53.393,-1.38314,111350,GB
SFI,Safi,NDB,32.2975,-9.165,395,MA
SFK,Stonyfork,VOR-DME,41.6953,-77.4199,108600,US
SFL,Salt Flat,VORTAC,31.7481,-105.087,113000,US
SFL,Stonefield (DECOMMISSIONED),NDB,-34.3922,139.35001,257,AU
SFO,San Francisco,VOR-DME,37.6195,-122.374,115800,US
SFS,Subic Bay,NDB,14.7748,120.224,366,PH
SFX,Sfax,VOR,34.7161,10.6889,114000,TN
SFZ,Central,NDB,41.9191,-71.4886,241,US
SG,Yijun,NDB,35.38,109.112,387,CN
SG,Stuttgart,NDB,48.7113,9.33504,306,DE
SG,Sangaredi,NDB,11.1284,-13.8349,332,GN
SG,Susilo,NDB,0.0675,111.467,405,ID
SG,Sinabang,NDB,2.41042,96.3259,398,ID
SG,Tanah Grogot,NDB,-1.83708,116.062,202,ID
SG,Songarh,NDB,21.1674,73.5659,358,IN
SG,Mirny,NDB,62.5617,114.122,385,RU
SG,Sg,NDB,25.0704,121.53,310,TW
SG,Songea,NDB,-10.6798,35.5877,352,TZ
SG,Depre,NDB,44.3985,-88.1329,332,US
SG,Coole,NDB,37.1803,-93.4171,404,US
SG,Doman,NDB,35.5552,-106.14,341,US
SG,Tansonnhat,NDB,10.8549,106.752,326,VN
SGA,San Jose,NDB,13.9337,-90.8614,425,GT
SGA,Seguela,NDB,7.9581,-6.64668,397,CI
SGC,Gabriel,VOR-DME,-0.15067,-66.9852,115400,BR
SGC,Gabriel,NDB,-0.14983,-66.9925,215,BR
SGD,Scaggs Island,VORTAC,38.1794,-122.373,112100,US
SGD,Sheik Elgunied,VOR-DME,15.6283,33.0728,115700,SD
SGD,Stuttgart,DME,48.6879,9.22411,115450,DE
SGE,Saga,VOR-DME,33.1486,130.293,114750,JP
SGE,St George,NDB,-28.0472,148.597,383,AU
SGF,Springfield,VORTAC,37.3559,-93.334,116900,US
SGH,Springfield,VOR-DME,39.8365,-83.845,113200,US
SGJ,St Augustine,VOR-DME,29.9567,-81.3304,109400,US
SGO,Santiago,VOR-DME,19.4073,-70.6038,114900,DO
SGO,Sagunto,NDB,39.6742,-0.20781,356,ES
SGR,Sagres,VOR-DME,37.0839,-8.94639,113900,PT
SGR,Porto Seguro,NDB,-16.4417,-39.0825,385,BR
SGR,Hull,NDB,29.6324,-95.656,388,US
SGT,Singleton,NDB,-32.5522,151.258,290,AU
SGT,Stuttgart,NDB,34.6645,-91.5918,269,US
SH,Slope Hill,VOR-DME,-44.9841,168.783,113600,NZ
SH,Salekhard,VOR-DME,66.5883,66.6067,113300,RU
SH,Simla,NDB,31.0862,77.067,398,IN
SH,Shobdon,NDB,52.2434,-2.87984,426,GB
SH,Shyriaieve,NDB,47.4031,30.2783,389,UA
SH,Staut,NDB,38.2018,-78.9573,375,US
SH,Crakk,NDB,32.5018,-93.8781,230,US
SHA,Sharurah,VORTAC,17.4702,47.1339,114300,SA
SHA,Hongqiao,VOR-DME,31.2,121.332,117200,CN
SHA,Shannon,VOR-DME,52.721,-8.88521,113300,IE
SHB,Shelbyville,VORTAC,39.6326,-85.8243,112000,US
SHD,Scotstown Head,NDB,57.5592,-1.81722,383,GB
SHD,Sahand,NDB-DME,37.346,46.1427,363,IR
SHD,Schwabisch,DME,49.1165,9.77816,108050,DE
SHH,Shishmaref,NDB,66.2582,-166.05299,365,US
SHJ,Sharjah,VOR-DME,25.3303,55.5206,112300,AE
SHK,Shekou,VOR-DME,22.4983,113.902,115900,CN
SHL,Shilong,VOR-DME,23.09,113.853,115700,CN
SHL,Sheldon,NDB,43.2141,-95.8338,338,US
SHM,Sharm El Sheikh,VOR-DME,27.9981,34.4133,114200,EG
SHP,Sheppard,TACAN,33.9826,-98.4873,110800,US
SHR,Sheridan,VORTAC,44.8423,-107.061,115300,US
SHR,Shangrao,VOR-DME,28.4167,117.967,114000,CN
SHR,Shahroud,NDB,36.4344,55.1386,268,IR
SHT,Shimofusa,TACAN,35.8019,140.00999,108200,JP
SHT,Sitia,VOR-DME,35.2186,26.1068,112900,GR
SHT,Shepparton,NDB,-36.4284,145.396,212,AU
SHU,Schupberg,NDB,47.0218,7.39194,357,CH
SHY,Shuyuan,VOR-DME,30.95,121.862,113600,CN
SHY,Sunshine,VOR-DME,38.0406,-92.6024,108400,US
SHZ,Shengzhou,VOR-DME,29.5967,120.813,113400,CN
SI,Salzburg,NDB,47.8186,12.9877,410,AT
SI,Shaikh Isa,NDB,25.8943,50.6037,343,BH
SI,Simiutaq,NDB,60.6817,-46.5961,279,GL
SI,Siguiri,NDB,11.4011,-9.18681,282,GN
SI,Sarmi,NDB,-1.87348,138.754,255,ID
SI,Ust Kamenogorsk,NDB,50.006,82.5487,345,KZ
SI,Lusikisi,NDB,-31.2833,29.5167,200,ZA
SI,Harare,NDB,-17.9538,31.0699,330,ZW
SIA,Shaikh Isa,VORTAC,25.9218,50.5905,117600,BH
SIA,Xianyang,VOR-DME,34.4467,108.75,115300,CN
SIA,Sangster,VOR-DME,18.501,-77.9241,115700,JM
SIB,Sibiu,NDB,45.785,24.1526,381,RO
SIE,Sea Isle,VORTAC,39.0955,-74.8003,114800,US
SIE,Siena,VOR-DME,43.2528,11.2531,110200,IT
SIE,Shigi,VOR-DME,34.6284,135.662,111600,JP
SIE,Siedlce,VOR-DME,52.1554,22.2008,114700,PL
SIE,Somosierra,VOR-DME,41.1517,-3.60467,115400,ES
SIF,Slammer,NDB,36.3822,-79.7633,423,US
SIG,Sigonella,TACAN,37.3959,14.971,111600,IT
SIG,Sigdal,VOR-DME,60.0151,9.63006,117700,NO
SIG,Sigonella,NDB,37.3958,14.9715,412,IT
SIK,Sikeston,NDB,36.8878,-89.5648,272,US
SIL,Siegerland,NDB,50.68,8.1385,489,DE
SIM,Simara,NDB,27.1658,84.9833,246,NP
SIN,Sinko,VOR-DME,41.9808,22.3656,111450,MK
SIN,Sinop,VOR-DME,42.0222,35.0767,114000,TR
SIN,Sinop,NDB,42.0222,35.0767,465,TR
SIO,Sion,VOR-DME,46.2155,7.28878,112150,CH
SIR,Sirri Island,VOR-DME,25.9142,54.5365,113750,IR
SIR,Siem Reap,NDB,13.3981,103.803,441,KH
SIR,Sirri Island,NDB,25.9034,54.5401,300,IR
SIR,Sinclair,NDB,41.802,-107.092,368,US
SIS,San Isidro,VOR,18.5044,-69.7625,114500,DO
SIS,Resistencia,VOR-DME,-27.4469,-59.0572,115100,AR
SIS,Resistancia,NDB,-27.4642,-59.0697,285,AR
SIS,Puerto Asis,NDB,0.55167,-76.5014,330,CO
SIT,Sitia,VOR-DME,35.0684,26.1891,113300,GR
SIT,Sitka,NDB,56.8546,-135.534,358,US
SIV,Sivas,VOR-DME,39.7894,36.8933,114200,TR
SIV,Sivas,NDB,39.7894,36.8933,310,TR
SIV,Sullivan,NDB,39.1136,-87.4468,326,US
SIX,Pinang Sore,VOR-DME,1.55227,98.8914,114300,ID
SJ,Sinjon,VOR-DME,1.22259,103.854,113500,SG
SJ,Saint John,NDB,45.3917,-65.8188,212,CA
SJ,Patty,NDB,18.4089,-66.0896,330,PR
SJ,Woole,NDB,31.2799,-100.576,356,US
SJA,Senja,NDB,69.1614,17.8159,414,NO
SJC,San Jose,VOR-DME,37.3747,-121.945,114100,US
SJD,Cabos,VOR-DME,23.1462,-109.722,114000,MX
SJE,San Jose Del Guaviare,VOR-DME,2.57283,-72.6338,113300,CO
SJE,Shimojishima,VOR-DME,24.8219,125.144,117100,JP
SJI,Semmes,VORTAC,30.726,-88.3593,115300,US
SJM,San Juan De Manapiare,NDB,5.31889,-66.0495,265,VE
SJN,San Juan,VOR,-15.2406,-75.1042,117100,PE
SJN,St Johns,VORTAC,34.4241,-109.144,112300,US
SJO,San Jose,VOR-DME,13.935,-90.8517,114100,GT
SJT,San Angelo,VORTAC,31.375,-100.455,115100,US
SJU,San Juan,VORTAC,18.4463,-65.9895,114000,PR
SJU,San Julian,VOR-DME,-49.3098,-67.8129,117700,AR
SJV,San Javier,NDB,-16.3308,-62.6058,164,BO
SJW,Zhengding,VOR-DME,38.28,114.702,117700,CN
SJX,St James,NDB,45.6933,-85.5587,382,US
SJY,San Jacinto,NDB,33.7949,-116.999,227,US
SK,Sierra-Kilo,NDB,67.4718,26.5669,368,FI
SK,Leipzig,NDB,51.4348,12.1167,434,DE
SK,S.kKaljevec,NDB,45.8058,16.1647,350,HR
SK,Pinang Sore,NDB,1.555,98.8903,215,ID
SK,Shinoda,NDB,34.4913,135.444,219,JP
SK,Sokcho,NDB,38.1361,128.59801,378,KR
SK,Uralsk,NDB,51.1231,51.4867,442,KZ
SK,Sukkur,NDB,27.7223,68.7961,375,PK
SK,Songkhla,NDB,7.18806,100.604,410,TH
SK,Sokode,NDB,8.99675,1.15223,302,TG
SK,Sk,NDB,22.5778,120.326,330,TW
SKA,Fairchild,TACAN,47.6107,-117.662,111400,US
SKA,Sakaras,VOR-DME,27.8484,77.0082,117200,IN
SKA,Skelleftea,VOR-DME,64.6267,21.0793,113400,SE
SKB,Scotland,NDB,33.7901,-98.4864,344,US
SKB,Bradshaw,NDB-DME,17.2959,-62.7434,325,KN
SKC,Skiathos,NDB,39.1742,23.5008,326,GR
SKD,Shahre Kord,VOR-DME,32.2798,50.8549,117300,IR
SKD,Shahre Kord,NDB,32.3055,50.8386,376,IR
SKD,Skaudvile,NDB,55.4169,22.5928,372,LT
SKE,Scott,TACAN,38.5454,-89.8516,112200,US
SKE,Shinoda,VOR-DME,34.4919,135.448,112300,JP
SKG,Skagen,VOR-DME,68.5784,15.0349,112800,NO
SKG,Kedougou,NDB,12.5663,-12.2165,320,SN
SKH,Sharm El Sheikh,NDB,27.97,34.3803,335,EG
SKI,Skien,VOR-DME,59.188,9.57029,113600,NO
SKI,Sac City,NDB,42.3805,-94.9825,356,US
SKJ,Skopje,VOR-DME,41.935,21.6306,112800,MK
SKK,Kaolack,NDB,14.1571,-16.0419,350,SN
SKL,Skopelos,TACAN,39.1812,23.6113,108700,GR
SKL,Songkhla,VOR-DME,7.18879,100.604,113500,TH
SKN,Sakon Nakhon,VOR-DME,17.2141,104.137,114200,TH
SKN,Cap Skiring,NDB,12.3866,-16.7428,398,SN
SKN,Hurricane,NDB,35.9841,-85.8081,256,US
SKO,Sikasso,VOR-DME,11.5922,-5.81575,116500,ML
SKP,Skopelos,VOR-DME,39.1808,23.6158,113400,GR
SKR,Skrydstrup,VORTAC,55.2289,9.21406,110400,DK
SKR,Shaker Hill,NDB,42.4557,-71.1785,251,US
SKS,Skiros,VOR-DME,38.9774,24.4901,116600,GR
SKT,Surkhet,NDB,28.5878,81.635,387,NP
SKX,Ski,NDB,36.4578,-105.676,414,US
SKY,Skyros,TACAN,38.9761,24.4917,116100,GR
SKY,Sandusky,VOR-DME,41.4345,-82.6548,109200,US
SL,Maguohe,NDB,25.4483,103.292,307,CN
SL,Svinafell,NDB,64.3836,-15.3867,360,IS
SL,Selayar,NDB,-6.16667,120.433,337,ID
SL,Bydgoszcz,NDB,53.1031,18.0531,534,PL
SL,Khomutovo,NDB,46.8333,142.713,505,RU
SL,Sukhodol,NDB,53.9,51.1833,515,RU
SL,Solodniki,NDB,48.4,45.3,644,RU
SL,Freetown Lungi,NDB,8.60658,-13.1677,270,SL
SL,Flory,NDB,38.6815,-97.6451,344,US
SL,Turno,NDB,44.8474,-122.951,266,US
SL,Briel,NDB,44.4768,-74.1241,395,US
SL,Solera,NDB,-17.1864,29.5294,341,ZW
SLB,Solberg,NDB,60.0125,10.9739,414,NO
SLB,Storm Lake,NDB,42.6004,-95.2443,434,US
SLC,Sliac,VOR-DME,48.4532,19.1159,114000,SK
SLD,Siegerland,DME,50.7068,8.07851,108050,DE
SLG,Sligo,NDB-DME,54.2787,-8.59111,384,IE
SLI,Seal Beach,VORTAC,33.7833,-118.055,115700,US
SLI,Sao Luis,VOR-DME,-2.58917,-44.24,113500,BR
SLI,Sao Luis,NDB,-2.58183,-44.2362,280,BR
SLI,San Luis,NDB,0.85599,-77.675,244,CO
SLK,Saranac Lake,VOR-DME,44.3846,-74.2045,109200,US
SLL,Salalah,VOR-DME,17.0444,54.0942,112300,OM
SLL,Sabadell,VOR-DME,41.5199,2.10975,112000,ES
SLM,Lucia,VOR-DME,19.7428,-99.0298,116600,MX
SLN,Salina,VORTAC,38.9251,-97.6214,117100,US
SLN,Schonefeld,NDB,52.3926,13.57,362,DE
SLO,Solo,VOR-DME,-7.50772,110.794,116300,ID
SLO,Saint Louis,NDB,16.0491,-16.4571,355,SN
SLO,Salem,NDB,38.644,-88.9674,400,US
SLP,Potosi,VOR-DME,22.2564,-100.93,117200,MX
SLP,Sleap,NDB,52.8336,-2.77361,382,GB
SLP,First River,NDB,35.2527,-81.5988,417,US
SLR,Sulphur Springs,VOR-DME,33.1986,-95.5426,109000,US
SLS,Salinas,VOR-DME,-11.2876,-77.5625,114700,PE
SLS,Shellys,NDB,-34.7085,150.004,353,AU
SLS,Salinas,NDB,-2.20056,-80.9892,415,EC
SLT,Slate Run,VORTAC,41.5128,-77.9701,113900,US
SLT,Sylt,NDB,54.8569,8.40998,387,DE
SLU,Lulea,VOR-DME,65.5402,22.1343,115100,SE
SLU,Vigie,NDB,14.0141,-61.0061,415,LC
SLV,Soloviivka,VOR-DME,50.1863,29.5701,113300,UA
SLV,Sutherland,VOR,-32.4501,20.6224,113300,ZA
SLV,Spa,NDB,50.4781,5.91306,387,BE
SLW,Saltillo,VOR-DME,25.5461,-100.93,116100,MX
SLW,Smithville,NDB,40.8751,-81.8332,400,US
SLY,Seeley,NDB,46.1121,-91.3847,344,US
SM,Sao Marcos,NDB,-2.4885,-44.3023,300,BR
SM,Fort Smith,NDB,59.9714,-111.857,254,CA
SM,Sisimiut,NDB,66.9515,-53.7025,341,GL
SM,Saumlaki,NDB,-7.99,131.30701,244,ID
SM,Monrovia Spriggs Payne,NDB,6.3262,-10.7333,315,LR
SM,Sainte Marie,NDB,-17.0891,49.8165,290,MG
SM,Kuala Lumpur,NDB,3.08814,101.574,355,MY
SM,Fossmo,NDB,69.0484,18.6001,371,NO
SM,Makhachkala,NDB,42.775,47.685,365,RU
SM,Smolenskaya,NDB,44.7833,38.8,662,RU
SM,Samui,NDB,9.55392,100.06,316,TH
SM,St Mawgan,NDB,50.4481,-4.99455,357,GB
SM,Semenivka,NDB,52.1932,32.5448,435,UA
SM,Metre,NDB,38.795,-121.599,230,US
SMA,Santa Maria,VOR-DME,-29.71,-53.7132,112000,BR
SMA,Santa Maria,NDB,-29.7077,-53.6817,365,BR
SMA,Santa Maria,NDB,36.9967,-25.1756,323,PT
SMA,Saint Marys,NDB,62.0584,-163.29201,230,US
SME,Olbia Costa Smeralda,VOR-DME,40.89,9.50118,113900,IT
SME,Sarmellek,NDB,46.6658,17.1669,428,HU
SME,Olbia Costa Smeralda,NDB,40.8936,9.50229,357,IT
SMF,Simferopol,VOR-DME,45.0514,33.9793,116600,UA
SMF,Sheffield City,NDB,53.3926,-1.38314,333,GB
SMG,St Mawgan,TACAN,50.4345,-5.03025,112600,GB
SMH,Ulundi,NDB,-28.2353,31.4816,458,ZA
SMI,Mitrovica,VOR-DME,45.0095,19.4308,117000,RS
SMI,Smithton,NDB,-40.8332,145.082,248,AU
SMI,Simenti,NDB,13.0496,-13.2998,314,SN
SMK,Shymkent,VOR-DME,42.3586,69.5047,115600,KZ
SML,Abu Simbel,VOR-DME,22.3549,31.622,113500,EG
SMN,Sidi Slimane,VOR-DME,34.2325,-6.05056,115500,MA
SMO,Mateo,VOR-DME,19.5557,-99.2283,112100,MX
SMO,Santa Monica,VOR-DME,34.0102,-118.457,110800,US
SMO,Samos,NDB,37.6853,26.9166,375,GR
SMR,Simara,VOR-DME,27.1642,84.9822,112900,NP
SMR,Houari Boumediene,NDB,36.6929,3.08987,370,DZ
SMR,Cerrito,NDB,-29.7062,-53.7692,210,BR
SMR,Santa Marta,NDB,11.0078,-74.2614,287,CO
SMR,Mitrovica,NDB,44.9994,19.6097,328,RS
SMS,Sumter,NDB,33.9908,-80.36,252,US
SMT,Siu Mo To,VOR-DME,22.3376,113.982,114800,HK
SMT,San Matias,NDB,-16.338,-58.387,330,BO
SMU,Samui,VOR-DME,9.54708,100.062,117600,TH
SMY,Soyya,NDB,30.8716,-85.2249,329,US
SN,St. Catharines,NDB,43.147,-79.2548,408,CA
SN,Saipan,NDB,15.1115,145.71001,312,MP
SN,Sunyani,NDB,7.37748,-2.29957,357,GH
SN,Stagen,NDB,-3.30511,116.175,347,ID
SN,Sandakan,NDB,5.893,117.996,340,MY
SN,Sehwan Sharif,NDB,26.4756,67.7183,338,PK
SN,Sultanskoye,NDB,44.5917,42.6667,866,RU
SN,Sakon Nakhon,NDB,17.197,104.115,365,TH
SN,Sn,NDB,24.1363,120.655,370,TW
SN,Simferopol,NDB,45.0006,33.9562,588,UA
SNE,Moriya,VOR-DME,35.9348,139.981,114000,JP
SNE,Senetose,NDB,41.5578,8.79889,395,FR
SNG,Srinagar,VOR-DME,34.002,74.7546,115900,IN
SNG,San Ignacio De Velasco,NDB,-16.383,-60.9646,250,BO
SNG,Srinagar,NDB,33.9828,74.7823,220,IN
SNI,Santorini,VOR-DME,36.3949,25.4826,110400,GR
SNJ,Sanandaj,VOR-DME,35.2389,47.0078,116500,IR
SNJ,Sanandaj,NDB,35.2637,47.0093,366,IR
SNO,Santo Domingo,VOR-DME,-33.6658,-71.6194,113700,CL
SNO,Santo Domingo,NDB,-33.6511,-71.6128,355,CL
SNO,Santiago,NDB,42.9078,-8.42845,417,ES
SNR,Santander,VOR-DME,43.4498,-3.90241,115300,ES
SNS,Salinas,VORTAC,36.6638,-121.603,117300,US
SNT,San Antonio De Areco,VOR-DME,-34.2194,-59.4356,117700,AR
SNT,Praia,VOR-DME,14.9391,-23.4821,116600,CV
SNT,Porto Santo,VOR-DME,33.0903,-16.3506,114900,PT
SNT,San Antonio De Areco,NDB,-34.2478,-59.4756,340,AR
SNU,Sollenau,VOR-DME,47.8749,16.2884,115500,AT
SNY,Sidney,VORTAC,41.0967,-102.983,115900,US
SO,Soyo,NDB,-6.13333,12.3667,310,AO
SO,Solo,NDB,-7.51491,110.747,255,ID
SO,Songo,NDB,-15.5837,32.7659,290,MZ
SO,Eelde,NDB,53.2153,6.78516,330,NL
SO,Sochi,NDB,43.435,39.91,761,RU
SO,Soroti,NDB,1.72241,33.623,323,UG
SO,Suomi,NDB,46.2622,-87.4161,410,US
SO,Muynak,NDB,43.7667,59.0333,453,UZ
SOA,Soacha,VOR-DME,4.60306,-74.2731,108600,CO
SOA,Sola,TACAN,58.8758,5.63526,112250,NO
SOA,Sonora,NDB,30.5818,-100.647,371,US
SOE,Sonai,VOR-DME,24.4709,123.012,114550,JP
SOF,Sofia,VOR-DME,42.6981,23.3894,112600,BG
SOF,Sofia,NDB,42.6922,23.4667,350,BG
SOG,Sorong,VOR-DME,-0.92313,131.12,114400,ID
SOG,Sogndal,VOR-DME,61.1502,7.15974,114200,NO
SOG,Sogamoso,NDB,5.67694,-72.9678,355,CO
SOK,South Kauai,VORTAC,21.9004,-159.52901,115400,US
SOK,Sokoto,VOR-DME,12.9211,5.22931,113900,NG
SOK,Soknen,NDB,60.2371,9.91528,387,NO
SOL,Seoul,TACAN,37.4288,127.105,110900,KR
SOL,Chongon,NDB,-2.24333,-80.0756,280,EC
SOM,San Tome,VOR-DME,8.94392,-64.1564,116500,VE
SOM,Cerro Sombrero,NDB,-52.7381,-69.3692,225,CL
SOM,San Tome,NDB,8.95225,-64.1434,220,VE
SON,Santo,NDB-DME,-15.5067,167.217,412,VU
SOR,Sorrento,VOR-DME,40.5826,14.3351,112200,IT
SOR,Sorrento,NDB,40.5822,14.3339,426,IT
SOT,Snowbird,VORTAC,35.7901,-83.0524,108800,US
SOW,Show Low,NDB,34.2673,-110.008,206,US
SOY,Sioux Center,NDB,43.133,-96.1898,368,US
SP,Selebi Phikwe,NDB,-22.053,27.8043,303,BW
SP,Sampit,NDB,-2.5043,112.978,305,ID
SP,Sei pPkning,NDB,1.37111,102.139,305,ID
SP,Ramba,NDB,-2.69333,104.112,253,ID
SP,Sarsawa,NDB,29.9999,77.432,298,IN
SP,Sapporo,NDB,43.1688,141.321,357,JP
SP,Semipalatinsk,NDB,50.357,80.3166,418,KZ
SP,Sheikhupura,NDB,31.7007,73.999,317,PK
SP,Pierrefonds/Etang,NDB,-21.2776,55.3623,352,RE
SP,Malinovka,NDB,56.7,85.35,535,RU
SP,St-Pierre,NDB,46.7625,-56.1694,386,PM
SP,Sao Tome,NDB,0.37486,6.71664,330,ST
SP,Huskk,NDB,39.7731,-89.7599,382,US
SP,Shawn,NDB,33.9107,-98.4546,296,US
SP,St-Pierre,DME,46.7664,-56.1697,108900,PM
SPA,Spartanburg,VORTAC,35.0337,-81.9271,115700,US
SPA,Spangdahlem,TACAN,49.979,6.6977,109500,DE
SPA,Eleftherios Venizelos,VOR-DME,37.9178,23.9378,117500,GR
SPA,Sleipner A,NDB-DME,58.3667,1.90694,349,NO
SPB,Sankt-Peterburg,VOR-DME,59.8067,30.285,113400,RU
SPE,Sapporo,VOR-DME,43.1746,141.302,113900,JP
SPE,San Felipe,NDB,10.2847,-68.754,230,VE
SPF,Black Hills,NDB,44.4844,-103.784,300,US
SPG,Simpsons Gap,NDB,-23.7222,133.746,362,AU
SPH,Springhill,NDB,32.9203,-93.4094,375,US
SPI,Spinner,VORTAC,39.8397,-89.6777,112700,US
SPI,Sprimont,VOR-DME,50.5147,5.62333,113100,BE
SPL,Split,VOR-DME,43.4966,16.3047,115700,HR
SPL,Schiphol,VOR-DME,52.3321,4.74988,108400,NL
SPN,Sa Pran Nak,VOR,14.9504,100.642,117300,TH
SPO,San Pedro,VOR-DME,4.75667,-6.65436,114900,CI
SPO,Sao Paulo,NDB,-23.6102,-46.6675,250,BR
SPP,San Andres,VOR-DME,12.5822,-81.7056,113300,CO
SPP,San Andres,NDB,12.5919,-81.7019,387,CO
SPP,Sevilla,NDB,37.4181,-5.79552,420,ES
SPQ,Spain,NDB,35.2015,-90.0515,414,US
SPR,St-Prex,VOR-DME,46.4687,6.44806,113900,CH
SPS,Wichita Falls,VORTAC,33.9873,-98.5935,112700,US
SPW,Spencer,VOR-DME,43.1622,-95.201,110000,US
SPY,Spijkerboor,VOR-DME,52.5403,4.85378,113300,NL
SPY,Saint Paul Island,NDB-DME,57.1578,-170.231,314,US
SQ,Pnthr,NDB,39.7769,-85.1299,227,US
SQA,Sparrevohn,VOR-DME,61.0985,-155.63499,117200,US
SQM,Sumner Strait,NDB,56.4646,-133.097,529,US
SQN,Quintin,VOR-DME,30.5454,-115.956,113300,MX
SQQ,Siauliai,TACAN,55.8904,23.4024,116300,LT
SQS,Sidon,VORTAC,33.4639,-90.2773,114700,US
SQT,Satellite,NDB,28.0995,-80.7008,257,US
SR,Saumur,NDB,47.2595,-0.11436,372,FR
SR,Ensheim,NDB,49.2178,7.21951,360,DE
SR,Shiraz Shahid Dastghaib,NDB,29.5046,52.6715,205,IR
SR,Syktyvkar,NDB,61.695,50.885,345,RU
SR,Pavlovsk,NDB,53.3,83.0,399,RU
SR,Podor,NDB,16.6493,-14.9665,376,SN
SR,Surat Thani,NDB,9.13314,99.1455,338,TH
SR,Serednie,NDB,48.533,22.5149,690,UA
SR,Ringy,NDB,27.3282,-82.4784,245,US
SR,Sergeli,NDB,41.1833,69.2,743,UZ
SRA,San Rafael,VOR,-34.5894,-68.3947,116900,AR
SRA,Sintra,VORTAC,38.8292,-9.34,112100,PT
SRC,Santa Rosa De Conlara,VOR-DME,-32.3736,-65.1833,117500,AR
SRC,Searcy,NDB,35.212,-91.7326,323,US
SRE,Siem Reap,VOR-DME,13.415,103.822,113800,KH
SRE,Sucre,NDB,-19.0124,-65.2919,230,BO
SRE,Seminole,NDB,35.2717,-96.6747,278,US
SRI,Pribilof,NDB-DME,56.5739,-169.64799,399,US
SRJ,Sirjan,VOR-DME,29.5568,55.66,114600,IR
SRJ,San Borja,NDB,-14.8577,-66.7365,270,BO
SRL,Rosalia,VOR-DME,27.3283,-112.27,112600,MX
SRN,Saronno,VOR-DME,45.6468,9.02285,113700,IT
SRN,Strahan,NDB,-42.1528,145.295,257,AU
SRN,Saravan,NDB,27.415,62.3254,415,IR
SRN,Saronno,NDB,45.6461,9.02164,330,IT
SRN,San Carlos De Rio Negro,NDB,1.92278,-67.0576,395,VE
SRQ,Sarasota,VORTAC,27.3978,-82.5543,115200,US
SRS,Sarakhs,NDB,36.4954,61.0741,334,IR
SRT,Surat Thani,TACAN,9.13304,99.1316,113200,TH
SRT,Sirte,VOR-DME,31.0591,16.598,117000,LY
SRT,Siirt,VOR-DME,37.9094,41.8822,114300,TR
SRT,Sirte,NDB,31.1933,16.6,407,LY
SRT,Siirt,NDB,37.9769,41.8436,409,TR
SS,Sassandra,NDB,4.93833,-6.12778,290,CI
SS,Saidu Sharif,NDB,34.8089,72.3522,357,PK
SS,Sishen,NDB,-27.6761,23.0139,273,ZA
SS,Sturup,NDB,55.4601,13.3921,420,SE
SS,Scatsta,NDB,60.4602,-1.21534,316,GB
SS,Sisimiut,DME,66.9506,-53.7323,108150,GL
SSB,Soesterberg,TACAN,52.1283,5.27556,115800,NL
SSB,Sikandrabad,VOR-DME,28.3934,77.7081,112400,IN
SSB,San Sebastian,NDB,9.95919,-67.1509,318,VE
SSC,Shaw,TACAN,33.9778,-80.4662,110100,US
SSD,Stansted,NDB,51.8946,0.24503,429,GB
SSF,Stinson,VOR,29.2584,-98.4435,108400,US
SSI,Brunswick,VORTAC,31.0505,-81.446,109800,US
SSJ,Palma De Mallorca,TACAN,39.5597,2.73325,108400,ES
SSM,Sault Ste Marie,VOR-DME,46.412,-84.3149,112200,US
SSN,San Sebastian,VOR-DME,43.3112,-1.83039,117900,ES
SSO,San Simon,VORTAC,32.2692,-109.263,115400,US
SSR,Sisters Island,VORTAC,58.1777,-135.259,114000,US
SSU,White Sulphur Springs,VOR,37.7639,-80.3016,108400,US
SSY,S.S.rRyes,VOR-DME,40.5464,-3.57519,117850,ES
ST,Stepanavan,NDB,41.0361,44.3562,292,AM
ST,Stung Treng,NDB,13.525,106.015,444,KH
ST,Sukkertoppen,NDB,65.4203,-52.9081,310,GL
ST,Asuncion,NDB,-25.1414,-57.495,340,PY
ST,Sirotinskaya,NDB,49.2667,43.6833,777,RU
ST,Nizhny Novgorod,NDB,56.275,43.7983,245,RU
ST,Ataturk,NDB,40.9631,28.8036,340,TR
ST,Zumay,NDB,38.7881,-90.2789,404,US
ST,Tario,NDB,39.6757,-94.9069,260,US
ST,Hussk,NDB,45.4787,-93.9688,342,US
ST,Salto,NDB,-31.4507,-57.9967,410,UY
ST,Tamdybulak,NDB,41.75,64.6333,101,UZ
STA,Santa Marta,VOR-DME,10.9645,-74.2384,116600,CO
STA,Santa Teresa,NDB,-22.6258,-56.6347,397,PY
STB,Santa Barbara Del Zulia,VOR-DME,8.98361,-71.9384,114900,VE
STB,Santa Barbara Del Zulia,NDB,8.98361,-71.9387,218,VE
STC,Saint Cloud,VOR-DME,45.5493,-94.0586,112100,US
STD,Santo Domingo,TACAN,7.56972,-72.0187,115300,VE
STD,Stord,VOR-DME,59.7873,5.34434,113400,NO
STD,Stad,NDB,51.7413,4.24349,386,NL
STD,Tambacounda,NDB,13.7357,-13.6631,370,SN
STE,Stevens Point,VORTAC,44.5432,-89.5306,110600,US
STE,Shodo,VOR-DME,34.5124,134.274,114400,JP
STE,Steinhof,NDB,48.2106,16.2471,293,AT
STF,Stefanovikion,NDB,39.4657,22.7493,522,GR
STF,Twenty Nine Charlie,NDB,29.7333,17.95,317,LY
STF,Bryan,NDB,33.4321,-88.8503,281,US
STG,Santiago,VOR-DME,8.08867,-80.9402,114500,PA
STG,Santiago,VOR-DME,42.9269,-8.42539,116400,ES
STG,Tome,NDB,-22.0331,-41.0742,365,BR
STG,Stegen,NDB,61.8609,6.36762,369,NO
STH,St.hHlens,NDB,-41.3353,148.282,392,AU
STI,Los Cerrillos,VOR-DME,-33.5022,-70.7029,112300,CL
STI,Sturgeon,NDB,43.1133,-115.659,333,US
STJ,St.jJseph,VORTAC,39.9606,-94.9252,115500,US
STJ,Strejnic,VOR-DME,44.9186,25.977,113200,RO
STK,Stadskanaal,NDB,52.9967,6.89567,315,NL
STL,St Louis,VORTAC,38.8607,-90.4824,117400,US
STM,Santarem,VOR-DME,-2.4265,-54.8175,112300,BR
STM,Sao Tome,VOR-DME,0.37845,6.71706,117300,ST
STM,Santarem,NDB,-2.42767,-54.7917,350,BR
STM,Strommen,NDB,66.2902,13.7688,345,NO
STM,St Marys,NDB,49.9141,-6.29113,321,GB
STN,Prince Sultan,TACAN,24.0696,47.5817,134100,SA
STN,Santana,VOR-DME,-23.4875,-46.9233,114300,BR
STN,Surat Thani,VOR-DME,9.12951,99.1348,110600,TH
STN,Stornoway,VOR-DME,58.2069,-6.18306,115100,GB
STO,Salto,VOR,-31.4347,-57.9842,117900,UY
STO,Porto Santo,TACAN,33.0753,-16.3657,116300,PT
STO,Stockerau,VOR-DME,48.4171,16.0186,113000,AT
STO,Stokka,VOR-DME,65.9604,12.4694,112000,NO
STP,St.tTopez,VOR-DME,43.2195,6.60181,116500,FR
STR,Strasbourg,VOR-DME,48.5054,7.57197,115600,FR
STR,Santa Teresita,NDB,-36.5497,-56.6839,365,AR
STS,Santa Rosa,VOR-DME,38.5081,-122.811,113000,US
STT,St Thomas,VOR-DME,18.3558,-65.0246,108600,VI
STT,Stott,NDB,66.927,13.4386,317,NO
STU,Strumble,VOR-DME,51.9947,-5.04028,113100,GB
STV,Stefanovikion,VOR,39.4801,22.7716,112900,GR
STV,Standerton,VOR,-26.69673,28.86744,116000,ZA
STV,Stonewall,VORTAC,30.2068,-98.7058,113800,US
STW,Stillwater,VOR-DME,40.9958,-74.869,109600,US
SU,Sumbe,NDB,-11.1667,13.85,320,AO
SU,Salzburg,NDB,47.8793,12.9499,356,AT
SU,Saul,NDB,3.62458,-53.2067,369,GF
SU,Stykkisholmur,NDB,65.06,-22.7556,382,IS
SU,Surat,NDB,21.1157,72.7427,201,IN
SU,Surigao,NDB,9.76006,125.483,415,PH
SU,Belozersk,NDB,60.0333,37.75,791,RU
SU,Dikson,NDB,73.5167,80.3817,405,RU
SU,Secunda,NDB,-26.5233,29.1581,243,ZA
SU,Salix,NDB,42.3275,-96.2904,414,US
SU,Snoop,NDB,38.6393,-90.7671,326,US
SUC,Shimizu,VORTAC,32.756,132.99699,115200,JP
SUD,Souda,TACAN,35.5443,24.1124,111200,GR
SUD,Chania,VOR-DME,35.522,24.1744,108600,GR
SUD,Chania,NDB,35.5208,24.1522,409,GR
SUE,Sturgeon Bay,NDB,44.8369,-87.4225,414,US
SUG,Sugarloaf Mt,VORTAC,35.4065,-82.2686,112200,US
SUH,Sprucehead,NDB,44.0501,-69.105,356,US
SUI,Subi,VOR-DME,52.3799,14.5856,116700,PL
SUL,Sulz,VOR,48.3816,8.64484,116100,DE
SUL,Sulaymaniyah,VOR,35.5796,45.2901,117000,IQ
SUM,Storuman,VOR-DME,64.9554,17.7083,116300,SE
SUM,Sumburgh,VOR-DME,59.8789,-1.28667,117350,GB
SUN,Sundsvall,VOR-DME,62.5284,17.4487,113100,SE
SUN,Sounion,NDB,37.6681,24.045,319,GR
SUP,Sturup,VOR-DME,55.5345,13.3795,113000,SE
SUR,Sucre,VOR-DME,-19.0113,-65.2916,116500,BO
SUR,Sur,VOR-DME,22.5466,59.4916,117500,OM
SUR,Fitzgerald,NDB,31.613,-83.2907,362,US
SUS,Susi,NDB,63.2199,23.0403,345,FI
SUT,Yaupon,NDB,33.9279,-78.0742,233,US
SUU,Travis,TACAN,38.2456,-121.945,116600,US
SUW,Suwalki,VOR-DME,54.0697,22.9003,117700,PL
SUW,Bong,NDB,46.6913,-92.1034,260,US
SUX,Sioux City,VORTAC,42.3445,-96.3236,116500,US
SV,Stebliv,NDB,49.4048,31.0749,617,UA
SV,Wassa,NDB,32.009,-80.9866,335,US
SV,Cozey,NDB,32.6321,-108.063,251,US
SV,E T Joshua,NDB-DME,13.1406,-61.2262,403,VC
SV,Soroti,DME,1.72597,33.6185,112500,UG
SVA,Svensheia,VOR-DME,58.0845,7.90831,112100,NO
SVA,Saravena,NDB,6.95519,-71.8602,388,CO
SVB,Suvarnabhumi Intl,VOR-DME,13.6607,100.728,111400,TH
SVC,Silver City,VORTAC,32.6377,-108.161,110800,US
SVC,San Vicente Del Caguan,VOR-DME,2.14833,-74.7631,116500,CO
SVD,Salvador,VOR-DME,-12.9065,-38.3213,116500,BR
SVD,Sveda,VOR-DME,56.1689,12.5738,116200,SE
SVD,Salvador,NDB,-12.9167,-38.3402,275,BR
SVL,Linna,VOR-DME,61.9527,28.9141,117900,FI
SVL,Sevilla,VOR-DME,37.4279,-5.76221,113700,ES
SVM,Salem,VORTAC,42.4089,-83.5941,114300,US
SVN,Hunter,VOR-DME,32.0119,-81.1409,111600,US
SVN,Sevan,NDB,40.5343,44.9548,490,AM
SVO,Sauce Viejo,NDB,-31.7117,-60.8064,405,AR
SVR,Sagvar,VOR-DME,46.8281,18.1178,117700,HU
SVR,Sagvar,NDB,46.8298,18.1172,348,HU
SVT,Sao Vicente,NDB,16.8289,-25.0651,333,CV
SVV,Somersveld,VOR,-33.2493,18.4781,113000,ZA
SW,Swampy,VOR-DME,-45.7945,170.47701,112700,NZ
SW,Sittwe,NDB,20.131,92.8835,216,MM
SW,Santa Marta,NDB,-28.6038,-48.8138,310,BR
SW,Swampy,NDB,-45.797,170.47701,338,NZ
SW,Savelovo,NDB,56.3667,37.4333,129,RU
SW,Sw,NDB,24.9948,121.491,385,TW
SW,Shepetivka,NDB,50.1814,27.0415,830,UA
SW,Neely,NDB,41.4858,-74.228,335,US
SW,Roadd,NDB,48.8621,-95.2426,360,US
SW,Blaki,NDB,36.2362,-97.0873,255,US
SW,Karakhtay,NDB,40.9167,69.8,490,UZ
SW,Solwezi,NDB,-12.1716,26.3665,415,ZM
SWA,Shantou,VOR-DME,23.44,116.77,112600,CN
SWB,Shawbury,VOR-DME,52.798,-2.66254,116800,GB
SWB,Sawmill,VOR-DME,31.9732,-92.6771,113750,US
SWE,Suoh,VOR-DME,33.8566,131.02901,113850,JP
SWG,Schleswig,TACAN,54.4537,9.5015,111800,DE
SWH,Swan Hill,NDB,-35.3805,143.53999,407,AU
SWL,Snow Hill,VORTAC,38.0566,-75.4639,112400,US
SWN,Suwon,TACAN,37.2399,127.001,108500,KR
SWN,Swansea,NDB,51.6022,-4.06583,321,GB
SWO,Stillwater,VOR-DME,36.2243,-97.0813,108400,US
SWR,Squaw Valley,VOR-DME,39.1803,-120.27,113200,US
SWT,Seward,NDB,40.8613,-97.1119,269,US
SWU,Sweden,NDB,43.4322,-112.163,350,US
SWV,Swellendam,VOR,-34.0772,20.5431,114400,ZA
SWW,Sweetwater,NDB,32.4616,-100.466,275,US
SWZ,Sewart,NDB,35.9569,-86.4639,391,US
SWZ,Swansea,DME,51.6036,-4.06528,109200,GB
SX,Skookum,NDB,49.955,-115.792,368,CA
SX,Nanxun,NDB,30.8833,120.417,391,CN
SX,Pugus,NDB,38.8433,68.84,505,TJ
SX,Peste,NDB,17.6919,-64.8847,241,VI
SXC,Santa Catalina,VORTAC,33.3751,-118.42,111400,US
SXD,Springfield,NDB,43.2699,-72.5863,265,US
SXW,Snow,VOR-DME,39.6295,-106.991,109200,US
SY,Sydney,DME,-33.9428,151.18099,112100,AU
SY,Sylhet,NDB,24.9554,91.8724,372,BD
SY,Xishui,NDB,30.4417,115.265,384,CN
SY,Stuttgart,NDB,48.6692,9.1142,384,DE
SY,Surrey,NDB,-37.2383,175.16701,350,NZ
SY,Kirki,NDB,43.1122,-76.0027,242,US
SYA,Shemya,VORTAC,52.7183,174.062,109000,US
SYA,Shemya,NDB,52.722,174.06,403,US
SYE,Sekiyado,VOR-DME,36.0109,139.839,117000,JP
SYE,Saadah,NDB,16.9667,43.7278,267,YE
SYF,St. Francis,NDB,39.7269,-101.765,386,US
SYH,Shayba,NDB,22.5167,54.0,285,SA
SYI,Shelbyville,VOR-DME,35.562,-86.4392,109000,US
SYN,Sayun,NDB,15.9618,48.7862,385,YE
SYO,Sayre,VORTAC,35.3452,-99.6353,115200,US
SYR,Syracuse,VORTAC,43.1605,-76.2046,117000,US
SYR,Syros,NDB,37.4215,24.9477,417,GR
SYS,Stoystown,NDB,40.0857,-78.9165,209,US
SYT,Sylhet,VOR,24.9608,91.8669,116400,BD
SYT,Sivrihisar,TACAN,39.4459,31.3741,109200,TR
SYW,Cash,NDB,32.9819,-96.0673,428,US
SYX,Sanya,VOR-DME,18.3067,109.173,112500,CN
SYZ,Shiraz Shahid Dastghaib,TACAN,29.5422,52.5843,114700,IR
SYZ,Shiraz Shahid Dastghaib,VOR-DME,29.5402,52.5888,117800,IR
SYZ,Shelbyville,NDB,39.4067,-88.8437,365,US
SZ,Liangcheng,NDB,40.525,112.492,282,CN
SZ,Barabinsk,NDB,55.3567,78.3033,965,RU
SZ,Skukuza,NDB,-24.9803,31.5989,233,ZA
SZ,Parkk,NDB,47.5324,-122.307,281,US
SZ,J M Nkomo,NDB,-20.2997,28.9433,242,ZW
SZA,Solenzara,TACAN,41.9375,9.41622,114000,FR
SZA,Solenzara,NDB,41.9333,9.394,350,FR
SZL,Whiteman,TACAN,38.7357,-93.5504,109800,US
SZO,Sebago,NDB,43.9042,-70.7823,227,US
SZR,Ziguinchor,NDB,12.5562,-16.2669,334,SN
SZT,Cristobal,VOR-DME,16.6856,-92.5217,116000,MX
SZT,Sandpoe,NDB,48.2908,-116.564,264,US
SZW,Seminole,VORTAC,30.5562,-84.374,117500,US
SZX,Shenzhen,VOR-DME,22.645,113.803,115300,CN
SZY,Shaziying,VOR-DME,40.1017,116.462,117200,CN
SZY,Sibley,NDB,35.2369,-88.5161,386,US
T,Trelew,NDB,-43.2015,-65.238,280,AR
T,Titan,NDB,46.9067,19.776,440,HU
T,Atyrau,NDB,47.141,51.8051,755,KZ
T,Lask,NDB,51.5453,19.2118,664,PL
T,Vnukovo,NDB,55.62,37.2833,949,RU
T8,St-Frédéric,NDB,46.3336,-70.9642,257,CA
TA,Villacoublay,NDB,48.7716,2.09744,287,FR
TA,Tahuna,NDB,3.68417,125.526,400,ID
TA,Aktau,NDB,43.8343,51.1472,670,KZ
TA,Telok Intan,NDB,3.99667,101.02,315,MY
TA,Tahoua,NDB,14.8795,5.2699,347,NE
TA,Takhtayamsk,NDB,60.2,154.683,995,RU
TA,Makhachkala,NDB,42.975,47.5233,822,RU
TAB,Albacete,TACAN,38.9458,-1.8635,108000,ES
TAB,Crown Point,NDB,11.1528,-60.8414,323,TT
TAC,Tacloban,VOR-DME,11.232,125.026,115500,PH
TAD,Trinidad,NDB,37.3061,-104.333,329,US
TAE,Oita,VOR-DME,33.2203,131.703,112100,JP
TAF,Tahiti Faaa,VOR-DME,-17.5471,-149.60201,112900,PF
TAG,Daegu,TACAN,35.9016,128.642,117800,KR
TAJ,Tianjin,VOR-DME,39.1067,117.358,112100,CN
TAJI,Taji,NDB,33.5269,44.2569,165,IQ
TAL,Talara,VOR,-4.58056,-81.2525,116100,PE
TAL,Tallil,TACAN,30.9353,46.0906,113700,IQ
TAL,Tanana,VOR-DME,65.1771,-152.17799,116600,US
TAL,Talagante,NDB,-33.6831,-70.9328,240,CL
TAM,Taroom,VOR,-25.8028,149.896,112800,AU
TAM,Tamanrasset,VOR-DME,22.8075,5.44583,117050,DZ
TAM,Tampico,VOR-DME,22.2896,-97.863,117500,MX
TAM,Tamanrasset,NDB,22.8067,5.44544,358,DZ
TAM,Taroom,NDB,-25.8019,149.892,221,AU
TAM,Tampico,NDB,22.2881,-97.8675,413,MX
TAN,Lahitte,VOR,43.4667,-0.01842,111800,FR
TAN,Tan Tan,VOR,28.4284,-11.1731,112300,MA
TAN,Yuantan,VOR-DME,23.6683,113.24,108600,CN
TAN,Tanf,VOR-DME,33.4824,38.6541,114000,SY
TAN,Antanetibe,NDB,-18.8347,47.472,276,MG
TAN,Taunton,NDB,41.8765,-71.017,227,US
TAO,Qingdao,VOR-DME,36.285,120.37,117500,CN
TAP,Tapachula,VOR-DME,14.7922,-92.3757,115300,MX
TAP,Tarapoto,VOR-DME,-6.65811,-76.3673,115500,PE
TAQ,Tarquinia,VOR-DME,42.215,11.7325,111800,IT
TAQ,Tarquinia,NDB,42.214,11.7289,312,IT
TAR,Tarija,VOR-DME,-21.5458,-64.7129,117000,BO
TAR,Tartagal,NDB,-22.6278,-63.8192,210,AR
TAS,Taos,VORTAC,36.6088,-105.906,117600,US
TAT,Tautra,NDB,62.6798,6.91229,393,NO
TAU,Taunus,VORTAC,50.2505,8.16252,116700,DE
TAV,Sde Dov,NDB,32.1095,34.7811,348,IL
TAY,Taylor,VORTAC,30.5046,-82.5529,112900,US
TAZ,Taiz,VOR-DME,13.6971,44.1383,113600,YE
TAZ,Taylorville,NDB,39.5361,-89.3236,395,US
TAZ,Tivat,NDB,42.282,18.8004,345,RS
TB,Tchibanga,VOR,-2.88231,10.9529,117500,GA
TB,Skeena,NDB,54.4828,-128.591,254,CA
TB,Tubuai,NDB,-23.3671,-149.52499,347,PF
TB,Tombouctou,NDB,16.7304,-2.99756,268,ML
TB,Thabazimbi,NDB,-24.6007,27.4163,398,ZA
TB,Tabora,NDB,-5.06894,32.8341,333,TZ
TBA,Taba,VOR-DME,29.6067,34.7974,114500,EG
TBA,Taba,NDB,29.6067,34.7483,316,EG
TBA,Touba,NDB,8.40139,-7.66947,373,CI
TBC,Tuba City,VORTAC,36.1213,-111.27,113500,US
TBC,Talavera,TACAN,38.8916,-6.81868,108800,ES
TBD,Tailem Bend (DECOMMISSIONED),VOR,-35.2433,139.50999,116600,AU
TBD,Tibby,VORTAC,29.6643,-90.8291,112000,US
TBD,Tailem Bend (DECOMMISSIONED),NDB,-35.2533,139.467,242,AU
TBE,Tobe,VORTAC,37.2587,-103.6,111200,US
TBE,Memanbetsu,VOR-DME,43.8849,144.166,110850,JP
TBE,Taubate,NDB,-23.0457,-45.5168,430,BR
TBG,Taboga Island,VOR-DME,8.78757,-79.562,110000,PA
TBG,Taboga Island,NDB,8.78829,-79.5604,311,PA
TBK,Tabuk,VORTAC,28.3673,36.607,115700,SA
TBK,Tabarka,VOR-DME,36.9782,8.88358,113300,TN
TBN,Forney,VOR,37.7424,-92.139,110000,US
TBN,Tabon,VOR-DME,-32.9183,-70.8372,113900,CL
TBN,Trabzon,VOR-DME,40.9953,39.7956,114900,TR
TBN,Trabzon,NDB,40.9953,39.7956,371,TR
TBO,Tarbes,VOR,43.3322,0.14575,113900,FR
TBO,Tacuarembo,NDB,-31.751,-55.9286,280,UY
TBR,Tambler,NDB,6.05958,125.1,377,PH
TBS,Tebessa,VOR-DME,35.4567,8.06861,114500,DZ
TBS,Tbilisi,VOR-DME,41.6506,44.9744,113700,GE
TBS,Tabas,NDB-DME,33.664,56.8996,395,IR
TBT,Tombouctou,VOR-DME,16.734,-3.00336,117300,ML
TBT,Tabatinga,NDB,-4.24933,-69.9362,230,BR
TBU,Fua Amotu,VOR-DME,-21.2456,-175.147,114500,TO
TBU,Tabou,NDB,4.45389,-7.37333,311,CI
TBV,Trebova,NDB,49.7958,16.6789,492,CZ
TBY,Waterbury,NDB,41.5293,-73.1439,257,US
TBZ,Tabriz,VORTAC,38.1391,46.2309,112000,IR
TBZ,Tabriz,NDB,38.1202,46.2406,300,IR
TC,Tchibanga,NDB,-2.88833,10.9553,376,GA
TC,Tosontsengel,NDB,48.7407,98.2568,325,MN
TC,Taichung,NDB,24.2535,120.619,210,TW
TC,Tuske,NDB,33.1585,-87.6703,362,US
TCA,Tacna,VOR-DME,-18.0579,-70.2763,116800,PE
TCC,Tucumcari,VORTAC,35.1821,-103.599,113600,US
TCH,Wasatch,VORTAC,40.8503,-111.982,116800,US
TCK,Taichung,DME,24.2536,120.619,108400,TW
TCM,Mcchord,VORTAC,47.1477,-122.475,109600,US
TCO,Temuco,VOR-DME,-38.7664,-72.6308,114100,CL
TCO,Tumaco,VOR-DME,1.81473,-78.748,114000,CO
TCO,Temuco,NDB,-38.7667,-72.6147,360,CL
TCO,Tumaco,NDB,1.81417,-78.7546,355,CO
TCS,Truth Or Consequences,VORTAC,33.2825,-107.281,112700,US
TCY,Tracy,NDB,37.6924,-121.445,203,US
TCZ,El Trompillo,NDB,-17.8038,-63.1735,265,BO
TD,Moundou,VOR,8.63708,16.0802,114700,TD
TD,Tambacounda,VOR,13.7277,-13.664,114500,SN
TD,Thandwe,NDB,18.4578,94.2984,270,MM
TD,Tudevtai,NDB,48.9828,96.5381,495,MN
TD,Tandag,NDB,9.07034,126.171,232,PH
TD,Roschino,NDB,45.8833,134.883,325,RU
TD,Teesside,NDB,54.5603,-1.33344,348,GB
TD,Kakaydy,NDB,37.6633,67.54,205,UZ
TD,Tansonnhat,NDB,10.8581,106.751,358,VN
TDD,Thedford,VOR-DME,41.9817,-100.719,108600,US
TDD,Trinidad,NDB,-14.8244,-64.9237,210,BO
TDF,Tindouf,VOR-DME,27.7101,-8.13089,114200,DZ
TDG,Talladega,VOR-DME,33.5752,-86.0427,108800,US
TDL,Tindal,TACAN,-14.5247,132.37199,112300,AU
TDT,Tidioute,VORTAC,41.713,-79.4173,117600,US
TE,Thisted,NDB,57.0535,8.86442,331,DK
TE,Moramanga,NDB,-18.9534,48.2255,371,MG
TE,Terbuny,NDB,52.15,38.2667,527,RU
TE,Torby,NDB,40.8044,-74.1325,214,US
TEA,Teano,VOR-DME,41.2968,13.9707,112900,IT
TEA,Teano,NDB,41.2958,13.9717,316,IT
TEB,Tebby,VOR-DME,59.5317,18.2033,117100,SE
TEB,Teterboro,VOR-DME,40.8487,-74.0622,108400,US
TEC,Tech,NDB,37.2078,-80.4119,368,US
TEF,Telfer,NDB,-21.7114,122.213,374,AU
TEH,Techo,NDB,4.62889,-74.1481,284,CO
TEL,Tell City,NDB,38.0142,-86.6903,206,US
TEM,Temora,NDB,-34.425,147.51801,209,AU
TEN,Chaiten,NDB,-42.9247,-72.7153,234,CL
TEO,Toledo,NDB,39.9728,-4.34608,385,ES
TEP,Puerto Montt,NDB,-41.4378,-73.0872,400,CL
TEQ,Tequesquitengo,VOR-DME,18.6761,-99.2553,113100,MX
TES,Tessera,VOR-DME,45.5192,12.3682,115300,IT
TES,Tenerife Sur,NDB,28.0547,-16.5628,317,ES
TET,Tateyama,TACAN,34.9708,139.838,108800,JP
TEZ,Tezpur,VOR-DME,26.7108,92.7995,117900,IN
TF,Wierner Neustadt East,NDB,47.841,16.2817,315,AT
TF,Bandar Lampung,NDB,-5.24491,105.178,290,ID
TF,Aruba,NDB,38.2909,-104.355,373,US
TFD,Stanfield,VORTAC,32.8859,-111.909,114800,US
TFE,Tefe,VOR-DME,-3.38783,-64.728,112900,BR
TFE,Musashi,VOR-DME,33.4897,131.729,117700,JP
TFE,Tefe,NDB,-3.37933,-64.7213,300,BR
TFN,Tenerife Norte,VOR-DME,28.5368,-16.2688,117700,ES
TFS,Tenerife Sur,VOR-DME,28.0024,-16.6879,116400,ES
TG,Tanjung Balai,NDB,1.04945,103.385,410,ID
TG,Temindung,NDB,-0.48184,117.157,404,ID
TG,Tiong Ohong,NDB,0.81167,114.53,290,ID
TG,Tanga,NDB,-5.09393,39.072,407,TZ
TG,Tauranga,NDB-DME,-37.6776,176.19099,346,NZ
TGA,Tolga,VOR-DME,62.4616,10.8788,117400,NO
TGC,Gibson,NDB,35.9342,-88.8509,378,US
TGE,Nakatane,VOR-DME,30.6022,130.992,115400,JP
TGE,Tuskegee,VOR-DME,32.4846,-85.6693,117300,US
TGG,Tanagra,VOR-DME,38.3381,23.5578,111800,GR
TGJ,Targu Jiu,VOR-DME,45.0608,23.3341,115300,RO
TGL,Tegel,VOR-DME,52.5615,13.2876,112300,DE
TGM,Teran,VOR-DME,16.74,-93.1747,117300,MX
TGM,Thargomindah,NDB,-27.9933,143.815,392,AU
TGM,Tingo Maria,NDB,-9.29646,-76.0048,385,PE
TGM,Targu Mures,NDB,46.4469,24.3066,428,RO
TGN,Gran Canaria,TACAN,27.9234,-15.3895,115600,ES
TGO,Tango,VORTAC,48.6184,9.25921,112500,DE
TGO,Taungoo,VOR-DME,19.0478,96.3964,115100,MM
TGO,Tongliao,VOR-DME,43.56,122.198,116300,CN
TGQ,Elizabethtown,NDB,34.5286,-78.5159,398,US
TGR,Tanagra,TACAN,38.3501,23.5177,108400,GR
TGR,Armilla,TACAN,37.1325,-3.6338,113100,ES
TGU,Dalsung,VORTAC,35.81,128.591,112200,KR
TGU,Touggourt,VOR-DME,33.0569,6.08861,113200,DZ
TGZ,Tuxtla,VOR-DME,16.7718,-93.3477,113900,MX
TH,Tathong Point,VOR-DME,22.239,114.289,115500,HK
TH,Thompson,NDB,55.7945,-97.8542,244,CA
TH,Villacoublay,NDB,48.778,2.37872,302,FR
TH,Athi River,NDB,-1.50216,37.0207,330,KE
TH,Touho,NDB,-20.7903,165.256,256,NC
TH,Takhtalym,NDB,55.9,61.7333,579,RU
TH,Tachtamygda,NDB,54.1167,123.583,315,RU
TH,Tuyhoa,NDB,13.045,109.335,200,VN
THE,Tajima,VOR-DME,35.518,134.791,110450,JP
THJ,Tallahala,NDB,31.6875,-89.1898,346,US
THN,Turukhansk,VOR-DME,65.7833,87.9333,113700,RU
THN,Thorn,NDB,51.1834,5.83339,434,NL
THO,Thohoyandou,NDB,-22.9674,30.4831,325,ZA
THR,Tehran,TACAN,35.6989,51.2803,113300,IR
THR,Thira,NDB,36.4001,25.4805,307,GR
THS,St Thomas,VORTAC,39.9332,-77.9509,115000,US
THS,Thessaloniki,NDB,40.5936,22.9481,345,GR
THS,Sukhothai,NDB-DME,17.2352,99.822,292,TH
THT,Thule,VORTAC,76.5424,-68.2392,111000,GL
THX,Three Rivers,VORTAC,28.505,-98.1505,111400,US
THX,Xieng Khouang,VOR-DME,19.4556,103.181,114000,LA
TI,Tiko,NDB,4.08764,9.35589,270,CM
TI,Takoradi,NDB,4.91308,-1.7649,375,GH
TI,Tanjung Pinang,NDB,0.91973,104.526,385,ID
TI,Gweru Thornhill,NDB,-19.4286,29.8442,278,ZW
TIA,Chiang Kai Shek,VOR-DME,25.0884,121.233,114300,TW
TIB,Tibooburra,NDB,-29.4464,142.058,200,AU
TIC,Chinen,VORTAC,26.1609,127.801,114200,JP
TIF,Taif,VORTAC,21.4865,40.5472,112700,SA
TIG,Kutaisi,NDB,42.1733,42.4547,477,GE
TII,Tiffin,NDB,41.0981,-83.2077,269,US
TIJ,Tijuana,VOR-DME,32.5404,-116.953,116500,MX
TIK,Tinker,TACAN,35.4365,-97.3797,115800,US
TIK,Tikal,VOR-DME,16.919,-89.8765,113300,GT
TIL,Tiller,NDB,68.9963,19.0964,350,NO
TIM,Timbakion,TACAN,35.0622,24.7672,109800,GR
TIM,Timehri,VOR-DME,6.49227,-58.2577,113500,GY
TIM,Timehri,NDB,6.51294,-58.2476,356,GY
TIO,Timimoun,VOR-DME,29.2261,0.25809,112800,DZ
TIO,El Coco,VOR-DME,9.98361,-84.2361,115700,CR
TIO,Timimoun,NDB,29.2404,0.25753,383,DZ
TIQ,Trainer,NDB,36.2496,-88.4154,410,US
TIR,Tiree,VOR-DME,56.4932,-6.87556,117700,GB
TIR,Tirios,NDB,2.219,-55.9418,240,BR
TIS,Thiers,VOR-DME,45.8818,3.55358,117500,FR
TJ,Teju,NDB,27.9171,96.1629,339,IN
TJ,Ras Tanajib,NDB,27.8667,48.7667,382,SA
TJA,Tarija,NDB,-21.5558,-64.7087,250,BO
TJA,Torrejon,NDB,40.5681,-3.35729,426,ES
TJI,Batouri,NDB,4.47152,14.3627,276,CM
TJJ,Mbanga,NDB,4.49074,9.56771,284,CM
TJL,Maroua/Salak,NDB,10.4622,14.2441,364,CM
TJM,Foumban Nkounja,NDB,5.64311,10.7525,330,CM
TJN,Ngaoundere,VOR,7.33007,13.5482,112700,CM
TJN,Ngaoundere,NDB,7.35605,13.562,295,CM
TJP,Kaele,NDB,10.096,14.4433,257,CM
TJR,Garoua,VOR-DME,9.33436,13.3446,112300,CM
TJR,Garoua,NDB,9.33758,13.3954,302,CM
TJS,Dschang,NDB,5.45059,10.066,308,CM
TJZ,Torrejon,TACAN,40.4989,-3.44549,112500,ES
TK,Tarkeshwar,NDB,22.9007,88.0307,390,IN
TK,Taldykorgan,NDB,45.1217,78.4433,303,KZ
TK,Tilichiki,NDB,60.4,166.0,820,RU
TK,Omsk,NDB,54.9783,73.4067,332,RU
TK,Tak,NDB,16.8995,99.2522,332,TH
TK,Tabarka 7 Novembre,NDB,36.9781,8.87864,351,TN
TKA,Talkeetna,VOR-DME,62.2987,-150.106,116200,US
TKA,Tidjikja,NDB,18.567,-11.4171,381,MR
TKB,Kleberg Co,NDB,27.6063,-98.0859,347,US
TKE,Tokunoshima,VOR-DME,27.8248,128.882,110450,JP
TKG,Bandar Lampung,VOR-DME,-5.26017,105.194,115000,ID
TKK,Truk,NDB-DME,7.45717,151.84,375,FM
TKL,Takhli,TACAN,15.2746,100.299,114800,TH
TKO,Mankato,VORTAC,39.8064,-98.26,109800,US
TKP,Tshikapa,NDB,-6.43544,20.7997,242,CD
TKT,Tashkent,VOR-DME,41.26,69.29,113200,UZ
TKT,Al Sahra,NDB,34.6658,43.5401,167,IQ
TKT,Tokat,NDB-DME,40.3058,36.3669,403,TR
TKX,Kennett,NDB,36.2285,-90.0391,358,US
TL,Townsville,VOR-DME,-19.245,146.758,114100,AU
TL,Tachileik,NDB,20.4704,99.9306,375,MM
TL,Tarbes,NDB,43.2884,0.04964,321,FR
TL,Tamale,NDB,9.57167,-0.84917,415,GH
TL,Dumatubin,NDB,-5.66442,132.73199,335,ID
TL,Takhli,NDB,15.2691,100.298,350,TH
TL,Tingwall,NDB,60.1887,-1.24927,376,GB
TL,Wakul,NDB,30.3262,-84.3583,379,US
TL,Gweru Thornhill,NDB,-19.435,29.8467,213,ZW
TLA,Tulcea,VOR-DME,45.0787,28.7095,114800,RO
TLA,Talla,VOR-DME,55.4992,-3.35278,113800,GB
TLB,Telemaco,NDB,-24.319,-50.6535,285,BR
TLC,Toluca,VOR-DME,19.3524,-99.5716,114300,MX
TLC,Tulcan,NDB,0.82389,-77.6872,418,EC
TLC,Tulcea,NDB,44.9926,28.7364,422,RO
TLD,Toledo,VOR-DME,39.9695,-4.33747,113200,ES
TLE,Tamale,VOR-DME,9.57349,-0.84714,116900,GH
TLE,Ami,VOR-DME,36.0212,140.20599,116000,JP
TLL,Tallinn,VOR-DME,59.4113,24.8384,112200,EE
TLM,Tlemcen,VOR-DME,35.0353,-1.38806,116500,DZ
TLM,Tlemcen,NDB,35.04,-1.36778,346,DZ
TLN,Talin,NDB,40.3855,43.8911,442,AM
TLN,Hyeres,NDB,43.0327,6.15281,322,FR
TLU,Toulouse/Francazal,TACAN,43.5485,1.36822,116000,FR
TLZ,Lanzarote,TACAN,28.9448,-13.607,114700,ES
TM,Lanes,NDB,69.7189,18.9426,268,NO
TM,Taumarunui,NDB,-38.9215,175.314,163,NZ
TM,Tomakivka,NDB,47.8181,34.735,518,UA
TM,Tifto,NDB,31.3633,-83.444,409,US
TM,Qeezy,NDB,25.6414,-80.5048,266,US
TM,Tsumeb,NDB,-19.2572,17.7258,267,NA
TMB,Tacuarembo,VOR,-31.7503,-55.9239,112600,UY
TMD,Tamdybulak,VOR-DME,41.75,64.6333,114000,UZ
TME,Tomo,VOR-DME,34.2804,135.006,116400,JP
TME,Tame,NDB,6.4515,-71.7522,270,CO
TMK,Timika,VOR-DME,-4.517,136.867,112700,ID
TMN,Tamuin,VOR-DME,22.0385,-98.8079,113300,MX
TMO,Tumeremo,VOR-DME,7.25083,-61.517,114400,VE
TMO,The Monument,NDB,-21.8097,139.924,323,AU
TMO,Tumeremo,NDB,7.25611,-61.5162,215,VE
TMR,Thumrait,VORTAC,17.6682,54.0257,115300,OM
TMR,Tumurtai,VOR-DME,41.845,113.15,113300,CN
TMS,Tamanrasset,VOR-DME,22.8428,5.46472,112500,DZ
TMS,Tanjung Manis,NDB,2.17744,111.2,264,MY
TMV,Stamford,NDB,32.8686,-99.7337,290,US
TN,Tindal,VOR,-14.5192,132.371,112300,AU
TN,Tindal,NDB,-14.5158,132.36,356,AU
TN,Bahir Dar,NDB,11.5915,37.3048,420,ET
TN,Titan,NDB,46.8921,19.8092,313,HU
TN,Thorshofn,NDB,66.2208,-15.3311,373,IS
TN,Tangerang,NDB,-6.29023,106.568,400,ID
TN,Shin-Tachikawa,NDB,35.7183,139.39999,366,JP
TN,Ankazobe,NDB,-18.3161,47.1138,385,MG
TN,Monry,NDB,25.8618,-81.011,227,US
TNA,Tena,NDB,-0.98417,-77.8283,465,EC
TNA,Tan Tan,NDB,28.4312,-11.1714,274,MA
TNC,Tin City,NDB-DME,65.562,-167.924,347,US
TND,Tandarei,NDB,44.6557,27.6547,304,RO
TNG,Tengah,TACAN,1.39333,103.712,113900,SG
TNG,Tanger,VOR-DME,35.7289,-5.89083,115900,MA
TNG,Tanagra,NDB,38.3322,23.7308,303,GR
TNG,Thangool,NDB-DME,-24.4942,150.57001,446,AU
TNK,Tennant Creek,VOR-DME,-19.6344,134.181,112900,AU
TNK,Tennant Creek,NDB,-19.6442,134.175,272,AU
TNL,Tatenhill,NDB,52.8145,-1.76667,327,GB
TNN,Shikang,VORTAC,23.1356,120.206,113300,TW
TNO,Trano,VOR-DME,55.7741,11.4392,117400,DK
TNP,Twentynine Palms,VORTAC,34.1122,-115.77,114200,US
TNT,Toncontin,VOR-DME,14.0289,-87.2291,112300,HN
TNT,Trent,VOR-DME,53.0539,-1.67,115700,GB
TNT,Toncontin,NDB,14.0609,-87.2205,405,HN
TNU,Newton,VOR-DME,41.7838,-93.109,112500,US
TNV,Navasota,VORTAC,30.2885,-96.0582,115900,US
TNV,Ivato,VOR-DME,-18.8033,47.5187,114500,MG
TNY,Tepic,VOR-DME,21.4265,-104.837,113900,MX
TNY,Kelso,NDB,35.1341,-86.542,358,US
TNZ,Lawrence Co,NDB,36.2056,-90.9232,227,US
TO,Tsnori,NDB,41.6306,46.0156,342,GE
TO,Torfur,NDB,65.5003,-18.1504,324,IS
TO,Toli-Toli,NDB,1.12274,120.795,370,ID
TO,Toamasina,NDB,-18.0407,49.385,394,MG
TO,Malvik,NDB,63.4398,10.6801,326,NO
TO,Blood,NDB,31.8303,-86.1054,365,US
TO,Biloy,NDB,39.1204,-95.6871,521,US
TO,Tophr,NDB,41.5534,-83.9211,219,US
TO,Gweru Thornhill,NDB,-19.3883,29.7617,268,ZW
TOB,Villatobas,NDB,39.7832,-3.47539,403,ES
TOC,Tocopilla,VOR,-22.14,-70.055,114500,CL
TOC,Tocto,VOR,-13.3562,-74.1913,116900,PE
TOE,Toyama,VOR-DME,36.6522,137.19099,110850,JP
TOE,Toulouse,NDB,43.4811,1.67989,415,FR
TOF,Tempelhof,VOR-DME,52.4731,13.4054,114100,DE
TOF,Topsfield,NDB,42.6193,-70.9568,269,US
TOG,Togiak,NDB-DME,59.0641,-160.37399,393,US
TOK,Tokua,VOR-DME,-4.3465,152.39799,113600,PG
TOK,Tokua,NDB,-4.34533,152.397,227,PG
TOL,Toledo,TACAN,41.5937,-83.7994,112500,US
TOL,Tonglu,VOR-DME,29.7633,119.658,115900,CN
TOL,Toledo,NDB,-24.6857,-53.6997,385,BR
TON,Tyrone,VORTAC,40.7351,-78.3313,114900,US
TON,Tozeur,VOR-DME,33.941,8.10039,117000,TN
TON,Torralba De Aragon,NDB,41.9279,-0.51384,335,ES
TOP,Topeka,VORTAC,39.1371,-95.5491,117800,US
TOP,Torino,VOR-DME,44.9254,7.86166,114500,IT
TOP,Torino,NDB,44.9247,7.86043,393,IT
TOR,Torp,VOR-DME,59.1691,10.2593,113850,NO
TOR,Torres,NDB,-29.4143,-49.8067,230,BR
TOR,Toramo,NDB,66.6389,25.971,416,FI
TOR,Torrington,NDB,42.0661,-104.153,293,US
TOU,Tatoosh,VORTAC,48.2999,-124.627,112200,US
TOU,Toulouse,VOR-DME,43.6808,1.30981,117700,FR
TOX,Siler City,NDB,35.7615,-79.4622,371,US
TOY,Troy,VORTAC,38.7392,-89.9186,116000,US
TOY,Tongoy,VOR-DME,-30.2764,-71.4736,115500,CL
TOY,Tongoy,NDB,-30.2631,-71.4797,260,CL
TOY,Thohoyandou,NDB,-23.075,30.3144,285,ZA
TP,Tango-Papa,NDB,64.8845,25.5316,290,FI
TP,Takapoto,NDB,-14.7147,-145.25301,349,PF
TP,Tapak Tuan,NDB,3.16592,97.2859,230,ID
TP,Teplorechensky,NDB,44.155,43.5333,118,RU
TP,Topchyne,NDB,48.9398,34.7933,643,UA
TP,Cosme,NDB,28.0853,-82.5253,368,US
TPB,Temple Bar,NDB,-23.745,133.789,352,AU
TPF,Knight,NDB,27.9084,-82.4543,270,US
TPG,Tanjung Pinang,VOR-DME,0.90354,104.515,114800,ID
TPH,Tonopah,VORTAC,38.0307,-117.034,117200,US
TPI,Tripoli,VOR-DME,32.6625,13.1556,114500,LY
TPL,Temple,VOR-DME,31.2093,-97.425,110400,US
TPL,Topola,VOR-DME,44.1435,20.7444,116800,RS
TPL,Tupile,NDB,9.25911,-78.1186,356,PA
TPL,Topola,NDB,44.1398,20.7457,348,RS
TPN,Tanjung Pandan,VOR-DME,-2.72454,107.753,116700,ID
TPO,Tripolis,TACAN,37.5278,22.4053,109800,GR
TPQ,Tapuruquara,NDB,-0.417,-65.0363,365,BR
TPR,Pratica Di Mare,TACAN,41.6216,12.4938,108700,IT
TPS,Tapiosap,VOR-DME,47.4933,19.4462,115900,HU
TPS,Tapiosap,NDB,47.4933,19.4462,306,HU
TPV,Itapevi,NDB,-23.5655,-46.9227,270,BR
TPX,Tepexpan,NDB,19.6114,-98.9604,359,MX
TQ,Vnukovo,NDB,55.6383,37.2967,468,RU
TQA,Tuscola,VOR-DME,32.2357,-99.8168,111600,US
TQA,Taquara,NDB,-29.6685,-50.7818,360,BR
TQE,Tekamah,VOR,41.7596,-96.1786,108400,US
TQH,Tahlequah,NDB,35.9265,-95.0058,215,US
TQK,Scott City,NDB,38.4801,-100.888,256,US
TQS,Tres Esquinas,VOR-DME,0.74204,-75.2334,114200,CO
TQT,Tsuiki,TACAN,33.6881,131.03799,110400,JP
TR,Tory,VOR-DME,-41.1858,174.362,114600,NZ
TR,Tirana,NDB,41.4632,19.7141,290,AL
TR,Ternate,NDB,0.8308,127.379,265,ID
TR,Tiruchirappalli,NDB,10.7499,78.6884,307,IN
TR,Turgay,NDB,49.6333,63.4833,494,KZ
TR,Trencin,NDB,48.8611,17.9417,338,SK
TR,Tor,NDB,56.6414,3.32556,375,NO
TR,Turan,NDB,52.1667,93.9167,980,RU
TR,Trang,NDB,7.51183,99.6201,248,TH
TR,Trypillia,NDB,50.1164,30.7649,745,UA
TR,Mocca,NDB,36.5554,-82.318,299,US
TR,Tr,DME,41.4183,19.7117,117700,AL
TRA,Trasadingen,DME,47.6895,8.43695,114300,CH
TRB,Treblo,VOR,54.2106,17.0733,115400,PL
TRB,Tiaret,VOR-DME,35.3478,1.515,116300,DZ
TRB,Tiaret,NDB,35.3458,1.50056,389,DZ
TRC,Rio Cuarto,VOR,-33.0922,-64.265,114200,AR
TRC,Torreon,VOR-DME,25.564,-103.408,116400,MX
TRE,Trelew,VOR-DME,-43.2025,-65.2472,115100,AR
TRE,Tottori,VOR-DME,35.5273,134.16499,110200,JP
TRE,Taree,NDB,-31.8895,152.509,371,AU
TRE,Treviso,NDB,45.6225,12.0956,302,IT
TRF,Turaif,VOR-DME,31.6933,38.7347,116100,SA
TRF,Tyrifjord,NDB,59.9292,10.2693,352,NO
TRI,Trinidad,VOR-DME,-14.7991,-64.9384,115900,BO
TRI,Trogir,NDB,43.4968,16.2225,378,HR
TRI,Piarco,NDB,10.5934,-61.4221,382,TT
TRK,Tarakan,VOR-DME,3.32561,117.562,116600,ID
TRL,Alcantarilla,TACAN,37.9511,-1.22917,116600,ES
TRL,Tripolis,VOR-DME,37.4027,22.3396,116200,GR
TRL,Troll,DME,60.6452,3.72387,116100,NO
TRM,Thermal,VORTAC,33.6281,-116.16,116200,US
TRM,Terminal,TACAN,38.7604,-27.0926,116200,PT
TRM,Tres Marias,VOR-DME,-18.2032,-45.457,114700,BR
TRM,Trondheim,VOR-DME,63.5259,10.8901,112500,NO
TRN,Tirana,VOR-DME,41.4161,19.7182,117700,AL
TRN,Tehran,VOR-DME,35.697,51.2838,115300,IR
TRN,Trang,VOR-DME,7.50894,99.626,116600,TH
TRN,Turnberry,VOR-DME,55.3133,-4.78389,117500,GB
TRO,Troyes,VOR,48.2512,3.96314,116000,FR
TRO,Tromso,VOR-DME,69.7028,18.9968,113800,NO
TRO,Joday,NDB,32.7958,12.8278,328,LY
TRO,Corrientes,NDB,-3.79972,-75.0397,325,PE
TRP,Trapani,VORTAC,37.896,12.5132,108800,IT
TRP,Tarapoa,NDB,-0.13139,-76.3247,328,EC
TRP,Trapani,NDB,37.9143,12.493,318,IT
TRR,Reengus/Asovo,NDB,27.3668,75.5656,266,IN
TRS,Trosa,VOR-DME,58.9379,17.5022,114300,SE
TRT,Trent,VOR-DME,54.511,13.2493,108450,DE
TRT,Trat,NDB-DME,12.2745,102.314,384,TH
TRU,Trujillo,VOR-DME,-8.08722,-79.1122,116300,PE
TRU,Trundon,NDB,65.3873,21.7703,421,SE
TRX,Trenton,NDB,40.0803,-93.593,400,US
TRZ,Trzebnica,VOR-DME,51.3082,17.1143,113600,PL
TRZ,Termez,VOR-DME,37.285,67.3067,113400,UZ
TS,Timmins,NDB,48.5653,-81.4525,212,CA
TS,Toulouse,NDB,43.5073,1.48678,423,FR
TS,Tokushima,NDB,34.1281,134.606,333,JP
TS,Turkestan,NDB,43.3,68.3667,415,KZ
TS,Zadonsk,NDB,52.3833,38.9333,360,RU
TS,Tarko-Sale,NDB,64.9,77.7833,310,RU
TS,Tunis,NDB,36.9398,10.2512,325,TN
TSC,Tokushima,VORTAC,34.13,134.61,114900,JP
TSC,Salamanca,TACAN,40.9552,-5.50248,113300,ES
TSH,Tshikondeni,NDB,-22.5092,30.9492,253,ZA
TSL,Thessaloniki,VOR-DME,40.4569,22.9911,112100,GR
TSN,Tansonnhat,VOR-DME,10.8164,106.646,116700,VN
TSO,Malelane,NDB,-25.4403,31.675,450,ZA
TSO,Tolson,NDB,40.5626,-81.0776,395,US
TSR,Timisoara,NDB,45.818,21.3054,408,RO
TST,Truscott,NDB,-14.0897,126.387,359,AU
TSU,Toussus,VOR,48.7537,2.10236,108250,FR
TT,Santan,NDB,-0.06711,117.45,210,ID
TT,Trenn,NDB,40.2126,-74.8992,369,US
TT,Leeco,NDB,35.4973,-79.1399,406,US
TT,Stutt,NDB,34.5058,-91.5816,338,US
TTE,Toyota,VOR-DME,34.1907,131.01601,117200,JP
TTE,Tule,VOR-DME,35.9131,-119.021,109200,US
TTH,Terre Haute,VORTAC,39.489,-87.249,115300,US
TTM,Noria,VOR-DME,22.9678,-99.7727,114400,MX
TTN,Tetouan,VOR-DME,35.595,-5.32472,117300,MA
TTP,Tirupati,VOR-DME,13.6344,79.5391,115700,IN
TTQ,Tomotla,NDB,35.1165,-83.9566,335,US
TTR,Tiruchirappalli,VOR-DME,10.7624,78.7134,113100,IN
TTR,Tea Tree,NDB,-42.6922,147.314,374,AU
TTR,Tumlingtar,NDB,27.3164,87.1953,227,NP
TTS,Kennedy Space Center,TACAN,28.6262,-80.6958,112250,US
TTT,Maverick,VOR-DME,32.8692,-97.0405,113100,US
TTX,Troughton Island,NDB,-13.7547,126.149,413,AU
TU,Tuzla,NDB,44.4773,18.483,445,BA
TU,Aarhus,NDB,56.288,10.7753,374,DK
TU,Tardanu,NDB,-10.4922,121.849,270,ID
TU,Tuticorin,NDB,8.72561,78.0257,376,IN
TU,Aktyubinsk Lom,NDB,50.2111,57.2607,323,KZ
TU,Kuala Terengganu,NDB,5.383,103.107,312,MY
TU,Turbat,NDB,25.9901,63.0298,237,PK
TU,Bely,NDB,55.85,32.9333,129,RU
TU,Tutuka,NDB,-26.7216,29.358,353,ZA
TU,Oillr,NDB,36.0974,-95.8888,338,US
TU,Veron,NDB,34.1803,-88.7687,420,US
TU,Timaru,NDB-DME,-44.3084,171.22501,366,NZ
TUC,Tucuman,VOR-DME,-26.8458,-65.1083,114100,AR
TUC,Tunis,VOR-DME,36.8516,10.2303,116500,TN
TUC,Tucupita,NDB,9.08586,-62.0984,225,VE
TUF,Stuckey,NDB,32.4089,-92.5895,350,US
TUG,Tuguegarao,VOR-DME,17.6333,121.736,112100,PH
TUI,Tucurui,VOR-DME,-3.80134,-49.7213,112900,BR
TUI,Tucurui,NDB,-3.78641,-49.7144,220,BR
TUL,Tulsa,VORTAC,36.1963,-95.7881,114400,US
TUM,Tocumen,VOR-DME,9.05156,-79.4001,117100,PA
TUN,Tulln,VOR-DME,48.3097,15.9808,111400,AT
TUN,Tulln,NDB,48.3094,15.9811,358,AT
TUN,Saniat Rmel,NDB,35.6158,-5.27917,388,MA
TUP,Tupa,NDB,-21.8938,-50.5022,345,BR
TUR,Tours,TACAN,47.4222,0.73089,113800,FR
TUR,Turbo,NDB,8.07325,-76.7366,352,CO
TUR,Tours,NDB,47.5659,0.78261,331,FR
TUS,Tucson,VORTAC,32.0952,-110.915,116000,US
TUT,Pago Pago,VORTAC,-14.3326,-170.70799,112500,AS
TUT,Pago Pago,NDB,-14.3322,-170.71899,403,AS
TUY,Charallave,VOR-DME,10.295,-66.7973,115200,VE
TUZ,Tuzla,TACAN,44.4571,18.7296,109700,BA
TV,Athi River,VOR,-1.50344,37.0212,115500,KE
TV,Turner Valley,NDB,50.75,-114.369,299,CA
TV,Talvik,NDB,70.0593,22.9972,330,NO
TV,Tyoply Kluch,NDB,62.7683,136.76199,310,RU
TV,Vavau,NDB,-18.5856,-173.97,400,TO
TV,Gwenn,NDB,44.7345,-85.4293,365,US
TV,Savry,NDB,32.2453,-91.0258,344,US
TVC,Traverse City,VORTAC,44.6679,-85.55,114600,US
TVD,Valladolid,TACAN,41.7041,-4.84981,108200,ES
TVF,Thief River Falls,VOR-DME,48.0693,-96.1865,108400,US
TVI,Tavai,NDB,-9.71797,147.472,350,PG
TVK,Centerville,NDB,40.6871,-92.8999,290,US
TVL,Townsville,TACAN,-19.2783,146.743,113500,AU
TVL,Townsville,NDB,-19.2469,146.76199,276,AU
TVM,Trivandrum,VOR-DME,8.47481,76.9247,115100,IN
TVT,Tiverton,VOR-DME,40.458,-82.1268,116500,US
TVX,Greencastle,NDB,39.7141,-86.8061,521,US
TVY,Tooele,NDB,40.6107,-112.348,371,US
TW,Tamworth,VOR-DME,-31.0662,150.83,116000,AU
TW,Tamworth,NDB,-31.0712,150.83099,341,AU
TW,Toulouse,NDB,43.5306,1.02528,406,FR
TW,Soavinandriana,NDB,-19.1734,46.735,350,MG
TW,Strik,NDB,42.4786,-114.354,389,US
TW,Tarawa,DME,1.377,173.14301,114300,KI
TWB,Toowoomba,NDB,-27.5419,151.912,386,AU
TWF,Twin Falls,VORTAC,42.4799,-114.489,115800,US
TWL,Wesley,NDB,34.9529,-80.7052,204,US
TWM,Two Harbors,NDB,47.0522,-91.7446,243,US
TWN,Twenthe,TACAN,52.2745,6.89153,110700,NL
TWN,Twenthe,NDB,52.2679,6.87616,336,NL
TWS,Tainan,TACAN,22.9499,120.205,115400,TW
TWT,Tradewater,NDB,37.4667,-87.947,276,US
TWU,Tawau,NDB,4.29963,118.1,278,MY
TX,Tomsk,NDB,56.3833,85.2117,380,RU
TX,Tenerife Norte,NDB,28.4525,-16.2577,410,ES
TX,Tecco,NDB,33.5241,-93.906,234,US
TX,Gwnet,NDB,34.0199,-83.8628,419,US
TXC,Thurman,VORTAC,39.6983,-103.215,112900,US
TXK,Texarkana,VORTAC,33.5139,-94.0732,116300,US
TXO,Texico,VORTAC,34.4951,-102.84,112200,US
TY,Atyrau,NDB,47.1659,51.7839,315,KZ
TY,Titahi Bay,NDB,-41.1167,174.82001,234,NZ
TY,Indoo,NDB,32.4158,-95.4696,320,US
TY,Benfi,NDB,35.7422,-84.0812,353,US
TYC,Taylor Co,NDB,37.4019,-85.2437,272,US
TYE,Cotonou,VOR-DME,6.36214,2.39325,113300,BJ
TYE,Sakura,VOR-DME,35.7836,140.263,112700,JP
TYI,Tar River,VORTAC,35.9767,-77.7038,117800,US
TYK,Kandi,NDB,11.1445,2.93975,366,BJ
TYL,Talara,NDB,-4.57333,-81.255,370,PE
TYN,Taoyuan,TACAN,25.0625,121.245,115800,TW
TYN,Taiyuan,VOR-DME,37.7517,112.62,113100,CN
TYN,Natitingou,NDB,10.3624,1.34984,309,BJ
TYR,Tyler,VOR-DME,32.3559,-95.4035,114200,US
TYV,Toneyville,NDB,34.9525,-92.0195,290,US
TZ,Gibraltar Point,NDB,43.6128,-79.3856,257,CA
TZ,Tezpur,NDB,26.7108,92.7995,208,IN
TZ,Tete Chingodzi,NDB,-16.1807,33.6387,340,MZ
TZ,Lask,NDB,51.5383,19.2504,322,PL
TZ,Tzaneen,NDB,-23.8023,30.3608,213,ZA
TZ,Cogan,NDB,39.0865,-78.0686,364,US
TZ,Taiz,NDB,13.6889,44.1375,385,YE
TZC,Takamatsu,VORTAC,34.3264,133.953,117500,JP
TZE,Tessalit,NDB,20.257,0.98817,299,ML
TZH,Tianzhen,VOR-DME,40.4117,114.05,115600,CN
TZI,Gao,NDB,16.2394,-0.02336,364,ML
TZJ,Kayes,NDB,14.4315,-11.4284,343,ML
TZK,Tuzkoy,VOR-DME,38.7675,34.5408,115300,TR
TZK,Tuzkoy,NDB,38.7675,34.5408,371,TR
TZO,Trezzo,VOR-DME,45.5593,9.50719,117250,IT
TZO,Trezzo,NDB,45.5585,9.5093,345,IT
TZO,Bristow,NDB,35.7698,-96.4247,251,US
TZR,Tazerbo,NDB,25.6686,21.0933,269,LY
TZT,Belle Plaine,NDB,41.8855,-92.2832,371,US
TZZ,Travis,VOR,38.3442,-121.811,116400,US
U,Baku/Bina,NDB,40.4933,50.0633,113,AZ
U,San Luis,NDB,-33.305,-66.3617,307,AR
U,Burgas,NDB,42.5872,27.5378,465,BG
U,Sanzao,NDB,21.985,113.357,272,CN
U,Santa Clara,NDB,22.4869,-79.9667,287,CU
U,Uniform,NDB,60.304,24.9203,372,FI
U,Ust Kamenogorsk,NDB,50.0495,82.47,708,KZ
U,Uralsk,NDB,51.1639,51.5703,214,KZ
U,Luhansk,NDB,48.4221,39.3417,617,UA
U,Bukhara,NDB,39.7533,64.4783,390,UZ
U6,Creston,NDB,49.0431,-116.48,360,CA
UA,Mthatha,NDB,-31.5583,28.7019,228,ZA
UA,Toytepa,NDB,40.9833,69.3833,725,UZ
UAD,Chualar,NDB,36.4909,-121.475,263,US
UAM,Andersen,TACAN,13.5912,144.94701,111700,GU
UAN,Juanjui,NDB,-7.17147,-76.7238,290,PE
UAS,Sihuas,VOR,-16.3711,-72.1336,113500,PE
UAU,Mckay,TACAN,48.3736,-89.329,112500,CA
UAW,Shearwater,TACAN,44.6381,-63.4965,110100,CA
UB,Lubango,NDB,-14.924,13.5977,335,AO
UB,Ust-Bolsheretsk,NDB,52.8167,156.267,907,RU
UB,Ubon,NDB,15.2405,104.864,373,TH
UB,Tuktoyaktuk,NDB,69.4344,-133.017,380,CA
UBA,Ubarana,NDB,-4.92917,-36.3397,220,BR
UBA,Baracoa,NDB,20.3694,-74.5228,278,CU
UBC,Ballinger,NDB,31.6805,-99.9749,239,US
UBE,Ube,VOR-DME,33.9356,131.284,110800,JP
UBE,Cumberland,NDB,45.5092,-91.9767,375,US
UBG,Newberg,VOR-DME,45.3532,-122.978,117400,US
UBL,Ubon,TACAN,15.2633,104.883,114600,TH
UBL,Ubon,VOR-DME,15.2452,104.866,112700,TH
UBR,Ubari,NDB,26.5992,12.7806,291,LY
UBT,Ubatuba,NDB,-23.4492,-45.0738,295,BR
UBX,Cuba,NDB,38.0653,-91.4274,380,US
UBY,Bayamo,NDB,20.3939,-76.6192,268,CU
UC,Cucuta,NDB,7.95306,-72.5292,264,CO
UC,Uzunagach,NDB,43.6,76.3261,345,KZ
UC,Obion,NDB,36.2976,-88.9948,212,US
UCA,Utica,VORTAC,43.0265,-75.1645,111200,US
UCA,Ciego De Avila,VOR-DME,22.0151,-78.8158,117400,CU
UCA,Ciego De Avila,NDB,21.9894,-78.8719,390,CU
UCC,Jardines Del Rey,NDB,22.4679,-78.3068,382,CU
UCF,Cienfuegos,VOR-DME,22.1547,-80.4061,112300,CU
UCF,Cienfuegos,NDB,22.1139,-80.4253,212,CU
UCJ,Jardines Del Rey,VOR-DME,22.4675,-78.3119,117800,CU
UCL,Cayo Largo Del Sur,VOR-DME,21.605,-81.5328,112100,CU
UCL,Cayo Largo Del Sur,NDB,21.6042,-81.5291,230,CU
UCM,Camaguey,VOR-DME,21.4374,-77.8008,114100,CU
UCM,Camaguey,NDB,21.3904,-77.9291,370,CU
UCP,Castle,NDB,41.0237,-80.4148,272,US
UCU,Santiago De Cuba,VOR-DME,19.9778,-75.8228,113300,CU
UCU,Iquique,NDB,-20.5711,-70.1833,368,CL
UCU,Santiago De Cuba,NDB,19.9729,-75.8209,339,CU
UCV,Ulco,VOR,-28.41,24.3256,114700,ZA
UCY,Cayabo,NDB,22.8581,-82.8528,380,CU
UD,Chudovo,NDB,59.1167,31.65,940,RU
UD,Yakutsk,NDB,62.1333,129.81,290,RU
UD,Buturlino,NDB,55.5667,44.9167,905,RU
UD,Ulundi,NDB,-28.3044,31.4307,268,ZA
UD,Udon,NDB,17.3878,102.77,236,TH
UDA,Ulaanbaatar,VOR-DME,47.8677,106.734,116000,MN
UDE,Delta,NDB,50.1664,-98.3073,269,CA
UDG,Darlington,NDB,34.4432,-79.8873,245,US
UDH,Udhailiyah,NDB,25.145,49.3283,390,SA
UDI,Udairi,NDB,29.6867,47.4338,260,KW
UDN,Udon,TACAN,17.3831,102.798,113900,TH
UDN,Udon,VOR-DME,17.3845,102.775,114300,TH
UE,Luena,NDB,-11.7623,19.8992,375,AO
UE,Lo Castro,NDB,-33.3049,-70.79,220,CL
UES,Waukesha,NDB,43.0447,-88.2352,359,US
UF,Mogilev,NDB,53.9867,30.045,485,BY
UF,Longmen,NDB,23.6467,114.33,275,CN
UF,Novokuznetsk,NDB,53.855,86.905,300,RU
UF,Khabarovsk,NDB,48.4883,135.13699,469,RU
UF,Koshki,NDB,54.2167,50.4667,915,RU
UFX,St-Felix-de-Valois,NDB,46.1923,-73.4191,260,CA
UG,Uige,NDB,-7.56667,15.0333,300,AO
UG,Dalanzadgad,NDB,43.609,104.442,430,MN
UG,Ulongwe,NDB,-14.7181,34.3501,283,MZ
UG,Raduzhny,NDB,62.18,77.3383,880,RU
UG,Wauke,NDB,42.4641,-87.8014,379,US
UGS,University,NDB,39.2573,-82.126,250,US
UGT,Guantanamo,NDB,20.0789,-75.1583,300,CU
UH,Tikhoretsk,NDB,45.8333,40.0833,528,RU
UH,Ust-Khayruzovo,NDB,57.1467,156.76801,965,RU
UH,Bukhara,NDB,39.7283,64.4717,795,UZ
UHA,Habana,VOR-DME,22.9789,-82.4267,116100,CU
UHA,Quaqtaq,NDB,61.0427,-69.6273,285,CA
UHA,Habana,NDB,22.9328,-82.4922,348,CU
UHG,Holguin,VOR-DME,20.7981,-76.3031,116800,CU
UHG,Holguin,NDB,20.7305,-76.3764,353,CU
UHT,Ukhta,VOR-DME,63.56,53.795,113800,RU
UI,Chui,NDB,-33.7423,-53.3745,312,BR
UI,Quincy,NDB,39.887,-91.2536,293,US
UIA,Andalusia,VOR,31.3095,-86.3922,110200,US
UIB,Quibdo,VOR-DME,5.69226,-76.6413,113200,CO
UIM,Quitman,VOR-DME,32.8804,-95.3668,114000,US
UIN,Quincy,VORTAC,39.8479,-91.2788,113600,US
UIO,Quito,NDB,-0.17472,-78.4831,350,EC
UIS,San Luis,VOR,-33.2694,-66.3608,116000,AR
UIT,Timehri,NDB,6.44806,-58.3043,305,GY
UIZ,Berz,NDB,42.6614,-82.9655,215,US
UJ,Gaolan,NDB,21.8867,113.26,204,CN
UJ,Ust-Mana,NDB,55.9333,92.4833,662,RU
UJM,Marvell,VOR-DME,34.575,-90.6744,109600,US
UK,Ua Huka,NDB,-8.93581,-139.55099,372,PF
UK,Yukhnov,NDB,54.7333,35.2167,350,RU
UK,Ust-Kamchatsk,NDB,56.2233,162.685,410,RU
UK,Kearn,NDB,39.2747,-123.246,371,US
UKF,Wilki,NDB,36.1129,-81.0981,209,US
UKK,Wainwright Village,NDB,70.6376,-160.009,338,US
UKL,Boyd,NDB,38.2997,-95.7217,245,US
UKN,Waukon,VORTAC,43.2801,-91.5374,116600,US
UKS,Kosrae,NDB-DME,5.35306,162.957,393,FM
UKT,Quakertown,NDB,40.4248,-75.2974,208,US
UKW,Bowie,VORTAC,33.5359,-97.8213,112400,US
UL,Montreal,NDB,45.46,-73.8483,248,CA
UL,Hulutaotun,NDB,39.25,121.617,230,CN
UL,Vostochny,NDB,54.3517,48.7533,408,RU
UL,Ulundi,NDB,-28.3489,31.3945,422,ZA
UL,Ulundi,DME,-28.3151,31.4206,115400,ZA
ULA,Ula,NDB,57.1106,2.84472,380,NO
ULD,Uberlandia,VOR-DME,-18.8766,-48.2213,116100,BR
ULD,Uberlandia,NDB,-18.8872,-48.23,350,BR
ULH,Burwi,NDB,35.4616,-86.2417,332,US
ULL,Kukuliak,VOR-DME,63.6923,-170.47,117300,US
ULM,New Ulm,NDB-DME,44.3179,-94.4981,272,US
ULQ,Tulua,VOR-DME,4.09,-76.2236,117700,CO
ULS,Ulysses,NDB,37.5971,-101.368,395,US
ULT,Alert,TACAN,82.5173,-62.3117,110700,CA
ULV,Ulvingen,NDB,65.6341,12.1529,360,NO
ULW,Elmira,VOR-DME,42.0942,-77.0248,109650,US
UM,Churchill Falls,NDB,53.5906,-64.2356,233,CA
UM,Tartu,NDB,58.3086,26.7684,397,EE
UM,Ivanovskoye,NDB,55.8667,36.9167,405,RU
UMB,Culvr,NDB,33.1518,-83.1596,380,US
UME,Umea,VOR-DME,63.7886,20.2852,114100,SE
UMH,Uromiyeh,VOR-DME,37.6872,45.0843,113500,IR
UMH,Uromiyeh,NDB,37.6655,45.0609,370,IR
UMM,Summit,NDB,63.3281,-149.131,326,US
UMO,Moa,NDB,20.6489,-74.9306,212,CU
UMP,Metropolitan,NDB,39.9377,-86.0502,338,US
UMZ,Manzanillo,VOR-DME,20.3028,-77.0994,116000,CU
UN,Arkalyk,NDB,50.3128,66.95,121,KZ
UN,Underkhaan,NDB,47.3303,110.664,400,MN
UN,Upington,NDB,-28.4785,21.303,344,ZA
UN,Penue,NDB,40.9103,-77.7418,388,US
UNA,Udbina,NDB,44.5258,15.7728,450,HR
UNE,Union County,NDB,40.9574,-94.3473,379,US
UNG,Gerona,NDB,21.7558,-82.8781,412,CU
UNK,Unalakleet,VOR-DME,63.8919,-160.68401,116900,US
UNT,Naramata,NDB,49.5972,-119.603,312,CA
UNU,Juneau,NDB,43.4303,-88.7007,344,US
UNV,Nuevas,VOR,21.395,-77.2308,116300,CU
UNV,Nuevas,NDB,21.3994,-77.2325,256,CU
UNZ,Nimitz,VORTAC,13.4545,144.733,115300,GU
UOC,Hawkeye,NDB,41.632,-91.5429,524,US
UOD,Cold Lake,TACAN,54.4086,-110.296,113500,CA
UOT,Union County,NDB,34.684,-81.6423,326,US
UP,Upernavik,NDB,72.7926,-56.146,399,GL
UP,Zenzeli,NDB,45.9333,47.0667,337,RU
UP,Uppsala,NDB,59.9806,17.7,366,SE
UP,U Taphao,NDB,12.6634,100.992,414,TH
UP,Kokand,NDB,40.4633,71.045,349,UZ
UPB,Playa Baracoa,VOR,23.0233,-82.5817,109200,CU
UPB,Playa Baracoa,NDB,23.0232,-82.5807,250,CU
UPI,Barranca De Upia,NDB,4.57639,-72.9772,315,CO
UPN,Uruapan,VOR-DME,19.3958,-102.041,114200,MX
UPP,Upolu Point,VORTAC,20.2005,-155.843,112300,US
UPV,Upington,VOR-DME,-28.4017,21.2604,116500,ZA
UQN,Onyun,NDB,32.2232,-82.2982,372,US
UQQ,Comox,TACAN,49.7125,-124.894,110400,CA
UQS,Nuiqsut Village,NDB,70.2125,-151.0,241,US
UR,Uralsk,NDB,51.1789,51.6003,442,KZ
UR,Chagda,NDB,58.75,130.64999,325,RU
UR,Margate,NDB,-30.8042,30.3694,485,ZA
UR,Burln,NDB,39.0457,-84.773,321,US
UR,Orchy,NDB,40.8665,-73.8036,385,US
URA,Piura,VOR-DME,-5.21,-80.6161,117700,PE
URA,Piura,NDB,-5.21167,-80.6172,345,PE
URB,Uberaba,NDB,-19.7655,-47.9592,235,BR
URB,Urbe,NDB,41.9451,12.4901,285,IT
URC,Urumqi,VOR-DME,43.9067,87.475,115700,CN
URC,Urcos,VOR-DME,-13.6494,-71.5864,115600,PE
URC,Coari,NDB,-4.88611,-65.3492,355,BR
URC,Urica,NDB,9.70364,-63.9998,330,VE
URF,Sanliurfa,VOR-DME,37.0939,38.8447,117700,TR
URF,Sanliurfa,NDB,37.0939,38.8447,415,TR
URG,Urgench,VOR-DME,41.5833,60.65,114200,UZ
URG,Uruguaiana,NDB,-29.786,-57.0367,275,BR
URH,Texoma,VOR-DME,33.9442,-96.3918,114300,US
URL,Uralsk,VOR-DME,51.1458,51.5408,114200,KZ
URM,Uriman,NDB,5.33306,-62.767,220,VE
URP,Urubupunga,VOR-DME,-20.7765,-51.5588,114200,BR
URP,Urubupunga,NDB,-20.774,-51.564,335,BR
URT,Uruburetama,NDB,-3.5855,-39.4267,235,BR
URV,Varder,NDB,23.0199,-81.4581,390,CU
US,Ulsan,NDB,35.576,129.353,335,KR
US,Ust Kamenogorsk,NDB,50.0676,82.437,345,KZ
US,Ulaangom,NDB,49.9265,92.0528,315,MN
US,Muravlyanka,NDB,53.75,38.5,103,RU
US,Elshanka,NDB,51.8133,46.3933,970,RU
USC,Santa Clara,NDB,22.4807,-79.9934,240,CU
USE,Fulton,NDB,41.6092,-84.1327,375,US
USK,Usak,NDB-DME,38.6796,29.4801,414,TR
USN,Ulsan,VOR-DME,35.5985,129.353,111400,KR
USU,Ushuaia,VOR,-54.8381,-68.2842,113700,AR
UT,Pohang,NDB,35.9783,129.418,330,KR
UT,Mthatha,NDB,-31.5478,28.7297,335,ZA
UT,Turkmenabat,NDB,39.04,63.64,326,TM
UTD,Trinidad,NDB,21.7906,-79.9912,300,CU
UTH,Uthaug,NDB,63.7228,9.57778,366,NO
UTO,Utopia Creek,NDB,65.992,-153.72099,272,US
UTR,Trenton,TACAN,44.1212,-77.5289,109700,CA
UTS,Huntsville,NDB,30.7407,-95.5909,308,US
UTT,Utti,VOR-DME,60.8973,26.9295,114600,FI
UTV,Karshi,TACAN,38.8293,65.9133,114400,UZ
UTX,United,NDB,26.909,-80.3351,405,US
UU,Vitebsk,NDB,55.1533,30.43,524,BY
UU,Uummannaq,NDB,70.7305,-52.6654,285,GL
UU,Mzuzu,NDB,-11.4431,34.0138,227,MW
UU,Constanta,NDB,44.2854,28.4779,325,RO
UU,Seyer,NDB,35.0155,-88.6157,334,US
UUD,Udaipur,VOR-DME,24.6129,73.8909,115900,IN
UUV,Sullivan,NDB,38.2354,-91.164,356,US
UV,Nizhny Novgorod,NDB,56.2517,43.795,327,RU
UV,Bales,NDB,36.5899,-79.9173,396,US
UV,Tunng,NDB,34.3851,-89.626,426,US
UVA,Varder,VOR-DME,23.0247,-81.4536,114800,CU
UVA,Uvalde,NDB,29.1777,-99.7257,281,US
UVT,Tunas,NDB,20.9886,-76.9388,296,CU
UW,Edinburgh,NDB,55.9052,-3.50251,368,GB
UWE,Yuwa,VOR-DME,39.6171,140.187,110650,JP
UWI,Whitfield,NDB,34.7895,-84.9461,400,US
UWL,New Castle,NDB,39.88,-85.3188,385,US
UWS,Vostochny,VOR-DME,54.4033,48.815,113700,RU
UX,Hall Beach,NDB,68.7672,-81.2564,378,CA
UX,Anadyr,NDB,64.785,177.77,790,RU
UX,Sulfy,NDB,30.1985,-93.4206,278,US
UXM,Tullahoma Regional,VOR,35.3804,-86.2458,109650,US
UY,Kutaisi,NDB,42.1846,42.544,842,GE
UY,Sovetskiy,NDB,61.2883,63.6633,108,RU
UY,Kyzyl,NDB,51.6567,94.3733,490,RU
UY,Orel,NDB,52.9836,36.1003,605,RU
UYF,London,NDB,39.9342,-83.4662,263,US
UYR,Goose,TACAN,53.3197,-60.4165,110300,CA
UYT,St.John's,TACAN,47.6272,-52.7482,108600,CA
UZ,Rally,NDB,34.89,-81.0808,227,US
UZG,Zarago,NDB,22.935,-82.0386,283,CU
UZV,Sept Iles,TACAN,50.2239,-66.2661,114500,CA
UZX,Greenwood,TACAN,44.9804,-64.9277,117600,CA
V,Sauce Viejo,NDB,-31.7323,-60.8211,282,AR
V,Villa Reynolds,NDB,-33.7283,-65.4033,295,AR
V,Viedma,NDB,-40.865,-63.025,305,AR
V,Lochini,NDB,41.6828,44.9337,923,GE
V,Szentkiralyszabadja,NDB,47.061,17.9804,451,HU
V,Ivano-Frankovsk,NDB,48.888,24.6549,598,UA
V,Lviv,NDB,49.7974,23.9768,650,UA
V1,Moose Jaw Muni,NDB,50.4333,-105.387,272,CA
V2,Humboldt,NDB,52.1742,-105.124,277,CA
V4,Bonnyville,NDB,54.3053,-110.744,296,CA
V6,Salmon Arm,NDB-DME,50.6861,-119.233,208,CA
VA,Victor-Alfa,NDB,64.1295,24.6428,332,FI
VA,Vad,NDB,65.1095,-14.5961,335,IS
VA,Amal V12,NDB,29.4833,21.0667,310,LY
VA,Dobrynskoye,NDB,56.2667,40.6,307,RU
VAB,Albacete,VOR-DME,38.9438,-2.00267,115800,ES
VAC,Vrsac,VOR,45.1369,21.306,115600,RS
VAD,Moody,VORTAC,30.9601,-83.1934,113300,US
VAD,Bateen,VOR-DME,24.4274,54.4652,114000,AE
VAE,Vaernes,TACAN,63.4552,10.9004,109600,NO
VAL,Valencia,VOR-DME,10.1479,-67.9228,117400,VE
VAL,Valjevo,VOR-DME,44.3239,19.8747,116600,RS
VAL,Valadares,NDB,-18.8985,-41.9877,380,BR
VAL,Valjevo,NDB,44.3212,19.8751,390,RS
VAN,Vance,VORTAC,33.4748,-80.4486,110400,US
VAN,Van,VOR-DME,38.4652,43.3251,115200,TR
VAN,Van,NDB,38.4674,43.3356,397,TR
VAR,Varazdin,NDB,46.3117,16.3808,344,HR
VAR,Varhaug,NDB,58.6272,5.62824,319,NO
VAS,Vaasa,VOR-DME,63.0414,21.7649,114500,FI
VAS,Alor Star,VOR-DME,6.18567,100.397,113600,MY
VAS,Asuncion,VOR-DME,-25.2442,-57.5219,115900,PY
VB,Yingde,NDB,24.2033,113.408,310,CN
VB,Vikarabad,NDB,17.3344,77.8817,321,IN
VB,Asuncion,NDB,-25.28,-57.5283,305,PY
VB,Vryburg,NDB,-26.9842,24.7276,425,ZA
VBA,Barna,VOR-DME,45.7478,17.1467,117400,HR
VBA,Batu Arang,VOR-DME,3.32481,101.457,114700,MY
VBG,Valkenburg,TACAN,52.1614,4.41417,111200,NL
VBG,Vandenberg,TACAN,34.7326,-120.583,112250,US
VBI,Sioux Narrows,VORTAC,49.4767,-94.0467,115200,CA
VBR,Beira,VOR-DME,-19.7877,34.8717,113700,MZ
VBS,Saguenay,VOR-DME,48.0172,-71.2693,114200,CA
VBT,Butterworth,VORTAC,5.47631,100.394,113300,MY
VBU,Bintulu,VOR-DME,3.15397,113.013,112600,MY
VBU,J M Nkomo,VOR-DME,-20.0291,28.6439,115700,ZW
VBW,Bridgewater,NDB,38.3656,-78.9612,241,US
VBZ,Badajoz,VOR-DME,38.8899,-6.81575,116800,ES
VC,La Ronge,NDB,55.0861,-105.318,317,CA
VC,Tsushima,NDB,34.2876,129.32401,393,JP
VC,Virac,NDB,13.6269,124.213,268,PH
VC,Leshukonskoye,NDB,64.9,45.75,678,RU
VC,Fostr,NDB,28.9152,-97.0005,226,US
VCA,Cabinda,VOR-DME,-5.61667,12.2,114300,AO
VCE,Tsushima,VOR-DME,34.2815,129.33701,111450,JP
VCL,Chileka,VOR-DME,-15.6738,34.9165,113300,MW
VCN,Cedar Lake,VORTAC,39.5377,-74.9671,115200,US
VCO,Conquista,NDB,-14.8665,-40.8656,260,BR
VCT,Shimotsushima,TACAN,34.1325,129.28101,113600,JP
VCT,Victoria,VOR-DME,28.9003,-96.9789,109000,US
VCV,Victorville,VOR-DME,34.5942,-117.39,109400,US
VCY,Valley City,NDB,46.8775,-97.914,382,US
VD,Vadso,NDB,70.0656,29.883,342,NO
VD,Yakutsk,NDB,62.0517,129.707,334,RU
VE,Chabeuil,NDB,44.849,4.9555,320,FR
VE,Vientiane,NDB,18.0253,102.524,205,LA
VEA,Svea,DME,77.8598,16.6501,117500,NO
VED,Leesville,NDB,31.1024,-93.3419,247,US
VEG,Gradiste,NDB,44.7573,21.5148,324,RS
VEH,Vehkaa,VOR-DME,62.9798,27.8138,113000,FI
VEL,Vernal,VOR-DME,40.379,-109.493,108200,US
VEN,Venezia,NDB,45.4491,12.277,379,IT
VEP,Vero Beach,NDB,27.6641,-80.4196,392,US
VER,Veracruz,VOR-DME,19.1432,-96.1891,114000,MX
VER,Viertel,NDB,38.9495,-92.6842,347,US
VES,Vesta,VOR-DME,55.6031,8.29996,116600,DK
VES,Ciudad Del Este,VOR-DME,-25.46,-54.85,116300,PY
VES,Asturias,VOR-DME,43.5646,-6.03067,112400,ES
VES,Versailles,NDB,40.2062,-84.5227,356,US
VEY,Vedby,VOR,56.1483,13.2164,116900,SE
VF,Victoria Falls,NDB,-18.0895,25.8199,274,ZW
VFA,Faro,VOR-DME,37.0135,-7.97501,112800,PT
VFD,Vitoria,VOR-DME,42.8806,-2.72435,112900,ES
VFL,Horta,VORTAC,38.5194,-28.6236,112700,PT
VFL,Vardefjell,VOR-DME,65.8794,13.308,112250,NO
VFU,Stanley,NDB,40.8625,-84.6138,411,US
VG,Vagar,NDB,62.0434,-7.19566,348,FO
VG,Velika Gorica,NDB,45.7254,16.0421,325,HR
VG,Vaga,NDB,59.2793,5.35934,275,NO
VG,Zhigansk,NDB,66.7383,123.403,441,RU
VGA,Vigra,NDB,62.5635,6.12977,355,NO
VGD,Vitigudino,NDB,41.0016,-6.44472,365,ES
VGE,Getafe,VOR,40.2892,-3.7271,112500,ES
VGE,Getafe,TACAN,40.2892,-3.7271,112050,ES
VGH,Varginha,NDB,-21.5882,-45.4743,325,BR
VGK,Gong Kedak,VORTAC,5.79732,102.479,116600,MY
VGO,Vigo,VOR-DME,42.3213,-8.60164,113600,ES
VGO,Gokwe,VOR-DME,-18.2444,28.9697,113700,ZW
VH,Hofra V10,NDB,29.3667,18.0167,410,LY
VH,Dashoguz,NDB,41.76,59.8917,322,TM
VHD,Vryheid,NDB,-27.7864,30.7128,230,ZA
VHL,Vryheid,NDB,-27.7861,30.7869,350,ZA
VHN,Van Horn,NDB,31.0617,-104.787,233,US
VHP,Brickyard,VORTAC,39.8147,-86.3676,116300,US
VHU,Huambo,VOR-DME,-12.8086,15.7495,113300,AO
VI,Vohma,VOR-DME,58.6559,25.5748,114900,EE
VI,Vigo,NDB,42.3182,-8.60324,345,ES
VI,Verhnie,NDB,48.9413,23.0432,334,UA
VI,Opery,NDB,36.2038,-86.652,344,US
VI,Vilia,NDB,36.2548,-119.315,220,US
VI,Masvingo,NDB,-20.0417,30.8567,353,ZW
VIA,Vigra,TACAN,62.551,6.03911,112400,NO
VIA,Burgos,VOR-DME,42.355,-3.61358,111400,ES
VIB,Viterbo,NDB,42.44,12.0569,480,IT
VIC,Vicenza,VOR-DME,45.6373,11.6764,113400,IT
VIC,Vicenza,NDB,45.6369,11.6747,417,IT
VIE,Viedma,VOR,-40.8672,-63.0008,117100,AR
VIE,Coehill,VOR-DME,44.6609,-77.8881,115100,CA
VIE,Vieste,VOR-DME,41.9129,16.0491,112600,IT
VIE,Viedma,NDB,-40.8625,-63.0067,275,AR
VIE,Vieste,NDB,41.9133,16.0511,405,IT
VIG,Vigra,VOR-DME,62.5521,6.03442,115800,NO
VIH,Ipoh,VOR-DME,4.57303,101.094,117300,MY
VIH,Vichy,VOR-DME,38.1541,-91.7068,117700,US
VIL,Villafranca,VORTAC,45.4079,10.9062,115800,IT
VIL,Vilmas,VOR-DME,61.0391,28.118,112500,FI
VIL,Villafranca,NDB,45.3244,10.786,355,IT
VIN,Vinh,VOR-DME,18.7341,105.668,113100,VN
VIN,Vinnytsia,DME,49.2397,28.6205,114800,UA
VIO,Victory,VOR-DME,42.7867,-85.4971,115950,US
VIQ,Neillsville,NDB,44.5572,-90.5151,368,US
VIR,Viru Viru,VOR-DME,-17.6285,-63.1499,113800,BO
VIR,Browerville,NDB,71.2823,-156.78101,281,US
VIS,Viseu,VOR-DME,40.7233,-7.88583,113100,PT
VIS,Visalia,VOR-DME,36.3673,-119.482,109400,US
VIT,Vinton,NDB,37.204,-79.8817,277,US
VIV,Vivian,NDB,32.8596,-94.0102,284,US
VIW,Villach,VOR-DME,46.6964,13.9146,112900,AT
VJ,Whine,NDB,36.734,-81.9493,236,US
VJF,Vejer,VOR-DME,36.2472,-5.97187,117800,ES
VJN,Kota Kinabalu,VOR-DME,5.89967,116.03,113100,MY
VJR,Johor Bahru,VOR-DME,1.72986,103.622,112700,MY
VJZ,Torrejon,VOR-DME,40.5641,-3.36033,115100,ES
VK,Navakai,NDB,-17.7847,177.41901,405,FJ
VK,Vikor,NDB,48.0369,-98.8064,332,US
VKA,Karonga,VOR-DME,-9.95514,33.8914,115300,MW
VKB,Kota Bharu,VOR-DME,6.16342,102.314,112300,MY
VKE,Kerteh,VOR-DME,4.54806,103.423,117100,MY
VKG,Kuching,VOR-DME,1.47333,110.306,114500,MY
VKL,Volkel,TACAN,51.6556,5.70694,108300,NL
VKL,Kuala Lumpur,VOR-DME,2.72444,101.738,116100,MY
VKN,Kuantan,VORTAC,3.77617,103.21,113700,MY
VKN,Mount Mansfield,NDB,44.3867,-72.6935,268,US
VKS,Vicksburg,NDB,32.2329,-90.9265,382,US
VKT,Kuala Terengganu,VOR-DME,5.38583,103.103,115400,MY
VKX,Potomac,NDB,38.7489,-76.9561,241,US
VKZ,Virginia Key,VOR-DME,25.7519,-80.1544,117100,US
VL,Vilankulo,NDB,-21.9675,35.2834,370,MZ
VL,Zheltoye,NDB,51.6333,56.6,101,RU
VLA,Vandalia,VORTAC,39.0937,-89.1625,114300,US
VLA,Villafranca,VOR-DME,41.3426,1.5477,113150,ES
VLB,Labuan,VOR-DME,5.29,115.252,116300,MY
VLC,Lichinga,VOR-DME,-13.2849,35.2209,117100,MZ
VLC,Valencia,VOR-DME,39.4856,-0.48304,116100,ES
VLC,Valencia,NDB,10.152,-67.9424,380,VE
VLD,Valdivia,VOR-DME,-39.6711,-73.0856,114500,CL
VLD,Valdivia,NDB,-39.7222,-73.0836,208,CL
VLD,Valladolid,NDB,41.7895,-4.73908,342,ES
VLG,Limbang,VOR-DME,4.79728,115.002,113400,MY
VLH,Vilhena,VOR-DME,-12.6937,-60.0953,112100,BR
VLH,Vilhena,NDB,-12.6895,-60.1033,395,BR
VLI,Livingstone,VOR,-17.8126,25.82,112500,ZM
VLI,Bauerfield,VOR-DME,-17.6622,168.244,114300,VU
VLM,Vlasim,VOR-DME,49.7043,15.0667,114300,CZ
VLN,Lumsden,VORTAC,50.667,-104.89,114200,CA
VLN,Yeovilton,TACAN,51.005,-2.63875,111000,GB
VLR,Langruth,VORTAC,50.4222,-98.7237,112200,CA
VLS,Lusaka,VOR-DME,-15.328,28.4199,113500,ZM
VLV,Beauce,VOR-DME,45.925,-70.8461,117200,CA
VLX,Wilcox,NDB,35.8676,-92.0946,348,US
VM,Shigezhuang,NDB,39.3,116.9,280,CN
VM,Vestmannaeyjar,NDB,63.3997,-20.2883,375,IS
VM,Venetia,NDB,-22.457,29.3043,418,ZA
VM,Meana,NDB,34.5391,-94.073,259,US
VMA,Maputo,VOR-DME,-25.8689,32.605,112700,MZ
VMB,Wuxi,VOR-DME,31.5833,120.333,113900,CN
VMF,Mfuwe,VOR-DME,-13.2615,31.915,112900,ZM
VMG,Sao Miguel,VORTAC,37.8461,-25.7581,114500,PT
VMI,Miri,VOR-DME,4.33778,113.994,112400,MY
VMK,Malacca,VOR-DME,2.25639,102.251,117400,MY
VMO,Namibe,VOR-DME,-15.2667,12.1667,114100,AO
VMP,Châteaudun,VOR-DME,48.0589,1.38889,117200,FR
VMR,Mersing,VOR-DME,2.38833,103.872,116800,MY
VMR,Vermillion,NDB,42.7633,-96.9345,375,US
VMS,Matsapha,VOR-DME,-26.5119,31.3236,112300,SZ
VMV,Masvingo,VOR-DME,-20.0568,30.8536,115100,ZW
VMZ,Mzuzu,VOR-DME,-11.4153,34.0017,116100,MW
VNA,Vienna,VORTAC,32.2134,-83.4973,116500,US
VNA,Luanda,VOR-DME,-8.84548,13.2475,112700,AO
VNA,Vavuniya,NDB,8.73972,80.4881,400,LK
VNA,Vanja,NDB,63.8327,19.848,364,SE
VNC,Venice,NDB,27.0614,-82.4306,206,US
VND,Ndola,VOR-DME,-12.9999,28.6666,112100,ZM
VNE,Vienne,VOR,45.5564,4.88342,108200,FR
VNG,Vangnes,NDB,61.1726,6.64506,404,NO
VNN,Mount Vernon,VOR-DME,38.362,-88.8073,113800,US
VNO,Vilnius,VOR-DME,54.6361,25.2936,113800,LT
VNO,Vanimo,NDB-DME,-2.6789,141.30299,257,PG
VNP,Nampula,VOR-DME,-15.0849,39.3004,113900,MZ
VNT,Ventspils,VOR-DME,57.3669,21.5562,113600,LV
VNV,Villanueva,NDB,41.2106,1.70584,380,ES
VNY,Van Nuys,VOR-DME,34.2234,-118.492,113100,US
VO,Val-d'Or,NDB,48.0567,-77.7933,239,CA
VO,Brezany,NDB,50.2111,14.4284,333,CZ
VO,Ora V9,NDB,28.5167,19.3167,295,LY
VOF,Alcovy,NDB,33.6298,-83.7821,370,US
VOG,Voghera,VOR-DME,44.9644,8.97028,115500,IT
VOG,Voghera,NDB,44.964,8.9715,334,IT
VOK,Volk,TACAN,43.9429,-90.259,110400,US
VON,Vigo,NDB,42.186,-8.639,433,ES
VOO,Vollo,VOR-DME,60.5489,5.12879,114850,NO
VOZ,Vozice,VOR-DME,49.5323,14.8747,116300,CZ
VP,Tbilisi,NDB,41.7131,44.8955,697,GE
VP,Sedly,NDB,41.4512,-86.8775,212,US
VPA,Valle De La Pascua,VOR-DME,9.22892,-65.9839,117800,VE
VPG,Penang,VOR-DME,5.27964,100.26,116200,MY
VPL,Langkawi,VOR-DME,6.35542,99.7474,114100,MY
VPS,Ipoh,VOR,4.48222,101.017,112800,MY
VPT,Pulau Tioman,VOR-DME,2.91094,104.101,114000,MY
VQ,Norman Wells,NDB,65.2528,-126.67,326,CA
VQ,Darongjiang,NDB,25.5583,110.478,398,CN
VQ,Komintern,NDB,41.3833,68.8,820,KZ
VQ,Cargl,NDB,42.3563,-82.9542,230,US
VQ,Besaq,NDB,37.3544,-105.931,400,US
VQL,Quelimane,VOR-DME,-17.8512,36.8668,112300,MZ
VQQ,Cecil,VOR,30.213,-81.8909,117900,US
VR,Vancouver,NDB,49.1728,-123.057,266,CA
VR,Parduc,NDB,47.168,17.6044,465,HU
VR,Varamin,NDB,35.3427,51.6372,373,IR
VR,Ras Lanuf V40,NDB,30.5,18.5333,385,LY
VR,Vila Real,NDB,41.2153,-7.74389,304,PT
VR,Gran Canaria,NDB,27.8568,-15.4199,365,ES
VRA,Vitoria,VOR-DME,42.7319,-2.86558,116600,ES
VRA,Valera,VOR-DME,9.42753,-70.557,114400,VE
VRA,Valera,NDB,9.34031,-70.5848,278,VE
VRA,Vrsac,NDB,45.0877,21.2912,294,RS
VRB,Vero Beach,VORTAC,27.6784,-80.4896,117300,US
VRD,Vardo,VOR-DME,70.3576,31.0472,114100,NO
VRD,Victoria River Downs,NDB,-16.4047,131.007,377,AU
VRN,Vranje,NDB,42.5554,21.9114,337,RS
VRO,Viru Viru,NDB,-17.5367,-63.2007,280,BO
VRS,Vrsar,NDB,45.2102,13.649,369,HR
VRT,Wilbarger,NDB,34.2259,-99.2793,230,US
VS,Vesilahti,NDB,61.377,23.446,365,FI
VS,Szentkiralyszabadja,NDB,47.0301,17.9966,362,HU
VSA,Villahermosa,VOR-DME,17.9989,-92.8182,116700,MX
VSA,Santo Antao,NDB,-8.1065,-35.2873,285,BR
VSB,Visby,VOR-DME,57.6595,18.3469,115100,SE
VSB,Harare,VOR-DME,-17.9072,31.1185,113100,ZW
VSF,Fianarantsoa,NDB,-21.4401,47.1109,322,MG
VSI,Sibu,VOR-DME,2.24681,112.003,112200,MY
VSJ,Murcia/San Javier,TACAN,37.7799,-0.81289,113000,ES
VSJ,Murcia/San Javier,VOR-DME,37.7798,-0.81278,113000,ES
VSJ,Punta San Juan,VOR-DME,11.1706,-68.4162,112900,VE
VSJ,Mahajanga,NDB,-15.6741,46.342,326,MG
VSL,Maroantsetra,NDB,-15.4333,49.6833,402,MG
VSM,Santa Maria,VOR-DME,36.9628,-25.1664,113700,PT
VSM,Toamasina,NDB,-18.118,49.3972,358,MG
VSN,Sandakan,VOR-DME,5.90606,118.068,114000,MY
VSN,Vassen,VOR-DME,58.3031,15.7098,115250,SE
VSN,Fascene,NDB,-13.3199,48.3101,381,MG
VSO,Morondava,NDB,-20.2876,44.3172,397,MG
VSP,Tolagnaro,NDB,-25.0374,46.9531,282,MG
VSQ,Toliara,NDB,-23.3894,43.7223,367,MG
VSR,Manakara,NDB,-22.1165,48.022,390,MG
VT,Vungtau,NDB,10.3442,107.103,291,VN
VTA,Vitoria,NDB,42.9281,-2.67961,345,ES
VTB,Vitebsk,VOR-DME,55.125,30.3533,112700,BY
VTB,Villatobas,VOR-DME,39.7808,-3.46403,112700,ES
VTG,Thangone,NDB,18.1381,102.633,405,LA
VTI,Vihti,VOR-DME,60.4593,24.2441,117000,FI
VTI,Garrison,NDB,42.2217,-92.0202,338,US
VTK,Tekong,VOR-DME,1.41539,104.022,116500,SG
VTL,Gweru Thornhill,VOR-DME,-19.4392,29.8647,114300,ZW
VTN,Ventanas,VOR-DME,-32.7386,-71.4961,113300,CL
VTN,Vientiane,VOR-DME,18.0103,102.541,117500,LA
VTN,Biratnagar,NDB,26.4856,87.2664,358,NP
VTN,Valentine,NDB,42.8616,-100.55,314,US
VTN,Kraljevo,NDB,43.7176,20.8103,468,RS
VTR,Vitoria,VOR-DME,-20.2497,-40.283,115500,BR
VTR,Vitoria,NDB,-20.192,-40.2427,350,BR
VTR,Takotna River,NDB,62.9469,-155.55701,350,US
VTS,Villamontes,NDB,-21.2547,-63.4067,219,BO
VTU,Ventura,VOR-DME,34.1151,-119.049,108200,US
VTV,Vungtau,VOR,10.3742,107.091,114700,VN
VTW,Tawau,VOR-DME,4.32452,118.14,115600,MY
VTZ,Tete Chingodzi,VOR,-16.1263,33.64,114100,MZ
VU,Aller,NDB,35.4885,-80.0803,346,US
VUB,Lubango,VOR-DME,-14.9167,13.6,112300,AO
VUE,Luena,VOR,-11.7635,19.8779,113700,AO
VUH,Scholes,VORTAC,29.2693,-94.8677,113000,US
VUP,Valledupar,NDB,10.4321,-73.2468,325,CO
VUZ,Vulcan,VORTAC,33.6702,-86.8998,114400,US
VV,Vereeniging,NDB,-26.575,27.9583,460,ZA
VV,Camor,NDB,39.8828,-79.7447,299,US
VV,Junne,NDB,33.6461,-83.0208,353,US
VVC,Villavicencio,VOR-DME,4.06694,-73.3822,116700,CO
VVC,Villavicencio,NDB,4.06833,-73.3831,370,CO
VVO,Viru Viru,NDB,-17.7292,-63.0783,295,BO
VVP,Valledupar,VOR-DME,10.3378,-73.2625,114600,CO
VVV,Ortonville,NDB,45.3016,-96.4214,332,US
VVZ,Vishakhapatnam,VOR-DME,17.6677,83.2528,114000,IN
VW,Fujiachang,NDB,29.9283,104.302,352,CN
VW,Temky,NDB,35.7746,-81.065,280,US
VWD,Mount Snow,NDB,42.9275,-72.864,224,US
VWN,Hwange,VOR-DME,-18.6404,26.9935,114500,ZW
VWV,Victoria West,VOR,-31.3969,23.1089,113700,ZA
VWV,Waterville,VOR-DME,41.4515,-83.6387,113100,US
VX,Minsk-2,NDB,53.9217,27.975,635,BY
VX,Dafoe,NDB,51.8731,-104.57,368,CA
VX,Vaxjo,NDB,56.8573,14.6976,329,SE
VXV,Volunteer,VORTAC,35.9048,-83.8947,116400,US
VYI,Valley Island,NDB,20.8808,-156.44299,327,US
VYK,Dawangzhuang,VOR-DME,39.1917,116.572,112700,CN
VYL,Valley,TACAN,53.2574,-4.54414,108400,GB
VYS,Valley,NDB,41.3548,-89.1481,230,US
VZ,Altay,NDB,47.72,88.1617,415,CN
VZ,Vishakhapatnam,NDB,17.738,83.2528,244,IN
VZU,Mulu,VOR-DME,4.03292,114.795,112800,MY
W,Villa Reynolds,NDB,-33.7367,-65.4,237,AR
W,Varna,NDB,43.2345,27.7965,335,BG
W,Warszawa,NDB,52.1416,20.9882,361,PL
W,Domodedovo,NDB,55.4317,37.9,887,RU
W,Vnukovo,NDB,55.5783,37.2517,949,RU
W,Rivne,NDB,50.6175,26.1123,678,UA
W2,Kirby,NDB,55.3556,-110.63,283,CA
W4,Jenpeg,NDB,54.52,-98.0434,323,CA
W6,Creston North,NDB,49.1764,-116.605,233,CA
W7,Pabok (Du Rocher-Perce),NDB,48.3817,-64.5639,219,CA
WA,Wongyuan,NDB,24.3483,114.113,342,CN
WA,Kuressaare,NDB,58.2707,22.5088,350,EE
WA,Wajir,NDB,1.74796,40.0602,318,KE
WA,Magadan,NDB,59.9083,150.82201,375,RU
WA,Kursk,NDB,51.725,36.3583,742,RU
WAD,Waddington,TACAN,53.1653,-0.52683,117100,GB
WAG,Warszawa,NDB,52.2106,20.8066,336,PL
WAK,Vakarel,NDB,42.5917,23.7044,490,BG
WAL,Wallasey,VOR-DME,53.3919,-3.13444,114100,GB
WAO,Warszawa,NDB,52.0977,21.0266,412,PL
WAR,Zaborowek,VOR-DME,52.2591,20.6571,114900,PL
Wau_NDB_,Wau,NDB,7.72302,27.9765,355,SS
WAV,Wajir,VOR-DME,1.74681,40.0824,112500,KE
WAV,Wave Hill,NDB,-17.3925,131.121,203,AU
WAY,Wallaby,NDB,-23.8742,134.03,372,AU
WB,Woodbourne,VOR-DME,-41.5197,173.86301,115600,NZ
WB,Woodbourne,NDB,-41.5168,173.903,366,NZ
WB,Wonderboom,NDB,-25.6561,28.2992,258,ZA
WB,Walvis Bay,NDB,-22.9758,14.6343,225,NA
WBA,Wolverhampton,NDB,52.5159,-2.26176,356,GB
WBD,Wiesbaden,NDB,50.049,8.32867,399,DE
WBL,Warrnambool,NDB,-38.2874,142.45399,395,AU
WBR,Warburton Range,NDB,-26.1281,126.58,218,AU
WBV,Walvis Bay,VOR-DME,-22.9821,14.6446,113600,NA
WC,White Rock,NDB,49.0033,-122.75,332,CA
WC,Worcester,NDB,-33.6633,19.4167,335,ZA
WCK,Wick,NDB,58.4467,-3.06312,344,GB
WCO,Westcott,NDB,51.8531,-0.9625,335,GB
WD,Zhonghao,NDB,37.6583,112.782,439,CN
WD,Gumrak,NDB,48.76,44.4067,325,RU
WDH,Windorah,NDB,-25.4108,142.66299,407,AU
WDR,Wadi Al Dawasir,VORTAC,20.5053,45.2054,115200,SA
WDT,Woensdrecht,TACAN,51.4475,4.34389,115000,NL
WDV,Warden,VOR,-27.8347,28.9839,114800,ZA
WEH,Weihai,VOR-DME,37.1867,122.227,115800,CN
WEJ,Wejh,VORTAC,26.1793,36.4881,113900,SA
WES,Westerland,DME,54.9105,8.3399,111500,DE
WF,Grodno,NDB,53.5533,24.0583,452,BY
WF,Xiliuhetun,NDB,39.95,116.867,395,CN
WF,Xinglin,NDB,24.5667,118.017,296,CN
WFD,Manchester Woodford,NDB,53.3377,-2.15836,380,GB
WFX,Wufengxi,VOR-DME,30.6033,104.492,117100,CN
WG,Wagga Wagga,VOR-DME,-35.1656,147.46899,115000,AU
WG,Wagga Wagga,NDB,-35.163,147.45599,221,AU
WG,Winnipeg,NDB,49.8992,-97.3492,248,CA
WG,White Grass,NDB,-19.4617,169.22501,398,VU
WG,Gumrak,NDB,48.805,44.2867,325,RU
WG,Samara,NDB,53.5533,50.1483,287,RU
WG,Dushanbe,NDB,38.5433,68.885,420,TJ
WGM,Wagram,VOR-DME,48.3239,16.491,112200,AT
WGT,Wangaratta,NDB,-36.4215,146.30499,203,AU
WH,Penza,NDB,53.1169,45.0167,591,RU
WH,Windhoek,NDB,-22.4842,17.4703,280,NA
WHA,Tianhe,VOR-DME,30.785,114.205,112200,CN
WHA,Whyalla,NDB,-33.0581,137.524,371,AU
WHI,Whitegate,NDB,53.185,-2.62306,369,GB
WHV,Windhoek,VOR-DME,-22.4775,17.4706,114500,NA
WI,Waiuku,NDB,-37.2677,174.814,254,NZ
WIB,Wiesbaden,TACAN,50.0462,8.31083,114100,DE
WIK,Wick,VOR-DME,58.4589,-3.10028,113600,GB
WIL,Willisau,VOR-DME,47.1783,7.90592,116900,CH
WIT,Wittering,TACAN,52.6078,-0.49867,117600,GB
WIV,Witbank,VOR,-25.8296,29.1948,113300,ZA
WJ,Wonju,NDB,37.3617,127.91,274,KR
WJ,Mys Schmidta,NDB,68.905,-179.457,440,RU
WJ,Leshukonskoye,NDB,64.9003,45.7503,678,RU
WJS,Wee Jasper,VOR,-35.2606,148.66701,117900,AU
WJS,Wee Jasper,NDB,-35.2572,148.66,374,AU
WK,Wewak,VOR-DME,-3.58352,143.67599,116600,PG
WK,Waco Kungo,NDB,-11.4333,15.1,345,AO
WK,Wabush,NDB,52.8618,-66.8349,218,CA
WK,Waikabubak,NDB,-9.41354,119.249,201,ID
WK,Pyongyang,NDB,39.3222,125.677,320,KP
WK,Wewak,NDB,-3.58137,143.67799,336,PG
WK,Wk,NDB,25.1795,51.6014,323,QA
WK,Waterkloof,NDB,-25.9195,28.2321,330,ZA
WK,Hsinshie,NDB,24.2333,120.823,340,TW
WK,Whakatane,NDB-DME,-37.9247,176.91499,362,NZ
WKB,Warracknabeal,NDB,-36.3195,142.412,209,AU
WKE,Wakkanai,VOR-DME,45.4074,141.806,115300,JP
WKL,Velikiye Luki,VOR,56.3783,30.6083,108200,RU
WKP,Wolfkop,NDB,-30.2003,17.266,360,ZA
WKV,Waterkloof,VORTAC,-25.8333,28.2204,116900,ZA
WL,Baolong,NDB,18.4883,109.405,426,CN
WL,Pavlodar,NDB,52.1618,77.0244,440,KZ
WL,Waterkloof,NDB,-25.8522,28.226,315,ZA
WL,Barrow,NDB,54.1257,-3.26303,385,GB
WL,Barrow,DME,54.1272,-3.26486,109400,GB
WLD,Walda,VOR-DME,48.5794,11.1294,112800,DE
WLD,Beni Walid,VOR-DME,31.7825,14.0094,115900,LY
WLD,Beni Walid,NDB,31.7333,14.0167,265,LY
WLE,Williamsdale,VOR,-35.564,149.17799,113000,AU
WLE,Williamsdale,NDB,-35.5616,149.17799,287,AU
WLG,Walgett,VOR,-30.0287,148.12801,117600,AU
WLG,Walgett,NDB,-30.0273,148.12399,374,AU
WLK,Selawik,VOR-DME,66.5995,-159.991,114200,US
WLM,Williamtown,TACAN,-32.7971,151.83299,113300,AU
WLM,Williamtown,NDB,-32.8034,151.82899,365,AU
WLU,Wiluna,NDB,-26.6247,120.22,383,AU
WLU,Luxembourg,NDB,49.5678,6.05417,346,LU
WM,Vnukovo,NDB,55.555,37.2333,468,RU
WM,Volodymyrets,NDB,51.4497,26.1315,421,UA
WMD,West Maitland,VOR,-32.7549,151.532,114600,AU
WMD,West Maitland,NDB,-32.7551,151.533,224,AU
WMT,Matsumae,TACAN,41.4354,140.08501,112100,JP
WMV,Welkom,VOR-DME,-28.00162,26.66111,116400,ZA
WN,Wellington,VOR-DME,-41.3372,174.817,112300,NZ
WN,Machulishchi,NDB,53.7233,27.6067,458,BY
WN,Varna,NDB,43.2412,27.7423,397,BG
WN,Wellington,NDB,-41.3382,174.814,298,NZ
WN,Poliarny,NDB,66.37,112.067,525,RU
WN,Vostochny,NDB,54.4533,48.8583,408,RU
WN,Watthana Nakhon,NDB,13.7686,102.312,270,TH
WN,Hwange National Park,NDB,-18.6413,26.9913,393,ZW
WNJ,Wonju,TACAN,37.4713,127.978,111600,KR
WO,Schwechat,NDB,48.1474,16.4576,303,AT
WO,Wairoa,NDB,-39.0613,177.412,246,NZ
WO,J M Nkomo,NDB,-19.9883,28.5539,205,ZW
WOD,Woodley,NDB,51.4528,-0.87889,352,GB
WOL,Wollongong,NDB,-34.5579,150.791,239,AU
WOL,Wolverhampton,DME,52.5158,-2.26182,108600,GB
WON,Wonthaggi,VOR,-38.4712,145.623,115900,AU
WON,Wonthaggi,NDB,-38.4724,145.62399,383,AU
WP,Whenuapai,VORTAC,-36.7868,174.631,108800,NZ
WP,Weipa,VOR-DME,-12.6733,141.923,112800,AU
WP,Weipa,NDB,-12.6617,141.899,377,AU
WP,Krasnodar,NDB,45.0083,39.1033,750,RU
WPL,Welshpool,NDB-DME,52.63,-3.15389,323,GB
WQ,Veschevo,NDB,60.6567,29.1867,458,RU
WQG,Wangqing,VOR-DME,43.295,129.783,112100,CN
WR,Woomera,NDB,-31.1433,136.808,248,AU
WR,Varna,NDB,43.2242,27.9068,526,BG
WR,Jiayuguan,NDB,39.8167,98.3833,341,CN
WR,Surabaya,NDB,-7.36621,112.703,400,ID
WR,Voronezh,NDB,51.845,39.1767,289,RU
WR,Wonderboom,NDB,-25.6536,28.2425,230,ZA
WR,Whangarei,NDB-DME,-35.7718,174.362,326,NZ
WRB,Warburg,VOR-DME,51.5057,9.11091,113700,DE
WRN,Varna,VOR-DME,43.2314,27.8172,112400,BG
WS,Vitebsk,NDB,55.1083,30.2767,524,BY
WS,Westport,NDB-DME,-41.7424,171.58,278,NZ
WSM,Washim,VOR,20.1175,77.1655,114500,IN
WSR,Weser,VOR,53.3477,8.87534,112900,DE
WST,Weston,VOR-DME,53.353,-6.49487,114700,IE
WT,Vitim,NDB,59.4667,112.533,365,RU
WT,Kartino,NDB,55.5833,37.7833,122,RU
WTD,Waterford,NDB,52.189,-7.08334,368,IE
WTM,Wittmundhafen,TACAN,53.5543,7.72517,113500,DE
WTN,Warton,TACAN,53.7403,-2.89284,113200,GB
WTN,Winton,NDB,-22.3653,143.084,386,AU
WTN,Warton,NDB,53.7517,-2.85224,337,GB
WTZ,Wattisham,TACAN,52.1219,0.94047,109300,GB
WU,Sosnovka,NDB,54.1333,46.65,450,RU
WU,Wanganui,NDB-DME,-39.9594,175.02699,382,NZ
WUN,Wunstorf,TACAN,52.4603,9.44483,114850,DE
WUN,Wunstorf,NDB,52.4593,9.45466,419,DE
WUR,Wurzburg,VOR,49.7175,9.947,110200,DE
WW,Palembang,NDB,-2.90528,104.716,380,ID
WW,Vaganovo,NDB,54.45,62.3167,102,RU
WWL,West Wyalong,NDB,-33.9357,147.19,389,AU
WX,Changshengqiao,NDB,29.515,106.66,306,CN
WXI,Weixian,VOR-DME,36.3633,114.917,115700,CN
WY,Wenyan,NDB,30.12,120.2,572,CN
WY,Wattay,NDB,18.0044,102.546,389,LA
WY,Wolseley,NDB,-33.4139,19.1869,248,ZA
WYM,Wyndham,NDB,-15.5097,128.151,372,AU
WYN,Wongyuan,VOR-DME,24.3467,114.112,113900,CN
WYP,Wipper,VOR,51.0484,7.28,109600,DE
WYY,Wynyard,VOR,-40.9993,145.726,115800,AU
WYY,Wynyard,NDB,-40.998,145.70799,302,AU
WZ,Kamenka,NDB,55.2167,37.0,230,RU
WZ,Srednebeloye,NDB,50.6333,128.033,460,RU
WZ,Turkmenbashi,NDB,40.0183,53.0208,350,TM
X2,Athabasca,NDB-DME,54.7375,-113.2,329,CA
X7,Donaldson,VOR-DME,61.6606,-73.3172,114500,CA
XA,Oshima,NDB,34.6888,139.397,214,JP
XAC,Oshima,VORTAC,34.7123,139.414,113100,JP
XBG,Bagotville,TACAN,48.3295,-70.9957,111800,CA
XBR,Brantley,NDB,31.5618,-86.293,410,US
XC,Cranbrook,NDB,49.6825,-115.783,242,CA
XCG,Castlegar,DME,49.2522,-117.663,110100,CA
XCR,Ripley,NDB,46.0786,-94.3433,404,US
XD,Edmonton,NDB,53.6436,-113.513,266,CA
XE,Saskatoon,NDB,52.1897,-106.814,257,CA
XEN,Xenia,NDB,39.7151,-83.9299,395,US
XG,Lakeshore,NDB,60.1128,-128.799,338,CA
XH,Medicine Hat,NDB,50.0131,-110.799,332,CA
XI,Christmas Island,NDB,1.98806,-157.353,333,KI
XIC,Xichang,VOR-DME,27.9983,102.18,114200,CN
XJ,Fort St.jJhn,NDB,56.2844,-120.845,326,CA
XJT,Xuejiadao,VOR-DME,35.9617,120.24,117000,CN
XK,Pingzhou,NDB,23.02,113.19,353,CN
XL,Sioux Lookout,DME,50.1178,-91.8986,113100,CA
XM,Kowa,NDB,34.7521,136.92599,325,JP
XMA,Gama,VOR,-15.8783,-47.9218,117300,BR
XMC,Kowa,VORTAC,34.7046,136.95799,113500,JP
XMN,Xiamen,VOR-DME,24.5417,118.122,114500,CN
XMX,Christmas Island,VOR-DME,-10.4303,105.69,112400,CX
XNB,Kaposvar,NDB,46.3877,17.7351,235,HU
XNE,Spring Hill,NDB,31.6843,-85.9744,281,US
XO,Petrozavodsk,NDB,61.82,34.0983,340,RU
XPC,Chapeco,VOR-DME,-27.1357,-52.663,116100,BR
XPC,Chapeco,NDB,-27.1308,-52.6493,173,BR
XPP,Kamloops,DME,50.7061,-120.46,109900,CA
XQA,Squaw,NDB,45.5217,-69.6745,236,US
XR,Selikhino,NDB,50.3833,137.55,615,RU
XR,Kastner,NDB-DME,35.515,139.395,379,JP
XRO,Florianopolis,VOR-DME,-27.6703,-48.5467,117800,BR
XS,Prince George,NDB,53.8283,-122.654,272,CA
XS,Beda No 1,NDB,28.5,19.0,365,LY
XSF,Springfield,TACAN,39.8381,-83.8406,133800,US
XSH,Xishui,VOR-DME,30.4383,115.27,115400,CN
XT,Terrace,NDB,54.3739,-128.58299,332,CA
XT,Ryazanskaya,NDB,44.9667,39.5667,312,RU
XU,Namest,NDB,49.1973,16.0668,515,CZ
XUB,Yellow Bud,VOR,39.5269,-82.9779,112500,US
XV,Novy Vasyugan,NDB,58.5833,76.5,350,RU
XVG,Longville,NDB,46.9943,-94.2065,392,US
XVL,Vungtau,NDB,10.365,107.098,235,VN
XW,Flmng,NDB,38.5736,-83.647,400,US
XW,Vinh,NDB,18.7903,105.667,218,VN
XWY,West Union,NDB,42.9439,-91.7824,278,US
XX,Abbotsford,NDB,49.0156,-122.488,344,CA
XY,Whitehorse,NDB,60.7728,-135.105,302,CA
XY,Booster,NDB,29.9,23.2667,325,LY
XYF,Penticton,DME,49.4525,-119.604,110300,CA
XYO,Xuyong,VOR-DME,28.17,105.423,116700,CN
XZ,Wawa,NDB,48.0217,-84.7472,205,CA
XZ,Tyumen,NDB,57.215,65.2917,290,RU
XZE,Izumo,VOR-DME,35.4172,132.892,113400,JP
Y,Goya,NDB,-29.0883,-59.2,277,AR
Y,Qifengling,NDB,25.1683,110.322,417,CN
Y,Nyiregyhaza,NDB,47.9681,21.6929,346,HU
Y,Atyrau,NDB,47.1024,51.8379,755,KZ
Y3,Bonnyville,DME,54.3064,-110.744,109800,CA
Y5,Slave Lake,DME,55.2944,-114.776,111000,CA
Y8,Drummondville,NDB,45.8475,-72.3989,401,CA
Y9,Digby,NDB,44.5476,-65.7891,220,CA
YAA,Yalova,VOR-DME,40.475,29.2075,117700,TR
YAA,Yalova,NDB,40.5647,29.3717,305,TR
YAC,Yacuiba,NDB,-21.9601,-63.6532,385,BO
YAG,Yangyang,VOR-DME,38.0632,128.661,110600,KR
YAG,Fort Frances,NDB,48.6897,-93.5391,376,CA
YAK,Yakutat,VOR-DME,59.5108,-139.64799,113300,US
YAM,Yamoussoukro,VOR-DME,6.88889,-5.37886,115800,CI
YAN,Ameson,VOR-DME,49.7781,-84.5911,112400,CA
YAQ,Kasabonika,NDB,53.5276,-88.6292,200,CA
YAR,Yaritagua,NDB,10.0498,-69.0784,260,VE
YAS,Yass,NDB,-34.8284,149.04201,335,AU
YAS,Kangirsuk,NDB,60.0257,-70.0047,221,CA
YAT,Wapisk,NDB,52.9304,-82.4335,260,CA
YAU,Iauarete,NDB,0.59967,-69.1838,380,BR
YAY,St.aAthony nNld,VOR-DME,51.3939,-56.0839,113700,CA
YAZ,Tofino,NDB,49.0468,-125.704,359,CA
YBA,Itumbiara,NDB,-18.4403,-49.2187,245,BR
YBC,Baie-Comeau,VOR-DME,49.134,-68.2222,117700,CA
YBE,Uranium City,NDB,59.555,-108.518,379,CA
YBG,Bagotville,NDB,48.3339,-71.1459,356,CA
YBK,Baker Lake,VOR-DME,64.3181,-96.1047,114500,CA
YBL,Yabrai,VOR-DME,39.4283,102.772,115700,CN
YBL,Campbell River,NDB,50.0064,-125.357,203,CA
YBN,Yibin,VOR-DME,28.7983,104.557,116500,CN
YBR,Brandon,VORTAC,49.91,-99.9457,113800,CA
YBV,Berens River,NDB,52.3542,-97.0245,370,CA
YC,Calgary,NDB,51.0808,-113.909,344,CA
YCB,Cambridge Bay,VOR-DME,69.1178,-105.173,112700,CA
YCD,Nanaimo,NDB,49.1278,-123.872,251,CA
YCF,Campbellford,DME,44.3331,-77.7028,113500,CA
YCN,Yecheon,TACAN,36.6341,128.364,108900,KR
YCO,Coppermine,NDB,67.8211,-115.098,372,CA
YCS,Chesterfield Inlet,NDB,63.3383,-90.73,341,CA
YCY,Clyde River,NDB,70.4853,-68.5267,256,CA
YDC,Princeton,VORTAC,49.3817,-120.374,113900,CA
YDF,Deer Lake,VOR-DME,49.2325,-57.2133,113300,CA
YDL,Dease Lake,NDB,58.4539,-129.996,200,CA
YDM,Yongdam,VOR-DME,33.5114,126.488,109000,KR
YDM,Ross River,NDB,61.9733,-132.427,218,CA
YDN,Dauphin,VOR-DME,51.105,-100.052,116100,CA
YDP,Nain,NDB,56.5337,-61.6918,247,CA
YDR,Broadview,VORTAC,50.3633,-102.54,117500,CA
YE,Fort Nelson,NDB,58.7958,-122.723,382,CA
YEA,Empress,VORTAC,50.9264,-109.989,115900,CA
YEE,Midland,VOR-DME,44.5817,-79.7931,112800,CA
YEG,Edmonton,VORTAC,53.1856,-113.867,117600,CA
YEK,Arviat,NDB,61.0992,-94.0689,329,CA
YEL,Elliot Lake,NDB,46.3717,-82.6282,276,CA
YEN,Yenisehir,TACAN,40.2601,29.5745,113200,TR
YER,Fort Severn,NDB,55.9932,-87.6392,334,CA
YES,Yeste,VOR-DME,38.3608,-2.35275,115200,ES
YEU,Eureka,NDB,79.9908,-85.8983,205,CA
YEV,Inuvik,VOR-DME,68.3081,-133.548,112500,CA
YF,Dakar,VOR-DME,14.7448,-17.4748,113100,SN
YFA,Fort Albany,NDB,52.2062,-81.6946,216,CA
YFB,Frobay,VOR,63.7417,-68.4733,117400,CA
YFC,Fredericton,VORTAC,45.8953,-66.4189,113000,CA
YFM,Lg 4,NDB,53.7118,-73.7029,332,CA
YFS,Fort Simpson,VOR-DME,61.7739,-121.299,117900,CA
YFY,Frobay,NDB,63.7333,-68.5481,204,CA
YG,Charlottetown,NDB,46.1923,-63.1482,347,CA
YG,Enge,NDB,59.3689,10.8295,396,NO
YGH,Fort Good Hope,VOR-DME,66.2361,-128.623,112300,CA
YGK,Kingston,NDB,44.2967,-76.6056,263,CA
YGL,La Grande Riviere,VOR-DME,53.6256,-77.7164,112200,CA
YGN,Yangon,NDB,17.0763,96.2382,265,MM
YGP,Gaspe,VOR-DME,48.7631,-64.4047,115400,CA
YGQ,Geraldton,VOR-DME,49.7698,-86.9845,114200,CA
YGR,Grindstone,VOR-DME,47.4303,-61.7741,112000,CA
YGV,Havre St Pierre,NDB,50.2648,-63.6651,344,CA
YGX,Gillam,NDB,56.3533,-94.7,212,CA
YH,Yelahanka,NDB,13.1514,77.6155,223,IN
YHD,Dryden Regional,NDB,49.8645,-92.8491,413,CA
YHK,Gjoa Haven,NDB,68.6261,-95.8583,236,CA
YHR,Chevery,NDB,50.4647,-59.6344,276,CA
YHY,Hay River,VOR-DME,60.8361,-115.803,113900,CA
YHZ,Halifax,VOR-DME,44.9231,-63.4018,115100,CA
YI,Ruyigi,NDB,-3.47475,30.2482,275,BI
YI,Yipps,NDB,42.1742,-83.6215,359,US
YIF,St Augustin,NDB,51.1889,-58.6519,201,CA
YIH,Sanxia,VOR-DME,30.5633,111.478,116900,CN
YIJ,Yijun,VOR-DME,35.38,109.107,113000,CN
YIK,Ivujivik,NDB,62.4137,-77.9271,225,CA
YIN,Yingde,VOR-DME,24.2067,113.41,113500,CN
YIO,Pond Inlet,NDB,72.6931,-77.9508,214,CA
YIV,Island Lake,NDB,53.8539,-94.6533,300,CA
YJ,Victoria,NDB,48.6442,-123.399,200,CA
YJI,Broughton,NDB,67.5619,-64.0175,237,CA
YJN,St-Jean,VORTAC,45.2558,-73.3213,115800,CA
YJQ,Bella Bella,NDB,52.1853,-128.114,325,CA
YJT,Stephenville,VORTAC,48.5825,-58.6692,113100,CA
YJU,Yangju,VOR-DME,37.748,126.988,114900,KR
YK,Brilliant,NDB,49.3253,-117.635,269,CA
YK,Dawangzhuang,NDB,39.1917,116.572,489,CN
YK,Douala,NDB,3.97475,9.78361,399,CM
YK,Buinsk,NDB,54.9833,48.2667,825,RU
YK,Donny,NDB,46.5256,-120.372,371,US
YK,Cagur,NDB,42.8436,-97.302,347,US
YKA,Kamloops,NDB,50.6836,-120.335,223,CA
YKE,Yakushima,VOR-DME,30.3794,130.66299,117000,JP
YKG,Kangiqsujuaq,NDB,61.5907,-71.9286,358,CA
YKL,Schefferville,VOR-DME,54.8146,-66.7548,112700,CA
YKM,Yakima,VORTAC,46.5703,-120.445,116000,US
YKN,Yankton,VOR-DME,42.9184,-97.385,111400,US
YKO,Yamoussoukro,NDB,6.84697,-5.41619,363,CI
YKQ,Waskaganish,NDB,51.487,-78.7448,351,CA
YKX,Kirkland Lake,NDB,48.227,-79.8698,201,CA
YL,Lynn Lake,NDB,56.8308,-101.07,395,CA
YL,Taraz,NDB,42.8532,71.3033,103,KZ
YL,Yola,NDB,9.26691,12.4327,336,NG
YLA,Ilha,NDB,-22.787,-43.1677,330,BR
YLA,Aupaluk,NDB,59.3031,-69.6008,248,CA
YLD,Chapleau,NDB,47.7559,-83.4127,335,CA
YLH,Ilheus,NDB,-14.8122,-39.0367,305,BR
YLL,Lloydminster,NDB,53.3131,-110.082,241,CA
YLQ,La Tuque,NDB,47.4161,-72.7864,289,CA
YLT,Iruma,TACAN,35.84,139.41499,110600,JP
YME,Miyazu,VOR-DME,35.4807,135.13699,112600,JP
YMH,Mary'S Harbour,NDB,52.3153,-55.8324,250,CA
YMJ,Moose Jaw,VORTAC,50.3311,-105.563,113400,CA
YMM,Fort Mcmurray,VOR-DME,56.6472,-111.122,112000,CA
YMO,Moosonee,VOR-DME,51.2915,-80.6074,112900,CA
YMO,Yamoussoukro,NDB,6.928,-5.34394,269,CI
YMR,Yurimaguas,VOR,-5.89225,-76.1408,113700,PE
YMS,Mans,VORTAC,44.1431,-80.1462,114500,CA
YMS,Yurimaguas,NDB,-5.88333,-76.0833,340,PE
YMT,Chiboo,DME,49.7994,-74.4956,112100,CA
YMU,Umiujaq,NDB,56.5369,-76.5231,230,CA
YMW,Maniwaki,NDB,46.2075,-75.9564,366,CA
YMX,Mirabel,VOR-DME,45.8883,-74.3757,116700,CA
YMY,Ear Falls,NDB,50.7208,-93.3789,242,CA
YN,La Roche Sur Yon,NDB,46.6891,-1.28631,334,FR
YN,Fetch,NDB,41.2005,-80.5961,338,US
YNA,Natash,VOR-DME,50.1837,-61.7811,113600,CA
YNC,Yinchuan,VOR-DME,38.3233,106.397,112900,CN
YNC,Wemindji,NDB,53.0084,-78.8243,385,CA
YNE,Yonaguni,VOR-DME,24.4649,122.998,115050,JP
YNE,Norway House,NDB,53.9722,-97.8403,207,CA
YNG,Youngstown,VORTAC,41.331,-80.6747,109000,US
YNG,Young,NDB,-34.2501,148.246,269,AU
YNJ,Yanji,VOR-DME,42.8833,129.436,113100,CN
YNN,Ioannina,VOR-DME,39.7014,20.82,108600,GR
YNP,Managua,NDB,12.142,-86.1589,290,NI
YNS,Yaounde Nsimalen,NDB,3.74576,11.5571,368,CM
YNT,Yantai,VOR-DME,37.3867,121.357,112500,CN
YNY,Enderby,VORTAC,50.6778,-118.939,115200,CA
YO,Yaounde,NDB,3.90139,11.5517,287,CM
YO,Biryucha Kosa,NDB,45.7167,47.6,722,RU
YOC,Old Crow,NDB,67.5711,-139.84599,284,CA
YOD,Cold Lake,NDB,54.3969,-110.272,398,CA
YOE,Yao,VOR-DME,34.5985,135.59399,114600,JP
YOJ,High Level,VOR-DME,58.5544,-117.093,113300,CA
YOK,Yokota,TACAN,35.749,139.35001,113800,JP
YOL,Yola,VOR-DME,9.29211,12.4247,115500,NG
YOW,Ottawa,VOR-DME,45.4417,-75.897,114600,CA
YP,Yap,NDB-DME,9.4856,138.08,317,FM
YPA,Prince Albert,VOR-DME,53.2167,-105.667,113000,CA
YPC,Paulatuk,NDB,69.3508,-124.075,276,CA
YPE,Peace River,VOR-DME,56.2069,-117.512,117200,CA
YPG,Portage,VOR-DME,49.8997,-98.2673,114600,CA
YPK,Pitt Meadows Bc,VOR,49.2167,-122.715,112400,CA
YPL,Pickle Lake,NDB,51.442,-90.2223,382,CA
YPO,Peawanuck,NDB,54.9912,-85.443,401,CA
YPP,Parent Que,NDB,47.8894,-74.6722,303,CA
YPQ,Peterborough,NDB,44.2131,-78.4581,379,CA
YPT,Usiminas,NDB,-19.463,-42.4795,162,BR
YPW,Powell River,NDB,49.8367,-124.501,382,CA
YPX,Puvirnituq,NDB,60.0439,-77.2794,338,CA
YPX,Puvirnituq Que,DME,60.0436,-77.2795,113500,CA
YQB,Quebec,VORTAC,46.7053,-71.6266,112800,CA
YQD,The Pas,VOR-DME,53.9736,-101.1,113600,CA
YQF,Red Deer,NDB,52.1283,-113.899,320,CA
YQG,Windsor,VOR-DME,42.2498,-82.8288,113800,CA
YQG,Jinan,VOR-DME,36.83,117.217,113700,CN
YQH,Watson Lake,VOR-DME,60.0864,-128.858,114900,CA
YQI,Yarmouth,VOR-DME,43.8251,-66.0825,113300,CA
YQK,Kenora,NDB,49.7925,-94.4244,326,CA
YQL,Lethbridge,VOR-DME,49.6344,-112.668,115700,CA
YQM,Moncton,VORTAC,46.189,-64.5707,117300,CA
YQT,Thunder Bay,VORTAC,48.2539,-89.4376,114100,CA
YQU,Grande Prairie,VOR-DME,55.1742,-119.03,113100,CA
YQV,Yorkton,VORTAC,51.2642,-102.469,115800,CA
YQX,Gander,VORTAC,48.8997,-54.5349,112700,CA
YQY,Sydney,VORTAC,46.1534,-60.0559,114900,CA
YR,Goose,NDB,53.3379,-60.3657,257,CA
YR,Atyrau,NDB,47.0789,51.8578,315,KZ
YRB,Resolute Bay,VOR-DME,74.7281,-94.9228,112100,CA
YRC,St.hHnore,NDB,48.5361,-71.1584,213,CA
YRE,Yoron,VOR-DME,27.0444,128.39799,112250,JP
YRI,Riviere Du Loup,VOR,47.7575,-69.5898,113900,CA
YRK,York,VORTAC,38.6441,-82.9783,112800,US
YRL,Red Lake,VOR-DME,51.0714,-93.7619,114000,CA
YRM,Rocky Mtn House,VOR-DME,52.5022,-115.324,114300,CA
YRQ,Trois Rivières,NDB,46.3692,-72.6651,205,CA
YRR,Greely,NDB,45.2683,-75.5736,377,CA
YRT,Rankin Inlet,VOR-DME,62.8139,-92.1172,112400,CA
YSB,Sudbury,VOR-DME,46.6292,-80.7981,112300,CA
YSE,Shonai,VOR-DME,38.8108,139.799,109600,JP
YSF,Stony Rapids,NDB,59.2556,-105.836,287,CA
YSJ,Saint John,VOR-DME,45.4072,-65.8708,113500,CA
YSJ,Yasouj,NDB-DME,30.7014,51.549,235,IR
YSM,Fort Smith,VOR-DME,60.0203,-111.969,112400,CA
YSO,Simcoe,VOR-DME,44.2386,-79.1717,117350,CA
YSP,Marathon,VOR-DME,48.7434,-86.3275,115900,CA
YSR,Nanisivik,NDB,72.9747,-84.5331,382,CA
YSU,Yeosu,VOR-DME,34.8429,127.619,115700,KR
YSV,Ilopango,VOR-DME,13.6901,-89.1163,116500,SV
YSX,Ilopango,NDB,13.6985,-89.1176,215,SV
YSY,Sachs Harbour,NDB,71.9914,-125.315,321,CA
YT,Antalya,NDB,36.8762,30.7891,302,TR
YT,J M Nkomo,NDB,-19.6742,28.8478,235,ZW
YTA,Pembroke,NDB,45.8028,-77.2192,409,CA
YTC,Itacoatiara,NDB,-3.11932,-58.4809,320,BR
YTE,Yamagata,VOR-DME,38.3886,140.358,113000,JP
YTE,Cape Dorset,NDB,64.2286,-76.5281,332,CA
YTF,Alma,NDB,48.5077,-71.6493,253,CA
YTH,Thompson,VOR-DME,55.8112,-97.8253,112900,CA
YTJ,Terrace Bay,NDB,48.795,-87.1617,250,CA
YTL,Big Trout Lake,NDB,53.8153,-89.9128,328,CA
YTN,Itamarati Norte,NDB,-14.2425,-57.9908,235,BR
YTP,Pearson,VOR-DME,43.6717,-79.6642,116550,CA
YTQ,Tasiujaq,NDB,58.6702,-69.9475,212,CA
YTR,Trenton,NDB,44.1937,-77.4033,215,CA
YTS,Timmins,VOR-DME,48.5719,-81.37,113000,CA
YTT,Itataia,NDB,-4.58533,-39.6303,415,BR
YTZ,Imperatriz,VOR-DME,-5.52383,-47.4498,112700,BR
YTZ,Imperatriz,NDB,-5.5345,-47.4572,390,BR
YU,Yokosuka,NDB,35.1991,139.61501,249,JP
YU,Hualien,NDB,24.0177,121.627,380,TW
YU,Kasan,NDB,39.05,65.5836,365,UZ
YU,Kapuskasing,DME,49.412,-82.4649,109300,CA
YUB,Itaituba,NDB,-4.2405,-56.0047,250,BR
YUL,Montreal,VOR-DME,45.615,-73.9717,116300,CA
YUT,Repulse Bay,NDB,66.5283,-86.2422,335,CA
YUX,Hall Beach,VOR-DME,68.7783,-81.2394,117300,CA
YUY,Rouyn,NDB,48.1728,-78.9386,218,CA
YV,Tanghekou,NDB,40.7333,116.633,514,CN
YVC,La Ronge,VOR-DME,55.1583,-105.267,112300,CA
YVE,Yonago,VOR-DME,35.4934,133.233,114100,JP
YVO,Val-d'Or,VOR-DME,48.1753,-77.8203,113700,CA
YVP,Kujack,VOR-DME,58.0963,-68.4273,112500,CA
YVQ,Norman Wells,VOR-DME,65.2642,-126.725,112700,CA
YVR,Vancouver,VORTAC,49.0772,-123.149,115900,CA
YVV,Wiarton,VORTAC,44.7448,-81.1054,117700,CA
YW,Eyrewell,VOR-DME,-43.3988,172.38499,116600,NZ
YWA,Petawawa,NDB,45.8948,-77.2717,516,CA
YWE,Yarrowee,VOR,-37.7384,143.755,114300,AU
YWE,Yarrowee,NDB,-37.7422,143.757,389,AU
YWG,Winnipeg,VORTAC,49.9278,-97.2392,115500,CA
YWK,Wabush,VOR-DME,52.9601,-66.8535,112300,CA
YWL,Williams Lake,VORTAC,52.2369,-122.17,113600,CA
YWO,Lupin,NDB,65.7539,-111.238,205,CA
YWP,Webequie,NDB,52.9606,-87.3681,355,CA
YWT,Waterloo,DME,43.4587,-80.3793,115000,CA
YXC,Cranbrook,VOR-DME,49.555,-116.088,112100,CA
YXE,Saskatoon,VORTAC,52.1811,-106.72,116200,CA
YXI,Killaloe,VOR-DME,45.6631,-77.6028,115600,CA
YXJ,Fort St.jJhn,VOR-DME,56.2842,-120.896,114200,CA
YXK,Rimouski,NDB,48.4777,-68.5031,373,CA
YXL,Sioux Lookout,NDB,50.1181,-91.8979,346,CA
YXN,Whale Cove,NDB,62.2358,-92.6011,256,CA
YXP,Pangnirtung,NDB,66.1439,-65.7061,218,CA
YXQ,Beaver Creek,NDB,62.4089,-140.862,239,CA
YXS,Prince George,VOR-DME,53.8942,-122.456,112300,CA
YXU,London,VORTAC,43.0381,-81.1484,117200,CA
YXY,Whitehorse,VOR-DME,60.6189,-135.13901,116600,CA
YXZ,Wawa,VOR-DME,47.95,-84.8233,112700,CA
YY,Mont Joli,NDB,48.5667,-68.2586,340,CA
YYB,North Bay,VOR-DME,46.3639,-79.4364,115400,CA
YYC,Calgary,VOR-DME,51.1151,-113.882,116700,CA
YYD,Houston,VOR-DME,54.4522,-126.651,114700,CA
YYE,Fort Nelson,VOR-DME,58.8917,-123.016,112900,CA
YYF,Penticton,NDB,49.4878,-119.601,290,CA
YYG,Charlottetown,VOR-DME,46.2975,-63.1197,113800,CA
YYH,Taloyoak,NDB,69.5412,-93.5257,290,CA
YYJ,Victoria,VOR-DME,48.7269,-123.484,113700,CA
YYL,Lynn Lake,VOR-DME,56.8642,-101.075,112600,CA
YYN,Swift Current,VOR-DME,50.2972,-107.691,117400,CA
YYQ,Churchill,VOR-DME,58.7417,-94.1353,114100,CA
YYR,Goose,VOR-DME,53.3198,-60.2946,117300,CA
YYT,Torbay,VOR-DME,47.4853,-52.8522,113500,CA
YYW,Armstrong,NDB,50.3078,-89.0223,223,CA
YYY,Mont Joli,VOR-DME,48.6121,-68.209,115900,CA
YYZ,Toronto,VOR-DME,43.6581,-79.6317,112150,CA
YZ,Yaizu,NDB,34.8223,138.289,344,JP
YZ,Ekibastuz,NDB,51.6117,75.2633,396,KZ
YZA,Ashcroft,NDB,50.7017,-121.322,236,CA
YZD,Yazd Shahid Sadooghi,TACAN,31.8853,54.3008,112800,IR
YZD,Yazd Shahid Sadooghi,VOR-DME,31.8976,54.2827,117700,IR
YZD,Yazd Shahid Sadooghi,NDB,31.9036,54.2873,402,IR
YZF,Yellowknife,VORTAC,62.4644,-114.437,115500,CA
YZP,Sandspit,VORTAC,53.2522,-131.80701,114100,CA
YZS,Coral Harbour,NDB,64.1486,-83.3047,362,CA
YZT,Port Hardy,VORTAC,50.6842,-127.365,112000,CA
YZT,Shizuhama,TACAN,34.8144,138.29601,109200,JP
YZU,Whitecourt,VOR-DME,54.1456,-115.797,112500,CA
YZV,Sept Iles,VOR,50.2321,-66.2739,114500,CA
YZX,Greenwood,NDB,44.9229,-65.1019,266,CA
Z,Yerevan,NDB,40.1471,44.3623,805,AM
Z,Mariano Moreno,NDB,-34.5383,-58.8,395,AR
Z,Cataratas Del Igauzu,NDB,-25.7481,-54.4477,310,AR
Z,Santa Cruz,NDB,-50.0117,-68.5433,282,AR
Z,Yuzhny,NDB,41.2528,69.2479,259,UZ
Z1,Three Hills,NDB,51.6972,-113.217,305,CA
Z2,Rainbow Lake,DME,58.495,-119.413,111700,CA
Z5,Vulcan,NDB-DME,50.3978,-113.283,274,CA
Z7,Claresholm,NDB,50.0028,-113.637,408,CA
ZA,Batagay,NDB,67.605,134.63,375,RU
ZA,Zaporizhzhia,NDB,47.8212,35.2867,295,UA
ZAB,Leduc,NDB,53.2431,-113.489,215,CA
ZAG,Zagreb,VOR-DME,45.8956,16.3067,113700,HR
ZAG,Zagreb,NDB,45.9003,16.3112,367,HR
ZAH,Zahedan,TACAN,29.4634,60.9043,112900,IR
ZAJ,Zanjan,VORTAC,36.5914,48.6905,114100,IR
ZAJ,Zanjan,NDB,36.7754,48.3646,321,IR
ZAK,Zakinthos,VOR-DME,37.7448,20.8841,110800,GR
ZAL,Zabol,NDB,31.0977,61.5399,295,IR
ZAM,Zamboanga,VOR-DME,6.92469,122.055,113900,PH
ZAO,Jiuzhou,VOR,22.2453,113.615,117200,MO
ZAP,Zapopan,VOR-DME,20.7498,-103.465,113400,MX
ZAR,Zaragoza,VOR-DME,41.6579,-1.03086,113000,ES
ZAR,Zarzaitine,NDB,28.0506,9.63111,268,DZ
ZAR,Zwara,NDB,32.9667,12.0139,432,LY
ZAT,Zakinthos,NDB,37.7517,20.8857,326,GR
ZAW,Zawia,VOR-DME,32.7786,12.6464,117700,LY
ZB,Zhob,VOR-DME,31.3557,69.4597,115700,PK
ZB,Zhob,NDB,31.3976,69.4548,245,PK
ZB,Zambezi,NDB,-13.5348,23.1164,215,ZM
ZBK,Zabaykalsk,VOR,49.6467,117.333,112300,RU
ZBN,Zweibrucken,NDB,49.2276,7.41658,435,DE
ZBV,Bimini,VORTAC,25.70391,-79.29365,116700,BS
ZCA,Blackfoot,NDB,51.0331,-114.021,233,CA
ZCC,Chub Cay,NDB,25.4167,-77.8856,302,BS
ZCH,Beluga,NDB,58.6655,-93.9979,257,CA
ZCL,Zacatecas,VOR-DME,22.8874,-102.693,117600,MX
ZCO,Cusco,VOR-DME,-13.5192,-72.01,114900,PE
ZD,Zahedan,NDB,29.4711,60.8961,224,IR
ZD,Ulan-Ude,NDB,51.82,107.523,349,RU
ZDA,Zadar,VOR-DME,44.0953,15.3642,108600,HR
ZDH,Rexdale,NDB,43.7379,-79.5715,385,CA
ZDN,Zahedan,VOR-DME,29.4867,60.9016,116000,IR
ZDV,Valois,NDB,45.4542,-73.7739,201,CA
ZDX,V C Bird,NDB,17.1585,-61.7924,369,AG
ZE,Noyarsk,NDB,63.1833,75.27,615,RU
ZE,Gabiro,NDB,-1.53586,30.4,264,RW
ZEF,Great Exuma,NDB,23.5553,-75.865,328,BS
ZEF,Zephyr,NDB,36.3132,-80.7234,326,US
ZEG,Nisku,NDB,53.3953,-113.495,379,CA
ZEM,Zemmouri,VOR-DME,36.795,3.57083,116600,DZ
ZEM,Zemmouri,NDB,36.7961,3.57194,359,DZ
ZEM,Eastmain,NDB,52.2307,-78.5176,338,CA
ZET,Devon,NDB,53.3533,-113.673,292,CA
ZF,Yellowknife,NDB,62.4106,-114.434,356,CA
ZF,Hekou,NDB,31.3333,114.433,369,CN
ZF,Timika,NDB,-4.53534,136.89,300,ID
ZFA,Faro,NDB,62.2119,-133.38699,378,CA
ZFP,Freeport,VOR-DME,26.5553,-78.6979,113200,BS
ZFP,Freeport,NDB,26.519,-78.7746,209,BS
ZFR,Zofar,VOR-DME,30.5583,35.1611,115600,IL
ZG,Ziguinchor,VOR,12.5575,-16.2726,112500,SN
ZG,Szeged,NDB,46.2934,20.0907,445,HU
ZG,Waghete,NDB,-4.04358,136.27499,375,ID
ZG,Petrovskoye,NDB,51.7167,40.1833,475,RU
ZG,Kharasavey,NDB,71.2167,66.9083,525,RU
ZG,Zelenga,NDB,46.1833,48.6167,905,RU
ZGB,Governors Harbour,NDB,25.2639,-76.3167,224,BS
ZH,Tanah Merah,NDB,-6.11167,140.267,295,ID
ZHA,Ancaster,NDB,43.1973,-80.0287,397,CA
ZHD,Barclay,NDB,49.8011,-92.6449,399,CA
ZHM,Binbrook,NDB,43.1442,-79.794,266,CA
ZHO,Zhoukou,VOR-DME,33.6617,114.642,115500,CN
ZHT,Forks,NDB,49.8339,-97.1442,236,CA
ZHU,Hauts-Bois,NDB,45.5642,-73.3467,407,CA
ZI,Teminabuan,NDB,-1.44472,132.021,325,ID
ZIG,Leipzig,NDB,51.434,12.2805,340,DE
ZIH,Zihuatanejo,VOR-DME,17.6032,-101.477,113800,MX
ZIN,Great Inagua,NDB,20.9597,-73.6775,376,BS
ZIP,Zipaquira,VOR-DME,5.01806,-73.9867,114700,CO
ZIR,Ice Runway,TACAN,-77.854,166.46899,112800,AQ
ZIR,Akinci,TACAN,40.0862,32.576,114500,TR
ZIY,Grand Cayman,NDB,19.2858,-81.3858,344,KY
ZJ,Khanty Mansiysk,VOR-DME,61.0333,69.1333,113800,RU
ZJ,Changzhou,NDB,31.9417,119.712,217,CN
ZJ,Khanty Mansiysk,NDB,61.0417,69.1867,707,RU
ZJT,Harmon,NDB,48.5814,-58.3803,340,CA
ZK,Zhuliany,NDB,50.4028,30.4749,733,UA
ZK,Datuopu,NDB,28.0167,112.965,520,CN
ZK,Zadar,NDB,44.0946,15.3651,348,HR
ZK,Zhezkazgan,NDB,47.6802,67.6856,435,KZ
ZKF,Wellington,NDB,43.4931,-80.2869,335,CA
ZKI,Kitimat,NDB,54.0542,-128.67,203,CA
ZKU,Zirku,NDB,24.8611,53.0792,275,AE
ZL,Liard River,NDB,59.4683,-126.144,263,CA
ZL,Maastricht Locator Zl,NDB,50.934,5.79261,339,NL
ZL,Mys Kamenny,NDB,68.5083,73.58,372,RU
ZL,Zolochiv,NDB,49.803,24.9015,265,UA
ZLA,Zilina,NDB,49.2029,18.5105,404,SK
ZLB,Britannia,NDB,43.6162,-79.6884,236,CA
ZLO,Manzanillo,VOR-DME,19.1501,-104.572,116800,MX
ZLP,Meadowvale,NDB,43.6278,-79.7312,341,CA
ZLS,Stella Maris,NDB,23.5806,-75.2639,526,BS
ZM,Biak,NDB,-1.18204,136.095,230,ID
ZM,Chita,NDB,52.04,113.187,518,RU
ZMC,Sapray,NDB,56.6533,-111.092,201,CA
ZMH,Marsh Harbour,NDB,26.5111,-77.0769,361,BS
ZMM,Joly,NDB,45.6806,-74.1852,266,CA
ZMN,Lewisville,NDB,46.1042,-64.7919,366,CA
ZMO,Zao-Yamada,VOR,38.19,140.336,110800,JP
ZMR,Zamora,VOR-DME,41.5302,-5.6397,117100,ES
ZMR,Hermas,NDB,45.6247,-74.0881,272,CA
ZMR,Zamora,NDB,41.5284,-5.65174,300,ES
ZMT,Jarry,NDB,45.5425,-73.6568,284,CA
ZMX,Janvier,NDB,45.7414,-73.9205,317,CA
ZN,Luxi,NDB,24.5167,103.75,387,CN
ZN,Tianzhen,NDB,40.44,114.087,264,CN
ZN,Jayapura,NDB,-2.56824,140.507,395,ID
ZN,Nefta,NDB,33.9398,8.00522,375,TN
ZN,Taitung,NDB,22.7599,121.159,430,TW
ZND,Zweibrucken,DME,49.2093,7.39578,109100,DE
ZO,Sorong,NDB,-0.92111,131.12801,389,ID
ZO,Sola,NDB,58.9572,5.63538,352,NO
ZO,Nis,NDB,43.1836,21.7246,423,RS
ZOL,Sola,VOR-DME,58.8751,5.64015,116850,NO
ZP,Merauke,NDB,-8.51069,140.41,253,ID
ZP,Zaporizhzhia,NDB,47.9098,35.3411,295,UA
ZPA,Glass,NDB,53.2172,-105.544,372,CA
ZPG,Pegasus,TACAN,-77.9549,166.513,113300,AQ
ZQ,Baotou,NDB,40.5667,110.008,489,CN
ZQ,Manokwari,NDB,-0.88713,134.052,207,ID
ZQA,Nassau,VOR-DME,25.0255,-77.4464,112700,BS
ZQA,Nassau,NDB,25.0404,-77.4705,251,BS
ZQG,Laurel,NDB,42.2439,-83.0475,398,CA
ZQM,Riverview,NDB,46.0384,-64.7832,304,CA
ZQR,Findlay,NDB,50.4289,-104.527,204,CA
ZQT,Superior,NDB,48.3959,-89.224,263,CA
ZQY,Bras D Or,NDB,46.1065,-60.1309,219,CA
ZR,Zinder,VOR,13.7706,8.97239,116200,NE
ZR,Yerevan,NDB,40.147,44.3282,395,AM
ZR,Nabire,NDB,-3.36167,135.495,242,ID
ZRA,Kakma,NDB,43.9972,15.4965,330,HR
ZRG,Brophy,NDB,50.4289,-104.791,414,CA
ZRJ,Round Lake,NDB,52.9489,-91.324,236,CA
ZRS,Ajax,NDB,50.4853,-104.736,219,CA
ZRT,Zouerat,VOR,22.7585,-12.4616,112700,MR
ZRZ,Zaragoza,NDB,41.7305,-1.19331,389,ES
ZS,Yanzhuang,NDB,34.2217,108.853,359,CN
ZS,Coral Harbour,DME,64.1486,-83.3031,109700,CA
ZSB,Noranda,NDB,46.6834,-80.7493,344,CA
ZSJ,San Salvador,NDB,24.0616,-74.5348,281,BS
ZSJ,Sandy Lake,NDB,53.0684,-93.3446,258,CA
ZSK,Moonlake,NDB,52.1,-106.662,201,CA
ZSM,Gros Cap,NDB,46.5123,-84.6149,286,CA
ZSP,South Pole Station,TACAN,-89.9952,120.929,115300,AQ
ZSS,Yellowhead,NDB,52.2417,-106.741,397,CA
ZST,Alpine,NDB,45.2279,-65.958,397,CA
ZT,Port Hardy,NDB,50.6992,-127.427,242,CA
ZT,Agip C97,NDB,28.8167,21.8333,400,LY
ZT,Zouerat,NDB,22.7517,-12.4725,345,MR
ZT,Khatanga,NDB,71.9983,102.63,332,RU
ZTC,Treasure Cay,VOR-DME,26.7348,-77.3792,112900,BS
ZTH,Headframe,NDB,55.8317,-97.7617,276,CA
ZTO,Woodhill,NDB,43.7384,-79.7031,403,CA
ZU,Serui,NDB,-1.87639,136.24001,370,ID
ZU,Ayaguz,NDB,47.9319,80.4492,485,KZ
ZU,Fergana,NDB,40.41,71.75,625,UZ
ZUE,Zurich East,VOR-DME,47.5922,8.81767,110050,CH
ZUE,Zuetina,NDB,30.8667,20.0833,369,LY
ZUH,Lianshengwei,VOR-DME,22.2217,113.467,116700,CN
ZUI,Ascazubi,NDB,-0.08333,-78.2939,290,EC
ZUL,Rockland,NDB,45.5239,-73.6543,348,CA
ZUN,Zuni,VORTAC,34.9658,-109.155,113400,US
ZV,Sept Iles,NDB,50.2039,-66.1515,273,CA
ZV,Kaimana,NDB,-3.66167,133.742,310,ID
ZVR,Yerevan,VOR-DME,40.1472,44.367,112300,AM
ZVR,Sea Island,NDB,49.1914,-123.22,368,CA
ZW,Gyandzha,NDB,40.7667,46.269,486,AZ
ZW,Zeltweg,NDB,47.1981,14.7567,418,AT
ZW,Wamena,NDB,-4.10048,138.95599,222,ID
ZW,Tashkent,NDB,41.25,69.2183,340,UZ
ZWC,Walker Cay,NDB,27.2517,-78.4006,280,BS
ZWD,Williams Fld,TACAN,-77.8674,167.05701,114300,AQ
ZWG,Stoney,NDB,49.9892,-97.2197,287,CA
ZWN,Zweibrucken,VOR-DME,49.2291,7.41789,114800,DE
ZWN,Downs,NDB,49.9639,-97.3217,201,CA
ZWW,Boine,NDB,49.83,-97.257,215,CA
ZX,Oksibil,NDB,-4.845,140.578,342,ID
ZXD,Blatchford,NDB,53.4994,-113.513,201,CA
ZXE,Barnes,NDB,52.1614,-106.574,356,CA
ZXJ,Taylor,NDB,56.1839,-120.645,246,CA
ZXS,Northwood,NDB,53.9675,-122.69,260,CA
ZXY,Klondike,NDB,60.6361,-135.011,353,CA
ZY,Zanderij,VOR-DME,5.45054,-55.1844,114300,SR
ZYB,Yellek,NDB,46.3311,-79.5267,404,CA
ZYC,Sarcee,NDB,51.1964,-114.021,254,CA
ZYD,Glace Bay,NDB,46.2295,-60.0645,201,CA
ZYG,Ziyang,VOR-DME,30.115,104.677,112100,CN
ZYG,Cavendish,NDB,46.3498,-63.1121,400,CA
ZYQ,Polarbear,NDB,58.7742,-94.177,356,CA
ZYT,Chitose,TACAN,42.7644,141.674,109200,JP
ZYZ,Queensway,NDB,43.6195,-79.5478,368,CA
ZZ,Constanta,NDB,44.4363,28.4987,378,RO
ZZ,Zanzibar,NDB,-6.21734,39.2224,385,TZ
ZZA,Zaragoza,TACAN,41.6772,-1.05853,133700,ES
ZZA,Zaragoza,NDB,41.5989,-0.87796,348,ES
ZZD,Calmar,NDB,53.255,-113.66,308,CA
ZZR,Severn,NDB,44.0528,-77.6267,317,CA
ZZV,Zanesville,VOR-DME,39.9409,-81.8926,111400,US
ZZV,Monoghan,NDB,50.212,-66.301,354,CA
ZZZ,Nicklebelt,NDB,55.7894,-97.8969,203,CA
